path	classification	unsigned_equal	runtime_equal	executable_equal	writable_equal	symbol_equal	text_equal	different_runtime_sections
kernel/arch/x86/crypto/aegis128-aesni.ko	runtime-data-different-code-equivalent	false	false	true	true	true	true	__versions
kernel/arch/x86/crypto/aesni-intel.ko	runtime-code-or-symbol-different	false	false	false	true	true	false	.text,__versions
kernel/arch/x86/crypto/blake2s-x86_64.ko	runtime-data-different-code-equivalent	false	false	true	true	true	true	__versions
kernel/arch/x86/crypto/blowfish-x86_64.ko	runtime-data-different-code-equivalent	false	false	true	true	true	true	__versions
kernel/arch/x86/crypto/camellia-aesni-avx-x86_64.ko	runtime-code-or-symbol-different	false	false	false	true	false	false	.text,__versions
kernel/arch/x86/crypto/camellia-aesni-avx2.ko	runtime-data-different-code-equivalent	false	false	true	true	true	true	__versions
kernel/arch/x86/crypto/camellia-x86_64.ko	runtime-data-different-code-equivalent	false	false	true	true	true	true	__versions
kernel/arch/x86/crypto/cast5-avx-x86_64.ko	runtime-data-different-code-equivalent	false	false	true	true	true	true	__versions
kernel/arch/x86/crypto/cast6-avx-x86_64.ko	runtime-code-or-symbol-different	false	false	false	true	true	false	.text,__versions
kernel/arch/x86/crypto/chacha-x86_64.ko	runtime-code-or-symbol-different	false	false	false	false	false	false	.data..ro_after_init,.rodata,.rodata.str1.1,.rodata.str1.8,.text,.text.unlikely,__bug_table,__jump_table,__versions
kernel/arch/x86/crypto/crc32-pclmul.ko	runtime-data-different-code-equivalent	false	false	true	true	true	true	__versions
kernel/arch/x86/crypto/crc32c-intel.ko	runtime-data-different-code-equivalent	false	false	true	true	true	true	__versions
kernel/arch/x86/crypto/crct10dif-pclmul.ko	runtime-data-different-code-equivalent	false	false	true	true	true	true	__versions
kernel/arch/x86/crypto/curve25519-x86_64.ko	runtime-code-or-symbol-different	false	false	false	false	false	false	.data..ro_after_init,.exit.text,.init.text,.rodata,.rodata.str1.1,.rodata.str1.8,.text,__bug_table,__jump_table,__versions
kernel/arch/x86/crypto/des3_ede-x86_64.ko	runtime-data-different-code-equivalent	false	false	true	true	true	true	__versions
kernel/arch/x86/crypto/ghash-clmulni-intel.ko	runtime-data-different-code-equivalent	false	false	true	true	true	true	__versions
kernel/arch/x86/crypto/glue_helper.ko	runtime-data-different-code-equivalent	false	false	true	true	true	true	__versions
kernel/arch/x86/crypto/poly1305-x86_64.ko	runtime-code-or-symbol-different	false	false	false	false	false	false	.data..ro_after_init,.rodata,.rodata.str1.1,.rodata.str1.8,.text,.text.unlikely,__bug_table,__jump_table,__versions
kernel/arch/x86/crypto/serpent-avx-x86_64.ko	runtime-code-or-symbol-different	false	false	false	true	false	false	.text,__versions
kernel/arch/x86/crypto/serpent-avx2.ko	runtime-data-different-code-equivalent	false	false	true	true	true	true	__versions
kernel/arch/x86/crypto/serpent-sse2-x86_64.ko	runtime-data-different-code-equivalent	false	false	true	true	true	true	__versions
kernel/arch/x86/crypto/sha1-ssse3.ko	runtime-data-different-code-equivalent	false	false	true	true	true	true	__versions
kernel/arch/x86/crypto/sha256-ssse3.ko	runtime-data-different-code-equivalent	false	false	true	true	true	true	__versions
kernel/arch/x86/crypto/sha512-ssse3.ko	runtime-data-different-code-equivalent	false	false	true	true	true	true	__versions
kernel/arch/x86/crypto/twofish-avx-x86_64.ko	runtime-code-or-symbol-different	false	false	false	true	true	false	.text,__versions
kernel/arch/x86/crypto/twofish-x86_64-3way.ko	runtime-data-different-code-equivalent	false	false	true	true	true	true	__versions
kernel/arch/x86/crypto/twofish-x86_64.ko	runtime-data-different-code-equivalent	false	false	true	true	true	true	__versions
kernel/arch/x86/events/amd/power.ko	runtime-data-different-code-equivalent	false	false	true	true	true	true	__versions
kernel/arch/x86/events/intel/intel-cstate.ko	runtime-data-different-code-equivalent	false	false	true	true	true	true	__versions
kernel/arch/x86/events/intel/intel-uncore.ko	runtime-data-different-code-equivalent	false	false	true	true	true	true	__versions
kernel/arch/x86/events/rapl.ko	runtime-data-different-code-equivalent	false	false	true	true	true	true	__versions
kernel/arch/x86/kernel/cpu/mce/mce-inject.ko	runtime-data-different-code-equivalent	false	false	true	true	true	true	__versions
kernel/arch/x86/kernel/cpuid.ko	runtime-data-different-code-equivalent	false	false	true	true	true	true	__versions
kernel/arch/x86/kernel/msr.ko	runtime-data-different-code-equivalent	false	false	true	true	true	true	__versions
kernel/arch/x86/kvm/kvm-amd.ko	runtime-code-or-symbol-different	false	false	false	false	false	false	.orc_unwind,.orc_unwind_ip,.return_sites,.rodata.str1.8,.text,__dyndbg,__jump_table,__versions
kernel/arch/x86/kvm/kvm-intel.ko	runtime-code-or-symbol-different	false	false	false	false	false	false	.bss,.fixup,.init.text,.noinstr.text,.orc_unwind,.orc_unwind_ip,.parainstructions,.return_sites,.rodata,.rodata.str1.1,.rodata.str1.8,.smp_locks,.static_call_sites,.text,.text.unlikely,__bug_table,__dyndbg,__ex_table,__jump_table,__mcount_loc,__versions
kernel/arch/x86/kvm/kvm.ko	runtime-code-or-symbol-different	false	false	false	false	false	false	.altinstr_replacement,.altinstructions,.data..read_mostly,.orc_unwind,.orc_unwind_ip,.parainstructions,.retpoline_sites,.return_sites,.rodata,.rodata.str1.1,.rodata.str1.8,.smp_locks,.static_call_sites,.text,__bug_table,__dyndbg,__jump_table,__mcount_loc,__tracepoints,__versions
kernel/arch/x86/oprofile/oprofile.ko	runtime-data-different-code-equivalent	false	false	true	true	true	true	__versions
kernel/block/bfq.ko	runtime-code-or-symbol-different	false	false	false	false	false	false	.orc_unwind,.text,__jump_table,__versions
kernel/block/kyber-iosched.ko	runtime-code-or-symbol-different	false	false	false	false	false	false	.orc_unwind,.orc_unwind_ip,.return_sites,.text,__jump_table,__tracepoints,__versions
kernel/block/t10-pi.ko	runtime-data-different-code-equivalent	false	false	true	true	true	true	__versions
kernel/crypto/adiantum.ko	runtime-data-different-code-equivalent	false	false	true	true	true	true	__versions
kernel/crypto/aegis128.ko	runtime-data-different-code-equivalent	false	false	true	true	true	true	__versions
kernel/crypto/aes_ti.ko	runtime-data-different-code-equivalent	false	false	true	true	true	true	__versions
kernel/crypto/af_alg.ko	runtime-code-or-symbol-different	false	false	false	false	false	false	.orc_unwind,.text,__jump_table,__versions
kernel/crypto/algif_aead.ko	runtime-data-different-code-equivalent	false	false	true	true	true	true	__versions
kernel/crypto/algif_hash.ko	runtime-data-different-code-equivalent	false	false	true	true	true	true	__versions
kernel/crypto/algif_rng.ko	runtime-data-different-code-equivalent	false	false	true	true	true	true	__versions
kernel/crypto/algif_skcipher.ko	runtime-data-different-code-equivalent	false	false	true	true	true	true	__versions
kernel/crypto/ansi_cprng.ko	runtime-code-or-symbol-different	false	false	false	false	true	false	.data,.exit.text,.init.text,.orc_unwind,.orc_unwind_ip,.return_sites,.rodata.str1.8,.text,.text.unlikely,__mcount_loc,__versions
kernel/crypto/asymmetric_keys/pkcs8_key_parser.ko	runtime-data-different-code-equivalent	false	false	true	true	true	true	__versions
kernel/crypto/async_tx/async_memcpy.ko	runtime-code-or-symbol-different	false	false	false	false	false	false	.text,__dyndbg,__jump_table,__versions
kernel/crypto/async_tx/async_pq.ko	runtime-code-or-symbol-different	false	false	false	false	false	false	.orc_unwind,.orc_unwind_ip,.text,__dyndbg,__jump_table,__versions
kernel/crypto/async_tx/async_raid6_recov.ko	runtime-code-or-symbol-different	false	false	false	false	false	false	.text,__dyndbg,__jump_table,__versions
kernel/crypto/async_tx/async_tx.ko	runtime-code-or-symbol-different	false	false	false	false	false	false	.text,__dyndbg,__jump_table,__versions
kernel/crypto/async_tx/async_xor.ko	runtime-code-or-symbol-different	false	false	false	false	false	false	.orc_unwind,.text,__bug_table,__dyndbg,__jump_table,__versions
kernel/crypto/authenc.ko	runtime-data-different-code-equivalent	false	false	true	true	true	true	__versions
kernel/crypto/authencesn.ko	runtime-data-different-code-equivalent	false	false	true	true	true	true	__versions
kernel/crypto/blake2b_generic.ko	runtime-data-different-code-equivalent	false	false	true	true	true	true	__versions
kernel/crypto/blake2s_generic.ko	runtime-data-different-code-equivalent	false	false	true	true	true	true	__versions
kernel/crypto/blowfish_common.ko	runtime-data-different-code-equivalent	false	false	true	true	true	true	__versions
kernel/crypto/blowfish_generic.ko	runtime-data-different-code-equivalent	false	false	true	true	true	true	__versions
kernel/crypto/camellia_generic.ko	runtime-data-different-code-equivalent	false	false	true	true	true	true	__versions
kernel/crypto/cast5_generic.ko	runtime-data-different-code-equivalent	false	false	true	true	true	true	__versions
kernel/crypto/cast6_generic.ko	runtime-data-different-code-equivalent	false	false	true	true	true	true	__versions
kernel/crypto/cast_common.ko	runtime-data-different-code-equivalent	false	false	true	true	true	true	__versions
kernel/crypto/ccm.ko	runtime-data-different-code-equivalent	false	false	true	true	true	true	__versions
kernel/crypto/cfb.ko	runtime-data-different-code-equivalent	false	false	true	true	true	true	__versions
kernel/crypto/chacha20poly1305.ko	runtime-data-different-code-equivalent	false	false	true	true	true	true	__versions
kernel/crypto/chacha_generic.ko	runtime-data-different-code-equivalent	false	false	true	true	true	true	__versions
kernel/crypto/cmac.ko	runtime-data-different-code-equivalent	false	false	true	true	true	true	__versions
kernel/crypto/crc32_generic.ko	runtime-data-different-code-equivalent	false	false	true	true	true	true	__versions
kernel/crypto/crc32c_generic.ko	runtime-data-different-code-equivalent	false	false	true	true	true	true	__versions
kernel/crypto/crct10dif_common.ko	runtime-data-different-code-equivalent	false	false	true	true	true	true	__versions
kernel/crypto/crct10dif_generic.ko	runtime-data-different-code-equivalent	false	false	true	true	true	true	__versions
kernel/crypto/cryptd.ko	runtime-data-different-code-equivalent	false	false	true	true	true	true	__versions
kernel/crypto/crypto_engine.ko	runtime-data-different-code-equivalent	false	false	true	true	true	true	__versions
kernel/crypto/crypto_simd.ko	runtime-data-different-code-equivalent	false	false	true	true	true	true	__versions
kernel/crypto/crypto_user.ko	runtime-data-different-code-equivalent	false	false	true	true	true	true	__versions
kernel/crypto/ctr.ko	runtime-data-different-code-equivalent	false	false	true	true	true	true	__versions
kernel/crypto/cts.ko	runtime-data-different-code-equivalent	false	false	true	true	true	true	__versions
kernel/crypto/curve25519-generic.ko	runtime-data-different-code-equivalent	false	false	true	true	true	true	__versions
kernel/crypto/des_generic.ko	runtime-data-different-code-equivalent	false	false	true	true	true	true	__versions
kernel/crypto/drbg.ko	runtime-code-or-symbol-different	false	false	false	false	false	false	.init.text,.orc_unwind,.orc_unwind_ip,.return_sites,.rodata.str1.8,.text,.text.unlikely,__bug_table,__mcount_loc,__versions
kernel/crypto/ecb.ko	runtime-data-different-code-equivalent	false	false	true	true	true	true	__versions
kernel/crypto/ecc.ko	runtime-code-or-symbol-different	false	false	false	true	false	false	.text,__versions
kernel/crypto/ecdh_generic.ko	runtime-data-different-code-equivalent	false	false	true	true	true	true	__versions
kernel/crypto/echainiv.ko	runtime-data-different-code-equivalent	false	false	true	true	true	true	__versions
kernel/crypto/ecrdsa_generic.ko	runtime-data-different-code-equivalent	false	false	true	true	true	true	__versions
kernel/crypto/essiv.ko	runtime-data-different-code-equivalent	false	false	true	true	true	true	__versions
kernel/crypto/fcrypt.ko	runtime-data-different-code-equivalent	false	false	true	true	true	true	__versions
kernel/crypto/gcm.ko	runtime-data-different-code-equivalent	false	false	true	true	true	true	__versions
kernel/crypto/gf128mul.ko	runtime-data-different-code-equivalent	false	false	true	true	true	true	__versions
kernel/crypto/ghash-generic.ko	runtime-data-different-code-equivalent	false	false	true	true	true	true	__versions
kernel/crypto/jitterentropy_rng.ko	runtime-code-or-symbol-different	false	false	false	true	false	false	.orc_unwind,.orc_unwind_ip,.text,__versions
kernel/crypto/keywrap.ko	runtime-data-different-code-equivalent	false	false	true	true	true	true	__versions
kernel/crypto/lrw.ko	runtime-data-different-code-equivalent	false	false	true	true	true	true	__versions
kernel/crypto/lz4.ko	runtime-data-different-code-equivalent	false	false	true	true	true	true	__versions
kernel/crypto/lz4hc.ko	runtime-data-different-code-equivalent	false	false	true	true	true	true	__versions
kernel/crypto/md4.ko	runtime-data-different-code-equivalent	false	false	true	true	true	true	__versions
kernel/crypto/michael_mic.ko	runtime-data-different-code-equivalent	false	false	true	true	true	true	__versions
kernel/crypto/nhpoly1305.ko	runtime-data-different-code-equivalent	false	false	true	true	true	true	__versions
kernel/crypto/ofb.ko	runtime-data-different-code-equivalent	false	false	true	true	true	true	__versions
kernel/crypto/pcbc.ko	runtime-data-different-code-equivalent	false	false	true	true	true	true	__versions
kernel/crypto/pcrypt.ko	runtime-data-different-code-equivalent	false	false	true	true	true	true	__versions
kernel/crypto/poly1305_generic.ko	runtime-data-different-code-equivalent	false	false	true	true	true	true	__versions
kernel/crypto/rmd128.ko	runtime-data-different-code-equivalent	false	false	true	true	true	true	__versions
kernel/crypto/rmd160.ko	runtime-data-different-code-equivalent	false	false	true	true	true	true	__versions
kernel/crypto/rmd256.ko	runtime-data-different-code-equivalent	false	false	true	true	true	true	__versions
kernel/crypto/rmd320.ko	runtime-data-different-code-equivalent	false	false	true	true	true	true	__versions
kernel/crypto/salsa20_generic.ko	runtime-data-different-code-equivalent	false	false	true	true	true	true	__versions
kernel/crypto/seqiv.ko	runtime-data-different-code-equivalent	false	false	true	true	true	true	__versions
kernel/crypto/serpent_generic.ko	runtime-data-different-code-equivalent	false	false	true	true	true	true	__versions
kernel/crypto/sha3_generic.ko	runtime-data-different-code-equivalent	false	false	true	true	true	true	__versions
kernel/crypto/sha512_generic.ko	runtime-data-different-code-equivalent	false	false	true	true	true	true	__versions
kernel/crypto/streebog_generic.ko	runtime-data-different-code-equivalent	false	false	true	true	true	true	__versions
kernel/crypto/tcrypt.ko	runtime-code-or-symbol-different	false	false	false	false	false	false	.init.text,.orc_unwind,.return_sites,.text,__dyndbg,__jump_table,__versions
kernel/crypto/tgr192.ko	runtime-data-different-code-equivalent	false	false	true	true	true	true	__versions
kernel/crypto/twofish_common.ko	runtime-data-different-code-equivalent	false	false	true	true	true	true	__versions
kernel/crypto/twofish_generic.ko	runtime-data-different-code-equivalent	false	false	true	true	true	true	__versions
kernel/crypto/vmac.ko	runtime-data-different-code-equivalent	false	false	true	true	true	true	__versions
kernel/crypto/wp512.ko	runtime-data-different-code-equivalent	false	false	true	true	true	true	__versions
kernel/crypto/xcbc.ko	runtime-data-different-code-equivalent	false	false	true	true	true	true	__versions
kernel/crypto/xor.ko	runtime-data-different-code-equivalent	false	false	true	true	true	true	__versions
kernel/crypto/xts.ko	runtime-code-or-symbol-different	false	false	false	true	true	false	.orc_unwind,.orc_unwind_ip,.text,__versions
kernel/crypto/xxhash_generic.ko	runtime-data-different-code-equivalent	false	false	true	true	true	true	__versions
kernel/crypto/zstd.ko	runtime-data-different-code-equivalent	false	false	true	true	true	true	__versions
kernel/drivers/accessibility/speakup/speakup.ko	runtime-code-or-symbol-different	false	false	false	false	false	false	.orc_unwind,.orc_unwind_ip,.return_sites,.text,__dyndbg,__jump_table,__versions
kernel/drivers/accessibility/speakup/speakup_acntsa.ko	runtime-data-different-code-equivalent	false	false	true	true	true	true	__versions
kernel/drivers/accessibility/speakup/speakup_apollo.ko	runtime-data-different-code-equivalent	false	false	true	true	true	true	__versions
kernel/drivers/accessibility/speakup/speakup_audptr.ko	runtime-data-different-code-equivalent	false	false	true	true	true	true	__versions
kernel/drivers/accessibility/speakup/speakup_bns.ko	runtime-data-different-code-equivalent	false	false	true	true	true	true	__versions
kernel/drivers/accessibility/speakup/speakup_decext.ko	runtime-data-different-code-equivalent	false	false	true	true	true	true	__versions
kernel/drivers/accessibility/speakup/speakup_dectlk.ko	runtime-data-different-code-equivalent	false	false	true	true	true	true	__versions
kernel/drivers/accessibility/speakup/speakup_dummy.ko	runtime-data-different-code-equivalent	false	false	true	true	true	true	__versions
kernel/drivers/accessibility/speakup/speakup_ltlk.ko	runtime-data-different-code-equivalent	false	false	true	true	true	true	__versions
kernel/drivers/accessibility/speakup/speakup_soft.ko	runtime-data-different-code-equivalent	false	false	true	true	true	true	__versions
kernel/drivers/accessibility/speakup/speakup_spkout.ko	runtime-data-different-code-equivalent	false	false	true	true	true	true	__versions
kernel/drivers/accessibility/speakup/speakup_txprt.ko	runtime-data-different-code-equivalent	false	false	true	true	true	true	__versions
kernel/drivers/acpi/ac.ko	runtime-data-different-code-equivalent	false	false	true	true	true	true	__versions
kernel/drivers/acpi/acpi_ipmi.ko	runtime-code-or-symbol-different	false	false	false	false	false	false	.text,__dyndbg,__jump_table,__versions
kernel/drivers/acpi/acpi_pad.ko	runtime-code-or-symbol-different	false	false	false	false	false	false	.text,__jump_table,__versions
kernel/drivers/acpi/acpi_tad.ko	runtime-data-different-code-equivalent	false	false	true	true	true	true	__versions
kernel/drivers/acpi/battery.ko	runtime-data-different-code-equivalent	false	false	true	true	true	true	__versions
kernel/drivers/acpi/button.ko	runtime-code-or-symbol-different	false	false	false	false	false	false	.orc_unwind,.orc_unwind_ip,.text,__dyndbg,__jump_table,__versions
kernel/drivers/acpi/fan.ko	runtime-code-or-symbol-different	false	false	false	false	false	false	.text,.text.unlikely,__dyndbg,__jump_table,__versions
kernel/drivers/acpi/nfit/nfit.ko	runtime-code-or-symbol-different	false	false	false	false	false	false	.orc_unwind,.orc_unwind_ip,.retpoline_sites,.rodata.str1.1,.text,.text.unlikely,__dyndbg,__jump_table,__versions
kernel/drivers/acpi/sbs.ko	runtime-data-different-code-equivalent	false	false	true	true	true	true	__versions
kernel/drivers/acpi/sbshc.ko	runtime-data-different-code-equivalent	false	false	true	true	true	true	__versions
kernel/drivers/acpi/video.ko	runtime-code-or-symbol-different	false	false	false	false	false	true	.text.unlikely,__dyndbg,__jump_table,__versions
kernel/drivers/android/binder_linux.ko	runtime-code-or-symbol-different	false	false	false	false	false	false	.orc_unwind,.rodata.str1.1,.rodata.str1.8,.text,.text.unlikely,__bug_table,__jump_table,__tracepoints,__versions
kernel/drivers/ata/acard-ahci.ko	runtime-data-different-code-equivalent	false	false	true	true	true	true	__versions
kernel/drivers/ata/ahci.ko	runtime-data-different-code-equivalent	false	false	true	true	true	true	__versions
kernel/drivers/ata/ata_generic.ko	runtime-data-different-code-equivalent	false	false	true	true	true	true	__versions
kernel/drivers/ata/ata_piix.ko	runtime-data-different-code-equivalent	false	false	true	true	true	true	__versions
kernel/drivers/ata/libahci.ko	runtime-data-different-code-equivalent	false	false	true	true	true	true	__versions
kernel/drivers/ata/libata.ko	runtime-code-or-symbol-different	false	false	false	false	false	false	.orc_unwind,.orc_unwind_ip,.text,__bug_table,__jump_table,__tracepoints,__versions
kernel/drivers/ata/pata_ali.ko	runtime-data-different-code-equivalent	false	false	true	true	true	true	__versions
kernel/drivers/ata/pata_amd.ko	runtime-data-different-code-equivalent	false	false	true	true	true	true	__versions
kernel/drivers/ata/pata_artop.ko	runtime-data-different-code-equivalent	false	false	true	true	true	true	__versions
kernel/drivers/ata/pata_atiixp.ko	runtime-data-different-code-equivalent	false	false	true	true	true	true	__versions
kernel/drivers/ata/pata_atp867x.ko	runtime-data-different-code-equivalent	false	false	true	true	true	true	__versions
kernel/drivers/ata/pata_cmd64x.ko	runtime-data-different-code-equivalent	false	false	true	true	true	true	__versions
kernel/drivers/ata/pata_efar.ko	runtime-data-different-code-equivalent	false	false	true	true	true	true	__versions
kernel/drivers/ata/pata_hpt366.ko	runtime-data-different-code-equivalent	false	false	true	true	true	true	__versions
kernel/drivers/ata/pata_hpt37x.ko	runtime-data-different-code-equivalent	false	false	true	true	true	true	__versions
kernel/drivers/ata/pata_it8213.ko	runtime-data-different-code-equivalent	false	false	true	true	true	true	__versions
kernel/drivers/ata/pata_it821x.ko	runtime-data-different-code-equivalent	false	false	true	true	true	true	__versions
kernel/drivers/ata/pata_jmicron.ko	runtime-data-different-code-equivalent	false	false	true	true	true	true	__versions
kernel/drivers/ata/pata_marvell.ko	runtime-data-different-code-equivalent	false	false	true	true	true	true	__versions
kernel/drivers/ata/pata_mpiix.ko	runtime-data-different-code-equivalent	false	false	true	true	true	true	__versions
kernel/drivers/ata/pata_netcell.ko	runtime-data-different-code-equivalent	false	false	true	true	true	true	__versions
kernel/drivers/ata/pata_ninja32.ko	runtime-data-different-code-equivalent	false	false	true	true	true	true	__versions
kernel/drivers/ata/pata_ns87410.ko	runtime-data-different-code-equivalent	false	false	true	true	true	true	__versions
kernel/drivers/ata/pata_ns87415.ko	runtime-data-different-code-equivalent	false	false	true	true	true	true	__versions
kernel/drivers/ata/pata_oldpiix.ko	runtime-data-different-code-equivalent	false	false	true	true	true	true	__versions
kernel/drivers/ata/pata_pcmcia.ko	runtime-data-different-code-equivalent	false	false	true	true	true	true	__versions
kernel/drivers/ata/pata_pdc2027x.ko	runtime-data-different-code-equivalent	false	false	true	true	true	true	__versions
kernel/drivers/ata/pata_pdc202xx_old.ko	runtime-data-different-code-equivalent	false	false	true	true	true	true	__versions
kernel/drivers/ata/pata_piccolo.ko	runtime-data-different-code-equivalent	false	false	true	true	true	true	__versions
kernel/drivers/ata/pata_rdc.ko	runtime-data-different-code-equivalent	false	false	true	true	true	true	__versions
kernel/drivers/ata/pata_rz1000.ko	runtime-data-different-code-equivalent	false	false	true	true	true	true	__versions
kernel/drivers/ata/pata_sch.ko	runtime-data-different-code-equivalent	false	false	true	true	true	true	__versions
kernel/drivers/ata/pata_serverworks.ko	runtime-data-different-code-equivalent	false	false	true	true	true	true	__versions
kernel/drivers/ata/pata_sil680.ko	runtime-code-or-symbol-different	false	false	false	false	false	false	.text,__dyndbg,__jump_table,__versions
kernel/drivers/ata/pata_sis.ko	runtime-data-different-code-equivalent	false	false	true	true	true	true	__versions
kernel/drivers/ata/pata_triflex.ko	runtime-data-different-code-equivalent	false	false	true	true	true	true	__versions
kernel/drivers/ata/pata_via.ko	runtime-data-different-code-equivalent	false	false	true	true	true	true	__versions
kernel/drivers/ata/pdc_adma.ko	runtime-data-different-code-equivalent	false	false	true	true	true	true	__versions
kernel/drivers/ata/sata_mv.ko	runtime-data-different-code-equivalent	false	false	true	true	true	true	__versions
kernel/drivers/ata/sata_nv.ko	runtime-data-different-code-equivalent	false	false	true	true	true	true	__versions
kernel/drivers/ata/sata_promise.ko	runtime-data-different-code-equivalent	false	false	true	true	true	true	__versions
kernel/drivers/ata/sata_qstor.ko	runtime-data-different-code-equivalent	false	false	true	true	true	true	__versions
kernel/drivers/ata/sata_sil.ko	runtime-data-different-code-equivalent	false	false	true	true	true	true	__versions
kernel/drivers/ata/sata_sil24.ko	runtime-data-different-code-equivalent	false	false	true	true	true	true	__versions
kernel/drivers/ata/sata_sis.ko	runtime-data-different-code-equivalent	false	false	true	true	true	true	__versions
kernel/drivers/ata/sata_svw.ko	runtime-data-different-code-equivalent	false	false	true	true	true	true	__versions
kernel/drivers/ata/sata_sx4.ko	runtime-data-different-code-equivalent	false	false	true	true	true	true	__versions
kernel/drivers/ata/sata_uli.ko	runtime-data-different-code-equivalent	false	false	true	true	true	true	__versions
kernel/drivers/ata/sata_via.ko	runtime-code-or-symbol-different	false	false	false	false	false	true	.text.unlikely,__dyndbg,__jump_table,__versions
kernel/drivers/ata/sata_vsc.ko	runtime-data-different-code-equivalent	false	false	true	true	true	true	__versions
kernel/drivers/atm/adummy.ko	runtime-data-different-code-equivalent	false	false	true	true	true	true	__versions
kernel/drivers/atm/ambassador.ko	runtime-data-different-code-equivalent	false	false	true	true	true	true	__versions
kernel/drivers/atm/atmtcp.ko	runtime-data-different-code-equivalent	false	false	true	true	true	true	__versions
kernel/drivers/atm/eni.ko	runtime-data-different-code-equivalent	false	false	true	true	true	true	__versions
kernel/drivers/atm/firestream.ko	runtime-data-different-code-equivalent	false	false	true	true	true	true	__versions
kernel/drivers/atm/fore_200e.ko	runtime-data-different-code-equivalent	false	false	true	true	true	true	__versions
kernel/drivers/atm/he.ko	runtime-data-different-code-equivalent	false	false	true	true	true	true	__versions
kernel/drivers/atm/horizon.ko	runtime-code-or-symbol-different	false	false	false	false	false	false	.text,__jump_table,__versions
kernel/drivers/atm/idt77105.ko	runtime-data-different-code-equivalent	false	false	true	true	true	true	__versions
kernel/drivers/atm/idt77252.ko	runtime-data-different-code-equivalent	false	false	true	true	true	true	__versions
kernel/drivers/atm/iphase.ko	runtime-data-different-code-equivalent	false	false	true	true	true	true	__versions
kernel/drivers/atm/lanai.ko	runtime-data-different-code-equivalent	false	false	true	true	true	true	__versions
kernel/drivers/atm/nicstar.ko	runtime-data-different-code-equivalent	false	false	true	true	true	true	__versions
kernel/drivers/atm/solos-pci.ko	runtime-code-or-symbol-different	false	false	false	false	false	false	.text,.text.unlikely,__dyndbg,__jump_table,__versions
kernel/drivers/atm/suni.ko	runtime-data-different-code-equivalent	false	false	true	true	true	true	__versions
kernel/drivers/atm/uPD98402.ko	runtime-data-different-code-equivalent	false	false	true	true	true	true	__versions
kernel/drivers/atm/zatm.ko	runtime-data-different-code-equivalent	false	false	true	true	true	true	__versions
kernel/drivers/base/regmap/regmap-sdw.ko	runtime-data-different-code-equivalent	false	false	true	true	true	true	__versions
kernel/drivers/base/regmap/regmap-spi.ko	runtime-data-different-code-equivalent	false	false	true	true	true	true	__versions
kernel/drivers/bcma/bcma.ko	runtime-code-or-symbol-different	false	false	false	false	false	false	.orc_unwind,.orc_unwind_ip,.text,.text.unlikely,__dyndbg,__jump_table,__versions
kernel/drivers/block/aoe/aoe.ko	runtime-data-different-code-equivalent	false	false	true	true	true	true	__versions
kernel/drivers/block/brd.ko	runtime-data-different-code-equivalent	false	false	true	true	true	true	__versions
kernel/drivers/block/drbd/drbd.ko	runtime-code-or-symbol-different	false	false	false	false	false	false	.text,.text.unlikely,__dyndbg,__jump_table,__versions
kernel/drivers/block/floppy.ko	runtime-data-different-code-equivalent	false	false	true	true	true	true	__versions
kernel/drivers/block/loop.ko	runtime-data-different-code-equivalent	false	false	true	true	true	true	__versions
kernel/drivers/block/mtip32xx/mtip32xx.ko	runtime-code-or-symbol-different	false	false	false	false	false	false	.text,__dyndbg,__jump_table,__versions
kernel/drivers/block/nbd.ko	runtime-code-or-symbol-different	false	false	false	false	false	false	.orc_unwind,.orc_unwind_ip,.rodata.str1.1,.text,.text.unlikely,__dyndbg,__jump_table,__tracepoints,__versions
kernel/drivers/block/null_blk/null_blk.ko	runtime-code-or-symbol-different	false	false	false	false	false	false	.text,__jump_table,__tracepoints,__versions
kernel/drivers/block/pktcdvd.ko	runtime-code-or-symbol-different	false	false	false	false	false	false	.text,__dyndbg,__jump_table,__versions
kernel/drivers/block/rbd.ko	runtime-code-or-symbol-different	false	false	false	false	false	false	.orc_unwind,.orc_unwind_ip,.parainstructions,.return_sites,.rodata.str1.1,.rodata.str1.8,.text,.text.unlikely,__bug_table,__dyndbg,__jump_table,__mcount_loc,__versions
kernel/drivers/block/rsxx/rsxx.ko	runtime-code-or-symbol-different	false	false	false	false	false	false	.orc_unwind,.orc_unwind_ip,.text,.text.unlikely,__dyndbg,__jump_table,__versions
kernel/drivers/block/skd.ko	runtime-code-or-symbol-different	false	false	false	false	false	false	.orc_unwind,.orc_unwind_ip,.return_sites,.rodata.str1.1,.text,.text.unlikely,__dyndbg,__jump_table,__versions
kernel/drivers/block/sx8.ko	runtime-data-different-code-equivalent	false	false	true	true	true	true	__versions
kernel/drivers/block/umem.ko	runtime-code-or-symbol-different	false	false	false	false	false	false	.orc_unwind,.orc_unwind_ip,.text,__dyndbg,__jump_table,__versions
kernel/drivers/block/virtio_blk.ko	runtime-data-different-code-equivalent	false	false	true	true	true	true	__versions
kernel/drivers/block/xen-blkback/xen-blkback.ko	runtime-code-or-symbol-different	false	false	false	false	false	false	.orc_unwind,.orc_unwind_ip,.rodata.str1.1,.text,.text.unlikely,__dyndbg,__jump_table,__versions
kernel/drivers/block/xen-blkfront.ko	runtime-code-or-symbol-different	false	false	false	false	false	false	.orc_unwind,.orc_unwind_ip,.text,.text.unlikely,__dyndbg,__jump_table,__versions
kernel/drivers/block/zram/zram.ko	runtime-data-different-code-equivalent	false	false	true	true	true	true	__versions
kernel/drivers/bluetooth/ath3k.ko	runtime-code-or-symbol-different	false	false	false	false	false	false	.orc_unwind,.orc_unwind_ip,.rodata.str1.1,.rodata.str1.8,.text,__dyndbg,__jump_table,__versions
kernel/drivers/bluetooth/bcm203x.ko	runtime-code-or-symbol-different	false	false	false	false	false	false	.orc_unwind,.orc_unwind_ip,.rodata.str1.1,.text,__dyndbg,__jump_table,__versions
kernel/drivers/bluetooth/bfusb.ko	runtime-code-or-symbol-different	false	false	false	false	false	false	.orc_unwind,.orc_unwind_ip,.return_sites,.rodata.str1.1,.text,__dyndbg,__jump_table,__mcount_loc,__versions
kernel/drivers/bluetooth/bluecard_cs.ko	runtime-data-different-code-equivalent	false	false	true	true	true	true	__versions
kernel/drivers/bluetooth/bpa10x.ko	runtime-code-or-symbol-different	false	false	false	false	false	false	.orc_unwind,.orc_unwind_ip,.text,__dyndbg,__jump_table,__versions
kernel/drivers/bluetooth/bt3c_cs.ko	runtime-data-different-code-equivalent	false	false	true	true	true	true	__versions
kernel/drivers/bluetooth/btbcm.ko	runtime-data-different-code-equivalent	false	false	true	true	true	true	__versions
kernel/drivers/bluetooth/btintel.ko	runtime-code-or-symbol-different	false	false	false	false	false	false	.orc_unwind,.text,__dyndbg,__jump_table,__versions
kernel/drivers/bluetooth/btmrvl.ko	runtime-code-or-symbol-different	false	false	false	false	false	false	.orc_unwind,.orc_unwind_ip,.text,__dyndbg,__jump_table,__versions
kernel/drivers/bluetooth/btmrvl_sdio.ko	runtime-code-or-symbol-different	false	false	false	false	false	false	.orc_unwind,.orc_unwind_ip,.return_sites,.text,__dyndbg,__jump_table,__versions
kernel/drivers/bluetooth/btmtkuart.ko	runtime-data-different-code-equivalent	false	false	true	true	true	true	__versions
kernel/drivers/bluetooth/btqca.ko	runtime-code-or-symbol-different	false	false	false	false	false	false	.orc_unwind,.text,__dyndbg,__jump_table,__versions
kernel/drivers/bluetooth/btrsi.ko	runtime-data-different-code-equivalent	false	false	true	true	true	true	__versions
kernel/drivers/bluetooth/btrtl.ko	runtime-code-or-symbol-different	false	false	false	false	false	false	.orc_unwind,.orc_unwind_ip,.return_sites,.text,__dyndbg,__jump_table,__versions
kernel/drivers/bluetooth/btsdio.ko	runtime-code-or-symbol-different	false	false	false	false	false	false	.orc_unwind,.orc_unwind_ip,.text,__dyndbg,__jump_table,__versions
kernel/drivers/bluetooth/btusb.ko	runtime-code-or-symbol-different	false	false	false	false	false	false	.orc_unwind,.orc_unwind_ip,.text,__dyndbg,__jump_table,__versions
kernel/drivers/bluetooth/dtl1_cs.ko	runtime-data-different-code-equivalent	false	false	true	true	true	true	__versions
kernel/drivers/bluetooth/hci_nokia.ko	runtime-code-or-symbol-different	false	false	false	false	false	false	.orc_unwind,.orc_unwind_ip,.text,.text.unlikely,__dyndbg,__jump_table,__versions
kernel/drivers/bluetooth/hci_uart.ko	runtime-code-or-symbol-different	false	false	false	false	false	false	.orc_unwind,.orc_unwind_ip,.return_sites,.rodata.str1.1,.rodata.str1.8,.text,.text.unlikely,__dyndbg,__jump_table,__versions
kernel/drivers/bluetooth/hci_vhci.ko	runtime-data-different-code-equivalent	false	false	true	true	true	true	__versions
kernel/drivers/bus/mhi/core/mhi.ko	runtime-code-or-symbol-different	false	false	false	false	false	false	.orc_unwind,.orc_unwind_ip,.text,.text.unlikely,__dyndbg,__jump_table,__versions
kernel/drivers/cdrom/cdrom.ko	runtime-code-or-symbol-different	false	false	false	false	false	false	.orc_unwind,.orc_unwind_ip,.retpoline_sites,.rodata.str1.1,.rodata.str1.8,.text,.text.unlikely,__bug_table,__dyndbg,__jump_table,__versions
kernel/drivers/char/applicom.ko	runtime-data-different-code-equivalent	false	false	true	true	true	true	__versions
kernel/drivers/char/hangcheck-timer.ko	runtime-data-different-code-equivalent	false	false	true	true	true	true	__versions
kernel/drivers/char/hw_random/amd-rng.ko	runtime-data-different-code-equivalent	false	false	true	true	true	true	__versions
kernel/drivers/char/hw_random/intel-rng.ko	runtime-data-different-code-equivalent	false	false	true	true	true	true	__versions
kernel/drivers/char/hw_random/rng-core.ko	runtime-data-different-code-equivalent	false	false	true	true	true	true	__versions
kernel/drivers/char/hw_random/via-rng.ko	runtime-data-different-code-equivalent	false	false	true	true	true	true	__versions
kernel/drivers/char/hw_random/virtio-rng.ko	runtime-data-different-code-equivalent	false	false	true	true	true	true	__versions
kernel/drivers/char/ipmi/ipmi_devintf.ko	runtime-data-different-code-equivalent	false	false	true	true	true	true	__versions
kernel/drivers/char/ipmi/ipmi_msghandler.ko	runtime-code-or-symbol-different	false	false	false	false	false	false	.orc_unwind,.text,.text.unlikely,__dyndbg,__jump_table,__versions
kernel/drivers/char/ipmi/ipmi_poweroff.ko	runtime-data-different-code-equivalent	false	false	true	true	true	true	__versions
kernel/drivers/char/ipmi/ipmi_si.ko	runtime-code-or-symbol-different	false	false	false	false	false	false	.orc_unwind,.orc_unwind_ip,.text,.text.unlikely,__dyndbg,__jump_table,__versions
kernel/drivers/char/ipmi/ipmi_ssif.ko	runtime-code-or-symbol-different	false	false	false	false	false	false	.orc_unwind,.orc_unwind_ip,.text,.text.unlikely,__dyndbg,__jump_table,__versions
kernel/drivers/char/ipmi/ipmi_watchdog.ko	runtime-data-different-code-equivalent	false	false	true	true	true	true	__versions
kernel/drivers/char/lp.ko	runtime-data-different-code-equivalent	false	false	true	true	true	true	__versions
kernel/drivers/char/mwave/mwave.ko	runtime-data-different-code-equivalent	false	false	true	true	true	true	__versions
kernel/drivers/char/nvram.ko	runtime-data-different-code-equivalent	false	false	true	true	true	true	__versions
kernel/drivers/char/pcmcia/cm4000_cs.ko	runtime-code-or-symbol-different	false	false	false	false	false	false	.orc_unwind,.orc_unwind_ip,.return_sites,.text,.text.unlikely,__dyndbg,__jump_table,__versions
kernel/drivers/char/pcmcia/cm4040_cs.ko	runtime-code-or-symbol-different	false	false	false	false	false	false	.orc_unwind,.orc_unwind_ip,.return_sites,.text,__dyndbg,__jump_table,__versions
kernel/drivers/char/pcmcia/scr24x_cs.ko	runtime-data-different-code-equivalent	false	false	true	true	true	true	__versions
kernel/drivers/char/pcmcia/synclink_cs.ko	runtime-data-different-code-equivalent	false	false	true	true	true	true	__versions
kernel/drivers/char/ppdev.ko	runtime-code-or-symbol-different	false	false	false	false	false	false	.orc_unwind,.orc_unwind_ip,.return_sites,.text,.text.unlikely,__dyndbg,__jump_table,__versions
kernel/drivers/char/raw.ko	runtime-data-different-code-equivalent	false	false	true	true	true	true	__versions
kernel/drivers/char/tlclk.ko	runtime-code-or-symbol-different	false	false	false	false	false	false	.orc_unwind,.text,__dyndbg,__jump_table,__versions
kernel/drivers/char/tpm/st33zp24/tpm_st33zp24.ko	runtime-data-different-code-equivalent	false	false	true	true	true	true	__versions
kernel/drivers/char/tpm/st33zp24/tpm_st33zp24_i2c.ko	runtime-data-different-code-equivalent	false	false	true	true	true	true	__versions
kernel/drivers/char/tpm/tpm_atmel.ko	runtime-code-or-symbol-different	false	false	false	false	false	false	.text,__dyndbg,__jump_table,__versions
kernel/drivers/char/tpm/tpm_i2c_atmel.ko	runtime-code-or-symbol-different	false	false	false	false	false	false	.orc_unwind,.orc_unwind_ip,.return_sites,.text,__dyndbg,__jump_table,__versions
kernel/drivers/char/tpm/tpm_i2c_infineon.ko	runtime-data-different-code-equivalent	false	false	true	true	true	true	__versions
kernel/drivers/char/tpm/tpm_i2c_nuvoton.ko	runtime-code-or-symbol-different	false	false	false	false	false	false	.orc_unwind,.orc_unwind_ip,.return_sites,.rodata.str1.1,.rodata.str1.8,.text,.text.unlikely,__dyndbg,__jump_table,__mcount_loc,__versions
kernel/drivers/char/tpm/tpm_infineon.ko	runtime-data-different-code-equivalent	false	false	true	true	true	true	__versions
kernel/drivers/char/tpm/tpm_nsc.ko	runtime-code-or-symbol-different	false	false	false	false	false	true	.init.text,__dyndbg,__jump_table,__versions
kernel/drivers/char/tpm/tpm_tis_spi.ko	runtime-data-different-code-equivalent	false	false	true	true	true	true	__versions
kernel/drivers/char/tpm/tpm_vtpm_proxy.ko	runtime-code-or-symbol-different	false	false	false	false	false	false	.orc_unwind,.text,__dyndbg,__jump_table,__versions
kernel/drivers/char/tpm/xen-tpmfront.ko	runtime-data-different-code-equivalent	false	false	true	true	true	true	__versions
kernel/drivers/char/ttyprintk.ko	runtime-data-different-code-equivalent	false	false	true	true	true	true	__versions
kernel/drivers/char/virtio_console.ko	runtime-code-or-symbol-different	false	false	false	false	false	false	.text,.text.unlikely,__dyndbg,__jump_table,__versions
kernel/drivers/cpufreq/acpi-cpufreq.ko	runtime-code-or-symbol-different	false	false	false	false	false	false	.exit.text,.init.text,.orc_unwind,.orc_unwind_ip,.return_sites,.text,.text.unlikely,__dyndbg,__jump_table,__versions
kernel/drivers/cpufreq/amd_freq_sensitivity.ko	runtime-data-different-code-equivalent	false	false	true	true	true	true	__versions
kernel/drivers/cpufreq/cpufreq_conservative.ko	runtime-data-different-code-equivalent	false	false	true	true	true	true	__versions
kernel/drivers/cpufreq/cpufreq_ondemand.ko	runtime-data-different-code-equivalent	false	false	true	true	true	true	__versions
kernel/drivers/cpufreq/cpufreq_powersave.ko	runtime-code-or-symbol-different	false	false	false	false	false	false	.text,__dyndbg,__jump_table,__versions
kernel/drivers/cpufreq/cpufreq_userspace.ko	runtime-code-or-symbol-different	false	false	false	false	false	false	.orc_unwind,.text,__dyndbg,__jump_table,__versions
kernel/drivers/cpufreq/p4-clockmod.ko	runtime-code-or-symbol-different	false	false	false	false	false	false	.text,__dyndbg,__jump_table,__versions
kernel/drivers/cpufreq/pcc-cpufreq.ko	runtime-code-or-symbol-different	false	false	false	false	false	false	.init.text,.orc_unwind,.text,__dyndbg,__jump_table,__versions
kernel/drivers/cpufreq/powernow-k8.ko	runtime-code-or-symbol-different	false	false	false	false	false	false	.exit.text,.orc_unwind,.orc_unwind_ip,.parainstructions,.rodata.str1.8,.text,.text.unlikely,__dyndbg,__jump_table,__versions
kernel/drivers/cpufreq/speedstep-centrino.ko	runtime-code-or-symbol-different	false	false	false	false	false	false	.text,__dyndbg,__jump_table,__versions
kernel/drivers/cpufreq/speedstep-lib.ko	runtime-code-or-symbol-different	false	false	false	false	false	false	.orc_unwind,.orc_unwind_ip,.return_sites,.text,.text.unlikely,__dyndbg,__jump_table,__versions
kernel/drivers/crypto/ccp/ccp-crypto.ko	runtime-code-or-symbol-different	false	false	false	true	true	false	.text,__versions
kernel/drivers/crypto/ccp/ccp.ko	runtime-code-or-symbol-different	false	false	false	false	false	false	.orc_unwind,.orc_unwind_ip,.return_sites,.text,.text.unlikely,__dyndbg,__jump_table,__versions
kernel/drivers/crypto/chelsio/chcr.ko	runtime-code-or-symbol-different	false	false	false	false	false	false	.text,__dyndbg,__jump_table,__versions
kernel/drivers/crypto/padlock-aes.ko	runtime-data-different-code-equivalent	false	false	true	true	true	true	__versions
kernel/drivers/crypto/padlock-sha.ko	runtime-data-different-code-equivalent	false	false	true	true	true	true	__versions
kernel/drivers/crypto/qat/qat_c3xxx/qat_c3xxx.ko	runtime-data-different-code-equivalent	false	false	true	true	true	true	__versions
kernel/drivers/crypto/qat/qat_c3xxxvf/qat_c3xxxvf.ko	runtime-data-different-code-equivalent	false	false	true	true	true	true	__versions
kernel/drivers/crypto/qat/qat_c62x/qat_c62x.ko	runtime-data-different-code-equivalent	false	false	true	true	true	true	__versions
kernel/drivers/crypto/qat/qat_c62xvf/qat_c62xvf.ko	runtime-data-different-code-equivalent	false	false	true	true	true	true	__versions
kernel/drivers/crypto/qat/qat_common/intel_qat.ko	runtime-code-or-symbol-different	false	false	false	false	false	false	.orc_unwind,.text,.text.unlikely,__dyndbg,__jump_table,__versions
kernel/drivers/crypto/qat/qat_dh895xcc/qat_dh895xcc.ko	runtime-data-different-code-equivalent	false	false	true	true	true	true	__versions
kernel/drivers/crypto/qat/qat_dh895xccvf/qat_dh895xccvf.ko	runtime-data-different-code-equivalent	false	false	true	true	true	true	__versions
kernel/drivers/crypto/virtio/virtio_crypto.ko	runtime-code-or-symbol-different	false	false	false	false	false	false	.text,.text.unlikely,__dyndbg,__jump_table,__versions
kernel/drivers/dax/device_dax.ko	runtime-code-or-symbol-different	false	false	false	false	false	false	.text,__dyndbg,__jump_table,__versions
kernel/drivers/dax/hmem/dax_hmem.ko	runtime-data-different-code-equivalent	false	false	true	true	true	true	__versions
kernel/drivers/dax/kmem.ko	runtime-data-different-code-equivalent	false	false	true	true	true	true	__versions
kernel/drivers/dax/pmem/dax_pmem.ko	runtime-data-different-code-equivalent	false	false	true	true	true	true	__versions
kernel/drivers/dax/pmem/dax_pmem_compat.ko	runtime-data-different-code-equivalent	false	false	true	true	true	true	__versions
kernel/drivers/dax/pmem/dax_pmem_core.ko	runtime-data-different-code-equivalent	false	false	true	true	true	true	__versions
kernel/drivers/dca/dca.ko	runtime-data-different-code-equivalent	false	false	true	true	true	true	__versions
kernel/drivers/devfreq/governor_simpleondemand.ko	runtime-data-different-code-equivalent	false	false	true	true	true	true	__versions
kernel/drivers/dma/dw/dw_dmac.ko	runtime-data-different-code-equivalent	false	false	true	true	true	true	__versions
kernel/drivers/dma/dw/dw_dmac_core.ko	runtime-code-or-symbol-different	false	false	false	false	false	false	.orc_unwind,.orc_unwind_ip,.text,.text.unlikely,__dyndbg,__jump_table,__versions
kernel/drivers/dma/dw/dw_dmac_pci.ko	runtime-data-different-code-equivalent	false	false	true	true	true	true	__versions
kernel/drivers/dma/idma64.ko	runtime-data-different-code-equivalent	false	false	true	true	true	true	__versions
kernel/drivers/dma/ioat/ioatdma.ko	runtime-code-or-symbol-different	false	false	false	false	false	false	.orc_unwind,.orc_unwind_ip,.text,.text.unlikely,__dyndbg,__jump_table,__versions
kernel/drivers/edac/amd64_edac_mod.ko	runtime-data-different-code-equivalent	false	false	true	true	true	true	__versions
kernel/drivers/edac/e752x_edac.ko	runtime-data-different-code-equivalent	false	false	true	true	true	true	__versions
kernel/drivers/edac/edac_mce_amd.ko	runtime-data-different-code-equivalent	false	false	true	true	true	true	__versions
kernel/drivers/edac/i10nm_edac.ko	runtime-data-different-code-equivalent	false	false	true	true	true	true	__versions
kernel/drivers/edac/i3000_edac.ko	runtime-data-different-code-equivalent	false	false	true	true	true	true	__versions
kernel/drivers/edac/i3200_edac.ko	runtime-data-different-code-equivalent	false	false	true	true	true	true	__versions
kernel/drivers/edac/i5000_edac.ko	runtime-data-different-code-equivalent	false	false	true	true	true	true	__versions
kernel/drivers/edac/i5100_edac.ko	runtime-data-different-code-equivalent	false	false	true	true	true	true	__versions
kernel/drivers/edac/i5400_edac.ko	runtime-data-different-code-equivalent	false	false	true	true	true	true	__versions
kernel/drivers/edac/i7300_edac.ko	runtime-data-different-code-equivalent	false	false	true	true	true	true	__versions
kernel/drivers/edac/i7core_edac.ko	runtime-data-different-code-equivalent	false	false	true	true	true	true	__versions
kernel/drivers/edac/i82975x_edac.ko	runtime-data-different-code-equivalent	false	false	true	true	true	true	__versions
kernel/drivers/edac/ie31200_edac.ko	runtime-data-different-code-equivalent	false	false	true	true	true	true	__versions
kernel/drivers/edac/pnd2_edac.ko	runtime-data-different-code-equivalent	false	false	true	true	true	true	__versions
kernel/drivers/edac/sb_edac.ko	runtime-data-different-code-equivalent	false	false	true	true	true	true	__versions
kernel/drivers/edac/skx_edac.ko	runtime-data-different-code-equivalent	false	false	true	true	true	true	__versions
kernel/drivers/edac/x38_edac.ko	runtime-data-different-code-equivalent	false	false	true	true	true	true	__versions
kernel/drivers/extcon/extcon-core.ko	runtime-data-different-code-equivalent	false	false	true	true	true	true	__versions
kernel/drivers/extcon/extcon-intel-cht-wc.ko	runtime-data-different-code-equivalent	false	false	true	true	true	true	__versions
kernel/drivers/firewire/firewire-core.ko	runtime-data-different-code-equivalent	false	false	true	true	true	true	__versions
kernel/drivers/firewire/firewire-net.ko	runtime-data-different-code-equivalent	false	false	true	true	true	true	__versions
kernel/drivers/firewire/firewire-ohci.ko	runtime-data-different-code-equivalent	false	false	true	true	true	true	__versions
kernel/drivers/firewire/firewire-sbp2.ko	runtime-data-different-code-equivalent	false	false	true	true	true	true	__versions
kernel/drivers/firewire/nosy.ko	runtime-data-different-code-equivalent	false	false	true	true	true	true	__versions
kernel/drivers/firmware/edd.ko	runtime-data-different-code-equivalent	false	false	true	true	true	true	__versions
kernel/drivers/firmware/efi/capsule-loader.ko	runtime-data-different-code-equivalent	false	false	true	true	true	true	__versions
kernel/drivers/firmware/efi/efibc.ko	runtime-data-different-code-equivalent	false	false	true	true	true	true	__versions
kernel/drivers/firmware/iscsi_ibft.ko	runtime-data-different-code-equivalent	false	false	true	true	true	true	__versions
kernel/drivers/firmware/qemu_fw_cfg.ko	runtime-code-or-symbol-different	false	false	false	false	false	false	.text,__dyndbg,__jump_table,__versions
kernel/drivers/gnss/gnss-serial.ko	runtime-data-different-code-equivalent	false	false	true	true	true	true	__versions
kernel/drivers/gnss/gnss-sirf.ko	runtime-code-or-symbol-different	false	false	false	false	false	false	.orc_unwind,.text,__dyndbg,__jump_table,__versions
kernel/drivers/gnss/gnss-ubx.ko	runtime-data-different-code-equivalent	false	false	true	true	true	true	__versions
kernel/drivers/gnss/gnss.ko	runtime-data-different-code-equivalent	false	false	true	true	true	true	__versions
kernel/drivers/gpio/gpio-amd-fch.ko	runtime-data-different-code-equivalent	false	false	true	true	true	true	__versions
kernel/drivers/gpio/gpio-amdpt.ko	runtime-code-or-symbol-different	false	false	false	false	false	false	.orc_unwind,.orc_unwind_ip,.text,.text.unlikely,__dyndbg,__jump_table,__versions
kernel/drivers/gpio/gpio-exar.ko	runtime-data-different-code-equivalent	false	false	true	true	true	true	__versions
kernel/drivers/gpio/gpio-generic.ko	runtime-data-different-code-equivalent	false	false	true	true	true	true	__versions
kernel/drivers/gpio/gpio-kempld.ko	runtime-data-different-code-equivalent	false	false	true	true	true	true	__versions
kernel/drivers/gpio/gpio-ml-ioh.ko	runtime-code-or-symbol-different	false	false	false	false	false	false	.text,__dyndbg,__jump_table,__versions
kernel/drivers/gpio/gpio-pci-idio-16.ko	runtime-data-different-code-equivalent	false	false	true	true	true	true	__versions
kernel/drivers/gpio/gpio-pcie-idio-24.ko	runtime-data-different-code-equivalent	false	false	true	true	true	true	__versions
kernel/drivers/gpio/gpio-viperboard.ko	runtime-data-different-code-equivalent	false	false	true	true	true	true	__versions
kernel/drivers/gpu/drm/amd/amdgpu/amdgpu.ko	runtime-code-or-symbol-different	false	false	false	false	false	false	.orc_unwind,.orc_unwind_ip,.retpoline_sites,.return_sites,.rodata.cst8,.rodata.str1.1,.rodata.str1.8,.static_call_sites,.text,.text.unlikely,__bug_table,__dyndbg,__jump_table,__mcount_loc,__tracepoints,__versions
kernel/drivers/gpu/drm/ast/ast.ko	runtime-data-different-code-equivalent	false	false	true	true	true	true	__versions
kernel/drivers/gpu/drm/bochs/bochs-drm.ko	runtime-data-different-code-equivalent	false	false	true	true	true	true	__versions
kernel/drivers/gpu/drm/drm.ko	runtime-code-or-symbol-different	false	false	false	false	false	false	.orc_unwind,.orc_unwind_ip,.rodata.str1.8,.text,__dyndbg,__jump_table,__tracepoints,__versions
kernel/drivers/gpu/drm/drm_kms_helper.ko	runtime-data-different-code-equivalent	false	false	true	true	true	true	__versions
kernel/drivers/gpu/drm/drm_ttm_helper.ko	runtime-data-different-code-equivalent	false	false	true	true	true	true	__versions
kernel/drivers/gpu/drm/drm_vram_helper.ko	runtime-data-different-code-equivalent	false	false	true	true	true	true	__versions
kernel/drivers/gpu/drm/gma500/gma500_gfx.ko	runtime-code-or-symbol-different	false	false	false	false	false	false	.orc_unwind,.orc_unwind_ip,.return_sites,.text,.text.unlikely,__dyndbg,__jump_table,__versions
kernel/drivers/gpu/drm/i2c/ch7006.ko	runtime-data-different-code-equivalent	false	false	true	true	true	true	__versions
kernel/drivers/gpu/drm/i2c/sil164.ko	runtime-data-different-code-equivalent	false	false	true	true	true	true	__versions
kernel/drivers/gpu/drm/i915/gvt/kvmgt.ko	runtime-code-or-symbol-different	false	false	false	false	false	false	.orc_unwind,.orc_unwind_ip,.rodata.str1.8,.text,.text.unlikely,__dyndbg,__jump_table,__versions
kernel/drivers/gpu/drm/i915/i915.ko	runtime-code-or-symbol-different	false	false	false	false	false	false	.orc_unwind,.orc_unwind_ip,.return_sites,.rodata,.rodata.str1.1,.rodata.str1.8,.text,.text.unlikely,__bug_table,__dyndbg,__jump_table,__tracepoints,__versions
kernel/drivers/gpu/drm/mgag200/mgag200.ko	runtime-data-different-code-equivalent	false	false	true	true	true	true	__versions
kernel/drivers/gpu/drm/nouveau/nouveau.ko	runtime-code-or-symbol-different	false	false	false	false	false	false	.retpoline_sites,.text,.text.unlikely,__dyndbg,__jump_table,__versions
kernel/drivers/gpu/drm/qxl/qxl.ko	runtime-code-or-symbol-different	false	false	false	false	false	false	.text,__jump_table,__versions
kernel/drivers/gpu/drm/radeon/radeon.ko	runtime-code-or-symbol-different	false	false	false	false	false	false	.orc_unwind,.text,__dyndbg,__jump_table,__tracepoints,__versions
kernel/drivers/gpu/drm/scheduler/gpu-sched.ko	runtime-code-or-symbol-different	false	false	false	false	false	false	.orc_unwind,.orc_unwind_ip,.text,__jump_table,__tracepoints,__versions
kernel/drivers/gpu/drm/tiny/cirrus.ko	runtime-data-different-code-equivalent	false	false	true	true	true	true	__versions
kernel/drivers/gpu/drm/ttm/ttm.ko	runtime-code-or-symbol-different	false	false	false	false	false	false	.orc_unwind,.orc_unwind_ip,.return_sites,.text,.text.unlikely,__dyndbg,__jump_table,__versions
kernel/drivers/gpu/drm/udl/udl.ko	runtime-data-different-code-equivalent	false	false	true	true	true	true	__versions
kernel/drivers/gpu/drm/vboxvideo/vboxvideo.ko	runtime-data-different-code-equivalent	false	false	true	true	true	true	__versions
kernel/drivers/gpu/drm/vgem/vgem.ko	runtime-data-different-code-equivalent	false	false	true	true	true	true	__versions
kernel/drivers/gpu/drm/virtio/virtio-gpu.ko	runtime-code-or-symbol-different	false	false	false	false	false	false	.orc_unwind,.orc_unwind_ip,.text,__jump_table,__tracepoints,__versions
kernel/drivers/gpu/drm/vmwgfx/vmwgfx.ko	runtime-data-different-code-equivalent	false	false	true	true	true	true	__versions
kernel/drivers/gpu/drm/xen/drm_xen_front.ko	runtime-data-different-code-equivalent	false	false	true	true	true	true	__versions
kernel/drivers/hid/hid-a4tech.ko	runtime-data-different-code-equivalent	false	false	true	true	true	true	__versions
kernel/drivers/hid/hid-accutouch.ko	runtime-data-different-code-equivalent	false	false	true	true	true	true	__versions
kernel/drivers/hid/hid-alps.ko	runtime-code-or-symbol-different	false	false	false	false	false	false	.text,.text.unlikely,__dyndbg,__jump_table,__versions
kernel/drivers/hid/hid-apple.ko	runtime-data-different-code-equivalent	false	false	true	true	true	true	__versions
kernel/drivers/hid/hid-appleir.ko	runtime-data-different-code-equivalent	false	false	true	true	true	true	__versions
kernel/drivers/hid/hid-asus.ko	runtime-code-or-symbol-different	false	false	false	false	false	false	.text,.text.unlikely,__dyndbg,__jump_table,__versions
kernel/drivers/hid/hid-aureal.ko	runtime-data-different-code-equivalent	false	false	true	true	true	true	__versions
kernel/drivers/hid/hid-axff.ko	runtime-code-or-symbol-different	false	false	false	false	false	false	.text,.text.unlikely,__dyndbg,__jump_table,__versions
kernel/drivers/hid/hid-belkin.ko	runtime-data-different-code-equivalent	false	false	true	true	true	true	__versions
kernel/drivers/hid/hid-betopff.ko	runtime-data-different-code-equivalent	false	false	true	true	true	true	__versions
kernel/drivers/hid/hid-bigbenff.ko	runtime-data-different-code-equivalent	false	false	true	true	true	true	__versions
kernel/drivers/hid/hid-cherry.ko	runtime-data-different-code-equivalent	false	false	true	true	true	true	__versions
kernel/drivers/hid/hid-chicony.ko	runtime-data-different-code-equivalent	false	false	true	true	true	true	__versions
kernel/drivers/hid/hid-cmedia.ko	runtime-data-different-code-equivalent	false	false	true	true	true	true	__versions
kernel/drivers/hid/hid-corsair.ko	runtime-data-different-code-equivalent	false	false	true	true	true	true	__versions
kernel/drivers/hid/hid-cougar.ko	runtime-data-different-code-equivalent	false	false	true	true	true	true	__versions
kernel/drivers/hid/hid-cp2112.ko	runtime-code-or-symbol-different	false	false	false	false	false	false	.text,.text.unlikely,__dyndbg,__jump_table,__versions
kernel/drivers/hid/hid-cypress.ko	runtime-data-different-code-equivalent	false	false	true	true	true	true	__versions
kernel/drivers/hid/hid-dr.ko	runtime-code-or-symbol-different	false	false	false	false	false	false	.orc_unwind,.orc_unwind_ip,.text,.text.unlikely,__dyndbg,__jump_table,__versions
kernel/drivers/hid/hid-elan.ko	runtime-data-different-code-equivalent	false	false	true	true	true	true	__versions
kernel/drivers/hid/hid-elecom.ko	runtime-data-different-code-equivalent	false	false	true	true	true	true	__versions
kernel/drivers/hid/hid-elo.ko	runtime-data-different-code-equivalent	false	false	true	true	true	true	__versions
kernel/drivers/hid/hid-emsff.ko	runtime-data-different-code-equivalent	false	false	true	true	true	true	__versions
kernel/drivers/hid/hid-ezkey.ko	runtime-data-different-code-equivalent	false	false	true	true	true	true	__versions
kernel/drivers/hid/hid-gaff.ko	runtime-code-or-symbol-different	false	false	false	false	false	false	.text,__dyndbg,__jump_table,__versions
kernel/drivers/hid/hid-gembird.ko	runtime-data-different-code-equivalent	false	false	true	true	true	true	__versions
kernel/drivers/hid/hid-generic.ko	runtime-data-different-code-equivalent	false	false	true	true	true	true	__versions
kernel/drivers/hid/hid-gfrm.ko	runtime-data-different-code-equivalent	false	false	true	true	true	true	__versions
kernel/drivers/hid/hid-gt683r.ko	runtime-data-different-code-equivalent	false	false	true	true	true	true	__versions
kernel/drivers/hid/hid-gyration.ko	runtime-data-different-code-equivalent	false	false	true	true	true	true	__versions
kernel/drivers/hid/hid-holtek-kbd.ko	runtime-data-different-code-equivalent	false	false	true	true	true	true	__versions
kernel/drivers/hid/hid-holtek-mouse.ko	runtime-data-different-code-equivalent	false	false	true	true	true	true	__versions
kernel/drivers/hid/hid-holtekff.ko	runtime-data-different-code-equivalent	false	false	true	true	true	true	__versions
kernel/drivers/hid/hid-hyperv.ko	runtime-data-different-code-equivalent	false	false	true	true	true	true	__versions
kernel/drivers/hid/hid-icade.ko	runtime-data-different-code-equivalent	false	false	true	true	true	true	__versions
kernel/drivers/hid/hid-ite.ko	runtime-data-different-code-equivalent	false	false	true	true	true	true	__versions
kernel/drivers/hid/hid-jabra.ko	runtime-data-different-code-equivalent	false	false	true	true	true	true	__versions
kernel/drivers/hid/hid-kensington.ko	runtime-data-different-code-equivalent	false	false	true	true	true	true	__versions
kernel/drivers/hid/hid-keytouch.ko	runtime-data-different-code-equivalent	false	false	true	true	true	true	__versions
kernel/drivers/hid/hid-kye.ko	runtime-data-different-code-equivalent	false	false	true	true	true	true	__versions
kernel/drivers/hid/hid-lcpower.ko	runtime-data-different-code-equivalent	false	false	true	true	true	true	__versions
kernel/drivers/hid/hid-led.ko	runtime-data-different-code-equivalent	false	false	true	true	true	true	__versions
kernel/drivers/hid/hid-lenovo.ko	runtime-code-or-symbol-different	false	false	false	false	false	false	.text,.text.unlikely,__dyndbg,__jump_table,__versions
kernel/drivers/hid/hid-lg-g15.ko	runtime-data-different-code-equivalent	false	false	true	true	true	true	__versions
kernel/drivers/hid/hid-logitech-dj.ko	runtime-data-different-code-equivalent	false	false	true	true	true	true	__versions
kernel/drivers/hid/hid-logitech-hidpp.ko	runtime-code-or-symbol-different	false	false	false	false	false	false	.text,.text.unlikely,__dyndbg,__jump_table,__versions
kernel/drivers/hid/hid-logitech.ko	runtime-data-different-code-equivalent	false	false	true	true	true	true	__versions
kernel/drivers/hid/hid-macally.ko	runtime-data-different-code-equivalent	false	false	true	true	true	true	__versions
kernel/drivers/hid/hid-magicmouse.ko	runtime-data-different-code-equivalent	false	false	true	true	true	true	__versions
kernel/drivers/hid/hid-maltron.ko	runtime-data-different-code-equivalent	false	false	true	true	true	true	__versions
kernel/drivers/hid/hid-mf.ko	runtime-code-or-symbol-different	false	false	false	false	false	false	.text,.text.unlikely,__dyndbg,__jump_table,__versions
kernel/drivers/hid/hid-microsoft.ko	runtime-data-different-code-equivalent	false	false	true	true	true	true	__versions
kernel/drivers/hid/hid-monterey.ko	runtime-data-different-code-equivalent	false	false	true	true	true	true	__versions
kernel/drivers/hid/hid-multitouch.ko	runtime-code-or-symbol-different	false	false	false	false	false	false	.orc_unwind,.orc_unwind_ip,.text,__dyndbg,__jump_table,__versions
kernel/drivers/hid/hid-nti.ko	runtime-data-different-code-equivalent	false	false	true	true	true	true	__versions
kernel/drivers/hid/hid-ntrig.ko	runtime-data-different-code-equivalent	false	false	true	true	true	true	__versions
kernel/drivers/hid/hid-ortek.ko	runtime-data-different-code-equivalent	false	false	true	true	true	true	__versions
kernel/drivers/hid/hid-penmount.ko	runtime-data-different-code-equivalent	false	false	true	true	true	true	__versions
kernel/drivers/hid/hid-petalynx.ko	runtime-data-different-code-equivalent	false	false	true	true	true	true	__versions
kernel/drivers/hid/hid-picolcd.ko	runtime-data-different-code-equivalent	false	false	true	true	true	true	__versions
kernel/drivers/hid/hid-pl.ko	runtime-code-or-symbol-different	false	false	false	false	false	false	.orc_unwind,.orc_unwind_ip,.text,__dyndbg,__jump_table,__versions
kernel/drivers/hid/hid-plantronics.ko	runtime-code-or-symbol-different	false	false	false	false	false	false	.text,__dyndbg,__jump_table,__versions
kernel/drivers/hid/hid-primax.ko	runtime-data-different-code-equivalent	false	false	true	true	true	true	__versions
kernel/drivers/hid/hid-prodikeys.ko	runtime-data-different-code-equivalent	false	false	true	true	true	true	__versions
kernel/drivers/hid/hid-redragon.ko	runtime-data-different-code-equivalent	false	false	true	true	true	true	__versions
kernel/drivers/hid/hid-retrode.ko	runtime-data-different-code-equivalent	false	false	true	true	true	true	__versions
kernel/drivers/hid/hid-rmi.ko	runtime-code-or-symbol-different	false	false	false	false	false	false	.orc_unwind,.orc_unwind_ip,.return_sites,.text,__dyndbg,__jump_table,__versions
kernel/drivers/hid/hid-roccat-arvo.ko	runtime-data-different-code-equivalent	false	false	true	true	true	true	__versions
kernel/drivers/hid/hid-roccat-common.ko	runtime-data-different-code-equivalent	false	false	true	true	true	true	__versions
kernel/drivers/hid/hid-roccat-isku.ko	runtime-data-different-code-equivalent	false	false	true	true	true	true	__versions
kernel/drivers/hid/hid-roccat-kone.ko	runtime-data-different-code-equivalent	false	false	true	true	true	true	__versions
kernel/drivers/hid/hid-roccat-koneplus.ko	runtime-data-different-code-equivalent	false	false	true	true	true	true	__versions
kernel/drivers/hid/hid-roccat-konepure.ko	runtime-data-different-code-equivalent	false	false	true	true	true	true	__versions
kernel/drivers/hid/hid-roccat-kovaplus.ko	runtime-data-different-code-equivalent	false	false	true	true	true	true	__versions
kernel/drivers/hid/hid-roccat-lua.ko	runtime-data-different-code-equivalent	false	false	true	true	true	true	__versions
kernel/drivers/hid/hid-roccat-pyra.ko	runtime-data-different-code-equivalent	false	false	true	true	true	true	__versions
kernel/drivers/hid/hid-roccat-ryos.ko	runtime-data-different-code-equivalent	false	false	true	true	true	true	__versions
kernel/drivers/hid/hid-roccat-savu.ko	runtime-data-different-code-equivalent	false	false	true	true	true	true	__versions
kernel/drivers/hid/hid-roccat.ko	runtime-data-different-code-equivalent	false	false	true	true	true	true	__versions
kernel/drivers/hid/hid-saitek.ko	runtime-code-or-symbol-different	false	false	false	false	false	false	.text,__dyndbg,__jump_table,__versions
kernel/drivers/hid/hid-samsung.ko	runtime-data-different-code-equivalent	false	false	true	true	true	true	__versions
kernel/drivers/hid/hid-sensor-custom.ko	runtime-code-or-symbol-different	false	false	false	false	false	false	.text,__dyndbg,__jump_table,__versions
kernel/drivers/hid/hid-sensor-hub.ko	runtime-code-or-symbol-different	false	false	false	false	false	false	.text,.text.unlikely,__dyndbg,__jump_table,__versions
kernel/drivers/hid/hid-sjoy.ko	runtime-code-or-symbol-different	false	false	false	false	false	false	.orc_unwind,.orc_unwind_ip,.text,__dyndbg,__jump_table,__versions
kernel/drivers/hid/hid-sony.ko	runtime-code-or-symbol-different	false	false	false	false	false	false	.text,__dyndbg,__jump_table,__versions
kernel/drivers/hid/hid-speedlink.ko	runtime-data-different-code-equivalent	false	false	true	true	true	true	__versions
kernel/drivers/hid/hid-steam.ko	runtime-data-different-code-equivalent	false	false	true	true	true	true	__versions
kernel/drivers/hid/hid-steelseries.ko	runtime-data-different-code-equivalent	false	false	true	true	true	true	__versions
kernel/drivers/hid/hid-sunplus.ko	runtime-data-different-code-equivalent	false	false	true	true	true	true	__versions
kernel/drivers/hid/hid-tivo.ko	runtime-data-different-code-equivalent	false	false	true	true	true	true	__versions
kernel/drivers/hid/hid-tmff.ko	runtime-data-different-code-equivalent	false	false	true	true	true	true	__versions
kernel/drivers/hid/hid-topseed.ko	runtime-data-different-code-equivalent	false	false	true	true	true	true	__versions
kernel/drivers/hid/hid-twinhan.ko	runtime-data-different-code-equivalent	false	false	true	true	true	true	__versions
kernel/drivers/hid/hid-u2fzero.ko	runtime-code-or-symbol-different	false	false	false	false	false	false	.text,__dyndbg,__jump_table,__versions
kernel/drivers/hid/hid-uclogic.ko	runtime-code-or-symbol-different	false	false	false	false	false	false	.text,.text.unlikely,__dyndbg,__jump_table,__versions
kernel/drivers/hid/hid-udraw-ps3.ko	runtime-data-different-code-equivalent	false	false	true	true	true	true	__versions
kernel/drivers/hid/hid-viewsonic.ko	runtime-data-different-code-equivalent	false	false	true	true	true	true	__versions
kernel/drivers/hid/hid-waltop.ko	runtime-data-different-code-equivalent	false	false	true	true	true	true	__versions
kernel/drivers/hid/hid-wiimote.ko	runtime-code-or-symbol-different	false	false	false	false	false	false	.orc_unwind,.orc_unwind_ip,.return_sites,.rodata.str1.1,.rodata.str1.8,.text,.text.unlikely,__dyndbg,__jump_table,__versions
kernel/drivers/hid/hid-xinmo.ko	runtime-data-different-code-equivalent	false	false	true	true	true	true	__versions
kernel/drivers/hid/hid-zpff.ko	runtime-data-different-code-equivalent	false	false	true	true	true	true	__versions
kernel/drivers/hid/hid-zydacron.ko	runtime-data-different-code-equivalent	false	false	true	true	true	true	__versions
kernel/drivers/hid/hid.ko	runtime-code-or-symbol-different	false	false	false	false	false	false	.orc_unwind,.text,.text.unlikely,__dyndbg,__jump_table,__versions
kernel/drivers/hid/i2c-hid/i2c-hid.ko	runtime-code-or-symbol-different	false	false	false	false	false	false	.text,.text.unlikely,__dyndbg,__jump_table,__versions
kernel/drivers/hid/intel-ish-hid/intel-ish-ipc.ko	runtime-code-or-symbol-different	false	false	false	false	false	false	.text,__jump_table,__tracepoints,__versions
kernel/drivers/hid/intel-ish-hid/intel-ishtp-hid.ko	runtime-code-or-symbol-different	false	false	false	false	false	false	.orc_unwind,.orc_unwind_ip,.text,__dyndbg,__jump_table,__versions
kernel/drivers/hid/intel-ish-hid/intel-ishtp.ko	runtime-code-or-symbol-different	false	false	false	false	false	false	.text,__dyndbg,__jump_table,__versions
kernel/drivers/hid/uhid.ko	runtime-data-different-code-equivalent	false	false	true	true	true	true	__versions
kernel/drivers/hid/usbhid/usbhid.ko	runtime-code-or-symbol-different	false	false	false	false	false	false	.orc_unwind,.orc_unwind_ip,.return_sites,.text,.text.unlikely,__dyndbg,__jump_table,__versions
kernel/drivers/hid/wacom.ko	runtime-code-or-symbol-different	false	false	false	false	false	false	.orc_unwind,.orc_unwind_ip,.text,__dyndbg,__jump_table,__versions
kernel/drivers/hv/hv_balloon.ko	runtime-code-or-symbol-different	false	false	false	false	false	false	.orc_unwind,.orc_unwind_ip,.text,__dyndbg,__jump_table,__tracepoints,__versions
kernel/drivers/hv/hv_utils.ko	runtime-code-or-symbol-different	false	false	false	false	false	false	.orc_unwind,.orc_unwind_ip,.rodata.str1.8,.text,__dyndbg,__jump_table,__versions
kernel/drivers/hv/hv_vmbus.ko	runtime-code-or-symbol-different	false	false	false	false	false	false	.orc_unwind,.orc_unwind_ip,.parainstructions,.text,.text.unlikely,__dyndbg,__jump_table,__tracepoints,__versions
kernel/drivers/hwmon/abituguru.ko	runtime-code-or-symbol-different	false	false	false	false	false	false	.init.text,.orc_unwind,.orc_unwind_ip,.return_sites,.text,__dyndbg,__jump_table,__versions
kernel/drivers/hwmon/abituguru3.ko	runtime-code-or-symbol-different	false	false	false	false	false	false	.init.text,.orc_unwind,.orc_unwind_ip,.return_sites,.text,__dyndbg,__jump_table,__versions
kernel/drivers/hwmon/acpi_power_meter.ko	runtime-data-different-code-equivalent	false	false	true	true	true	true	__versions
kernel/drivers/hwmon/ad7414.ko	runtime-code-or-symbol-different	false	false	false	false	false	false	.text,__dyndbg,__jump_table,__versions
kernel/drivers/hwmon/ad7418.ko	runtime-data-different-code-equivalent	false	false	true	true	true	true	__versions
kernel/drivers/hwmon/adcxx.ko	runtime-code-or-symbol-different	false	false	false	false	false	false	.text,.text.unlikely,__dyndbg,__jump_table,__versions
kernel/drivers/hwmon/adm1021.ko	runtime-code-or-symbol-different	false	false	false	false	false	false	.text,__dyndbg,__jump_table,__versions
kernel/drivers/hwmon/adm1025.ko	runtime-code-or-symbol-different	false	false	false	false	false	false	.orc_unwind,.orc_unwind_ip,.text,__dyndbg,__jump_table,__versions
kernel/drivers/hwmon/adm1026.ko	runtime-code-or-symbol-different	false	false	false	false	false	false	.orc_unwind,.orc_unwind_ip,.return_sites,.text,.text.unlikely,__dyndbg,__jump_table,__versions
kernel/drivers/hwmon/adm1029.ko	runtime-code-or-symbol-different	false	false	false	false	false	false	.text,__dyndbg,__jump_table,__versions
kernel/drivers/hwmon/adm1031.ko	runtime-code-or-symbol-different	false	false	false	false	false	false	.text,__dyndbg,__jump_table,__versions
kernel/drivers/hwmon/adm9240.ko	runtime-code-or-symbol-different	false	false	false	false	false	false	.orc_unwind,.text,__dyndbg,__jump_table,__versions
kernel/drivers/hwmon/ads7828.ko	runtime-data-different-code-equivalent	false	false	true	true	true	true	__versions
kernel/drivers/hwmon/ads7871.ko	runtime-code-or-symbol-different	false	false	false	false	false	false	.orc_unwind,.text,__dyndbg,__jump_table,__versions
kernel/drivers/hwmon/adt7411.ko	runtime-code-or-symbol-different	false	false	false	false	false	false	.text,__dyndbg,__jump_table,__versions
kernel/drivers/hwmon/adt7462.ko	runtime-data-different-code-equivalent	false	false	true	true	true	true	__versions
kernel/drivers/hwmon/adt7470.ko	runtime-data-different-code-equivalent	false	false	true	true	true	true	__versions
kernel/drivers/hwmon/adt7475.ko	runtime-code-or-symbol-different	false	false	false	false	false	false	.orc_unwind,.orc_unwind_ip,.return_sites,.text,__dyndbg,__jump_table,__versions
kernel/drivers/hwmon/amc6821.ko	runtime-code-or-symbol-different	false	false	false	false	false	false	.orc_unwind,.orc_unwind_ip,.return_sites,.text,.text.unlikely,__dyndbg,__jump_table,__versions
kernel/drivers/hwmon/amd_energy.ko	runtime-data-different-code-equivalent	false	false	true	true	true	true	__versions
kernel/drivers/hwmon/applesmc.ko	runtime-data-different-code-equivalent	false	false	true	true	true	true	__versions
kernel/drivers/hwmon/asb100.ko	runtime-code-or-symbol-different	false	false	false	false	false	false	.orc_unwind,.orc_unwind_ip,.text,__dyndbg,__jump_table,__versions
kernel/drivers/hwmon/asc7621.ko	runtime-data-different-code-equivalent	false	false	true	true	true	true	__versions
kernel/drivers/hwmon/aspeed-pwm-tacho.ko	runtime-data-different-code-equivalent	false	false	true	true	true	true	__versions
kernel/drivers/hwmon/asus_atk0110.ko	runtime-code-or-symbol-different	false	false	false	false	false	false	.orc_unwind,.text,.text.unlikely,__dyndbg,__jump_table,__versions
kernel/drivers/hwmon/atxp1.ko	runtime-code-or-symbol-different	false	false	false	false	false	false	.text,__dyndbg,__jump_table,__versions
kernel/drivers/hwmon/coretemp.ko	runtime-code-or-symbol-different	false	false	false	false	false	false	.text,__dyndbg,__jump_table,__versions
kernel/drivers/hwmon/dell-smm-hwmon.ko	runtime-data-different-code-equivalent	false	false	true	true	true	true	__versions
kernel/drivers/hwmon/dme1737.ko	runtime-code-or-symbol-different	false	false	false	false	false	false	.orc_unwind,.orc_unwind_ip,.text,.text.unlikely,__dyndbg,__jump_table,__versions
kernel/drivers/hwmon/drivetemp.ko	runtime-code-or-symbol-different	false	false	false	false	false	false	.orc_unwind,.orc_unwind_ip,.text,__dyndbg,__jump_table,__versions
kernel/drivers/hwmon/ds1621.ko	runtime-code-or-symbol-different	false	false	false	false	false	false	.orc_unwind,.orc_unwind_ip,.text,__dyndbg,__jump_table,__versions
kernel/drivers/hwmon/ds620.ko	runtime-code-or-symbol-different	false	false	false	false	false	false	.text,__dyndbg,__jump_table,__versions
kernel/drivers/hwmon/emc1403.ko	runtime-data-different-code-equivalent	false	false	true	true	true	true	__versions
kernel/drivers/hwmon/emc2103.ko	runtime-code-or-symbol-different	false	false	false	false	false	false	.orc_unwind,.orc_unwind_ip,.return_sites,.text,__dyndbg,__jump_table,__versions
kernel/drivers/hwmon/emc6w201.ko	runtime-code-or-symbol-different	false	false	false	false	false	false	.text,__dyndbg,__jump_table,__versions
kernel/drivers/hwmon/f71805f.ko	runtime-code-or-symbol-different	false	false	false	false	false	false	.text,.text.unlikely,__dyndbg,__jump_table,__versions
kernel/drivers/hwmon/f71882fg.ko	runtime-code-or-symbol-different	false	false	false	false	false	true	.init.text,__dyndbg,__jump_table,__versions
kernel/drivers/hwmon/f75375s.ko	runtime-data-different-code-equivalent	false	false	true	true	true	true	__versions
kernel/drivers/hwmon/fam15h_power.ko	runtime-data-different-code-equivalent	false	false	true	true	true	true	__versions
kernel/drivers/hwmon/fschmd.ko	runtime-data-different-code-equivalent	false	false	true	true	true	true	__versions
kernel/drivers/hwmon/ftsteutates.ko	runtime-code-or-symbol-different	false	false	false	false	false	false	.orc_unwind,.orc_unwind_ip,.return_sites,.text,__dyndbg,__jump_table,__versions
kernel/drivers/hwmon/g760a.ko	runtime-code-or-symbol-different	false	false	false	false	false	false	.text,__dyndbg,__jump_table,__versions
kernel/drivers/hwmon/gl518sm.ko	runtime-code-or-symbol-different	false	false	false	false	false	false	.text,__dyndbg,__jump_table,__versions
kernel/drivers/hwmon/gl520sm.ko	runtime-code-or-symbol-different	false	false	false	false	false	false	.orc_unwind,.orc_unwind_ip,.return_sites,.text,__dyndbg,__jump_table,__versions
kernel/drivers/hwmon/hwmon-vid.ko	runtime-data-different-code-equivalent	false	false	true	true	true	true	__versions
kernel/drivers/hwmon/i5500_temp.ko	runtime-data-different-code-equivalent	false	false	true	true	true	true	__versions
kernel/drivers/hwmon/i5k_amb.ko	runtime-data-different-code-equivalent	false	false	true	true	true	true	__versions
kernel/drivers/hwmon/ibmaem.ko	runtime-data-different-code-equivalent	false	false	true	true	true	true	__versions
kernel/drivers/hwmon/ibmpex.ko	runtime-data-different-code-equivalent	false	false	true	true	true	true	__versions
kernel/drivers/hwmon/it87.ko	runtime-code-or-symbol-different	false	false	false	false	false	false	.init.text,.text,__dyndbg,__jump_table,__versions
kernel/drivers/hwmon/jc42.ko	runtime-data-different-code-equivalent	false	false	true	true	true	true	__versions
kernel/drivers/hwmon/k10temp.ko	runtime-data-different-code-equivalent	false	false	true	true	true	true	__versions
kernel/drivers/hwmon/k8temp.ko	runtime-data-different-code-equivalent	false	false	true	true	true	true	__versions
kernel/drivers/hwmon/lineage-pem.ko	runtime-data-different-code-equivalent	false	false	true	true	true	true	__versions
kernel/drivers/hwmon/lm63.ko	runtime-code-or-symbol-different	false	false	false	false	false	false	.text,__dyndbg,__jump_table,__versions
kernel/drivers/hwmon/lm70.ko	runtime-code-or-symbol-different	false	false	false	false	false	false	.text,__dyndbg,__jump_table,__versions
kernel/drivers/hwmon/lm73.ko	runtime-data-different-code-equivalent	false	false	true	true	true	true	__versions
kernel/drivers/hwmon/lm75.ko	runtime-code-or-symbol-different	false	false	false	false	false	false	.orc_unwind,.orc_unwind_ip,.return_sites,.text,__dyndbg,__jump_table,__versions
kernel/drivers/hwmon/lm77.ko	runtime-code-or-symbol-different	false	false	false	false	false	false	.text,__dyndbg,__jump_table,__versions
kernel/drivers/hwmon/lm78.ko	runtime-code-or-symbol-different	false	false	false	false	false	false	.text,__dyndbg,__jump_table,__versions
kernel/drivers/hwmon/lm80.ko	runtime-code-or-symbol-different	false	false	false	false	false	false	.text,__dyndbg,__jump_table,__versions
kernel/drivers/hwmon/lm83.ko	runtime-code-or-symbol-different	false	false	false	false	false	false	.orc_unwind,.orc_unwind_ip,.return_sites,.text,__dyndbg,__jump_table,__versions
kernel/drivers/hwmon/lm85.ko	runtime-code-or-symbol-different	false	false	false	false	false	false	.orc_unwind,.orc_unwind_ip,.text,__dyndbg,__jump_table,__versions
kernel/drivers/hwmon/lm87.ko	runtime-code-or-symbol-different	false	false	false	false	false	false	.orc_unwind,.orc_unwind_ip,.text,__dyndbg,__jump_table,__versions
kernel/drivers/hwmon/lm90.ko	runtime-code-or-symbol-different	false	false	false	false	false	false	.orc_unwind,.orc_unwind_ip,.return_sites,.rodata.str1.1,.text,.text.unlikely,__dyndbg,__jump_table,__versions
kernel/drivers/hwmon/lm92.ko	runtime-code-or-symbol-different	false	false	false	false	false	false	.text,__dyndbg,__jump_table,__versions
kernel/drivers/hwmon/lm93.ko	runtime-code-or-symbol-different	false	false	false	false	false	false	.orc_unwind,.orc_unwind_ip,.return_sites,.text,.text.unlikely,__dyndbg,__jump_table,__versions
kernel/drivers/hwmon/lm95241.ko	runtime-code-or-symbol-different	false	false	false	false	false	false	.text,__dyndbg,__jump_table,__versions
kernel/drivers/hwmon/lm95245.ko	runtime-data-different-code-equivalent	false	false	true	true	true	true	__versions
kernel/drivers/hwmon/ltc4151.ko	runtime-code-or-symbol-different	false	false	false	false	false	false	.text,__dyndbg,__jump_table,__versions
kernel/drivers/hwmon/ltc4215.ko	runtime-code-or-symbol-different	false	false	false	false	false	false	.text,__dyndbg,__jump_table,__versions
kernel/drivers/hwmon/ltc4245.ko	runtime-data-different-code-equivalent	false	false	true	true	true	true	__versions
kernel/drivers/hwmon/ltc4261.ko	runtime-code-or-symbol-different	false	false	false	false	false	false	.orc_unwind,.text,__dyndbg,__jump_table,__versions
kernel/drivers/hwmon/max1111.ko	runtime-data-different-code-equivalent	false	false	true	true	true	true	__versions
kernel/drivers/hwmon/max16065.ko	runtime-data-different-code-equivalent	false	false	true	true	true	true	__versions
kernel/drivers/hwmon/max1619.ko	runtime-code-or-symbol-different	false	false	false	false	false	false	.orc_unwind,.orc_unwind_ip,.text,__dyndbg,__jump_table,__versions
kernel/drivers/hwmon/max1668.ko	runtime-data-different-code-equivalent	false	false	true	true	true	true	__versions
kernel/drivers/hwmon/max6639.ko	runtime-code-or-symbol-different	false	false	false	false	false	false	.text,__dyndbg,__jump_table,__versions
kernel/drivers/hwmon/max6642.ko	runtime-code-or-symbol-different	false	false	false	false	false	false	.text,__dyndbg,__jump_table,__versions
kernel/drivers/hwmon/max6650.ko	runtime-data-different-code-equivalent	false	false	true	true	true	true	__versions
kernel/drivers/hwmon/menf21bmc_hwmon.ko	runtime-data-different-code-equivalent	false	false	true	true	true	true	__versions
kernel/drivers/hwmon/nct6683.ko	runtime-code-or-symbol-different	false	false	false	false	false	true	.init.text,__dyndbg,__jump_table,__versions
kernel/drivers/hwmon/nct6775.ko	runtime-code-or-symbol-different	false	false	false	false	false	false	.init.text,.text,.text.unlikely,__dyndbg,__jump_table,__versions
kernel/drivers/hwmon/nct7802.ko	runtime-data-different-code-equivalent	false	false	true	true	true	true	__versions
kernel/drivers/hwmon/nct7904.ko	runtime-data-different-code-equivalent	false	false	true	true	true	true	__versions
kernel/drivers/hwmon/npcm750-pwm-fan.ko	runtime-code-or-symbol-different	false	false	false	false	false	false	.orc_unwind,.orc_unwind_ip,.text,.text.unlikely,__dyndbg,__jump_table,__versions
kernel/drivers/hwmon/ntc_thermistor.ko	runtime-data-different-code-equivalent	false	false	true	true	true	true	__versions
kernel/drivers/hwmon/pc87360.ko	runtime-code-or-symbol-different	false	false	false	false	false	false	.init.text,.orc_unwind,.rodata.str1.1,.text,__dyndbg,__jump_table,__versions
kernel/drivers/hwmon/pc87427.ko	runtime-code-or-symbol-different	false	false	false	false	false	false	.text,.text.unlikely,__dyndbg,__jump_table,__versions
kernel/drivers/hwmon/pcf8591.ko	runtime-data-different-code-equivalent	false	false	true	true	true	true	__versions
kernel/drivers/hwmon/sch5627.ko	runtime-data-different-code-equivalent	false	false	true	true	true	true	__versions
kernel/drivers/hwmon/sch5636.ko	runtime-data-different-code-equivalent	false	false	true	true	true	true	__versions
kernel/drivers/hwmon/sch56xx-common.ko	runtime-code-or-symbol-different	false	false	false	false	false	true	.init.text,__dyndbg,__jump_table,__versions
kernel/drivers/hwmon/sht21.ko	runtime-data-different-code-equivalent	false	false	true	true	true	true	__versions
kernel/drivers/hwmon/sis5595.ko	runtime-code-or-symbol-different	false	false	false	false	false	false	.text,.text.unlikely,__dyndbg,__jump_table,__versions
kernel/drivers/hwmon/smm665.ko	runtime-code-or-symbol-different	false	false	false	false	false	false	.orc_unwind,.orc_unwind_ip,.text,__dyndbg,__jump_table,__versions
kernel/drivers/hwmon/smsc47b397.ko	runtime-code-or-symbol-different	false	false	false	false	false	false	.text,__dyndbg,__jump_table,__versions
kernel/drivers/hwmon/smsc47m1.ko	runtime-code-or-symbol-different	false	false	false	false	false	true	.init.text,__dyndbg,__jump_table,__versions
kernel/drivers/hwmon/smsc47m192.ko	runtime-code-or-symbol-different	false	false	false	false	false	false	.orc_unwind,.orc_unwind_ip,.return_sites,.text,__dyndbg,__jump_table,__versions
kernel/drivers/hwmon/thmc50.ko	runtime-code-or-symbol-different	false	false	false	false	false	false	.text,__dyndbg,__jump_table,__versions
kernel/drivers/hwmon/tmp102.ko	runtime-code-or-symbol-different	false	false	false	false	false	false	.orc_unwind,.text,.text.unlikely,__dyndbg,__jump_table,__versions
kernel/drivers/hwmon/tmp401.ko	runtime-data-different-code-equivalent	false	false	true	true	true	true	__versions
kernel/drivers/hwmon/tmp421.ko	runtime-data-different-code-equivalent	false	false	true	true	true	true	__versions
kernel/drivers/hwmon/via-cputemp.ko	runtime-data-different-code-equivalent	false	false	true	true	true	true	__versions
kernel/drivers/hwmon/via686a.ko	runtime-data-different-code-equivalent	false	false	true	true	true	true	__versions
kernel/drivers/hwmon/vt1211.ko	runtime-code-or-symbol-different	false	false	false	false	false	false	.orc_unwind,.orc_unwind_ip,.text,__dyndbg,__jump_table,__versions
kernel/drivers/hwmon/vt8231.ko	runtime-data-different-code-equivalent	false	false	true	true	true	true	__versions
kernel/drivers/hwmon/w83627ehf.ko	runtime-code-or-symbol-different	false	false	false	false	false	false	.init.text,.text,__dyndbg,__jump_table,__versions
kernel/drivers/hwmon/w83627hf.ko	runtime-code-or-symbol-different	false	false	false	false	false	false	.init.text,.text,.text.unlikely,__dyndbg,__jump_table,__versions
kernel/drivers/hwmon/w83773g.ko	runtime-data-different-code-equivalent	false	false	true	true	true	true	__versions
kernel/drivers/hwmon/w83781d.ko	runtime-code-or-symbol-different	false	false	false	false	false	false	.text,__dyndbg,__jump_table,__versions
kernel/drivers/hwmon/w83791d.ko	runtime-code-or-symbol-different	false	false	false	false	false	false	.text,__dyndbg,__jump_table,__versions
kernel/drivers/hwmon/w83792d.ko	runtime-code-or-symbol-different	false	false	false	false	false	false	.text,__dyndbg,__jump_table,__versions
kernel/drivers/hwmon/w83793.ko	runtime-code-or-symbol-different	false	false	false	false	false	false	.orc_unwind,.orc_unwind_ip,.text,__dyndbg,__jump_table,__versions
kernel/drivers/hwmon/w83795.ko	runtime-code-or-symbol-different	false	false	false	false	false	false	.text,__dyndbg,__jump_table,__versions
kernel/drivers/hwmon/w83l785ts.ko	runtime-code-or-symbol-different	false	false	false	false	false	false	.orc_unwind,.text,.text.unlikely,__dyndbg,__jump_table,__versions
kernel/drivers/hwmon/w83l786ng.ko	runtime-code-or-symbol-different	false	false	false	false	false	false	.text,__dyndbg,__jump_table,__versions
kernel/drivers/hwtracing/intel_th/intel_th.ko	runtime-code-or-symbol-different	false	false	false	false	false	false	.text,__dyndbg,__jump_table,__versions
kernel/drivers/hwtracing/intel_th/intel_th_gth.ko	runtime-code-or-symbol-different	false	false	false	false	false	false	.text,__dyndbg,__jump_table,__versions
kernel/drivers/hwtracing/intel_th/intel_th_msu.ko	runtime-code-or-symbol-different	false	false	false	false	false	false	.text,__dyndbg,__jump_table,__versions
kernel/drivers/hwtracing/intel_th/intel_th_msu_sink.ko	runtime-data-different-code-equivalent	false	false	true	true	true	true	__versions
kernel/drivers/hwtracing/intel_th/intel_th_pci.ko	runtime-data-different-code-equivalent	false	false	true	true	true	true	__versions
kernel/drivers/hwtracing/intel_th/intel_th_pti.ko	runtime-data-different-code-equivalent	false	false	true	true	true	true	__versions
kernel/drivers/i2c/algos/i2c-algo-bit.ko	runtime-data-different-code-equivalent	false	false	true	true	true	true	__versions
kernel/drivers/i2c/algos/i2c-algo-pca.ko	runtime-code-or-symbol-different	false	false	false	false	false	false	.text,.text.unlikely,__dyndbg,__jump_table,__versions
kernel/drivers/i2c/busses/i2c-ali1535.ko	runtime-code-or-symbol-different	false	false	false	false	false	false	.orc_unwind,.text,.text.unlikely,__dyndbg,__jump_table,__versions
kernel/drivers/i2c/busses/i2c-ali1563.ko	runtime-code-or-symbol-different	false	false	false	false	false	false	.orc_unwind,.rodata.str1.1,.text,.text.unlikely,__dyndbg,__jump_table,__versions
kernel/drivers/i2c/busses/i2c-ali15x3.ko	runtime-code-or-symbol-different	false	false	false	false	false	false	.orc_unwind,.text,.text.unlikely,__dyndbg,__jump_table,__versions
kernel/drivers/i2c/busses/i2c-amd-mp2-pci.ko	runtime-code-or-symbol-different	false	false	false	false	false	false	.text,__dyndbg,__jump_table,__versions
kernel/drivers/i2c/busses/i2c-amd-mp2-plat.ko	runtime-code-or-symbol-different	false	false	false	false	false	false	.orc_unwind,.orc_unwind_ip,.text,__dyndbg,__jump_table,__versions
kernel/drivers/i2c/busses/i2c-amd756-s4882.ko	runtime-data-different-code-equivalent	false	false	true	true	true	true	__versions
kernel/drivers/i2c/busses/i2c-amd756.ko	runtime-code-or-symbol-different	false	false	false	false	false	false	.text,.text.unlikely,__dyndbg,__jump_table,__versions
kernel/drivers/i2c/busses/i2c-amd8111.ko	runtime-data-different-code-equivalent	false	false	true	true	true	true	__versions
kernel/drivers/i2c/busses/i2c-cht-wc.ko	runtime-data-different-code-equivalent	false	false	true	true	true	true	__versions
kernel/drivers/i2c/busses/i2c-designware-pci.ko	runtime-data-different-code-equivalent	false	false	true	true	true	true	__versions
kernel/drivers/i2c/busses/i2c-diolan-u2c.ko	runtime-code-or-symbol-different	false	false	false	false	false	false	.text,.text.unlikely,__dyndbg,__jump_table,__versions
kernel/drivers/i2c/busses/i2c-i801.ko	runtime-code-or-symbol-different	false	false	false	false	false	false	.orc_unwind,.orc_unwind_ip,.text,.text.unlikely,__dyndbg,__jump_table,__versions
kernel/drivers/i2c/busses/i2c-isch.ko	runtime-code-or-symbol-different	false	false	false	false	false	false	.text,.text.unlikely,__dyndbg,__jump_table,__versions
kernel/drivers/i2c/busses/i2c-ismt.ko	runtime-code-or-symbol-different	false	false	false	false	false	false	.orc_unwind,.orc_unwind_ip,.text,.text.unlikely,__dyndbg,__jump_table,__versions
kernel/drivers/i2c/busses/i2c-kempld.ko	runtime-data-different-code-equivalent	false	false	true	true	true	true	__versions
kernel/drivers/i2c/busses/i2c-nforce2-s4985.ko	runtime-data-different-code-equivalent	false	false	true	true	true	true	__versions
kernel/drivers/i2c/busses/i2c-nforce2.ko	runtime-code-or-symbol-different	false	false	false	false	false	false	.text,__dyndbg,__jump_table,__versions
kernel/drivers/i2c/busses/i2c-ocores.ko	runtime-data-different-code-equivalent	false	false	true	true	true	true	__versions
kernel/drivers/i2c/busses/i2c-parport.ko	runtime-code-or-symbol-different	false	false	false	false	false	false	.orc_unwind,.orc_unwind_ip,.text,.text.unlikely,__dyndbg,__jump_table,__versions
kernel/drivers/i2c/busses/i2c-pca-platform.ko	runtime-data-different-code-equivalent	false	false	true	true	true	true	__versions
kernel/drivers/i2c/busses/i2c-piix4.ko	runtime-code-or-symbol-different	false	false	false	false	false	false	.text,.text.unlikely,__dyndbg,__jump_table,__versions
kernel/drivers/i2c/busses/i2c-robotfuzz-osif.ko	runtime-code-or-symbol-different	false	false	false	false	false	false	.orc_unwind,.orc_unwind_ip,.return_sites,.text,__dyndbg,__jump_table,__versions
kernel/drivers/i2c/busses/i2c-scmi.ko	runtime-code-or-symbol-different	false	false	false	false	false	false	.orc_unwind,.text,.text.unlikely,__dyndbg,__jump_table,__versions
kernel/drivers/i2c/busses/i2c-simtec.ko	runtime-data-different-code-equivalent	false	false	true	true	true	true	__versions
kernel/drivers/i2c/busses/i2c-sis5595.ko	runtime-code-or-symbol-different	false	false	false	false	false	false	.text,__dyndbg,__jump_table,__versions
kernel/drivers/i2c/busses/i2c-sis630.ko	runtime-code-or-symbol-different	false	false	false	false	false	false	.orc_unwind,.orc_unwind_ip,.text,.text.unlikely,__dyndbg,__jump_table,__versions
kernel/drivers/i2c/busses/i2c-sis96x.ko	runtime-code-or-symbol-different	false	false	false	false	false	false	.text,__dyndbg,__jump_table,__versions
kernel/drivers/i2c/busses/i2c-taos-evm.ko	runtime-code-or-symbol-different	false	false	false	false	false	false	.orc_unwind,.orc_unwind_ip,.text,.text.unlikely,__dyndbg,__jump_table,__versions
kernel/drivers/i2c/busses/i2c-tiny-usb.ko	runtime-code-or-symbol-different	false	false	false	false	false	false	.orc_unwind,.text,.text.unlikely,__dyndbg,__jump_table,__versions
kernel/drivers/i2c/busses/i2c-via.ko	runtime-data-different-code-equivalent	false	false	true	true	true	true	__versions
kernel/drivers/i2c/busses/i2c-viapro.ko	runtime-code-or-symbol-different	false	false	false	false	false	false	.orc_unwind,.orc_unwind_ip,.text,.text.unlikely,__dyndbg,__jump_table,__versions
kernel/drivers/i2c/busses/i2c-viperboard.ko	runtime-code-or-symbol-different	false	false	false	false	false	false	.rodata.str1.1,.text,.text.unlikely,__dyndbg,__jump_table,__versions
kernel/drivers/i2c/i2c-dev.ko	runtime-code-or-symbol-different	false	false	false	false	false	false	.orc_unwind,.orc_unwind_ip,.return_sites,.text,.text.unlikely,__dyndbg,__jump_table,__mcount_loc,__versions
kernel/drivers/i2c/i2c-mux.ko	runtime-data-different-code-equivalent	false	false	true	true	true	true	__versions
kernel/drivers/i2c/i2c-smbus.ko	runtime-code-or-symbol-different	false	false	false	false	false	false	.text,__dyndbg,__jump_table,__versions
kernel/drivers/i2c/i2c-stub.ko	runtime-code-or-symbol-different	false	false	false	false	false	false	.init.text,.text,__dyndbg,__jump_table,__versions
kernel/drivers/iio/accel/adis16201.ko	runtime-data-different-code-equivalent	false	false	true	true	true	true	__versions
kernel/drivers/iio/accel/adis16209.ko	runtime-data-different-code-equivalent	false	false	true	true	true	true	__versions
kernel/drivers/iio/accel/adxl345_core.ko	runtime-data-different-code-equivalent	false	false	true	true	true	true	__versions
kernel/drivers/iio/accel/adxl345_i2c.ko	runtime-data-different-code-equivalent	false	false	true	true	true	true	__versions
kernel/drivers/iio/accel/adxl345_spi.ko	runtime-data-different-code-equivalent	false	false	true	true	true	true	__versions
kernel/drivers/iio/accel/adxl372.ko	runtime-data-different-code-equivalent	false	false	true	true	true	true	__versions
kernel/drivers/iio/accel/adxl372_i2c.ko	runtime-data-different-code-equivalent	false	false	true	true	true	true	__versions
kernel/drivers/iio/accel/adxl372_spi.ko	runtime-data-different-code-equivalent	false	false	true	true	true	true	__versions
kernel/drivers/iio/accel/bma180.ko	runtime-data-different-code-equivalent	false	false	true	true	true	true	__versions
kernel/drivers/iio/accel/bma220_spi.ko	runtime-data-different-code-equivalent	false	false	true	true	true	true	__versions
kernel/drivers/iio/accel/bma400_core.ko	runtime-data-different-code-equivalent	false	false	true	true	true	true	__versions
kernel/drivers/iio/accel/bma400_i2c.ko	runtime-data-different-code-equivalent	false	false	true	true	true	true	__versions
kernel/drivers/iio/accel/bma400_spi.ko	runtime-data-different-code-equivalent	false	false	true	true	true	true	__versions
kernel/drivers/iio/accel/bmc150-accel-core.ko	runtime-code-or-symbol-different	false	false	false	false	false	false	.text,.text.unlikely,__dyndbg,__jump_table,__versions
kernel/drivers/iio/accel/bmc150-accel-i2c.ko	runtime-data-different-code-equivalent	false	false	true	true	true	true	__versions
kernel/drivers/iio/accel/bmc150-accel-spi.ko	runtime-data-different-code-equivalent	false	false	true	true	true	true	__versions
kernel/drivers/iio/accel/da280.ko	runtime-data-different-code-equivalent	false	false	true	true	true	true	__versions
kernel/drivers/iio/accel/da311.ko	runtime-data-different-code-equivalent	false	false	true	true	true	true	__versions
kernel/drivers/iio/accel/dmard09.ko	runtime-data-different-code-equivalent	false	false	true	true	true	true	__versions
kernel/drivers/iio/accel/dmard10.ko	runtime-data-different-code-equivalent	false	false	true	true	true	true	__versions
kernel/drivers/iio/accel/hid-sensor-accel-3d.ko	runtime-code-or-symbol-different	false	false	false	false	false	false	.text,.text.unlikely,__dyndbg,__jump_table,__versions
kernel/drivers/iio/accel/kxcjk-1013.ko	runtime-code-or-symbol-different	false	false	false	false	false	false	.text,.text.unlikely,__dyndbg,__jump_table,__versions
kernel/drivers/iio/accel/kxsd9-i2c.ko	runtime-data-different-code-equivalent	false	false	true	true	true	true	__versions
kernel/drivers/iio/accel/kxsd9-spi.ko	runtime-data-different-code-equivalent	false	false	true	true	true	true	__versions
kernel/drivers/iio/accel/kxsd9.ko	runtime-data-different-code-equivalent	false	false	true	true	true	true	__versions
kernel/drivers/iio/accel/mc3230.ko	runtime-data-different-code-equivalent	false	false	true	true	true	true	__versions
kernel/drivers/iio/accel/mma7455_core.ko	runtime-data-different-code-equivalent	false	false	true	true	true	true	__versions
kernel/drivers/iio/accel/mma7455_i2c.ko	runtime-data-different-code-equivalent	false	false	true	true	true	true	__versions
kernel/drivers/iio/accel/mma7455_spi.ko	runtime-data-different-code-equivalent	false	false	true	true	true	true	__versions
kernel/drivers/iio/accel/mma7660.ko	runtime-data-different-code-equivalent	false	false	true	true	true	true	__versions
kernel/drivers/iio/accel/mma8452.ko	runtime-code-or-symbol-different	false	false	false	false	false	true	.text.unlikely,__dyndbg,__jump_table,__versions
kernel/drivers/iio/accel/mma9551.ko	runtime-code-or-symbol-different	false	false	false	false	false	false	.orc_unwind,.orc_unwind_ip,.text,.text.unlikely,__dyndbg,__jump_table,__versions
kernel/drivers/iio/accel/mma9551_core.ko	runtime-data-different-code-equivalent	false	false	true	true	true	true	__versions
kernel/drivers/iio/accel/mma9553.ko	runtime-code-or-symbol-different	false	false	false	false	false	false	.text,.text.unlikely,__dyndbg,__jump_table,__versions
kernel/drivers/iio/accel/mxc4005.ko	runtime-code-or-symbol-different	false	false	false	false	false	false	.text,.text.unlikely,__dyndbg,__jump_table,__versions
kernel/drivers/iio/accel/mxc6255.ko	runtime-code-or-symbol-different	false	false	false	false	false	false	.text,.text.unlikely,__dyndbg,__jump_table,__versions
kernel/drivers/iio/accel/sca3000.ko	runtime-data-different-code-equivalent	false	false	true	true	true	true	__versions
kernel/drivers/iio/accel/st_accel.ko	runtime-data-different-code-equivalent	false	false	true	true	true	true	__versions
kernel/drivers/iio/accel/st_accel_i2c.ko	runtime-data-different-code-equivalent	false	false	true	true	true	true	__versions
kernel/drivers/iio/accel/st_accel_spi.ko	runtime-data-different-code-equivalent	false	false	true	true	true	true	__versions
kernel/drivers/iio/accel/stk8312.ko	runtime-data-different-code-equivalent	false	false	true	true	true	true	__versions
kernel/drivers/iio/accel/stk8ba50.ko	runtime-data-different-code-equivalent	false	false	true	true	true	true	__versions
kernel/drivers/iio/adc/ad7091r-base.ko	runtime-data-different-code-equivalent	false	false	true	true	true	true	__versions
kernel/drivers/iio/adc/ad7091r5.ko	runtime-data-different-code-equivalent	false	false	true	true	true	true	__versions
kernel/drivers/iio/adc/ad7124.ko	runtime-data-different-code-equivalent	false	false	true	true	true	true	__versions
kernel/drivers/iio/adc/ad7192.ko	runtime-data-different-code-equivalent	false	false	true	true	true	true	__versions
kernel/drivers/iio/adc/ad7266.ko	runtime-data-different-code-equivalent	false	false	true	true	true	true	__versions
kernel/drivers/iio/adc/ad7291.ko	runtime-data-different-code-equivalent	false	false	true	true	true	true	__versions
kernel/drivers/iio/adc/ad7292.ko	runtime-data-different-code-equivalent	false	false	true	true	true	true	__versions
kernel/drivers/iio/adc/ad7298.ko	runtime-data-different-code-equivalent	false	false	true	true	true	true	__versions
kernel/drivers/iio/adc/ad7476.ko	runtime-data-different-code-equivalent	false	false	true	true	true	true	__versions
kernel/drivers/iio/adc/ad7606.ko	runtime-data-different-code-equivalent	false	false	true	true	true	true	__versions
kernel/drivers/iio/adc/ad7606_par.ko	runtime-code-or-symbol-different	false	false	false	false	false	false	.orc_unwind,.text,__jump_table,__versions
kernel/drivers/iio/adc/ad7606_spi.ko	runtime-data-different-code-equivalent	false	false	true	true	true	true	__versions
kernel/drivers/iio/adc/ad7766.ko	runtime-data-different-code-equivalent	false	false	true	true	true	true	__versions
kernel/drivers/iio/adc/ad7768-1.ko	runtime-data-different-code-equivalent	false	false	true	true	true	true	__versions
kernel/drivers/iio/adc/ad7780.ko	runtime-data-different-code-equivalent	false	false	true	true	true	true	__versions
kernel/drivers/iio/adc/ad7791.ko	runtime-data-different-code-equivalent	false	false	true	true	true	true	__versions
kernel/drivers/iio/adc/ad7793.ko	runtime-data-different-code-equivalent	false	false	true	true	true	true	__versions
kernel/drivers/iio/adc/ad7887.ko	runtime-data-different-code-equivalent	false	false	true	true	true	true	__versions
kernel/drivers/iio/adc/ad7923.ko	runtime-data-different-code-equivalent	false	false	true	true	true	true	__versions
kernel/drivers/iio/adc/ad7949.ko	runtime-data-different-code-equivalent	false	false	true	true	true	true	__versions
kernel/drivers/iio/adc/ad799x.ko	runtime-data-different-code-equivalent	false	false	true	true	true	true	__versions
kernel/drivers/iio/adc/ad_sigma_delta.ko	runtime-data-different-code-equivalent	false	false	true	true	true	true	__versions
kernel/drivers/iio/adc/axp20x_adc.ko	runtime-data-different-code-equivalent	false	false	true	true	true	true	__versions
kernel/drivers/iio/adc/axp288_adc.ko	runtime-data-different-code-equivalent	false	false	true	true	true	true	__versions
kernel/drivers/iio/adc/cc10001_adc.ko	runtime-data-different-code-equivalent	false	false	true	true	true	true	__versions
kernel/drivers/iio/adc/hi8435.ko	runtime-data-different-code-equivalent	false	false	true	true	true	true	__versions
kernel/drivers/iio/adc/hx711.ko	runtime-data-different-code-equivalent	false	false	true	true	true	true	__versions
kernel/drivers/iio/adc/ina2xx-adc.ko	runtime-code-or-symbol-different	false	false	false	false	false	false	.text,__dyndbg,__jump_table,__versions
kernel/drivers/iio/adc/ltc2471.ko	runtime-data-different-code-equivalent	false	false	true	true	true	true	__versions
kernel/drivers/iio/adc/ltc2485.ko	runtime-data-different-code-equivalent	false	false	true	true	true	true	__versions
kernel/drivers/iio/adc/ltc2496.ko	runtime-data-different-code-equivalent	false	false	true	true	true	true	__versions
kernel/drivers/iio/adc/ltc2497-core.ko	runtime-data-different-code-equivalent	false	false	true	true	true	true	__versions
kernel/drivers/iio/adc/ltc2497.ko	runtime-data-different-code-equivalent	false	false	true	true	true	true	__versions
kernel/drivers/iio/adc/max1027.ko	runtime-code-or-symbol-different	false	false	false	false	false	false	.text,.text.unlikely,__dyndbg,__jump_table,__versions
kernel/drivers/iio/adc/max11100.ko	runtime-data-different-code-equivalent	false	false	true	true	true	true	__versions
kernel/drivers/iio/adc/max1118.ko	runtime-data-different-code-equivalent	false	false	true	true	true	true	__versions
kernel/drivers/iio/adc/max1241.ko	runtime-code-or-symbol-different	false	false	false	false	false	false	.text,.text.unlikely,__dyndbg,__jump_table,__versions
kernel/drivers/iio/adc/max1363.ko	runtime-data-different-code-equivalent	false	false	true	true	true	true	__versions
kernel/drivers/iio/adc/max9611.ko	runtime-data-different-code-equivalent	false	false	true	true	true	true	__versions
kernel/drivers/iio/adc/mcp320x.ko	runtime-data-different-code-equivalent	false	false	true	true	true	true	__versions
kernel/drivers/iio/adc/mcp3422.ko	runtime-data-different-code-equivalent	false	false	true	true	true	true	__versions
kernel/drivers/iio/adc/mcp3911.ko	runtime-code-or-symbol-different	false	false	false	false	false	false	.orc_unwind,.orc_unwind_ip,.return_sites,.text,__dyndbg,__jump_table,__versions
kernel/drivers/iio/adc/nau7802.ko	runtime-data-different-code-equivalent	false	false	true	true	true	true	__versions
kernel/drivers/iio/adc/ti-adc081c.ko	runtime-data-different-code-equivalent	false	false	true	true	true	true	__versions
kernel/drivers/iio/adc/ti-adc0832.ko	runtime-data-different-code-equivalent	false	false	true	true	true	true	__versions
kernel/drivers/iio/adc/ti-adc084s021.ko	runtime-data-different-code-equivalent	false	false	true	true	true	true	__versions
kernel/drivers/iio/adc/ti-adc108s102.ko	runtime-data-different-code-equivalent	false	false	true	true	true	true	__versions
kernel/drivers/iio/adc/ti-adc12138.ko	runtime-data-different-code-equivalent	false	false	true	true	true	true	__versions
kernel/drivers/iio/adc/ti-adc128s052.ko	runtime-data-different-code-equivalent	false	false	true	true	true	true	__versions
kernel/drivers/iio/adc/ti-adc161s626.ko	runtime-data-different-code-equivalent	false	false	true	true	true	true	__versions
kernel/drivers/iio/adc/ti-ads1015.ko	runtime-data-different-code-equivalent	false	false	true	true	true	true	__versions
kernel/drivers/iio/adc/ti-ads7950.ko	runtime-data-different-code-equivalent	false	false	true	true	true	true	__versions
kernel/drivers/iio/adc/viperboard_adc.ko	runtime-data-different-code-equivalent	false	false	true	true	true	true	__versions
kernel/drivers/iio/buffer/industrialio-triggered-buffer.ko	runtime-data-different-code-equivalent	false	false	true	true	true	true	__versions
kernel/drivers/iio/buffer/kfifo_buf.ko	runtime-data-different-code-equivalent	false	false	true	true	true	true	__versions
kernel/drivers/iio/common/hid-sensors/hid-sensor-iio-common.ko	runtime-code-or-symbol-different	false	false	false	false	false	false	.text,__dyndbg,__jump_table,__versions
kernel/drivers/iio/common/hid-sensors/hid-sensor-trigger.ko	runtime-code-or-symbol-different	false	false	false	false	false	false	.text,__dyndbg,__jump_table,__versions
kernel/drivers/iio/common/ms_sensors/ms_sensors_i2c.ko	runtime-code-or-symbol-different	false	false	false	false	false	false	.orc_unwind,.rodata.str1.8,.text,.text.unlikely,__dyndbg,__jump_table,__versions
kernel/drivers/iio/common/st_sensors/st_sensors.ko	runtime-code-or-symbol-different	false	false	false	false	false	false	.orc_unwind,.orc_unwind_ip,.return_sites,.text,__dyndbg,__jump_table,__versions
kernel/drivers/iio/common/st_sensors/st_sensors_i2c.ko	runtime-data-different-code-equivalent	false	false	true	true	true	true	__versions
kernel/drivers/iio/common/st_sensors/st_sensors_spi.ko	runtime-data-different-code-equivalent	false	false	true	true	true	true	__versions
kernel/drivers/iio/dac/ad5064.ko	runtime-data-different-code-equivalent	false	false	true	true	true	true	__versions
kernel/drivers/iio/dac/ad5360.ko	runtime-data-different-code-equivalent	false	false	true	true	true	true	__versions
kernel/drivers/iio/dac/ad5380.ko	runtime-data-different-code-equivalent	false	false	true	true	true	true	__versions
kernel/drivers/iio/dac/ad5421.ko	runtime-data-different-code-equivalent	false	false	true	true	true	true	__versions
kernel/drivers/iio/dac/ad5446.ko	runtime-data-different-code-equivalent	false	false	true	true	true	true	__versions
kernel/drivers/iio/dac/ad5449.ko	runtime-data-different-code-equivalent	false	false	true	true	true	true	__versions
kernel/drivers/iio/dac/ad5504.ko	runtime-data-different-code-equivalent	false	false	true	true	true	true	__versions
kernel/drivers/iio/dac/ad5592r-base.ko	runtime-code-or-symbol-different	false	false	false	false	false	false	.text,__dyndbg,__jump_table,__versions
kernel/drivers/iio/dac/ad5592r.ko	runtime-data-different-code-equivalent	false	false	true	true	true	true	__versions
kernel/drivers/iio/dac/ad5593r.ko	runtime-data-different-code-equivalent	false	false	true	true	true	true	__versions
kernel/drivers/iio/dac/ad5624r_spi.ko	runtime-data-different-code-equivalent	false	false	true	true	true	true	__versions
kernel/drivers/iio/dac/ad5686-spi.ko	runtime-data-different-code-equivalent	false	false	true	true	true	true	__versions
kernel/drivers/iio/dac/ad5686.ko	runtime-data-different-code-equivalent	false	false	true	true	true	true	__versions
kernel/drivers/iio/dac/ad5696-i2c.ko	runtime-data-different-code-equivalent	false	false	true	true	true	true	__versions
kernel/drivers/iio/dac/ad5755.ko	runtime-data-different-code-equivalent	false	false	true	true	true	true	__versions
kernel/drivers/iio/dac/ad5758.ko	runtime-code-or-symbol-different	false	false	false	false	false	false	.text,.text.unlikely,__dyndbg,__jump_table,__versions
kernel/drivers/iio/dac/ad5761.ko	runtime-data-different-code-equivalent	false	false	true	true	true	true	__versions
kernel/drivers/iio/dac/ad5764.ko	runtime-data-different-code-equivalent	false	false	true	true	true	true	__versions
kernel/drivers/iio/dac/ad5770r.ko	runtime-data-different-code-equivalent	false	false	true	true	true	true	__versions
kernel/drivers/iio/dac/ad5791.ko	runtime-data-different-code-equivalent	false	false	true	true	true	true	__versions
kernel/drivers/iio/dac/ad7303.ko	runtime-data-different-code-equivalent	false	false	true	true	true	true	__versions
kernel/drivers/iio/dac/ad8801.ko	runtime-data-different-code-equivalent	false	false	true	true	true	true	__versions
kernel/drivers/iio/dac/ds4424.ko	runtime-data-different-code-equivalent	false	false	true	true	true	true	__versions
kernel/drivers/iio/dac/ltc1660.ko	runtime-data-different-code-equivalent	false	false	true	true	true	true	__versions
kernel/drivers/iio/dac/ltc2632.ko	runtime-data-different-code-equivalent	false	false	true	true	true	true	__versions
kernel/drivers/iio/dac/m62332.ko	runtime-data-different-code-equivalent	false	false	true	true	true	true	__versions
kernel/drivers/iio/dac/max517.ko	runtime-data-different-code-equivalent	false	false	true	true	true	true	__versions
kernel/drivers/iio/dac/mcp4725.ko	runtime-data-different-code-equivalent	false	false	true	true	true	true	__versions
kernel/drivers/iio/dac/mcp4922.ko	runtime-data-different-code-equivalent	false	false	true	true	true	true	__versions
kernel/drivers/iio/dac/ti-dac082s085.ko	runtime-data-different-code-equivalent	false	false	true	true	true	true	__versions
kernel/drivers/iio/dac/ti-dac5571.ko	runtime-data-different-code-equivalent	false	false	true	true	true	true	__versions
kernel/drivers/iio/dac/ti-dac7311.ko	runtime-data-different-code-equivalent	false	false	true	true	true	true	__versions
kernel/drivers/iio/dac/ti-dac7612.ko	runtime-data-different-code-equivalent	false	false	true	true	true	true	__versions
kernel/drivers/iio/gyro/adis16080.ko	runtime-data-different-code-equivalent	false	false	true	true	true	true	__versions
kernel/drivers/iio/gyro/adis16130.ko	runtime-data-different-code-equivalent	false	false	true	true	true	true	__versions
kernel/drivers/iio/gyro/adis16136.ko	runtime-data-different-code-equivalent	false	false	true	true	true	true	__versions
kernel/drivers/iio/gyro/adis16260.ko	runtime-data-different-code-equivalent	false	false	true	true	true	true	__versions
kernel/drivers/iio/gyro/adxrs290.ko	runtime-data-different-code-equivalent	false	false	true	true	true	true	__versions
kernel/drivers/iio/gyro/adxrs450.ko	runtime-data-different-code-equivalent	false	false	true	true	true	true	__versions
kernel/drivers/iio/gyro/bmg160_core.ko	runtime-code-or-symbol-different	false	false	false	false	false	false	.text,.text.unlikely,__dyndbg,__jump_table,__versions
kernel/drivers/iio/gyro/bmg160_i2c.ko	runtime-data-different-code-equivalent	false	false	true	true	true	true	__versions
kernel/drivers/iio/gyro/bmg160_spi.ko	runtime-data-different-code-equivalent	false	false	true	true	true	true	__versions
kernel/drivers/iio/gyro/fxas21002c_core.ko	runtime-data-different-code-equivalent	false	false	true	true	true	true	__versions
kernel/drivers/iio/gyro/fxas21002c_i2c.ko	runtime-data-different-code-equivalent	false	false	true	true	true	true	__versions
kernel/drivers/iio/gyro/fxas21002c_spi.ko	runtime-data-different-code-equivalent	false	false	true	true	true	true	__versions
kernel/drivers/iio/gyro/hid-sensor-gyro-3d.ko	runtime-code-or-symbol-different	false	false	false	false	false	false	.orc_unwind,.text,.text.unlikely,__dyndbg,__jump_table,__versions
kernel/drivers/iio/gyro/itg3200.ko	runtime-code-or-symbol-different	false	false	false	false	false	false	.orc_unwind,.orc_unwind_ip,.text,__dyndbg,__jump_table,__versions
kernel/drivers/iio/gyro/mpu3050.ko	runtime-code-or-symbol-different	false	false	false	false	false	false	.text,.text.unlikely,__dyndbg,__jump_table,__versions
kernel/drivers/iio/gyro/st_gyro.ko	runtime-data-different-code-equivalent	false	false	true	true	true	true	__versions
kernel/drivers/iio/gyro/st_gyro_i2c.ko	runtime-data-different-code-equivalent	false	false	true	true	true	true	__versions
kernel/drivers/iio/gyro/st_gyro_spi.ko	runtime-data-different-code-equivalent	false	false	true	true	true	true	__versions
kernel/drivers/iio/imu/adis16460.ko	runtime-data-different-code-equivalent	false	false	true	true	true	true	__versions
kernel/drivers/iio/imu/adis16475.ko	runtime-code-or-symbol-different	false	false	false	false	false	false	.text,__dyndbg,__jump_table,__versions
kernel/drivers/iio/imu/adis16480.ko	runtime-data-different-code-equivalent	false	false	true	true	true	true	__versions
kernel/drivers/iio/imu/adis_lib.ko	runtime-data-different-code-equivalent	false	false	true	true	true	true	__versions
kernel/drivers/iio/imu/bmi160/bmi160_core.ko	runtime-data-different-code-equivalent	false	false	true	true	true	true	__versions
kernel/drivers/iio/imu/bmi160/bmi160_i2c.ko	runtime-data-different-code-equivalent	false	false	true	true	true	true	__versions
kernel/drivers/iio/imu/bmi160/bmi160_spi.ko	runtime-data-different-code-equivalent	false	false	true	true	true	true	__versions
kernel/drivers/iio/imu/fxos8700_core.ko	runtime-data-different-code-equivalent	false	false	true	true	true	true	__versions
kernel/drivers/iio/imu/fxos8700_i2c.ko	runtime-data-different-code-equivalent	false	false	true	true	true	true	__versions
kernel/drivers/iio/imu/fxos8700_spi.ko	runtime-data-different-code-equivalent	false	false	true	true	true	true	__versions
kernel/drivers/iio/imu/inv_icm42600/inv-icm42600-i2c.ko	runtime-data-different-code-equivalent	false	false	true	true	true	true	__versions
kernel/drivers/iio/imu/inv_icm42600/inv-icm42600-spi.ko	runtime-data-different-code-equivalent	false	false	true	true	true	true	__versions
kernel/drivers/iio/imu/inv_icm42600/inv-icm42600.ko	runtime-data-different-code-equivalent	false	false	true	true	true	true	__versions
kernel/drivers/iio/imu/inv_mpu6050/inv-mpu6050-i2c.ko	runtime-data-different-code-equivalent	false	false	true	true	true	true	__versions
kernel/drivers/iio/imu/inv_mpu6050/inv-mpu6050-spi.ko	runtime-data-different-code-equivalent	false	false	true	true	true	true	__versions
kernel/drivers/iio/imu/inv_mpu6050/inv-mpu6050.ko	runtime-code-or-symbol-different	false	false	false	false	false	false	.orc_unwind,.orc_unwind_ip,.return_sites,.text,__dyndbg,__jump_table,__mcount_loc,__versions
kernel/drivers/iio/imu/kmx61.ko	runtime-data-different-code-equivalent	false	false	true	true	true	true	__versions
kernel/drivers/iio/imu/st_lsm6dsx/st_lsm6dsx.ko	runtime-data-different-code-equivalent	false	false	true	true	true	true	__versions
kernel/drivers/iio/imu/st_lsm6dsx/st_lsm6dsx_i2c.ko	runtime-data-different-code-equivalent	false	false	true	true	true	true	__versions
kernel/drivers/iio/imu/st_lsm6dsx/st_lsm6dsx_spi.ko	runtime-data-different-code-equivalent	false	false	true	true	true	true	__versions
kernel/drivers/iio/industrialio-triggered-event.ko	runtime-data-different-code-equivalent	false	false	true	true	true	true	__versions
kernel/drivers/iio/industrialio.ko	runtime-code-or-symbol-different	false	false	false	false	false	false	.text,__dyndbg,__jump_table,__versions
kernel/drivers/iio/light/acpi-als.ko	runtime-code-or-symbol-different	false	false	false	false	false	false	.text,__dyndbg,__jump_table,__versions
kernel/drivers/iio/light/adjd_s311.ko	runtime-data-different-code-equivalent	false	false	true	true	true	true	__versions
kernel/drivers/iio/light/adux1020.ko	runtime-code-or-symbol-different	false	false	false	false	false	false	.orc_unwind,.orc_unwind_ip,.text,.text.unlikely,__dyndbg,__jump_table,__versions
kernel/drivers/iio/light/al3010.ko	runtime-data-different-code-equivalent	false	false	true	true	true	true	__versions
kernel/drivers/iio/light/al3320a.ko	runtime-data-different-code-equivalent	false	false	true	true	true	true	__versions
kernel/drivers/iio/light/apds9300.ko	runtime-data-different-code-equivalent	false	false	true	true	true	true	__versions
kernel/drivers/iio/light/apds9960.ko	runtime-data-different-code-equivalent	false	false	true	true	true	true	__versions
kernel/drivers/iio/light/as73211.ko	runtime-data-different-code-equivalent	false	false	true	true	true	true	__versions
kernel/drivers/iio/light/bh1750.ko	runtime-data-different-code-equivalent	false	false	true	true	true	true	__versions
kernel/drivers/iio/light/bh1780.ko	runtime-data-different-code-equivalent	false	false	true	true	true	true	__versions
kernel/drivers/iio/light/cm32181.ko	runtime-data-different-code-equivalent	false	false	true	true	true	true	__versions
kernel/drivers/iio/light/cm3232.ko	runtime-data-different-code-equivalent	false	false	true	true	true	true	__versions
kernel/drivers/iio/light/cm3323.ko	runtime-data-different-code-equivalent	false	false	true	true	true	true	__versions
kernel/drivers/iio/light/cm36651.ko	runtime-data-different-code-equivalent	false	false	true	true	true	true	__versions
kernel/drivers/iio/light/gp2ap002.ko	runtime-code-or-symbol-different	false	false	false	false	false	false	.text,.text.unlikely,__dyndbg,__jump_table,__versions
kernel/drivers/iio/light/gp2ap020a00f.ko	runtime-code-or-symbol-different	false	false	false	false	false	false	.text,.text.unlikely,__dyndbg,__jump_table,__versions
kernel/drivers/iio/light/hid-sensor-als.ko	runtime-code-or-symbol-different	false	false	false	false	false	false	.text,.text.unlikely,__dyndbg,__jump_table,__versions
kernel/drivers/iio/light/hid-sensor-prox.ko	runtime-code-or-symbol-different	false	false	false	false	false	false	.text,.text.unlikely,__dyndbg,__jump_table,__versions
kernel/drivers/iio/light/isl29018.ko	runtime-data-different-code-equivalent	false	false	true	true	true	true	__versions
kernel/drivers/iio/light/isl29028.ko	runtime-data-different-code-equivalent	false	false	true	true	true	true	__versions
kernel/drivers/iio/light/isl29125.ko	runtime-data-different-code-equivalent	false	false	true	true	true	true	__versions
kernel/drivers/iio/light/jsa1212.ko	runtime-data-different-code-equivalent	false	false	true	true	true	true	__versions
kernel/drivers/iio/light/ltr501.ko	runtime-data-different-code-equivalent	false	false	true	true	true	true	__versions
kernel/drivers/iio/light/lv0104cs.ko	runtime-data-different-code-equivalent	false	false	true	true	true	true	__versions
kernel/drivers/iio/light/max44000.ko	runtime-data-different-code-equivalent	false	false	true	true	true	true	__versions
kernel/drivers/iio/light/max44009.ko	runtime-data-different-code-equivalent	false	false	true	true	true	true	__versions
kernel/drivers/iio/light/noa1305.ko	runtime-data-different-code-equivalent	false	false	true	true	true	true	__versions
kernel/drivers/iio/light/opt3001.ko	runtime-code-or-symbol-different	false	false	false	false	false	true	.text.unlikely,__dyndbg,__jump_table,__versions
kernel/drivers/iio/light/pa12203001.ko	runtime-data-different-code-equivalent	false	false	true	true	true	true	__versions
kernel/drivers/iio/light/rpr0521.ko	runtime-data-different-code-equivalent	false	false	true	true	true	true	__versions
kernel/drivers/iio/light/si1133.ko	runtime-data-different-code-equivalent	false	false	true	true	true	true	__versions
kernel/drivers/iio/light/si1145.ko	runtime-code-or-symbol-different	false	false	false	false	false	false	.text,.text.unlikely,__dyndbg,__jump_table,__versions
kernel/drivers/iio/light/st_uvis25_core.ko	runtime-data-different-code-equivalent	false	false	true	true	true	true	__versions
kernel/drivers/iio/light/st_uvis25_i2c.ko	runtime-data-different-code-equivalent	false	false	true	true	true	true	__versions
kernel/drivers/iio/light/st_uvis25_spi.ko	runtime-data-different-code-equivalent	false	false	true	true	true	true	__versions
kernel/drivers/iio/light/stk3310.ko	runtime-data-different-code-equivalent	false	false	true	true	true	true	__versions
kernel/drivers/iio/light/tcs3414.ko	runtime-data-different-code-equivalent	false	false	true	true	true	true	__versions
kernel/drivers/iio/light/tcs3472.ko	runtime-data-different-code-equivalent	false	false	true	true	true	true	__versions
kernel/drivers/iio/light/tsl2563.ko	runtime-data-different-code-equivalent	false	false	true	true	true	true	__versions
kernel/drivers/iio/light/tsl2583.ko	runtime-code-or-symbol-different	false	false	false	false	false	false	.text,__dyndbg,__jump_table,__versions
kernel/drivers/iio/light/tsl2772.ko	runtime-data-different-code-equivalent	false	false	true	true	true	true	__versions
kernel/drivers/iio/light/tsl4531.ko	runtime-data-different-code-equivalent	false	false	true	true	true	true	__versions
kernel/drivers/iio/light/us5182d.ko	runtime-data-different-code-equivalent	false	false	true	true	true	true	__versions
kernel/drivers/iio/light/vcnl4000.ko	runtime-code-or-symbol-different	false	false	false	false	false	false	.orc_unwind,.orc_unwind_ip,.rodata.str1.1,.text,__dyndbg,__jump_table,__versions
kernel/drivers/iio/light/vcnl4035.ko	runtime-data-different-code-equivalent	false	false	true	true	true	true	__versions
kernel/drivers/iio/light/veml6030.ko	runtime-data-different-code-equivalent	false	false	true	true	true	true	__versions
kernel/drivers/iio/light/veml6070.ko	runtime-data-different-code-equivalent	false	false	true	true	true	true	__versions
kernel/drivers/iio/light/vl6180.ko	runtime-data-different-code-equivalent	false	false	true	true	true	true	__versions
kernel/drivers/iio/light/zopt2201.ko	runtime-data-different-code-equivalent	false	false	true	true	true	true	__versions
kernel/drivers/iio/magnetometer/ak8975.ko	runtime-code-or-symbol-different	false	false	false	false	false	false	.orc_unwind,.orc_unwind_ip,.text,.text.unlikely,__dyndbg,__jump_table,__versions
kernel/drivers/iio/magnetometer/bmc150_magn.ko	runtime-code-or-symbol-different	false	false	false	false	false	false	.text,.text.unlikely,__dyndbg,__jump_table,__versions
kernel/drivers/iio/magnetometer/bmc150_magn_i2c.ko	runtime-data-different-code-equivalent	false	false	true	true	true	true	__versions
kernel/drivers/iio/magnetometer/bmc150_magn_spi.ko	runtime-data-different-code-equivalent	false	false	true	true	true	true	__versions
kernel/drivers/iio/magnetometer/hid-sensor-magn-3d.ko	runtime-code-or-symbol-different	false	false	false	false	false	false	.text,.text.unlikely,__dyndbg,__jump_table,__versions
kernel/drivers/iio/magnetometer/hmc5843_core.ko	runtime-data-different-code-equivalent	false	false	true	true	true	true	__versions
kernel/drivers/iio/magnetometer/hmc5843_i2c.ko	runtime-data-different-code-equivalent	false	false	true	true	true	true	__versions
kernel/drivers/iio/magnetometer/hmc5843_spi.ko	runtime-data-different-code-equivalent	false	false	true	true	true	true	__versions
kernel/drivers/iio/magnetometer/mag3110.ko	runtime-data-different-code-equivalent	false	false	true	true	true	true	__versions
kernel/drivers/iio/magnetometer/mmc35240.ko	runtime-code-or-symbol-different	false	false	false	false	false	false	.text,.text.unlikely,__dyndbg,__jump_table,__versions
kernel/drivers/iio/magnetometer/rm3100-core.ko	runtime-data-different-code-equivalent	false	false	true	true	true	true	__versions
kernel/drivers/iio/magnetometer/rm3100-i2c.ko	runtime-data-different-code-equivalent	false	false	true	true	true	true	__versions
kernel/drivers/iio/magnetometer/rm3100-spi.ko	runtime-data-different-code-equivalent	false	false	true	true	true	true	__versions
kernel/drivers/iio/magnetometer/st_magn.ko	runtime-data-different-code-equivalent	false	false	true	true	true	true	__versions
kernel/drivers/iio/magnetometer/st_magn_i2c.ko	runtime-data-different-code-equivalent	false	false	true	true	true	true	__versions
kernel/drivers/iio/magnetometer/st_magn_spi.ko	runtime-data-different-code-equivalent	false	false	true	true	true	true	__versions
kernel/drivers/iio/orientation/hid-sensor-incl-3d.ko	runtime-code-or-symbol-different	false	false	false	false	false	false	.text,__dyndbg,__jump_table,__versions
kernel/drivers/iio/orientation/hid-sensor-rotation.ko	runtime-code-or-symbol-different	false	false	false	false	false	false	.orc_unwind,.orc_unwind_ip,.return_sites,.text,.text.unlikely,__dyndbg,__jump_table,__versions
kernel/drivers/iio/pressure/abp060mg.ko	runtime-data-different-code-equivalent	false	false	true	true	true	true	__versions
kernel/drivers/iio/pressure/bmp280-i2c.ko	runtime-data-different-code-equivalent	false	false	true	true	true	true	__versions
kernel/drivers/iio/pressure/bmp280-spi.ko	runtime-data-different-code-equivalent	false	false	true	true	true	true	__versions
kernel/drivers/iio/pressure/bmp280.ko	runtime-data-different-code-equivalent	false	false	true	true	true	true	__versions
kernel/drivers/iio/pressure/dlhl60d.ko	runtime-data-different-code-equivalent	false	false	true	true	true	true	__versions
kernel/drivers/iio/pressure/dps310.ko	runtime-data-different-code-equivalent	false	false	true	true	true	true	__versions
kernel/drivers/iio/pressure/hid-sensor-press.ko	runtime-code-or-symbol-different	false	false	false	false	false	false	.text,.text.unlikely,__dyndbg,__jump_table,__versions
kernel/drivers/iio/pressure/hp03.ko	runtime-data-different-code-equivalent	false	false	true	true	true	true	__versions
kernel/drivers/iio/pressure/hp206c.ko	runtime-data-different-code-equivalent	false	false	true	true	true	true	__versions
kernel/drivers/iio/pressure/icp10100.ko	runtime-code-or-symbol-different	false	false	false	false	false	false	.orc_unwind,.text,.text.unlikely,__dyndbg,__jump_table,__versions
kernel/drivers/iio/pressure/mpl115.ko	runtime-data-different-code-equivalent	false	false	true	true	true	true	__versions
kernel/drivers/iio/pressure/mpl115_i2c.ko	runtime-data-different-code-equivalent	false	false	true	true	true	true	__versions
kernel/drivers/iio/pressure/mpl115_spi.ko	runtime-data-different-code-equivalent	false	false	true	true	true	true	__versions
kernel/drivers/iio/pressure/mpl3115.ko	runtime-data-different-code-equivalent	false	false	true	true	true	true	__versions
kernel/drivers/iio/pressure/ms5611_core.ko	runtime-data-different-code-equivalent	false	false	true	true	true	true	__versions
kernel/drivers/iio/pressure/ms5637.ko	runtime-data-different-code-equivalent	false	false	true	true	true	true	__versions
kernel/drivers/iio/pressure/st_pressure.ko	runtime-data-different-code-equivalent	false	false	true	true	true	true	__versions
kernel/drivers/iio/pressure/st_pressure_i2c.ko	runtime-data-different-code-equivalent	false	false	true	true	true	true	__versions
kernel/drivers/iio/pressure/st_pressure_spi.ko	runtime-data-different-code-equivalent	false	false	true	true	true	true	__versions
kernel/drivers/iio/pressure/t5403.ko	runtime-data-different-code-equivalent	false	false	true	true	true	true	__versions
kernel/drivers/iio/pressure/zpa2326.ko	runtime-code-or-symbol-different	false	false	false	false	false	false	.orc_unwind,.orc_unwind_ip,.return_sites,.rodata.str1.1,.rodata.str1.8,.text,.text.unlikely,__dyndbg,__jump_table,__mcount_loc,__versions
kernel/drivers/iio/pressure/zpa2326_i2c.ko	runtime-data-different-code-equivalent	false	false	true	true	true	true	__versions
kernel/drivers/iio/pressure/zpa2326_spi.ko	runtime-data-different-code-equivalent	false	false	true	true	true	true	__versions
kernel/drivers/iio/proximity/isl29501.ko	runtime-code-or-symbol-different	false	false	false	false	false	false	.text,__dyndbg,__jump_table,__versions
kernel/drivers/iio/proximity/mb1232.ko	runtime-data-different-code-equivalent	false	false	true	true	true	true	__versions
kernel/drivers/iio/proximity/ping.ko	runtime-code-or-symbol-different	false	false	false	false	false	false	.text,.text.unlikely,__dyndbg,__jump_table,__versions
kernel/drivers/iio/proximity/pulsedlight-lidar-lite-v2.ko	runtime-data-different-code-equivalent	false	false	true	true	true	true	__versions
kernel/drivers/iio/proximity/rfd77402.ko	runtime-data-different-code-equivalent	false	false	true	true	true	true	__versions
kernel/drivers/iio/proximity/srf04.ko	runtime-code-or-symbol-different	false	false	false	false	false	false	.text,.text.unlikely,__dyndbg,__jump_table,__versions
kernel/drivers/iio/proximity/srf08.ko	runtime-data-different-code-equivalent	false	false	true	true	true	true	__versions
kernel/drivers/iio/proximity/sx9310.ko	runtime-data-different-code-equivalent	false	false	true	true	true	true	__versions
kernel/drivers/iio/proximity/vcnl3020.ko	runtime-data-different-code-equivalent	false	false	true	true	true	true	__versions
kernel/drivers/iio/proximity/vl53l0x-i2c.ko	runtime-data-different-code-equivalent	false	false	true	true	true	true	__versions
kernel/drivers/iio/temperature/hid-sensor-temperature.ko	runtime-data-different-code-equivalent	false	false	true	true	true	true	__versions
kernel/drivers/iio/temperature/ltc2983.ko	runtime-code-or-symbol-different	false	false	false	false	false	false	.orc_unwind,.orc_unwind_ip,.text,.text.unlikely,__dyndbg,__jump_table,__versions
kernel/drivers/iio/temperature/max31856.ko	runtime-data-different-code-equivalent	false	false	true	true	true	true	__versions
kernel/drivers/iio/temperature/maxim_thermocouple.ko	runtime-data-different-code-equivalent	false	false	true	true	true	true	__versions
kernel/drivers/iio/temperature/mlx90614.ko	runtime-code-or-symbol-different	false	false	false	false	false	false	.orc_unwind,.orc_unwind_ip,.return_sites,.text,.text.unlikely,__dyndbg,__jump_table,__versions
kernel/drivers/iio/temperature/mlx90632.ko	runtime-code-or-symbol-different	false	false	false	false	false	false	.text,__dyndbg,__jump_table,__versions
kernel/drivers/iio/temperature/tmp006.ko	runtime-data-different-code-equivalent	false	false	true	true	true	true	__versions
kernel/drivers/iio/temperature/tmp007.ko	runtime-data-different-code-equivalent	false	false	true	true	true	true	__versions
kernel/drivers/iio/temperature/tsys01.ko	runtime-data-different-code-equivalent	false	false	true	true	true	true	__versions
kernel/drivers/iio/temperature/tsys02d.ko	runtime-data-different-code-equivalent	false	false	true	true	true	true	__versions
kernel/drivers/infiniband/core/ib_cm.ko	runtime-code-or-symbol-different	false	false	false	false	false	false	.orc_unwind,.orc_unwind_ip,.return_sites,.text,__bug_table,__jump_table,__tracepoints,__versions
kernel/drivers/infiniband/core/ib_core.ko	runtime-code-or-symbol-different	false	false	false	false	false	false	.orc_unwind,.orc_unwind_ip,.return_sites,.text,.text.unlikely,__dyndbg,__jump_table,__tracepoints,__versions
kernel/drivers/infiniband/core/ib_umad.ko	runtime-code-or-symbol-different	false	false	false	false	false	false	.text,__jump_table,__tracepoints,__versions
kernel/drivers/infiniband/core/ib_uverbs.ko	runtime-code-or-symbol-different	false	false	false	false	false	false	.orc_unwind,.orc_unwind_ip,.text,__dyndbg,__jump_table,__versions
kernel/drivers/infiniband/core/iw_cm.ko	runtime-code-or-symbol-different	false	false	false	false	false	false	.orc_unwind,.orc_unwind_ip,.return_sites,.text,.text.unlikely,__bug_table,__dyndbg,__jump_table,__versions
kernel/drivers/infiniband/core/rdma_cm.ko	runtime-code-or-symbol-different	false	false	false	false	false	false	.orc_unwind,.orc_unwind_ip,.retpoline_sites,.return_sites,.text,__bug_table,__dyndbg,__jump_table,__tracepoints,__versions
kernel/drivers/infiniband/core/rdma_ucm.ko	runtime-data-different-code-equivalent	false	false	true	true	true	true	__versions
kernel/drivers/infiniband/hw/cxgb4/iw_cxgb4.ko	runtime-code-or-symbol-different	false	false	false	false	false	false	.orc_unwind,.orc_unwind_ip,.return_sites,.rodata.str1.1,.rodata.str1.8,.text,.text.unlikely,__bug_table,__dyndbg,__jump_table,__mcount_loc,__versions
kernel/drivers/infiniband/hw/hfi1/hfi1.ko	runtime-code-or-symbol-different	false	false	false	false	false	false	.orc_unwind,.orc_unwind_ip,.parainstructions,.return_sites,.smp_locks,.text,.text.unlikely,__dyndbg,__jump_table,__tracepoints,__versions
kernel/drivers/infiniband/hw/i40iw/i40iw.ko	runtime-data-different-code-equivalent	false	false	true	true	true	true	__versions
kernel/drivers/infiniband/hw/mlx4/mlx4_ib.ko	runtime-code-or-symbol-different	false	false	false	false	false	false	.orc_unwind,.rodata.str1.8,.text,.text.unlikely,__dyndbg,__jump_table,__versions
kernel/drivers/infiniband/hw/mlx5/mlx5_ib.ko	runtime-code-or-symbol-different	false	false	false	false	false	false	.orc_unwind,.orc_unwind_ip,.return_sites,.rodata.str1.8,.text,.text.unlikely,__dyndbg,__jump_table,__versions
kernel/drivers/infiniband/hw/mthca/ib_mthca.ko	runtime-code-or-symbol-different	false	false	false	false	false	false	.orc_unwind,.orc_unwind_ip,.return_sites,.text,__dyndbg,__jump_table,__versions
kernel/drivers/infiniband/hw/ocrdma/ocrdma.ko	runtime-data-different-code-equivalent	false	false	true	true	true	true	__versions
kernel/drivers/infiniband/hw/qedr/qedr.ko	runtime-code-or-symbol-different	false	false	false	false	false	false	.orc_unwind,.orc_unwind_ip,.return_sites,.text,.text.unlikely,__dyndbg,__jump_table,__versions
kernel/drivers/infiniband/hw/qib/ib_qib.ko	runtime-data-different-code-equivalent	false	false	true	true	true	true	__versions
kernel/drivers/infiniband/hw/usnic/usnic_verbs.ko	runtime-data-different-code-equivalent	false	false	true	true	true	true	__versions
kernel/drivers/infiniband/sw/rdmavt/rdmavt.ko	runtime-code-or-symbol-different	false	false	false	false	false	false	.orc_unwind,.orc_unwind_ip,.return_sites,.text,.text.unlikely,__jump_table,__tracepoints,__versions
kernel/drivers/infiniband/sw/rxe/rdma_rxe.ko	runtime-code-or-symbol-different	false	false	false	false	false	false	.orc_unwind,.orc_unwind_ip,.return_sites,.text,.text.unlikely,__bug_table,__dyndbg,__jump_table,__versions
kernel/drivers/infiniband/ulp/ipoib/ib_ipoib.ko	runtime-data-different-code-equivalent	false	false	true	true	true	true	__versions
kernel/drivers/infiniband/ulp/iser/ib_iser.ko	runtime-data-different-code-equivalent	false	false	true	true	true	true	__versions
kernel/drivers/infiniband/ulp/isert/ib_isert.ko	runtime-data-different-code-equivalent	false	false	true	true	true	true	__versions
kernel/drivers/infiniband/ulp/srp/ib_srp.ko	runtime-code-or-symbol-different	false	false	false	false	false	false	.orc_unwind,.orc_unwind_ip,.return_sites,.rodata.str1.1,.text,.text.unlikely,__dyndbg,__jump_table,__mcount_loc,__versions
kernel/drivers/infiniband/ulp/srpt/ib_srpt.ko	runtime-code-or-symbol-different	false	false	false	false	false	false	.orc_unwind,.orc_unwind_ip,.return_sites,.rodata.str1.1,.rodata.str1.8,.text,.text.unlikely,__bug_table,__dyndbg,__jump_table,__versions
kernel/drivers/input/evdev.ko	runtime-data-different-code-equivalent	false	false	true	true	true	true	__versions
kernel/drivers/input/ff-memless.ko	runtime-code-or-symbol-different	false	false	false	false	false	false	.orc_unwind,.orc_unwind_ip,.return_sites,.text,__dyndbg,__jump_table,__versions
kernel/drivers/input/gameport/emu10k1-gp.ko	runtime-data-different-code-equivalent	false	false	true	true	true	true	__versions
kernel/drivers/input/gameport/fm801-gp.ko	runtime-data-different-code-equivalent	false	false	true	true	true	true	__versions
kernel/drivers/input/gameport/gameport.ko	runtime-data-different-code-equivalent	false	false	true	true	true	true	__versions
kernel/drivers/input/gameport/lightning.ko	runtime-data-different-code-equivalent	false	false	true	true	true	true	__versions
kernel/drivers/input/gameport/ns558.ko	runtime-data-different-code-equivalent	false	false	true	true	true	true	__versions
kernel/drivers/input/joydev.ko	runtime-code-or-symbol-different	false	false	false	false	false	false	.text,__dyndbg,__jump_table,__versions
kernel/drivers/input/joystick/a3d.ko	runtime-data-different-code-equivalent	false	false	true	true	true	true	__versions
kernel/drivers/input/joystick/adi.ko	runtime-data-different-code-equivalent	false	false	true	true	true	true	__versions
kernel/drivers/input/joystick/analog.ko	runtime-data-different-code-equivalent	false	false	true	true	true	true	__versions
kernel/drivers/input/joystick/cobra.ko	runtime-data-different-code-equivalent	false	false	true	true	true	true	__versions
kernel/drivers/input/joystick/db9.ko	runtime-code-or-symbol-different	false	false	false	false	false	false	.text,__dyndbg,__jump_table,__versions
kernel/drivers/input/joystick/gamecon.ko	runtime-code-or-symbol-different	false	false	false	false	false	false	.orc_unwind,.orc_unwind_ip,.text,.text.unlikely,__dyndbg,__jump_table,__versions
kernel/drivers/input/joystick/gf2k.ko	runtime-data-different-code-equivalent	false	false	true	true	true	true	__versions
kernel/drivers/input/joystick/grip.ko	runtime-data-different-code-equivalent	false	false	true	true	true	true	__versions
kernel/drivers/input/joystick/grip_mp.ko	runtime-data-different-code-equivalent	false	false	true	true	true	true	__versions
kernel/drivers/input/joystick/guillemot.ko	runtime-data-different-code-equivalent	false	false	true	true	true	true	__versions
kernel/drivers/input/joystick/iforce/iforce-serio.ko	runtime-data-different-code-equivalent	false	false	true	true	true	true	__versions
kernel/drivers/input/joystick/iforce/iforce-usb.ko	runtime-code-or-symbol-different	false	false	false	false	false	false	.orc_unwind,.orc_unwind_ip,.return_sites,.text,__dyndbg,__jump_table,__versions
kernel/drivers/input/joystick/iforce/iforce.ko	runtime-code-or-symbol-different	false	false	false	false	false	false	.text,__dyndbg,__jump_table,__versions
kernel/drivers/input/joystick/interact.ko	runtime-data-different-code-equivalent	false	false	true	true	true	true	__versions
kernel/drivers/input/joystick/joydump.ko	runtime-data-different-code-equivalent	false	false	true	true	true	true	__versions
kernel/drivers/input/joystick/magellan.ko	runtime-data-different-code-equivalent	false	false	true	true	true	true	__versions
kernel/drivers/input/joystick/pxrc.ko	runtime-code-or-symbol-different	false	false	false	false	false	false	.orc_unwind,.orc_unwind_ip,.text,__dyndbg,__jump_table,__versions
kernel/drivers/input/joystick/sidewinder.ko	runtime-data-different-code-equivalent	false	false	true	true	true	true	__versions
kernel/drivers/input/joystick/spaceball.ko	runtime-data-different-code-equivalent	false	false	true	true	true	true	__versions
kernel/drivers/input/joystick/spaceorb.ko	runtime-data-different-code-equivalent	false	false	true	true	true	true	__versions
kernel/drivers/input/joystick/stinger.ko	runtime-data-different-code-equivalent	false	false	true	true	true	true	__versions
kernel/drivers/input/joystick/tmdc.ko	runtime-data-different-code-equivalent	false	false	true	true	true	true	__versions
kernel/drivers/input/joystick/turbografx.ko	runtime-code-or-symbol-different	false	false	false	false	false	false	.text,__dyndbg,__jump_table,__versions
kernel/drivers/input/joystick/twidjoy.ko	runtime-data-different-code-equivalent	false	false	true	true	true	true	__versions
kernel/drivers/input/joystick/walkera0701.ko	runtime-code-or-symbol-different	false	false	false	false	false	false	.text,.text.unlikely,__dyndbg,__jump_table,__versions
kernel/drivers/input/joystick/warrior.ko	runtime-data-different-code-equivalent	false	false	true	true	true	true	__versions
kernel/drivers/input/joystick/xpad.ko	runtime-code-or-symbol-different	false	false	false	false	false	false	.orc_unwind,.orc_unwind_ip,.return_sites,.text,__dyndbg,__jump_table,__versions
kernel/drivers/input/joystick/zhenhua.ko	runtime-data-different-code-equivalent	false	false	true	true	true	true	__versions
kernel/drivers/input/keyboard/adp5588-keys.ko	runtime-data-different-code-equivalent	false	false	true	true	true	true	__versions
kernel/drivers/input/keyboard/applespi.ko	runtime-code-or-symbol-different	false	false	false	false	false	false	.orc_unwind,.orc_unwind_ip,.return_sites,.text,.text.unlikely,__dyndbg,__jump_table,__tracepoints,__versions
kernel/drivers/input/keyboard/gpio_keys.ko	runtime-data-different-code-equivalent	false	false	true	true	true	true	__versions
kernel/drivers/input/keyboard/gpio_keys_polled.ko	runtime-data-different-code-equivalent	false	false	true	true	true	true	__versions
kernel/drivers/input/keyboard/lkkbd.ko	runtime-data-different-code-equivalent	false	false	true	true	true	true	__versions
kernel/drivers/input/keyboard/lm8323.ko	runtime-code-or-symbol-different	false	false	false	false	false	false	.text,.text.unlikely,__dyndbg,__jump_table,__versions
kernel/drivers/input/keyboard/max7359_keypad.ko	runtime-code-or-symbol-different	false	false	false	false	false	false	.text,.text.unlikely,__dyndbg,__jump_table,__versions
kernel/drivers/input/keyboard/newtonkbd.ko	runtime-data-different-code-equivalent	false	false	true	true	true	true	__versions
kernel/drivers/input/keyboard/opencores-kbd.ko	runtime-data-different-code-equivalent	false	false	true	true	true	true	__versions
kernel/drivers/input/keyboard/qt2160.ko	runtime-code-or-symbol-different	false	false	false	false	false	false	.orc_unwind,.orc_unwind_ip,.text,.text.unlikely,__dyndbg,__jump_table,__versions
kernel/drivers/input/keyboard/stowaway.ko	runtime-data-different-code-equivalent	false	false	true	true	true	true	__versions
kernel/drivers/input/keyboard/sunkbd.ko	runtime-data-different-code-equivalent	false	false	true	true	true	true	__versions
kernel/drivers/input/keyboard/xtkbd.ko	runtime-data-different-code-equivalent	false	false	true	true	true	true	__versions
kernel/drivers/input/matrix-keymap.ko	runtime-data-different-code-equivalent	false	false	true	true	true	true	__versions
kernel/drivers/input/misc/apanel.ko	runtime-code-or-symbol-different	false	false	false	false	false	false	.text,__dyndbg,__jump_table,__versions
kernel/drivers/input/misc/ati_remote2.ko	runtime-code-or-symbol-different	false	false	false	false	false	false	.orc_unwind,.orc_unwind_ip,.return_sites,.text,.text.unlikely,__dyndbg,__jump_table,__versions
kernel/drivers/input/misc/atlas_btns.ko	runtime-data-different-code-equivalent	false	false	true	true	true	true	__versions
kernel/drivers/input/misc/axp20x-pek.ko	runtime-data-different-code-equivalent	false	false	true	true	true	true	__versions
kernel/drivers/input/misc/cm109.ko	runtime-code-or-symbol-different	false	false	false	false	false	false	.orc_unwind,.text,.text.unlikely,__dyndbg,__jump_table,__versions
kernel/drivers/input/misc/ideapad_slidebar.ko	runtime-data-different-code-equivalent	false	false	true	true	true	true	__versions
kernel/drivers/input/misc/keyspan_remote.ko	runtime-code-or-symbol-different	false	false	false	false	false	false	.orc_unwind,.orc_unwind_ip,.text,.text.unlikely,__dyndbg,__jump_table,__versions
kernel/drivers/input/misc/pcspkr.ko	runtime-data-different-code-equivalent	false	false	true	true	true	true	__versions
kernel/drivers/input/misc/powermate.ko	runtime-code-or-symbol-different	false	false	false	false	false	false	.orc_unwind,.orc_unwind_ip,.return_sites,.text,__dyndbg,__jump_table,__versions
kernel/drivers/input/misc/soc_button_array.ko	runtime-code-or-symbol-different	false	false	false	false	false	false	.orc_unwind,.return_sites,.text,__dyndbg,__jump_table,__versions
kernel/drivers/input/misc/uinput.ko	runtime-data-different-code-equivalent	false	false	true	true	true	true	__versions
kernel/drivers/input/misc/yealink.ko	runtime-code-or-symbol-different	false	false	false	false	false	false	.orc_unwind,.orc_unwind_ip,.return_sites,.text,.text.unlikely,__dyndbg,__jump_table,__versions
kernel/drivers/input/mouse/appletouch.ko	runtime-code-or-symbol-different	false	false	false	false	false	false	.orc_unwind,.orc_unwind_ip,.return_sites,.text,__dyndbg,__jump_table,__versions
kernel/drivers/input/mouse/bcm5974.ko	runtime-code-or-symbol-different	false	false	false	false	false	false	.orc_unwind,.orc_unwind_ip,.return_sites,.text,.text.unlikely,__dyndbg,__jump_table,__versions
kernel/drivers/input/mouse/cyapatp.ko	runtime-code-or-symbol-different	false	false	false	false	false	false	.orc_unwind,.orc_unwind_ip,.text,.text.unlikely,__dyndbg,__jump_table,__versions
kernel/drivers/input/mouse/elan_i2c.ko	runtime-code-or-symbol-different	false	false	false	false	false	false	.orc_unwind,.orc_unwind_ip,.text,.text.unlikely,__dyndbg,__jump_table,__versions
kernel/drivers/input/mouse/psmouse.ko	runtime-code-or-symbol-different	false	false	false	false	false	false	.orc_unwind,.orc_unwind_ip,.return_sites,.text,.text.unlikely,__dyndbg,__jump_table,__versions
kernel/drivers/input/mouse/sermouse.ko	runtime-data-different-code-equivalent	false	false	true	true	true	true	__versions
kernel/drivers/input/mouse/synaptics_i2c.ko	runtime-code-or-symbol-different	false	false	false	false	false	false	.text,.text.unlikely,__dyndbg,__jump_table,__versions
kernel/drivers/input/mouse/synaptics_usb.ko	runtime-data-different-code-equivalent	false	false	true	true	true	true	__versions
kernel/drivers/input/mouse/vsxxxaa.ko	runtime-data-different-code-equivalent	false	false	true	true	true	true	__versions
kernel/drivers/input/rmi4/rmi_core.ko	runtime-data-different-code-equivalent	false	false	true	true	true	true	__versions
kernel/drivers/input/rmi4/rmi_smbus.ko	runtime-data-different-code-equivalent	false	false	true	true	true	true	__versions
kernel/drivers/input/serio/altera_ps2.ko	runtime-data-different-code-equivalent	false	false	true	true	true	true	__versions
kernel/drivers/input/serio/ct82c710.ko	runtime-data-different-code-equivalent	false	false	true	true	true	true	__versions
kernel/drivers/input/serio/hyperv-keyboard.ko	runtime-data-different-code-equivalent	false	false	true	true	true	true	__versions
kernel/drivers/input/serio/parkbd.ko	runtime-code-or-symbol-different	false	false	false	false	false	false	.text,__dyndbg,__jump_table,__versions
kernel/drivers/input/serio/pcips2.ko	runtime-data-different-code-equivalent	false	false	true	true	true	true	__versions
kernel/drivers/input/serio/serio_raw.ko	runtime-code-or-symbol-different	false	false	false	false	false	false	.orc_unwind,.orc_unwind_ip,.text,__dyndbg,__jump_table,__versions
kernel/drivers/input/serio/serport.ko	runtime-data-different-code-equivalent	false	false	true	true	true	true	__versions
kernel/drivers/input/sparse-keymap.ko	runtime-data-different-code-equivalent	false	false	true	true	true	true	__versions
kernel/drivers/input/tablet/acecad.ko	runtime-code-or-symbol-different	false	false	false	false	false	false	.orc_unwind,.orc_unwind_ip,.return_sites,.text,__dyndbg,__jump_table,__versions
kernel/drivers/input/tablet/aiptek.ko	runtime-code-or-symbol-different	false	false	false	false	false	false	.orc_unwind,.orc_unwind_ip,.return_sites,.text,__dyndbg,__jump_table,__versions
kernel/drivers/input/tablet/gtco.ko	runtime-code-or-symbol-different	false	false	false	false	false	false	.orc_unwind,.orc_unwind_ip,.text,.text.unlikely,__dyndbg,__jump_table,__versions
kernel/drivers/input/tablet/hanwang.ko	runtime-code-or-symbol-different	false	false	false	false	false	false	.text,__dyndbg,__jump_table,__versions
kernel/drivers/input/tablet/kbtab.ko	runtime-code-or-symbol-different	false	false	false	false	false	false	.orc_unwind,.orc_unwind_ip,.return_sites,.text,__dyndbg,__jump_table,__versions
kernel/drivers/input/tablet/pegasus_notetaker.ko	runtime-data-different-code-equivalent	false	false	true	true	true	true	__versions
kernel/drivers/input/tablet/wacom_serial4.ko	runtime-code-or-symbol-different	false	false	false	false	false	false	.orc_unwind,.text,.text.unlikely,__dyndbg,__jump_table,__versions
kernel/drivers/input/touchscreen/ad7877.ko	runtime-code-or-symbol-different	false	false	false	false	false	false	.text,__dyndbg,__jump_table,__versions
kernel/drivers/input/touchscreen/ad7879-i2c.ko	runtime-data-different-code-equivalent	false	false	true	true	true	true	__versions
kernel/drivers/input/touchscreen/ad7879.ko	runtime-data-different-code-equivalent	false	false	true	true	true	true	__versions
kernel/drivers/input/touchscreen/ads7846.ko	runtime-code-or-symbol-different	false	false	false	false	false	false	.orc_unwind,.orc_unwind_ip,.text,.text.unlikely,__dyndbg,__jump_table,__versions
kernel/drivers/input/touchscreen/atmel_mxt_ts.ko	runtime-code-or-symbol-different	false	false	false	false	false	false	.orc_unwind,.rodata.str1.1,.rodata.str1.8,.text,.text.unlikely,__dyndbg,__jump_table,__versions
kernel/drivers/input/touchscreen/dynapro.ko	runtime-code-or-symbol-different	false	false	false	false	false	false	.orc_unwind,.orc_unwind_ip,.return_sites,.text,__dyndbg,__jump_table,__versions
kernel/drivers/input/touchscreen/eeti_ts.ko	runtime-data-different-code-equivalent	false	false	true	true	true	true	__versions
kernel/drivers/input/touchscreen/elo.ko	runtime-code-or-symbol-different	false	false	false	false	false	false	.text,__dyndbg,__jump_table,__versions
kernel/drivers/input/touchscreen/fujitsu_ts.ko	runtime-data-different-code-equivalent	false	false	true	true	true	true	__versions
kernel/drivers/input/touchscreen/goodix.ko	runtime-code-or-symbol-different	false	false	false	false	false	false	.text,.text.unlikely,__dyndbg,__jump_table,__versions
kernel/drivers/input/touchscreen/gunze.ko	runtime-data-different-code-equivalent	false	false	true	true	true	true	__versions
kernel/drivers/input/touchscreen/hampshire.ko	runtime-code-or-symbol-different	false	false	false	false	false	false	.orc_unwind,.orc_unwind_ip,.return_sites,.text,__dyndbg,__jump_table,__versions
kernel/drivers/input/touchscreen/inexio.ko	runtime-data-different-code-equivalent	false	false	true	true	true	true	__versions
kernel/drivers/input/touchscreen/mcs5000_ts.ko	runtime-data-different-code-equivalent	false	false	true	true	true	true	__versions
kernel/drivers/input/touchscreen/mk712.ko	runtime-data-different-code-equivalent	false	false	true	true	true	true	__versions
kernel/drivers/input/touchscreen/mtouch.ko	runtime-data-different-code-equivalent	false	false	true	true	true	true	__versions
kernel/drivers/input/touchscreen/penmount.ko	runtime-data-different-code-equivalent	false	false	true	true	true	true	__versions
kernel/drivers/input/touchscreen/sur40.ko	runtime-code-or-symbol-different	false	false	false	false	false	false	.orc_unwind,.rodata.str1.1,.text,.text.unlikely,__dyndbg,__jump_table,__versions
kernel/drivers/input/touchscreen/surface3_spi.ko	runtime-code-or-symbol-different	false	false	false	false	false	false	.text,__dyndbg,__jump_table,__versions
kernel/drivers/input/touchscreen/touchit213.ko	runtime-code-or-symbol-different	false	false	false	false	false	false	.orc_unwind,.orc_unwind_ip,.text,__dyndbg,__jump_table,__versions
kernel/drivers/input/touchscreen/touchright.ko	runtime-data-different-code-equivalent	false	false	true	true	true	true	__versions
kernel/drivers/input/touchscreen/touchwin.ko	runtime-data-different-code-equivalent	false	false	true	true	true	true	__versions
kernel/drivers/input/touchscreen/tps6507x-ts.ko	runtime-code-or-symbol-different	false	false	false	false	false	false	.text,__dyndbg,__jump_table,__versions
kernel/drivers/input/touchscreen/tsc2007.ko	runtime-code-or-symbol-different	false	false	false	false	false	false	.orc_unwind,.orc_unwind_ip,.text,.text.unlikely,__dyndbg,__jump_table,__versions
kernel/drivers/input/touchscreen/tsc40.ko	runtime-code-or-symbol-different	false	false	false	false	false	false	.text,__dyndbg,__jump_table,__versions
kernel/drivers/input/touchscreen/usbtouchscreen.ko	runtime-code-or-symbol-different	false	false	false	false	false	false	.orc_unwind,.orc_unwind_ip,.return_sites,.text,.text.unlikely,__dyndbg,__jump_table,__versions
kernel/drivers/input/touchscreen/wacom_w8001.ko	runtime-code-or-symbol-different	false	false	false	false	false	false	.text,__dyndbg,__jump_table,__versions
kernel/drivers/input/touchscreen/wm97xx-ts.ko	runtime-code-or-symbol-different	false	false	false	false	false	false	.orc_unwind,.orc_unwind_ip,.return_sites,.text,__dyndbg,__jump_table,__versions
kernel/drivers/isdn/capi/kernelcapi.ko	runtime-code-or-symbol-different	false	false	false	false	false	false	.orc_unwind,.orc_unwind_ip,.text,.text.unlikely,__dyndbg,__jump_table,__versions
kernel/drivers/isdn/hardware/mISDN/avmfritz.ko	runtime-code-or-symbol-different	false	false	false	false	false	false	.orc_unwind,.orc_unwind_ip,.return_sites,.text,.text.unlikely,__dyndbg,__jump_table,__versions
kernel/drivers/isdn/hardware/mISDN/hfcmulti.ko	runtime-data-different-code-equivalent	false	false	true	true	true	true	__versions
kernel/drivers/isdn/hardware/mISDN/hfcpci.ko	runtime-data-different-code-equivalent	false	false	true	true	true	true	__versions
kernel/drivers/isdn/hardware/mISDN/hfcsusb.ko	runtime-data-different-code-equivalent	false	false	true	true	true	true	__versions
kernel/drivers/isdn/hardware/mISDN/mISDNinfineon.ko	runtime-code-or-symbol-different	false	false	false	false	false	false	.orc_unwind,.orc_unwind_ip,.return_sites,.text,__dyndbg,__jump_table,__versions
kernel/drivers/isdn/hardware/mISDN/mISDNipac.ko	runtime-code-or-symbol-different	false	false	false	false	false	false	.orc_unwind,.orc_unwind_ip,.retpoline_sites,.return_sites,.text,.text.unlikely,__dyndbg,__jump_table,__mcount_loc,__versions
kernel/drivers/isdn/hardware/mISDN/mISDNisar.ko	runtime-code-or-symbol-different	false	false	false	false	false	false	.orc_unwind,.orc_unwind_ip,.text,.text.unlikely,__dyndbg,__jump_table,__versions
kernel/drivers/isdn/hardware/mISDN/speedfax.ko	runtime-code-or-symbol-different	false	false	false	false	false	false	.orc_unwind,.orc_unwind_ip,.return_sites,.text,.text.unlikely,__dyndbg,__jump_table,__versions
kernel/drivers/isdn/hardware/mISDN/w6692.ko	runtime-code-or-symbol-different	false	false	false	false	false	false	.orc_unwind,.orc_unwind_ip,.return_sites,.rodata.str1.1,.text,.text.unlikely,__dyndbg,__jump_table,__versions
kernel/drivers/isdn/mISDN/l1oip.ko	runtime-data-different-code-equivalent	false	false	true	true	true	true	__versions
kernel/drivers/isdn/mISDN/mISDN_core.ko	runtime-data-different-code-equivalent	false	false	true	true	true	true	__versions
kernel/drivers/isdn/mISDN/mISDN_dsp.ko	runtime-data-different-code-equivalent	false	false	true	true	true	true	__versions
kernel/drivers/leds/leds-apu.ko	runtime-data-different-code-equivalent	false	false	true	true	true	true	__versions
kernel/drivers/leds/leds-bd2802.ko	runtime-data-different-code-equivalent	false	false	true	true	true	true	__versions
kernel/drivers/leds/leds-clevo-mail.ko	runtime-code-or-symbol-different	false	false	false	false	false	false	.orc_unwind,.orc_unwind_ip,.return_sites,.text,__dyndbg,__jump_table,__versions
kernel/drivers/leds/leds-dac124s085.ko	runtime-data-different-code-equivalent	false	false	true	true	true	true	__versions
kernel/drivers/leds/leds-gpio.ko	runtime-data-different-code-equivalent	false	false	true	true	true	true	__versions
kernel/drivers/leds/leds-lp3944.ko	runtime-code-or-symbol-different	false	false	false	false	false	false	.text,__dyndbg,__jump_table,__versions
kernel/drivers/leds/leds-menf21bmc.ko	runtime-data-different-code-equivalent	false	false	true	true	true	true	__versions
kernel/drivers/leds/leds-pca955x.ko	runtime-data-different-code-equivalent	false	false	true	true	true	true	__versions
kernel/drivers/leds/leds-regulator.ko	runtime-code-or-symbol-different	false	false	false	false	false	false	.text,__dyndbg,__jump_table,__versions
kernel/drivers/leds/leds-ss4200.ko	runtime-code-or-symbol-different	false	false	false	false	false	false	.init.text,.orc_unwind,.orc_unwind_ip,.return_sites,.rodata.str1.8,.text,.text.unlikely,__dyndbg,__jump_table,__mcount_loc,__versions
kernel/drivers/leds/trigger/ledtrig-activity.ko	runtime-data-different-code-equivalent	false	false	true	true	true	true	__versions
kernel/drivers/leds/trigger/ledtrig-audio.ko	runtime-data-different-code-equivalent	false	false	true	true	true	true	__versions
kernel/drivers/leds/trigger/ledtrig-backlight.ko	runtime-data-different-code-equivalent	false	false	true	true	true	true	__versions
kernel/drivers/leds/trigger/ledtrig-camera.ko	runtime-data-different-code-equivalent	false	false	true	true	true	true	__versions
kernel/drivers/leds/trigger/ledtrig-default-on.ko	runtime-data-different-code-equivalent	false	false	true	true	true	true	__versions
kernel/drivers/leds/trigger/ledtrig-gpio.ko	runtime-data-different-code-equivalent	false	false	true	true	true	true	__versions
kernel/drivers/leds/trigger/ledtrig-heartbeat.ko	runtime-data-different-code-equivalent	false	false	true	true	true	true	__versions
kernel/drivers/leds/trigger/ledtrig-netdev.ko	runtime-data-different-code-equivalent	false	false	true	true	true	true	__versions
kernel/drivers/leds/trigger/ledtrig-oneshot.ko	runtime-data-different-code-equivalent	false	false	true	true	true	true	__versions
kernel/drivers/leds/trigger/ledtrig-pattern.ko	runtime-data-different-code-equivalent	false	false	true	true	true	true	__versions
kernel/drivers/leds/trigger/ledtrig-timer.ko	runtime-data-different-code-equivalent	false	false	true	true	true	true	__versions
kernel/drivers/leds/trigger/ledtrig-transient.ko	runtime-data-different-code-equivalent	false	false	true	true	true	true	__versions
kernel/drivers/md/bcache/bcache.ko	runtime-code-or-symbol-different	false	false	false	false	false	false	.orc_unwind,.orc_unwind_ip,.rodata.str1.1,.rodata.str1.8,.text,.text.unlikely,__bug_table,__dyndbg,__jump_table,__mcount_loc,__tracepoints,__versions
kernel/drivers/md/dm-bio-prison.ko	runtime-data-different-code-equivalent	false	false	true	true	true	true	__versions
kernel/drivers/md/dm-bufio.ko	runtime-data-different-code-equivalent	false	false	true	true	true	true	__versions
kernel/drivers/md/dm-cache-smq.ko	runtime-data-different-code-equivalent	false	false	true	true	true	true	__versions
kernel/drivers/md/dm-cache.ko	runtime-data-different-code-equivalent	false	false	true	true	true	true	__versions
kernel/drivers/md/dm-crypt.ko	runtime-code-or-symbol-different	false	false	false	false	false	false	.orc_unwind,.orc_unwind_ip,.retpoline_sites,.return_sites,.rodata.str1.1,.text,__dyndbg,__jump_table,__mcount_loc,__versions
kernel/drivers/md/dm-delay.ko	runtime-data-different-code-equivalent	false	false	true	true	true	true	__versions
kernel/drivers/md/dm-era.ko	runtime-data-different-code-equivalent	false	false	true	true	true	true	__versions
kernel/drivers/md/dm-flakey.ko	runtime-code-or-symbol-different	false	false	false	false	false	false	.orc_unwind,.orc_unwind_ip,.return_sites,.text,__dyndbg,__jump_table,__versions
kernel/drivers/md/dm-integrity.ko	runtime-data-different-code-equivalent	false	false	true	true	true	true	__versions
kernel/drivers/md/dm-log-userspace.ko	runtime-data-different-code-equivalent	false	false	true	true	true	true	__versions
kernel/drivers/md/dm-log-writes.ko	runtime-data-different-code-equivalent	false	false	true	true	true	true	__versions
kernel/drivers/md/dm-log.ko	runtime-data-different-code-equivalent	false	false	true	true	true	true	__versions
kernel/drivers/md/dm-mirror.ko	runtime-data-different-code-equivalent	false	false	true	true	true	true	__versions
kernel/drivers/md/dm-mod.ko	runtime-code-or-symbol-different	false	false	false	false	false	false	.orc_unwind,.orc_unwind_ip,.text,__bug_table,__dyndbg,__jump_table,__versions
kernel/drivers/md/dm-multipath.ko	runtime-code-or-symbol-different	false	false	false	false	false	false	.text,__dyndbg,__jump_table,__versions
kernel/drivers/md/dm-queue-length.ko	runtime-data-different-code-equivalent	false	false	true	true	true	true	__versions
kernel/drivers/md/dm-raid.ko	runtime-data-different-code-equivalent	false	false	true	true	true	true	__versions
kernel/drivers/md/dm-region-hash.ko	runtime-data-different-code-equivalent	false	false	true	true	true	true	__versions
kernel/drivers/md/dm-round-robin.ko	runtime-data-different-code-equivalent	false	false	true	true	true	true	__versions
kernel/drivers/md/dm-service-time.ko	runtime-data-different-code-equivalent	false	false	true	true	true	true	__versions
kernel/drivers/md/dm-snapshot.ko	runtime-data-different-code-equivalent	false	false	true	true	true	true	__versions
kernel/drivers/md/dm-switch.ko	runtime-data-different-code-equivalent	false	false	true	true	true	true	__versions
kernel/drivers/md/dm-thin-pool.ko	runtime-data-different-code-equivalent	false	false	true	true	true	true	__versions
kernel/drivers/md/dm-unstripe.ko	runtime-data-different-code-equivalent	false	false	true	true	true	true	__versions
kernel/drivers/md/dm-verity.ko	runtime-data-different-code-equivalent	false	false	true	true	true	true	__versions
kernel/drivers/md/dm-writecache.ko	runtime-data-different-code-equivalent	false	false	true	true	true	true	__versions
kernel/drivers/md/dm-zero.ko	runtime-data-different-code-equivalent	false	false	true	true	true	true	__versions
kernel/drivers/md/dm-zoned.ko	runtime-code-or-symbol-different	false	false	false	false	false	false	.orc_unwind,.orc_unwind_ip,.return_sites,.text,.text.unlikely,__dyndbg,__jump_table,__versions
kernel/drivers/md/faulty.ko	runtime-data-different-code-equivalent	false	false	true	true	true	true	__versions
kernel/drivers/md/linear.ko	runtime-code-or-symbol-different	false	false	false	false	false	false	.text,__jump_table,__versions
kernel/drivers/md/md-cluster.ko	runtime-data-different-code-equivalent	false	false	true	true	true	true	__versions
kernel/drivers/md/md-mod.ko	runtime-code-or-symbol-different	false	false	false	false	false	false	.init.text,.orc_unwind,.orc_unwind_ip,.return_sites,.rodata.str1.8,.smp_locks,.text,.text.unlikely,__dyndbg,__jump_table,__versions
kernel/drivers/md/multipath.ko	runtime-code-or-symbol-different	false	false	false	false	false	false	.text,__dyndbg,__jump_table,__versions
kernel/drivers/md/persistent-data/dm-persistent-data.ko	runtime-data-different-code-equivalent	false	false	true	true	true	true	__versions
kernel/drivers/md/raid0.ko	runtime-code-or-symbol-different	false	false	false	false	false	false	.orc_unwind,.text,.text.unlikely,__dyndbg,__jump_table,__versions
kernel/drivers/md/raid1.ko	runtime-code-or-symbol-different	false	false	false	false	false	false	.orc_unwind,.text,.text.unlikely,__dyndbg,__jump_table,__versions
kernel/drivers/md/raid10.ko	runtime-code-or-symbol-different	false	false	false	false	false	false	.orc_unwind,.text,.text.unlikely,__dyndbg,__jump_table,__versions
kernel/drivers/md/raid456.ko	runtime-code-or-symbol-different	false	false	false	false	false	false	.orc_unwind,.orc_unwind_ip,.parainstructions,.return_sites,.rodata.str1.1,.rodata.str1.8,.smp_locks,.text,.text.unlikely,__bug_table,__dyndbg,__jump_table,__mcount_loc,__versions
kernel/drivers/media/cec/core/cec.ko	runtime-data-different-code-equivalent	false	false	true	true	true	true	__versions
kernel/drivers/media/cec/platform/seco/seco-cec.ko	runtime-code-or-symbol-different	false	false	false	false	false	false	.orc_unwind,.orc_unwind_ip,.text,.text.unlikely,__dyndbg,__jump_table,__versions
kernel/drivers/media/cec/usb/pulse8/pulse8-cec.ko	runtime-code-or-symbol-different	false	false	false	false	false	false	.orc_unwind,.orc_unwind_ip,.text,.text.unlikely,__dyndbg,__jump_table,__versions
kernel/drivers/media/cec/usb/rainshadow/rainshadow-cec.ko	runtime-code-or-symbol-different	false	false	false	false	false	false	.orc_unwind,.text,__dyndbg,__jump_table,__versions
kernel/drivers/media/common/b2c2/b2c2-flexcop.ko	runtime-data-different-code-equivalent	false	false	true	true	true	true	__versions
kernel/drivers/media/common/cx2341x.ko	runtime-data-different-code-equivalent	false	false	true	true	true	true	__versions
kernel/drivers/media/common/cypress_firmware.ko	runtime-data-different-code-equivalent	false	false	true	true	true	true	__versions
kernel/drivers/media/common/saa7146/saa7146.ko	runtime-code-or-symbol-different	false	false	false	false	false	false	.orc_unwind,.orc_unwind_ip,.return_sites,.text,.text.unlikely,__dyndbg,__jump_table,__versions
kernel/drivers/media/common/saa7146/saa7146_vv.ko	runtime-code-or-symbol-different	false	false	false	false	false	false	.orc_unwind,.orc_unwind_ip,.retpoline_sites,.return_sites,.text,.text.unlikely,__dyndbg,__jump_table,__versions
kernel/drivers/media/common/siano/smsdvb.ko	runtime-code-or-symbol-different	false	false	false	false	false	false	.init.text,.orc_unwind,.orc_unwind_ip,.text,.text.unlikely,__dyndbg,__jump_table,__versions
kernel/drivers/media/common/siano/smsmdtv.ko	runtime-code-or-symbol-different	false	false	false	false	false	false	.exit.text,.orc_unwind,.orc_unwind_ip,.return_sites,.text,.text.unlikely,__dyndbg,__jump_table,__versions
kernel/drivers/media/common/tveeprom.ko	runtime-code-or-symbol-different	false	false	false	false	false	false	.orc_unwind,.orc_unwind_ip,.text,.text.unlikely,__dyndbg,__jump_table,__versions
kernel/drivers/media/common/v4l2-tpg/v4l2-tpg.ko	runtime-data-different-code-equivalent	false	false	true	true	true	true	__versions
kernel/drivers/media/common/videobuf2/videobuf2-common.ko	runtime-code-or-symbol-different	false	false	false	false	false	false	.orc_unwind,.orc_unwind_ip,.return_sites,.rodata.str1.8,.text,.text.unlikely,__bug_table,__jump_table,__tracepoints,__versions
kernel/drivers/media/common/videobuf2/videobuf2-dma-contig.ko	runtime-code-or-symbol-different	false	false	false	false	false	false	.text,.text.unlikely,__dyndbg,__jump_table,__versions
kernel/drivers/media/common/videobuf2/videobuf2-dma-sg.ko	runtime-data-different-code-equivalent	false	false	true	true	true	true	__versions
kernel/drivers/media/common/videobuf2/videobuf2-dvb.ko	runtime-data-different-code-equivalent	false	false	true	true	true	true	__versions
kernel/drivers/media/common/videobuf2/videobuf2-memops.ko	runtime-code-or-symbol-different	false	false	false	false	false	false	.orc_unwind,.text,__dyndbg,__jump_table,__versions
kernel/drivers/media/common/videobuf2/videobuf2-v4l2.ko	runtime-data-different-code-equivalent	false	false	true	true	true	true	__versions
kernel/drivers/media/common/videobuf2/videobuf2-vmalloc.ko	runtime-code-or-symbol-different	false	false	false	false	false	false	.text,__dyndbg,__jump_table,__versions
kernel/drivers/media/dvb-core/dvb-core.ko	runtime-code-or-symbol-different	false	false	false	false	false	false	.orc_unwind,.orc_unwind_ip,.return_sites,.text,.text.unlikely,__dyndbg,__jump_table,__versions
kernel/drivers/media/dvb-frontends/a8293.ko	runtime-code-or-symbol-different	false	false	false	false	false	false	.text,__dyndbg,__jump_table,__versions
kernel/drivers/media/dvb-frontends/af9013.ko	runtime-code-or-symbol-different	false	false	false	false	false	false	.orc_unwind,.orc_unwind_ip,.return_sites,.text,.text.unlikely,__dyndbg,__jump_table,__versions
kernel/drivers/media/dvb-frontends/af9033.ko	runtime-code-or-symbol-different	false	false	false	false	false	false	.orc_unwind,.orc_unwind_ip,.return_sites,.text,.text.unlikely,__dyndbg,__jump_table,__versions
kernel/drivers/media/dvb-frontends/as102_fe.ko	runtime-code-or-symbol-different	false	false	false	false	false	false	.orc_unwind,.orc_unwind_ip,.rodata.str1.1,.text,__dyndbg,__jump_table,__versions
kernel/drivers/media/dvb-frontends/ascot2e.ko	runtime-code-or-symbol-different	false	false	false	false	false	false	.orc_unwind,.orc_unwind_ip,.rodata.str1.1,.text,__dyndbg,__jump_table,__versions
kernel/drivers/media/dvb-frontends/atbm8830.ko	runtime-data-different-code-equivalent	false	false	true	true	true	true	__versions
kernel/drivers/media/dvb-frontends/au8522_common.ko	runtime-data-different-code-equivalent	false	false	true	true	true	true	__versions
kernel/drivers/media/dvb-frontends/au8522_decoder.ko	runtime-data-different-code-equivalent	false	false	true	true	true	true	__versions
kernel/drivers/media/dvb-frontends/au8522_dig.ko	runtime-data-different-code-equivalent	false	false	true	true	true	true	__versions
kernel/drivers/media/dvb-frontends/bcm3510.ko	runtime-data-different-code-equivalent	false	false	true	true	true	true	__versions
kernel/drivers/media/dvb-frontends/cx22700.ko	runtime-data-different-code-equivalent	false	false	true	true	true	true	__versions
kernel/drivers/media/dvb-frontends/cx22702.ko	runtime-data-different-code-equivalent	false	false	true	true	true	true	__versions
kernel/drivers/media/dvb-frontends/cx24110.ko	runtime-data-different-code-equivalent	false	false	true	true	true	true	__versions
kernel/drivers/media/dvb-frontends/cx24113.ko	runtime-data-different-code-equivalent	false	false	true	true	true	true	__versions
kernel/drivers/media/dvb-frontends/cx24116.ko	runtime-data-different-code-equivalent	false	false	true	true	true	true	__versions
kernel/drivers/media/dvb-frontends/cx24117.ko	runtime-code-or-symbol-different	false	false	false	false	false	false	.orc_unwind,.orc_unwind_ip,.return_sites,.text,.text.unlikely,__dyndbg,__jump_table,__versions
kernel/drivers/media/dvb-frontends/cx24120.ko	runtime-code-or-symbol-different	false	false	false	false	false	false	.orc_unwind,.orc_unwind_ip,.return_sites,.text,.text.unlikely,__dyndbg,__jump_table,__versions
kernel/drivers/media/dvb-frontends/cx24123.ko	runtime-data-different-code-equivalent	false	false	true	true	true	true	__versions
kernel/drivers/media/dvb-frontends/cxd2099.ko	runtime-code-or-symbol-different	false	false	false	false	false	false	.text,__dyndbg,__jump_table,__versions
kernel/drivers/media/dvb-frontends/cxd2820r.ko	runtime-code-or-symbol-different	false	false	false	false	false	false	.orc_unwind,.orc_unwind_ip,.return_sites,.text,.text.unlikely,__dyndbg,__jump_table,__versions
kernel/drivers/media/dvb-frontends/cxd2841er.ko	runtime-code-or-symbol-different	false	false	false	false	false	false	.orc_unwind,.orc_unwind_ip,.text,.text.unlikely,__dyndbg,__jump_table,__versions
kernel/drivers/media/dvb-frontends/dib0070.ko	runtime-data-different-code-equivalent	false	false	true	true	true	true	__versions
kernel/drivers/media/dvb-frontends/dib0090.ko	runtime-data-different-code-equivalent	false	false	true	true	true	true	__versions
kernel/drivers/media/dvb-frontends/dib3000mb.ko	runtime-data-different-code-equivalent	false	false	true	true	true	true	__versions
kernel/drivers/media/dvb-frontends/dib3000mc.ko	runtime-data-different-code-equivalent	false	false	true	true	true	true	__versions
kernel/drivers/media/dvb-frontends/dib7000m.ko	runtime-data-different-code-equivalent	false	false	true	true	true	true	__versions
kernel/drivers/media/dvb-frontends/dib7000p.ko	runtime-data-different-code-equivalent	false	false	true	true	true	true	__versions
kernel/drivers/media/dvb-frontends/dib8000.ko	runtime-data-different-code-equivalent	false	false	true	true	true	true	__versions
kernel/drivers/media/dvb-frontends/dibx000_common.ko	runtime-data-different-code-equivalent	false	false	true	true	true	true	__versions
kernel/drivers/media/dvb-frontends/drx39xyj/drx39xyj.ko	runtime-code-or-symbol-different	false	false	false	false	false	false	.orc_unwind,.text,.text.unlikely,__dyndbg,__jump_table,__versions
kernel/drivers/media/dvb-frontends/drxd.ko	runtime-data-different-code-equivalent	false	false	true	true	true	true	__versions
kernel/drivers/media/dvb-frontends/drxk.ko	runtime-code-or-symbol-different	false	false	false	false	false	false	.text,.text.unlikely,__dyndbg,__jump_table,__versions
kernel/drivers/media/dvb-frontends/ds3000.ko	runtime-data-different-code-equivalent	false	false	true	true	true	true	__versions
kernel/drivers/media/dvb-frontends/dvb-pll.ko	runtime-data-different-code-equivalent	false	false	true	true	true	true	__versions
kernel/drivers/media/dvb-frontends/dvb_dummy_fe.ko	runtime-data-different-code-equivalent	false	false	true	true	true	true	__versions
kernel/drivers/media/dvb-frontends/ec100.ko	runtime-code-or-symbol-different	false	false	false	false	false	false	.orc_unwind,.orc_unwind_ip,.return_sites,.text,.text.unlikely,__dyndbg,__jump_table,__versions
kernel/drivers/media/dvb-frontends/gp8psk-fe.ko	runtime-data-different-code-equivalent	false	false	true	true	true	true	__versions
kernel/drivers/media/dvb-frontends/helene.ko	runtime-code-or-symbol-different	false	false	false	false	false	false	.orc_unwind,.orc_unwind_ip,.text,__dyndbg,__jump_table,__versions
kernel/drivers/media/dvb-frontends/horus3a.ko	runtime-code-or-symbol-different	false	false	false	false	false	false	.orc_unwind,.orc_unwind_ip,.return_sites,.text,.text.unlikely,__dyndbg,__jump_table,__versions
kernel/drivers/media/dvb-frontends/isl6405.ko	runtime-data-different-code-equivalent	false	false	true	true	true	true	__versions
kernel/drivers/media/dvb-frontends/isl6421.ko	runtime-data-different-code-equivalent	false	false	true	true	true	true	__versions
kernel/drivers/media/dvb-frontends/isl6423.ko	runtime-data-different-code-equivalent	false	false	true	true	true	true	__versions
kernel/drivers/media/dvb-frontends/itd1000.ko	runtime-data-different-code-equivalent	false	false	true	true	true	true	__versions
kernel/drivers/media/dvb-frontends/ix2505v.ko	runtime-data-different-code-equivalent	false	false	true	true	true	true	__versions
kernel/drivers/media/dvb-frontends/l64781.ko	runtime-data-different-code-equivalent	false	false	true	true	true	true	__versions
kernel/drivers/media/dvb-frontends/lg2160.ko	runtime-data-different-code-equivalent	false	false	true	true	true	true	__versions
kernel/drivers/media/dvb-frontends/lgdt3305.ko	runtime-data-different-code-equivalent	false	false	true	true	true	true	__versions
kernel/drivers/media/dvb-frontends/lgdt3306a.ko	runtime-data-different-code-equivalent	false	false	true	true	true	true	__versions
kernel/drivers/media/dvb-frontends/lgdt330x.ko	runtime-code-or-symbol-different	false	false	false	false	false	false	.text,__dyndbg,__jump_table,__versions
kernel/drivers/media/dvb-frontends/lgs8gxx.ko	runtime-data-different-code-equivalent	false	false	true	true	true	true	__versions
kernel/drivers/media/dvb-frontends/lnbh25.ko	runtime-code-or-symbol-different	false	false	false	false	false	false	.orc_unwind,.orc_unwind_ip,.text,__dyndbg,__jump_table,__versions
kernel/drivers/media/dvb-frontends/lnbp21.ko	runtime-data-different-code-equivalent	false	false	true	true	true	true	__versions
kernel/drivers/media/dvb-frontends/lnbp22.ko	runtime-data-different-code-equivalent	false	false	true	true	true	true	__versions
kernel/drivers/media/dvb-frontends/m88ds3103.ko	runtime-code-or-symbol-different	false	false	false	false	false	false	.orc_unwind,.orc_unwind_ip,.return_sites,.text,__dyndbg,__jump_table,__versions
kernel/drivers/media/dvb-frontends/m88rs2000.ko	runtime-data-different-code-equivalent	false	false	true	true	true	true	__versions
kernel/drivers/media/dvb-frontends/mb86a16.ko	runtime-data-different-code-equivalent	false	false	true	true	true	true	__versions
kernel/drivers/media/dvb-frontends/mb86a20s.ko	runtime-code-or-symbol-different	false	false	false	false	false	false	.orc_unwind,.orc_unwind_ip,.return_sites,.rodata.str1.8,.text,.text.unlikely,__dyndbg,__jump_table,__mcount_loc,__versions
kernel/drivers/media/dvb-frontends/mn88472.ko	runtime-code-or-symbol-different	false	false	false	false	false	false	.orc_unwind,.orc_unwind_ip,.return_sites,.text,.text.unlikely,__dyndbg,__jump_table,__versions
kernel/drivers/media/dvb-frontends/mn88473.ko	runtime-code-or-symbol-different	false	false	false	false	false	false	.orc_unwind,.orc_unwind_ip,.return_sites,.text,.text.unlikely,__dyndbg,__jump_table,__versions
kernel/drivers/media/dvb-frontends/mt312.ko	runtime-data-different-code-equivalent	false	false	true	true	true	true	__versions
kernel/drivers/media/dvb-frontends/mt352.ko	runtime-data-different-code-equivalent	false	false	true	true	true	true	__versions
kernel/drivers/media/dvb-frontends/mxl5xx.ko	runtime-code-or-symbol-different	false	false	false	false	false	false	.orc_unwind,.orc_unwind_ip,.text,__dyndbg,__jump_table,__versions
kernel/drivers/media/dvb-frontends/nxt200x.ko	runtime-code-or-symbol-different	false	false	false	false	false	false	.orc_unwind,.orc_unwind_ip,.text,.text.unlikely,__dyndbg,__jump_table,__versions
kernel/drivers/media/dvb-frontends/nxt6000.ko	runtime-data-different-code-equivalent	false	false	true	true	true	true	__versions
kernel/drivers/media/dvb-frontends/or51132.ko	runtime-data-different-code-equivalent	false	false	true	true	true	true	__versions
kernel/drivers/media/dvb-frontends/or51211.ko	runtime-code-or-symbol-different	false	false	false	false	false	false	.orc_unwind,.orc_unwind_ip,.text,.text.unlikely,__dyndbg,__jump_table,__versions
kernel/drivers/media/dvb-frontends/rtl2830.ko	runtime-code-or-symbol-different	false	false	false	false	false	false	.orc_unwind,.orc_unwind_ip,.return_sites,.text,__dyndbg,__jump_table,__versions
kernel/drivers/media/dvb-frontends/rtl2832.ko	runtime-code-or-symbol-different	false	false	false	false	false	false	.orc_unwind,.orc_unwind_ip,.return_sites,.text,__dyndbg,__jump_table,__versions
kernel/drivers/media/dvb-frontends/rtl2832_sdr.ko	runtime-code-or-symbol-different	false	false	false	false	false	false	.orc_unwind,.orc_unwind_ip,.text,.text.unlikely,__dyndbg,__jump_table,__versions
kernel/drivers/media/dvb-frontends/s5h1409.ko	runtime-data-different-code-equivalent	false	false	true	true	true	true	__versions
kernel/drivers/media/dvb-frontends/s5h1411.ko	runtime-data-different-code-equivalent	false	false	true	true	true	true	__versions
kernel/drivers/media/dvb-frontends/s5h1420.ko	runtime-data-different-code-equivalent	false	false	true	true	true	true	__versions
kernel/drivers/media/dvb-frontends/s921.ko	runtime-data-different-code-equivalent	false	false	true	true	true	true	__versions
kernel/drivers/media/dvb-frontends/si2165.ko	runtime-code-or-symbol-different	false	false	false	false	false	false	.orc_unwind,.orc_unwind_ip,.return_sites,.rodata.str1.1,.rodata.str1.8,.text,.text.unlikely,__dyndbg,__jump_table,__mcount_loc,__versions
kernel/drivers/media/dvb-frontends/si2168.ko	runtime-code-or-symbol-different	false	false	false	false	false	false	.orc_unwind,.orc_unwind_ip,.return_sites,.text,.text.unlikely,__dyndbg,__jump_table,__versions
kernel/drivers/media/dvb-frontends/si21xx.ko	runtime-data-different-code-equivalent	false	false	true	true	true	true	__versions
kernel/drivers/media/dvb-frontends/sp2.ko	runtime-code-or-symbol-different	false	false	false	false	false	false	.orc_unwind,.orc_unwind_ip,.text,__dyndbg,__jump_table,__versions
kernel/drivers/media/dvb-frontends/sp8870.ko	runtime-data-different-code-equivalent	false	false	true	true	true	true	__versions
kernel/drivers/media/dvb-frontends/sp887x.ko	runtime-data-different-code-equivalent	false	false	true	true	true	true	__versions
kernel/drivers/media/dvb-frontends/stb0899.ko	runtime-data-different-code-equivalent	false	false	true	true	true	true	__versions
kernel/drivers/media/dvb-frontends/stb6000.ko	runtime-data-different-code-equivalent	false	false	true	true	true	true	__versions
kernel/drivers/media/dvb-frontends/stb6100.ko	runtime-data-different-code-equivalent	false	false	true	true	true	true	__versions
kernel/drivers/media/dvb-frontends/stv0288.ko	runtime-data-different-code-equivalent	false	false	true	true	true	true	__versions
kernel/drivers/media/dvb-frontends/stv0297.ko	runtime-data-different-code-equivalent	false	false	true	true	true	true	__versions
kernel/drivers/media/dvb-frontends/stv0299.ko	runtime-data-different-code-equivalent	false	false	true	true	true	true	__versions
kernel/drivers/media/dvb-frontends/stv0367.ko	runtime-data-different-code-equivalent	false	false	true	true	true	true	__versions
kernel/drivers/media/dvb-frontends/stv0900.ko	runtime-data-different-code-equivalent	false	false	true	true	true	true	__versions
kernel/drivers/media/dvb-frontends/stv090x.ko	runtime-code-or-symbol-different	false	false	false	false	false	false	.text,__dyndbg,__jump_table,__versions
kernel/drivers/media/dvb-frontends/stv0910.ko	runtime-data-different-code-equivalent	false	false	true	true	true	true	__versions
kernel/drivers/media/dvb-frontends/stv6110.ko	runtime-data-different-code-equivalent	false	false	true	true	true	true	__versions
kernel/drivers/media/dvb-frontends/stv6110x.ko	runtime-code-or-symbol-different	false	false	false	false	false	false	.text,__dyndbg,__jump_table,__versions
kernel/drivers/media/dvb-frontends/stv6111.ko	runtime-data-different-code-equivalent	false	false	true	true	true	true	__versions
kernel/drivers/media/dvb-frontends/tc90522.ko	runtime-data-different-code-equivalent	false	false	true	true	true	true	__versions
kernel/drivers/media/dvb-frontends/tda10021.ko	runtime-data-different-code-equivalent	false	false	true	true	true	true	__versions
kernel/drivers/media/dvb-frontends/tda10023.ko	runtime-data-different-code-equivalent	false	false	true	true	true	true	__versions
kernel/drivers/media/dvb-frontends/tda10048.ko	runtime-data-different-code-equivalent	false	false	true	true	true	true	__versions
kernel/drivers/media/dvb-frontends/tda1004x.ko	runtime-data-different-code-equivalent	false	false	true	true	true	true	__versions
kernel/drivers/media/dvb-frontends/tda10071.ko	runtime-code-or-symbol-different	false	false	false	false	false	false	.orc_unwind,.orc_unwind_ip,.text,__dyndbg,__jump_table,__versions
kernel/drivers/media/dvb-frontends/tda10086.ko	runtime-data-different-code-equivalent	false	false	true	true	true	true	__versions
kernel/drivers/media/dvb-frontends/tda18271c2dd.ko	runtime-data-different-code-equivalent	false	false	true	true	true	true	__versions
kernel/drivers/media/dvb-frontends/tda665x.ko	runtime-data-different-code-equivalent	false	false	true	true	true	true	__versions
kernel/drivers/media/dvb-frontends/tda8083.ko	runtime-data-different-code-equivalent	false	false	true	true	true	true	__versions
kernel/drivers/media/dvb-frontends/tda8261.ko	runtime-code-or-symbol-different	false	false	false	false	false	false	.orc_unwind,.orc_unwind_ip,.text,.text.unlikely,__dyndbg,__jump_table,__versions
kernel/drivers/media/dvb-frontends/tda826x.ko	runtime-data-different-code-equivalent	false	false	true	true	true	true	__versions
kernel/drivers/media/dvb-frontends/ts2020.ko	runtime-code-or-symbol-different	false	false	false	false	false	false	.orc_unwind,.orc_unwind_ip,.text,__dyndbg,__jump_table,__versions
kernel/drivers/media/dvb-frontends/tua6100.ko	runtime-data-different-code-equivalent	false	false	true	true	true	true	__versions
kernel/drivers/media/dvb-frontends/ves1820.ko	runtime-data-different-code-equivalent	false	false	true	true	true	true	__versions
kernel/drivers/media/dvb-frontends/ves1x93.ko	runtime-data-different-code-equivalent	false	false	true	true	true	true	__versions
kernel/drivers/media/dvb-frontends/zd1301_demod.ko	runtime-code-or-symbol-different	false	false	false	false	false	false	.orc_unwind,.orc_unwind_ip,.return_sites,.text,__dyndbg,__jump_table,__versions
kernel/drivers/media/dvb-frontends/zl10036.ko	runtime-data-different-code-equivalent	false	false	true	true	true	true	__versions
kernel/drivers/media/dvb-frontends/zl10039.ko	runtime-data-different-code-equivalent	false	false	true	true	true	true	__versions
kernel/drivers/media/dvb-frontends/zl10353.ko	runtime-data-different-code-equivalent	false	false	true	true	true	true	__versions
kernel/drivers/media/firewire/firedtv.ko	runtime-code-or-symbol-different	false	false	false	false	false	false	.text,__dyndbg,__jump_table,__versions
kernel/drivers/media/i2c/adv7170.ko	runtime-data-different-code-equivalent	false	false	true	true	true	true	__versions
kernel/drivers/media/i2c/adv7175.ko	runtime-data-different-code-equivalent	false	false	true	true	true	true	__versions
kernel/drivers/media/i2c/bt819.ko	runtime-data-different-code-equivalent	false	false	true	true	true	true	__versions
kernel/drivers/media/i2c/bt856.ko	runtime-data-different-code-equivalent	false	false	true	true	true	true	__versions
kernel/drivers/media/i2c/cs3308.ko	runtime-data-different-code-equivalent	false	false	true	true	true	true	__versions
kernel/drivers/media/i2c/cs5345.ko	runtime-data-different-code-equivalent	false	false	true	true	true	true	__versions
kernel/drivers/media/i2c/cs53l32a.ko	runtime-data-different-code-equivalent	false	false	true	true	true	true	__versions
kernel/drivers/media/i2c/cx25840/cx25840.ko	runtime-data-different-code-equivalent	false	false	true	true	true	true	__versions
kernel/drivers/media/i2c/ir-kbd-i2c.ko	runtime-code-or-symbol-different	false	false	false	false	false	false	.orc_unwind,.orc_unwind_ip,.text,.text.unlikely,__dyndbg,__jump_table,__versions
kernel/drivers/media/i2c/ks0127.ko	runtime-data-different-code-equivalent	false	false	true	true	true	true	__versions
kernel/drivers/media/i2c/m52790.ko	runtime-data-different-code-equivalent	false	false	true	true	true	true	__versions
kernel/drivers/media/i2c/msp3400.ko	runtime-data-different-code-equivalent	false	false	true	true	true	true	__versions
kernel/drivers/media/i2c/mt9v011.ko	runtime-data-different-code-equivalent	false	false	true	true	true	true	__versions
kernel/drivers/media/i2c/noon010pc30.ko	runtime-data-different-code-equivalent	false	false	true	true	true	true	__versions
kernel/drivers/media/i2c/ov2640.ko	runtime-code-or-symbol-different	false	false	false	false	false	false	.text,__dyndbg,__jump_table,__versions
kernel/drivers/media/i2c/ov7670.ko	runtime-data-different-code-equivalent	false	false	true	true	true	true	__versions
kernel/drivers/media/i2c/saa6588.ko	runtime-data-different-code-equivalent	false	false	true	true	true	true	__versions
kernel/drivers/media/i2c/saa6752hs.ko	runtime-data-different-code-equivalent	false	false	true	true	true	true	__versions
kernel/drivers/media/i2c/saa7110.ko	runtime-data-different-code-equivalent	false	false	true	true	true	true	__versions
kernel/drivers/media/i2c/saa7115.ko	runtime-data-different-code-equivalent	false	false	true	true	true	true	__versions
kernel/drivers/media/i2c/saa7127.ko	runtime-data-different-code-equivalent	false	false	true	true	true	true	__versions
kernel/drivers/media/i2c/saa717x.ko	runtime-data-different-code-equivalent	false	false	true	true	true	true	__versions
kernel/drivers/media/i2c/saa7185.ko	runtime-data-different-code-equivalent	false	false	true	true	true	true	__versions
kernel/drivers/media/i2c/sr030pc30.ko	runtime-data-different-code-equivalent	false	false	true	true	true	true	__versions
kernel/drivers/media/i2c/tda7432.ko	runtime-data-different-code-equivalent	false	false	true	true	true	true	__versions
kernel/drivers/media/i2c/tda9840.ko	runtime-data-different-code-equivalent	false	false	true	true	true	true	__versions
kernel/drivers/media/i2c/tea6415c.ko	runtime-data-different-code-equivalent	false	false	true	true	true	true	__versions
kernel/drivers/media/i2c/tea6420.ko	runtime-data-different-code-equivalent	false	false	true	true	true	true	__versions
kernel/drivers/media/i2c/tlv320aic23b.ko	runtime-data-different-code-equivalent	false	false	true	true	true	true	__versions
kernel/drivers/media/i2c/tvaudio.ko	runtime-data-different-code-equivalent	false	false	true	true	true	true	__versions
kernel/drivers/media/i2c/tvp5150.ko	runtime-data-different-code-equivalent	false	false	true	true	true	true	__versions
kernel/drivers/media/i2c/upd64031a.ko	runtime-data-different-code-equivalent	false	false	true	true	true	true	__versions
kernel/drivers/media/i2c/upd64083.ko	runtime-data-different-code-equivalent	false	false	true	true	true	true	__versions
kernel/drivers/media/i2c/vp27smpx.ko	runtime-data-different-code-equivalent	false	false	true	true	true	true	__versions
kernel/drivers/media/i2c/vpx3220.ko	runtime-data-different-code-equivalent	false	false	true	true	true	true	__versions
kernel/drivers/media/i2c/wm8739.ko	runtime-data-different-code-equivalent	false	false	true	true	true	true	__versions
kernel/drivers/media/i2c/wm8775.ko	runtime-data-different-code-equivalent	false	false	true	true	true	true	__versions
kernel/drivers/media/mc/mc.ko	runtime-code-or-symbol-different	false	false	false	false	false	false	.orc_unwind,.orc_unwind_ip,.return_sites,.rodata.str1.1,.text,.text.unlikely,__dyndbg,__jump_table,__versions
kernel/drivers/media/mmc/siano/smssdio.ko	runtime-data-different-code-equivalent	false	false	true	true	true	true	__versions
kernel/drivers/media/pci/b2c2/b2c2-flexcop-pci.ko	runtime-data-different-code-equivalent	false	false	true	true	true	true	__versions
kernel/drivers/media/pci/bt8xx/bt878.ko	runtime-data-different-code-equivalent	false	false	true	true	true	true	__versions
kernel/drivers/media/pci/bt8xx/bttv.ko	runtime-code-or-symbol-different	false	false	false	false	false	false	.orc_unwind,.orc_unwind_ip,.return_sites,.text,.text.unlikely,__dyndbg,__jump_table,__versions
kernel/drivers/media/pci/bt8xx/dst.ko	runtime-data-different-code-equivalent	false	false	true	true	true	true	__versions
kernel/drivers/media/pci/bt8xx/dst_ca.ko	runtime-data-different-code-equivalent	false	false	true	true	true	true	__versions
kernel/drivers/media/pci/bt8xx/dvb-bt8xx.ko	runtime-data-different-code-equivalent	false	false	true	true	true	true	__versions
kernel/drivers/media/pci/cx18/cx18-alsa.ko	runtime-data-different-code-equivalent	false	false	true	true	true	true	__versions
kernel/drivers/media/pci/cx18/cx18.ko	runtime-data-different-code-equivalent	false	false	true	true	true	true	__versions
kernel/drivers/media/pci/cx23885/altera-ci.ko	runtime-data-different-code-equivalent	false	false	true	true	true	true	__versions
kernel/drivers/media/pci/cx23885/cx23885.ko	runtime-code-or-symbol-different	false	false	false	false	false	false	.orc_unwind,.orc_unwind_ip,.text,.text.unlikely,__dyndbg,__jump_table,__versions
kernel/drivers/media/pci/cx88/cx88-alsa.ko	runtime-data-different-code-equivalent	false	false	true	true	true	true	__versions
kernel/drivers/media/pci/cx88/cx88-blackbird.ko	runtime-data-different-code-equivalent	false	false	true	true	true	true	__versions
kernel/drivers/media/pci/cx88/cx88-dvb.ko	runtime-data-different-code-equivalent	false	false	true	true	true	true	__versions
kernel/drivers/media/pci/cx88/cx88-vp3054-i2c.ko	runtime-data-different-code-equivalent	false	false	true	true	true	true	__versions
kernel/drivers/media/pci/cx88/cx8800.ko	runtime-data-different-code-equivalent	false	false	true	true	true	true	__versions
kernel/drivers/media/pci/cx88/cx8802.ko	runtime-data-different-code-equivalent	false	false	true	true	true	true	__versions
kernel/drivers/media/pci/cx88/cx88xx.ko	runtime-data-different-code-equivalent	false	false	true	true	true	true	__versions
kernel/drivers/media/pci/ddbridge/ddbridge-dummy-fe.ko	runtime-data-different-code-equivalent	false	false	true	true	true	true	__versions
kernel/drivers/media/pci/ddbridge/ddbridge.ko	runtime-code-or-symbol-different	false	false	false	false	false	false	.orc_unwind,.orc_unwind_ip,.return_sites,.text,.text.unlikely,__dyndbg,__jump_table,__versions
kernel/drivers/media/pci/dm1105/dm1105.ko	runtime-data-different-code-equivalent	false	false	true	true	true	true	__versions
kernel/drivers/media/pci/dt3155/dt3155.ko	runtime-data-different-code-equivalent	false	false	true	true	true	true	__versions
kernel/drivers/media/pci/ivtv/ivtv-alsa.ko	runtime-data-different-code-equivalent	false	false	true	true	true	true	__versions
kernel/drivers/media/pci/ivtv/ivtv.ko	runtime-data-different-code-equivalent	false	false	true	true	true	true	__versions
kernel/drivers/media/pci/ivtv/ivtvfb.ko	runtime-data-different-code-equivalent	false	false	true	true	true	true	__versions
kernel/drivers/media/pci/mantis/hopper.ko	runtime-data-different-code-equivalent	false	false	true	true	true	true	__versions
kernel/drivers/media/pci/mantis/mantis.ko	runtime-data-different-code-equivalent	false	false	true	true	true	true	__versions
kernel/drivers/media/pci/mantis/mantis_core.ko	runtime-data-different-code-equivalent	false	false	true	true	true	true	__versions
kernel/drivers/media/pci/meye/meye.ko	runtime-data-different-code-equivalent	false	false	true	true	true	true	__versions
kernel/drivers/media/pci/netup_unidvb/netup-unidvb.ko	runtime-code-or-symbol-different	false	false	false	false	false	false	.orc_unwind,.orc_unwind_ip,.return_sites,.text,.text.unlikely,__dyndbg,__jump_table,__versions
kernel/drivers/media/pci/ngene/ngene.ko	runtime-code-or-symbol-different	false	false	false	false	false	false	.rodata.str1.8,.text,.text.unlikely,__dyndbg,__jump_table,__versions
kernel/drivers/media/pci/pluto2/pluto2.ko	runtime-data-different-code-equivalent	false	false	true	true	true	true	__versions
kernel/drivers/media/pci/pt1/earth-pt1.ko	runtime-data-different-code-equivalent	false	false	true	true	true	true	__versions
kernel/drivers/media/pci/pt3/earth-pt3.ko	runtime-code-or-symbol-different	false	false	false	false	false	false	.text,__dyndbg,__jump_table,__versions
kernel/drivers/media/pci/saa7134/saa7134-alsa.ko	runtime-code-or-symbol-different	false	false	false	false	false	false	.orc_unwind,.orc_unwind_ip,.return_sites,.rodata.str1.1,.text,__dyndbg,__jump_table,__versions
kernel/drivers/media/pci/saa7134/saa7134-dvb.ko	runtime-code-or-symbol-different	false	false	false	false	false	false	.orc_unwind,.orc_unwind_ip,.return_sites,.text,.text.unlikely,__dyndbg,__jump_table,__versions
kernel/drivers/media/pci/saa7134/saa7134-empress.ko	runtime-code-or-symbol-different	false	false	false	false	false	false	.return_sites,.text,__dyndbg,__jump_table,__versions
kernel/drivers/media/pci/saa7134/saa7134.ko	runtime-code-or-symbol-different	false	false	false	false	false	false	.text,__dyndbg,__jump_table,__versions
kernel/drivers/media/pci/saa7146/hexium_gemini.ko	runtime-code-or-symbol-different	false	false	false	false	false	false	.init.text,.orc_unwind,.orc_unwind_ip,.return_sites,.text,.text.unlikely,__dyndbg,__jump_table,__versions
kernel/drivers/media/pci/saa7146/hexium_orion.ko	runtime-code-or-symbol-different	false	false	false	false	false	false	.init.text,.orc_unwind,.orc_unwind_ip,.return_sites,.text,.text.unlikely,__dyndbg,__jump_table,__versions
kernel/drivers/media/pci/saa7146/mxb.ko	runtime-code-or-symbol-different	false	false	false	false	false	false	.init.text,.orc_unwind,.orc_unwind_ip,.return_sites,.text,.text.unlikely,__dyndbg,__jump_table,__versions
kernel/drivers/media/pci/saa7164/saa7164.ko	runtime-data-different-code-equivalent	false	false	true	true	true	true	__versions
kernel/drivers/media/pci/smipcie/smipcie.ko	runtime-code-or-symbol-different	false	false	false	false	false	false	.orc_unwind,.orc_unwind_ip,.text,.text.unlikely,__dyndbg,__jump_table,__versions
kernel/drivers/media/pci/solo6x10/solo6x10.ko	runtime-data-different-code-equivalent	false	false	true	true	true	true	__versions
kernel/drivers/media/pci/ttpci/budget-av.ko	runtime-code-or-symbol-different	false	false	false	false	false	false	.orc_unwind,.orc_unwind_ip,.return_sites,.rodata.str1.1,.rodata.str1.8,.text,.text.unlikely,__dyndbg,__jump_table,__versions
kernel/drivers/media/pci/ttpci/budget-ci.ko	runtime-data-different-code-equivalent	false	false	true	true	true	true	__versions
kernel/drivers/media/pci/ttpci/budget-core.ko	runtime-data-different-code-equivalent	false	false	true	true	true	true	__versions
kernel/drivers/media/pci/ttpci/budget-patch.ko	runtime-data-different-code-equivalent	false	false	true	true	true	true	__versions
kernel/drivers/media/pci/ttpci/budget.ko	runtime-data-different-code-equivalent	false	false	true	true	true	true	__versions
kernel/drivers/media/pci/ttpci/dvb-ttpci.ko	runtime-data-different-code-equivalent	false	false	true	true	true	true	__versions
kernel/drivers/media/pci/ttpci/ttpci-eeprom.ko	runtime-data-different-code-equivalent	false	false	true	true	true	true	__versions
kernel/drivers/media/pci/tw5864/tw5864.ko	runtime-code-or-symbol-different	false	false	false	false	false	false	.orc_unwind,.orc_unwind_ip,.text,__dyndbg,__jump_table,__versions
kernel/drivers/media/pci/tw68/tw68.ko	runtime-code-or-symbol-different	false	false	false	false	false	false	.orc_unwind,.orc_unwind_ip,.text,__dyndbg,__jump_table,__versions
kernel/drivers/media/pci/tw686x/tw686x.ko	runtime-code-or-symbol-different	false	false	false	false	false	false	.text,__dyndbg,__jump_table,__versions
kernel/drivers/media/platform/marvell-ccic/cafe_ccic.ko	runtime-data-different-code-equivalent	false	false	true	true	true	true	__versions
kernel/drivers/media/platform/marvell-ccic/mcam-core.ko	runtime-code-or-symbol-different	false	false	false	false	false	false	.orc_unwind,.orc_unwind_ip,.text,.text.unlikely,__dyndbg,__jump_table,__versions
kernel/drivers/media/platform/via-camera.ko	runtime-code-or-symbol-different	false	false	false	false	false	false	.orc_unwind,.orc_unwind_ip,.return_sites,.text,__dyndbg,__jump_table,__versions
kernel/drivers/media/radio/dsbr100.ko	runtime-data-different-code-equivalent	false	false	true	true	true	true	__versions
kernel/drivers/media/radio/radio-keene.ko	runtime-data-different-code-equivalent	false	false	true	true	true	true	__versions
kernel/drivers/media/radio/radio-ma901.ko	runtime-data-different-code-equivalent	false	false	true	true	true	true	__versions
kernel/drivers/media/radio/radio-maxiradio.ko	runtime-data-different-code-equivalent	false	false	true	true	true	true	__versions
kernel/drivers/media/radio/radio-mr800.ko	runtime-data-different-code-equivalent	false	false	true	true	true	true	__versions
kernel/drivers/media/radio/radio-raremono.ko	runtime-data-different-code-equivalent	false	false	true	true	true	true	__versions
kernel/drivers/media/radio/radio-shark.ko	runtime-data-different-code-equivalent	false	false	true	true	true	true	__versions
kernel/drivers/media/radio/shark2.ko	runtime-data-different-code-equivalent	false	false	true	true	true	true	__versions
kernel/drivers/media/radio/si470x/radio-si470x-common.ko	runtime-data-different-code-equivalent	false	false	true	true	true	true	__versions
kernel/drivers/media/radio/si470x/radio-si470x-usb.ko	runtime-data-different-code-equivalent	false	false	true	true	true	true	__versions
kernel/drivers/media/radio/tea575x.ko	runtime-data-different-code-equivalent	false	false	true	true	true	true	__versions
kernel/drivers/media/rc/ati_remote.ko	runtime-code-or-symbol-different	false	false	false	false	false	false	.orc_unwind,.orc_unwind_ip,.return_sites,.text,.text.unlikely,__dyndbg,__jump_table,__versions
kernel/drivers/media/rc/ene_ir.ko	runtime-data-different-code-equivalent	false	false	true	true	true	true	__versions
kernel/drivers/media/rc/fintek-cir.ko	runtime-data-different-code-equivalent	false	false	true	true	true	true	__versions
kernel/drivers/media/rc/igorplugusb.ko	runtime-code-or-symbol-different	false	false	false	false	false	false	.text,__dyndbg,__jump_table,__versions
kernel/drivers/media/rc/iguanair.ko	runtime-code-or-symbol-different	false	false	false	false	false	false	.text,__dyndbg,__jump_table,__versions
kernel/drivers/media/rc/imon.ko	runtime-code-or-symbol-different	false	false	false	false	false	false	.orc_unwind,.rodata.str1.8,.text,.text.unlikely,__dyndbg,__jump_table,__versions
kernel/drivers/media/rc/imon_raw.ko	runtime-code-or-symbol-different	false	false	false	false	false	false	.text,.text.unlikely,__dyndbg,__jump_table,__versions
kernel/drivers/media/rc/ir-imon-decoder.ko	runtime-code-or-symbol-different	false	false	false	false	false	false	.orc_unwind,.text,__dyndbg,__jump_table,__versions
kernel/drivers/media/rc/ir-jvc-decoder.ko	runtime-code-or-symbol-different	false	false	false	false	false	false	.orc_unwind,.orc_unwind_ip,.text,__dyndbg,__jump_table,__versions
kernel/drivers/media/rc/ir-mce_kbd-decoder.ko	runtime-code-or-symbol-different	false	false	false	false	false	false	.orc_unwind,.orc_unwind_ip,.text,__dyndbg,__jump_table,__versions
kernel/drivers/media/rc/ir-nec-decoder.ko	runtime-code-or-symbol-different	false	false	false	false	false	false	.orc_unwind,.orc_unwind_ip,.return_sites,.text,__dyndbg,__jump_table,__versions
kernel/drivers/media/rc/ir-rc5-decoder.ko	runtime-code-or-symbol-different	false	false	false	false	false	false	.text,__dyndbg,__jump_table,__versions
kernel/drivers/media/rc/ir-rc6-decoder.ko	runtime-code-or-symbol-different	false	false	false	false	false	false	.text,__dyndbg,__jump_table,__versions
kernel/drivers/media/rc/ir-sanyo-decoder.ko	runtime-code-or-symbol-different	false	false	false	false	false	false	.text,__dyndbg,__jump_table,__versions
kernel/drivers/media/rc/ir-sharp-decoder.ko	runtime-code-or-symbol-different	false	false	false	false	false	false	.orc_unwind,.orc_unwind_ip,.return_sites,.text,__dyndbg,__jump_table,__versions
kernel/drivers/media/rc/ir-sony-decoder.ko	runtime-code-or-symbol-different	false	false	false	false	false	false	.text,__dyndbg,__jump_table,__versions
kernel/drivers/media/rc/ir-xmp-decoder.ko	runtime-code-or-symbol-different	false	false	false	false	false	false	.orc_unwind,.text,__dyndbg,__jump_table,__versions
kernel/drivers/media/rc/ite-cir.ko	runtime-data-different-code-equivalent	false	false	true	true	true	true	__versions
kernel/drivers/media/rc/keymaps/rc-adstech-dvb-t-pci.ko	runtime-data-different-code-equivalent	false	false	true	true	true	true	__versions
kernel/drivers/media/rc/keymaps/rc-alink-dtu-m.ko	runtime-data-different-code-equivalent	false	false	true	true	true	true	__versions
kernel/drivers/media/rc/keymaps/rc-anysee.ko	runtime-data-different-code-equivalent	false	false	true	true	true	true	__versions
kernel/drivers/media/rc/keymaps/rc-apac-viewcomp.ko	runtime-data-different-code-equivalent	false	false	true	true	true	true	__versions
kernel/drivers/media/rc/keymaps/rc-astrometa-t2hybrid.ko	runtime-data-different-code-equivalent	false	false	true	true	true	true	__versions
kernel/drivers/media/rc/keymaps/rc-asus-pc39.ko	runtime-data-different-code-equivalent	false	false	true	true	true	true	__versions
kernel/drivers/media/rc/keymaps/rc-asus-ps3-100.ko	runtime-data-different-code-equivalent	false	false	true	true	true	true	__versions
kernel/drivers/media/rc/keymaps/rc-ati-tv-wonder-hd-600.ko	runtime-data-different-code-equivalent	false	false	true	true	true	true	__versions
kernel/drivers/media/rc/keymaps/rc-ati-x10.ko	runtime-data-different-code-equivalent	false	false	true	true	true	true	__versions
kernel/drivers/media/rc/keymaps/rc-avermedia-a16d.ko	runtime-data-different-code-equivalent	false	false	true	true	true	true	__versions
kernel/drivers/media/rc/keymaps/rc-avermedia-cardbus.ko	runtime-data-different-code-equivalent	false	false	true	true	true	true	__versions
kernel/drivers/media/rc/keymaps/rc-avermedia-dvbt.ko	runtime-data-different-code-equivalent	false	false	true	true	true	true	__versions
kernel/drivers/media/rc/keymaps/rc-avermedia-m135a.ko	runtime-data-different-code-equivalent	false	false	true	true	true	true	__versions
kernel/drivers/media/rc/keymaps/rc-avermedia-m733a-rm-k6.ko	runtime-data-different-code-equivalent	false	false	true	true	true	true	__versions
kernel/drivers/media/rc/keymaps/rc-avermedia-rm-ks.ko	runtime-data-different-code-equivalent	false	false	true	true	true	true	__versions
kernel/drivers/media/rc/keymaps/rc-avermedia.ko	runtime-data-different-code-equivalent	false	false	true	true	true	true	__versions
kernel/drivers/media/rc/keymaps/rc-avertv-303.ko	runtime-data-different-code-equivalent	false	false	true	true	true	true	__versions
kernel/drivers/media/rc/keymaps/rc-azurewave-ad-tu700.ko	runtime-data-different-code-equivalent	false	false	true	true	true	true	__versions
kernel/drivers/media/rc/keymaps/rc-beelink-gs1.ko	runtime-data-different-code-equivalent	false	false	true	true	true	true	__versions
kernel/drivers/media/rc/keymaps/rc-behold-columbus.ko	runtime-data-different-code-equivalent	false	false	true	true	true	true	__versions
kernel/drivers/media/rc/keymaps/rc-behold.ko	runtime-data-different-code-equivalent	false	false	true	true	true	true	__versions
kernel/drivers/media/rc/keymaps/rc-budget-ci-old.ko	runtime-data-different-code-equivalent	false	false	true	true	true	true	__versions
kernel/drivers/media/rc/keymaps/rc-cinergy-1400.ko	runtime-data-different-code-equivalent	false	false	true	true	true	true	__versions
kernel/drivers/media/rc/keymaps/rc-cinergy.ko	runtime-data-different-code-equivalent	false	false	true	true	true	true	__versions
kernel/drivers/media/rc/keymaps/rc-d680-dmb.ko	runtime-data-different-code-equivalent	false	false	true	true	true	true	__versions
kernel/drivers/media/rc/keymaps/rc-delock-61959.ko	runtime-data-different-code-equivalent	false	false	true	true	true	true	__versions
kernel/drivers/media/rc/keymaps/rc-dib0700-nec.ko	runtime-data-different-code-equivalent	false	false	true	true	true	true	__versions
kernel/drivers/media/rc/keymaps/rc-dib0700-rc5.ko	runtime-data-different-code-equivalent	false	false	true	true	true	true	__versions
kernel/drivers/media/rc/keymaps/rc-digitalnow-tinytwin.ko	runtime-data-different-code-equivalent	false	false	true	true	true	true	__versions
kernel/drivers/media/rc/keymaps/rc-digittrade.ko	runtime-data-different-code-equivalent	false	false	true	true	true	true	__versions
kernel/drivers/media/rc/keymaps/rc-dm1105-nec.ko	runtime-data-different-code-equivalent	false	false	true	true	true	true	__versions
kernel/drivers/media/rc/keymaps/rc-dntv-live-dvb-t.ko	runtime-data-different-code-equivalent	false	false	true	true	true	true	__versions
kernel/drivers/media/rc/keymaps/rc-dntv-live-dvbt-pro.ko	runtime-data-different-code-equivalent	false	false	true	true	true	true	__versions
kernel/drivers/media/rc/keymaps/rc-dtt200u.ko	runtime-data-different-code-equivalent	false	false	true	true	true	true	__versions
kernel/drivers/media/rc/keymaps/rc-dvbsky.ko	runtime-data-different-code-equivalent	false	false	true	true	true	true	__versions
kernel/drivers/media/rc/keymaps/rc-dvico-mce.ko	runtime-data-different-code-equivalent	false	false	true	true	true	true	__versions
kernel/drivers/media/rc/keymaps/rc-dvico-portable.ko	runtime-data-different-code-equivalent	false	false	true	true	true	true	__versions
kernel/drivers/media/rc/keymaps/rc-em-terratec.ko	runtime-data-different-code-equivalent	false	false	true	true	true	true	__versions
kernel/drivers/media/rc/keymaps/rc-encore-enltv-fm53.ko	runtime-data-different-code-equivalent	false	false	true	true	true	true	__versions
kernel/drivers/media/rc/keymaps/rc-encore-enltv.ko	runtime-data-different-code-equivalent	false	false	true	true	true	true	__versions
kernel/drivers/media/rc/keymaps/rc-encore-enltv2.ko	runtime-data-different-code-equivalent	false	false	true	true	true	true	__versions
kernel/drivers/media/rc/keymaps/rc-evga-indtube.ko	runtime-data-different-code-equivalent	false	false	true	true	true	true	__versions
kernel/drivers/media/rc/keymaps/rc-eztv.ko	runtime-data-different-code-equivalent	false	false	true	true	true	true	__versions
kernel/drivers/media/rc/keymaps/rc-flydvb.ko	runtime-data-different-code-equivalent	false	false	true	true	true	true	__versions
kernel/drivers/media/rc/keymaps/rc-flyvideo.ko	runtime-data-different-code-equivalent	false	false	true	true	true	true	__versions
kernel/drivers/media/rc/keymaps/rc-fusionhdtv-mce.ko	runtime-data-different-code-equivalent	false	false	true	true	true	true	__versions
kernel/drivers/media/rc/keymaps/rc-gadmei-rm008z.ko	runtime-data-different-code-equivalent	false	false	true	true	true	true	__versions
kernel/drivers/media/rc/keymaps/rc-geekbox.ko	runtime-data-different-code-equivalent	false	false	true	true	true	true	__versions
kernel/drivers/media/rc/keymaps/rc-genius-tvgo-a11mce.ko	runtime-data-different-code-equivalent	false	false	true	true	true	true	__versions
kernel/drivers/media/rc/keymaps/rc-gotview7135.ko	runtime-data-different-code-equivalent	false	false	true	true	true	true	__versions
kernel/drivers/media/rc/keymaps/rc-hauppauge.ko	runtime-data-different-code-equivalent	false	false	true	true	true	true	__versions
kernel/drivers/media/rc/keymaps/rc-hisi-poplar.ko	runtime-data-different-code-equivalent	false	false	true	true	true	true	__versions
kernel/drivers/media/rc/keymaps/rc-hisi-tv-demo.ko	runtime-data-different-code-equivalent	false	false	true	true	true	true	__versions
kernel/drivers/media/rc/keymaps/rc-imon-mce.ko	runtime-data-different-code-equivalent	false	false	true	true	true	true	__versions
kernel/drivers/media/rc/keymaps/rc-imon-pad.ko	runtime-data-different-code-equivalent	false	false	true	true	true	true	__versions
kernel/drivers/media/rc/keymaps/rc-imon-rsc.ko	runtime-data-different-code-equivalent	false	false	true	true	true	true	__versions
kernel/drivers/media/rc/keymaps/rc-iodata-bctv7e.ko	runtime-data-different-code-equivalent	false	false	true	true	true	true	__versions
kernel/drivers/media/rc/keymaps/rc-it913x-v1.ko	runtime-data-different-code-equivalent	false	false	true	true	true	true	__versions
kernel/drivers/media/rc/keymaps/rc-it913x-v2.ko	runtime-data-different-code-equivalent	false	false	true	true	true	true	__versions
kernel/drivers/media/rc/keymaps/rc-kaiomy.ko	runtime-data-different-code-equivalent	false	false	true	true	true	true	__versions
kernel/drivers/media/rc/keymaps/rc-khadas.ko	runtime-data-different-code-equivalent	false	false	true	true	true	true	__versions
kernel/drivers/media/rc/keymaps/rc-kworld-315u.ko	runtime-data-different-code-equivalent	false	false	true	true	true	true	__versions
kernel/drivers/media/rc/keymaps/rc-kworld-pc150u.ko	runtime-data-different-code-equivalent	false	false	true	true	true	true	__versions
kernel/drivers/media/rc/keymaps/rc-kworld-plus-tv-analog.ko	runtime-data-different-code-equivalent	false	false	true	true	true	true	__versions
kernel/drivers/media/rc/keymaps/rc-leadtek-y04g0051.ko	runtime-data-different-code-equivalent	false	false	true	true	true	true	__versions
kernel/drivers/media/rc/keymaps/rc-lme2510.ko	runtime-data-different-code-equivalent	false	false	true	true	true	true	__versions
kernel/drivers/media/rc/keymaps/rc-manli.ko	runtime-data-different-code-equivalent	false	false	true	true	true	true	__versions
kernel/drivers/media/rc/keymaps/rc-medion-x10-digitainer.ko	runtime-data-different-code-equivalent	false	false	true	true	true	true	__versions
kernel/drivers/media/rc/keymaps/rc-medion-x10-or2x.ko	runtime-data-different-code-equivalent	false	false	true	true	true	true	__versions
kernel/drivers/media/rc/keymaps/rc-medion-x10.ko	runtime-data-different-code-equivalent	false	false	true	true	true	true	__versions
kernel/drivers/media/rc/keymaps/rc-msi-digivox-ii.ko	runtime-data-different-code-equivalent	false	false	true	true	true	true	__versions
kernel/drivers/media/rc/keymaps/rc-msi-digivox-iii.ko	runtime-data-different-code-equivalent	false	false	true	true	true	true	__versions
kernel/drivers/media/rc/keymaps/rc-msi-tvanywhere-plus.ko	runtime-data-different-code-equivalent	false	false	true	true	true	true	__versions
kernel/drivers/media/rc/keymaps/rc-msi-tvanywhere.ko	runtime-data-different-code-equivalent	false	false	true	true	true	true	__versions
kernel/drivers/media/rc/keymaps/rc-nebula.ko	runtime-data-different-code-equivalent	false	false	true	true	true	true	__versions
kernel/drivers/media/rc/keymaps/rc-nec-terratec-cinergy-xs.ko	runtime-data-different-code-equivalent	false	false	true	true	true	true	__versions
kernel/drivers/media/rc/keymaps/rc-norwood.ko	runtime-data-different-code-equivalent	false	false	true	true	true	true	__versions
kernel/drivers/media/rc/keymaps/rc-npgtech.ko	runtime-data-different-code-equivalent	false	false	true	true	true	true	__versions
kernel/drivers/media/rc/keymaps/rc-odroid.ko	runtime-data-different-code-equivalent	false	false	true	true	true	true	__versions
kernel/drivers/media/rc/keymaps/rc-pctv-sedna.ko	runtime-data-different-code-equivalent	false	false	true	true	true	true	__versions
kernel/drivers/media/rc/keymaps/rc-pinnacle-color.ko	runtime-data-different-code-equivalent	false	false	true	true	true	true	__versions
kernel/drivers/media/rc/keymaps/rc-pinnacle-grey.ko	runtime-data-different-code-equivalent	false	false	true	true	true	true	__versions
kernel/drivers/media/rc/keymaps/rc-pinnacle-pctv-hd.ko	runtime-data-different-code-equivalent	false	false	true	true	true	true	__versions
kernel/drivers/media/rc/keymaps/rc-pixelview-002t.ko	runtime-data-different-code-equivalent	false	false	true	true	true	true	__versions
kernel/drivers/media/rc/keymaps/rc-pixelview-mk12.ko	runtime-data-different-code-equivalent	false	false	true	true	true	true	__versions
kernel/drivers/media/rc/keymaps/rc-pixelview-new.ko	runtime-data-different-code-equivalent	false	false	true	true	true	true	__versions
kernel/drivers/media/rc/keymaps/rc-pixelview.ko	runtime-data-different-code-equivalent	false	false	true	true	true	true	__versions
kernel/drivers/media/rc/keymaps/rc-powercolor-real-angel.ko	runtime-data-different-code-equivalent	false	false	true	true	true	true	__versions
kernel/drivers/media/rc/keymaps/rc-proteus-2309.ko	runtime-data-different-code-equivalent	false	false	true	true	true	true	__versions
kernel/drivers/media/rc/keymaps/rc-purpletv.ko	runtime-data-different-code-equivalent	false	false	true	true	true	true	__versions
kernel/drivers/media/rc/keymaps/rc-pv951.ko	runtime-data-different-code-equivalent	false	false	true	true	true	true	__versions
kernel/drivers/media/rc/keymaps/rc-rc6-mce.ko	runtime-data-different-code-equivalent	false	false	true	true	true	true	__versions
kernel/drivers/media/rc/keymaps/rc-real-audio-220-32-keys.ko	runtime-data-different-code-equivalent	false	false	true	true	true	true	__versions
kernel/drivers/media/rc/keymaps/rc-reddo.ko	runtime-data-different-code-equivalent	false	false	true	true	true	true	__versions
kernel/drivers/media/rc/keymaps/rc-snapstream-firefly.ko	runtime-data-different-code-equivalent	false	false	true	true	true	true	__versions
kernel/drivers/media/rc/keymaps/rc-streamzap.ko	runtime-data-different-code-equivalent	false	false	true	true	true	true	__versions
kernel/drivers/media/rc/keymaps/rc-su3000.ko	runtime-data-different-code-equivalent	false	false	true	true	true	true	__versions
kernel/drivers/media/rc/keymaps/rc-tango.ko	runtime-data-different-code-equivalent	false	false	true	true	true	true	__versions
kernel/drivers/media/rc/keymaps/rc-tanix-tx3mini.ko	runtime-data-different-code-equivalent	false	false	true	true	true	true	__versions
kernel/drivers/media/rc/keymaps/rc-tanix-tx5max.ko	runtime-data-different-code-equivalent	false	false	true	true	true	true	__versions
kernel/drivers/media/rc/keymaps/rc-tbs-nec.ko	runtime-data-different-code-equivalent	false	false	true	true	true	true	__versions
kernel/drivers/media/rc/keymaps/rc-technisat-ts35.ko	runtime-data-different-code-equivalent	false	false	true	true	true	true	__versions
kernel/drivers/media/rc/keymaps/rc-technisat-usb2.ko	runtime-data-different-code-equivalent	false	false	true	true	true	true	__versions
kernel/drivers/media/rc/keymaps/rc-terratec-cinergy-c-pci.ko	runtime-data-different-code-equivalent	false	false	true	true	true	true	__versions
kernel/drivers/media/rc/keymaps/rc-terratec-cinergy-s2-hd.ko	runtime-data-different-code-equivalent	false	false	true	true	true	true	__versions
kernel/drivers/media/rc/keymaps/rc-terratec-cinergy-xs.ko	runtime-data-different-code-equivalent	false	false	true	true	true	true	__versions
kernel/drivers/media/rc/keymaps/rc-terratec-slim-2.ko	runtime-data-different-code-equivalent	false	false	true	true	true	true	__versions
kernel/drivers/media/rc/keymaps/rc-terratec-slim.ko	runtime-data-different-code-equivalent	false	false	true	true	true	true	__versions
kernel/drivers/media/rc/keymaps/rc-tevii-nec.ko	runtime-data-different-code-equivalent	false	false	true	true	true	true	__versions
kernel/drivers/media/rc/keymaps/rc-tivo.ko	runtime-data-different-code-equivalent	false	false	true	true	true	true	__versions
kernel/drivers/media/rc/keymaps/rc-total-media-in-hand-02.ko	runtime-data-different-code-equivalent	false	false	true	true	true	true	__versions
kernel/drivers/media/rc/keymaps/rc-total-media-in-hand.ko	runtime-data-different-code-equivalent	false	false	true	true	true	true	__versions
kernel/drivers/media/rc/keymaps/rc-trekstor.ko	runtime-data-different-code-equivalent	false	false	true	true	true	true	__versions
kernel/drivers/media/rc/keymaps/rc-tt-1500.ko	runtime-data-different-code-equivalent	false	false	true	true	true	true	__versions
kernel/drivers/media/rc/keymaps/rc-twinhan-dtv-cab-ci.ko	runtime-data-different-code-equivalent	false	false	true	true	true	true	__versions
kernel/drivers/media/rc/keymaps/rc-twinhan1027.ko	runtime-data-different-code-equivalent	false	false	true	true	true	true	__versions
kernel/drivers/media/rc/keymaps/rc-vega-s9x.ko	runtime-data-different-code-equivalent	false	false	true	true	true	true	__versions
kernel/drivers/media/rc/keymaps/rc-videomate-m1f.ko	runtime-data-different-code-equivalent	false	false	true	true	true	true	__versions
kernel/drivers/media/rc/keymaps/rc-videomate-s350.ko	runtime-data-different-code-equivalent	false	false	true	true	true	true	__versions
kernel/drivers/media/rc/keymaps/rc-videomate-tv-pvr.ko	runtime-data-different-code-equivalent	false	false	true	true	true	true	__versions
kernel/drivers/media/rc/keymaps/rc-videostrong-kii-pro.ko	runtime-data-different-code-equivalent	false	false	true	true	true	true	__versions
kernel/drivers/media/rc/keymaps/rc-wetek-hub.ko	runtime-data-different-code-equivalent	false	false	true	true	true	true	__versions
kernel/drivers/media/rc/keymaps/rc-wetek-play2.ko	runtime-data-different-code-equivalent	false	false	true	true	true	true	__versions
kernel/drivers/media/rc/keymaps/rc-winfast-usbii-deluxe.ko	runtime-data-different-code-equivalent	false	false	true	true	true	true	__versions
kernel/drivers/media/rc/keymaps/rc-winfast.ko	runtime-data-different-code-equivalent	false	false	true	true	true	true	__versions
kernel/drivers/media/rc/keymaps/rc-x96max.ko	runtime-data-different-code-equivalent	false	false	true	true	true	true	__versions
kernel/drivers/media/rc/keymaps/rc-xbox-dvd.ko	runtime-data-different-code-equivalent	false	false	true	true	true	true	__versions
kernel/drivers/media/rc/keymaps/rc-zx-irdec.ko	runtime-data-different-code-equivalent	false	false	true	true	true	true	__versions
kernel/drivers/media/rc/mceusb.ko	runtime-code-or-symbol-different	false	false	false	false	false	false	.orc_unwind,.orc_unwind_ip,.rodata.str1.1,.rodata.str1.8,.text,.text.unlikely,__dyndbg,__jump_table,__versions
kernel/drivers/media/rc/nuvoton-cir.ko	runtime-data-different-code-equivalent	false	false	true	true	true	true	__versions
kernel/drivers/media/rc/rc-core.ko	runtime-code-or-symbol-different	false	false	false	false	false	false	.init.text,.orc_unwind,.orc_unwind_ip,.text,.text.unlikely,__dyndbg,__jump_table,__versions
kernel/drivers/media/rc/rc-loopback.ko	runtime-data-different-code-equivalent	false	false	true	true	true	true	__versions
kernel/drivers/media/rc/redrat3.ko	runtime-code-or-symbol-different	false	false	false	false	false	false	.orc_unwind,.text,.text.unlikely,__dyndbg,__jump_table,__versions
kernel/drivers/media/rc/serial_ir.ko	runtime-code-or-symbol-different	false	false	false	false	false	false	.text,.text.unlikely,__dyndbg,__jump_table,__versions
kernel/drivers/media/rc/sir_ir.ko	runtime-code-or-symbol-different	false	false	false	false	false	false	.orc_unwind,.orc_unwind_ip,.text,__dyndbg,__jump_table,__versions
kernel/drivers/media/rc/streamzap.ko	runtime-code-or-symbol-different	false	false	false	false	false	false	.orc_unwind,.orc_unwind_ip,.rodata.str1.1,.rodata.str1.8,.text,.text.unlikely,__dyndbg,__jump_table,__mcount_loc,__versions
kernel/drivers/media/rc/ttusbir.ko	runtime-code-or-symbol-different	false	false	false	false	false	false	.orc_unwind,.orc_unwind_ip,.text,__dyndbg,__jump_table,__versions
kernel/drivers/media/rc/winbond-cir.ko	runtime-code-or-symbol-different	false	false	false	false	false	false	.orc_unwind,.text,__dyndbg,__jump_table,__versions
kernel/drivers/media/test-drivers/vivid/vivid.ko	runtime-data-different-code-equivalent	false	false	true	true	true	true	__versions
kernel/drivers/media/tuners/e4000.ko	runtime-code-or-symbol-different	false	false	false	false	false	false	.orc_unwind,.orc_unwind_ip,.return_sites,.rodata.str1.1,.text,__dyndbg,__jump_table,__mcount_loc,__versions
kernel/drivers/media/tuners/fc0011.ko	runtime-code-or-symbol-different	false	false	false	false	false	false	.text,__dyndbg,__jump_table,__versions
kernel/drivers/media/tuners/fc0012.ko	runtime-code-or-symbol-different	false	false	false	false	false	false	.text,.text.unlikely,__dyndbg,__jump_table,__versions
kernel/drivers/media/tuners/fc0013.ko	runtime-data-different-code-equivalent	false	false	true	true	true	true	__versions
kernel/drivers/media/tuners/fc2580.ko	runtime-code-or-symbol-different	false	false	false	false	false	false	.orc_unwind,.orc_unwind_ip,.return_sites,.text,__dyndbg,__jump_table,__mcount_loc,__versions
kernel/drivers/media/tuners/it913x.ko	runtime-code-or-symbol-different	false	false	false	false	false	false	.orc_unwind,.orc_unwind_ip,.return_sites,.text,.text.unlikely,__dyndbg,__jump_table,__versions
kernel/drivers/media/tuners/m88rs6000t.ko	runtime-code-or-symbol-different	false	false	false	false	false	false	.orc_unwind,.orc_unwind_ip,.return_sites,.text,__dyndbg,__jump_table,__versions
kernel/drivers/media/tuners/max2165.ko	runtime-data-different-code-equivalent	false	false	true	true	true	true	__versions
kernel/drivers/media/tuners/mc44s803.ko	runtime-data-different-code-equivalent	false	false	true	true	true	true	__versions
kernel/drivers/media/tuners/msi001.ko	runtime-code-or-symbol-different	false	false	false	false	false	false	.orc_unwind,.orc_unwind_ip,.return_sites,.text,__dyndbg,__jump_table,__versions
kernel/drivers/media/tuners/mt2060.ko	runtime-code-or-symbol-different	false	false	false	false	false	false	.orc_unwind,.orc_unwind_ip,.text,.text.unlikely,__dyndbg,__jump_table,__versions
kernel/drivers/media/tuners/mt2063.ko	runtime-data-different-code-equivalent	false	false	true	true	true	true	__versions
kernel/drivers/media/tuners/mt20xx.ko	runtime-data-different-code-equivalent	false	false	true	true	true	true	__versions
kernel/drivers/media/tuners/mt2131.ko	runtime-data-different-code-equivalent	false	false	true	true	true	true	__versions
kernel/drivers/media/tuners/mt2266.ko	runtime-data-different-code-equivalent	false	false	true	true	true	true	__versions
kernel/drivers/media/tuners/mxl301rf.ko	runtime-data-different-code-equivalent	false	false	true	true	true	true	__versions
kernel/drivers/media/tuners/mxl5005s.ko	runtime-data-different-code-equivalent	false	false	true	true	true	true	__versions
kernel/drivers/media/tuners/mxl5007t.ko	runtime-data-different-code-equivalent	false	false	true	true	true	true	__versions
kernel/drivers/media/tuners/qm1d1b0004.ko	runtime-data-different-code-equivalent	false	false	true	true	true	true	__versions
kernel/drivers/media/tuners/qm1d1c0042.ko	runtime-data-different-code-equivalent	false	false	true	true	true	true	__versions
kernel/drivers/media/tuners/qt1010.ko	runtime-code-or-symbol-different	false	false	false	false	false	false	.text,__dyndbg,__jump_table,__versions
kernel/drivers/media/tuners/r820t.ko	runtime-data-different-code-equivalent	false	false	true	true	true	true	__versions
kernel/drivers/media/tuners/si2157.ko	runtime-code-or-symbol-different	false	false	false	false	false	false	.orc_unwind,.orc_unwind_ip,.return_sites,.text,.text.unlikely,__dyndbg,__jump_table,__versions
kernel/drivers/media/tuners/tda18212.ko	runtime-code-or-symbol-different	false	false	false	false	false	false	.text,__dyndbg,__jump_table,__versions
kernel/drivers/media/tuners/tda18218.ko	runtime-code-or-symbol-different	false	false	false	false	false	false	.orc_unwind,.orc_unwind_ip,.return_sites,.text,.text.unlikely,__dyndbg,__jump_table,__versions
kernel/drivers/media/tuners/tda18250.ko	runtime-code-or-symbol-different	false	false	false	false	false	false	.orc_unwind,.orc_unwind_ip,.return_sites,.rodata.str1.1,.text,.text.unlikely,__dyndbg,__jump_table,__versions
kernel/drivers/media/tuners/tda18271.ko	runtime-data-different-code-equivalent	false	false	true	true	true	true	__versions
kernel/drivers/media/tuners/tda827x.ko	runtime-data-different-code-equivalent	false	false	true	true	true	true	__versions
kernel/drivers/media/tuners/tda8290.ko	runtime-data-different-code-equivalent	false	false	true	true	true	true	__versions
kernel/drivers/media/tuners/tda9887.ko	runtime-data-different-code-equivalent	false	false	true	true	true	true	__versions
kernel/drivers/media/tuners/tea5761.ko	runtime-data-different-code-equivalent	false	false	true	true	true	true	__versions
kernel/drivers/media/tuners/tea5767.ko	runtime-data-different-code-equivalent	false	false	true	true	true	true	__versions
kernel/drivers/media/tuners/tua9001.ko	runtime-code-or-symbol-different	false	false	false	false	false	false	.orc_unwind,.orc_unwind_ip,.return_sites,.text,__dyndbg,__jump_table,__versions
kernel/drivers/media/tuners/tuner-simple.ko	runtime-data-different-code-equivalent	false	false	true	true	true	true	__versions
kernel/drivers/media/tuners/tuner-types.ko	runtime-data-different-code-equivalent	false	false	true	true	true	true	__versions
kernel/drivers/media/tuners/tuner-xc2028.ko	runtime-data-different-code-equivalent	false	false	true	true	true	true	__versions
kernel/drivers/media/tuners/xc4000.ko	runtime-data-different-code-equivalent	false	false	true	true	true	true	__versions
kernel/drivers/media/tuners/xc5000.ko	runtime-data-different-code-equivalent	false	false	true	true	true	true	__versions
kernel/drivers/media/usb/airspy/airspy.ko	runtime-code-or-symbol-different	false	false	false	false	false	false	.orc_unwind,.orc_unwind_ip,.return_sites,.text,.text.unlikely,__dyndbg,__jump_table,__versions
kernel/drivers/media/usb/as102/dvb-as102.ko	runtime-code-or-symbol-different	false	false	false	false	false	false	.orc_unwind,.orc_unwind_ip,.return_sites,.rodata.str1.8,.text,.text.unlikely,__dyndbg,__jump_table,__mcount_loc,__versions
kernel/drivers/media/usb/au0828/au0828.ko	runtime-code-or-symbol-different	false	false	false	false	false	false	.text,.text.unlikely,__dyndbg,__jump_table,__versions
kernel/drivers/media/usb/b2c2/b2c2-flexcop-usb.ko	runtime-data-different-code-equivalent	false	false	true	true	true	true	__versions
kernel/drivers/media/usb/cpia2/cpia2.ko	runtime-data-different-code-equivalent	false	false	true	true	true	true	__versions
kernel/drivers/media/usb/cx231xx/cx231xx-alsa.ko	runtime-code-or-symbol-different	false	false	false	false	false	false	.text,.text.unlikely,__dyndbg,__jump_table,__versions
kernel/drivers/media/usb/cx231xx/cx231xx-dvb.ko	runtime-code-or-symbol-different	false	false	false	false	false	false	.orc_unwind,.return_sites,.rodata.str1.1,.text,__dyndbg,__jump_table,__versions
kernel/drivers/media/usb/cx231xx/cx231xx.ko	runtime-code-or-symbol-different	false	false	false	false	false	false	.orc_unwind,.rodata.str1.1,.text,.text.unlikely,__dyndbg,__jump_table,__versions
kernel/drivers/media/usb/dvb-usb-v2/dvb-usb-af9015.ko	runtime-code-or-symbol-different	false	false	false	false	false	false	.orc_unwind,.orc_unwind_ip,.text,.text.unlikely,__dyndbg,__jump_table,__versions
kernel/drivers/media/usb/dvb-usb-v2/dvb-usb-af9035.ko	runtime-code-or-symbol-different	false	false	false	false	false	false	.orc_unwind,.return_sites,.rodata.str1.1,.text,.text.unlikely,__dyndbg,__jump_table,__versions
kernel/drivers/media/usb/dvb-usb-v2/dvb-usb-anysee.ko	runtime-code-or-symbol-different	false	false	false	false	false	false	.orc_unwind,.orc_unwind_ip,.rodata.str1.1,.rodata.str1.8,.text,.text.unlikely,__dyndbg,__jump_table,__versions
kernel/drivers/media/usb/dvb-usb-v2/dvb-usb-au6610.ko	runtime-code-or-symbol-different	false	false	false	false	false	false	.text,.text.unlikely,__dyndbg,__jump_table,__versions
kernel/drivers/media/usb/dvb-usb-v2/dvb-usb-az6007.ko	runtime-code-or-symbol-different	false	false	false	false	false	false	.orc_unwind,.orc_unwind_ip,.return_sites,.rodata.str1.1,.rodata.str1.8,.text,.text.unlikely,__dyndbg,__jump_table,__versions
kernel/drivers/media/usb/dvb-usb-v2/dvb-usb-ce6230.ko	runtime-code-or-symbol-different	false	false	false	false	false	false	.orc_unwind,.orc_unwind_ip,.text,.text.unlikely,__dyndbg,__jump_table,__versions
kernel/drivers/media/usb/dvb-usb-v2/dvb-usb-dvbsky.ko	runtime-code-or-symbol-different	false	false	false	false	false	false	.text,__dyndbg,__jump_table,__versions
kernel/drivers/media/usb/dvb-usb-v2/dvb-usb-ec168.ko	runtime-code-or-symbol-different	false	false	false	false	false	false	.orc_unwind,.orc_unwind_ip,.text,.text.unlikely,__dyndbg,__jump_table,__versions
kernel/drivers/media/usb/dvb-usb-v2/dvb-usb-gl861.ko	runtime-code-or-symbol-different	false	false	false	false	false	false	.orc_unwind,.orc_unwind_ip,.return_sites,.text,__dyndbg,__jump_table,__versions
kernel/drivers/media/usb/dvb-usb-v2/dvb-usb-lmedm04.ko	runtime-code-or-symbol-different	false	false	false	false	false	false	.text,.text.unlikely,__dyndbg,__jump_table,__versions
kernel/drivers/media/usb/dvb-usb-v2/dvb-usb-mxl111sf.ko	runtime-code-or-symbol-different	false	false	false	false	false	false	.orc_unwind,.orc_unwind_ip,.return_sites,.text,.text.unlikely,__dyndbg,__jump_table,__versions
kernel/drivers/media/usb/dvb-usb-v2/dvb-usb-rtl28xxu.ko	runtime-code-or-symbol-different	false	false	false	false	false	false	.orc_unwind,.orc_unwind_ip,.return_sites,.rodata.str1.1,.text,.text.unlikely,__dyndbg,__jump_table,__versions
kernel/drivers/media/usb/dvb-usb-v2/dvb_usb_v2.ko	runtime-code-or-symbol-different	false	false	false	false	false	false	.orc_unwind,.orc_unwind_ip,.return_sites,.rodata.str1.1,.text,.text.unlikely,__dyndbg,__jump_table,__versions
kernel/drivers/media/usb/dvb-usb-v2/mxl111sf-demod.ko	runtime-data-different-code-equivalent	false	false	true	true	true	true	__versions
kernel/drivers/media/usb/dvb-usb-v2/mxl111sf-tuner.ko	runtime-data-different-code-equivalent	false	false	true	true	true	true	__versions
kernel/drivers/media/usb/dvb-usb-v2/zd1301.ko	runtime-code-or-symbol-different	false	false	false	false	false	false	.orc_unwind,.orc_unwind_ip,.text,__dyndbg,__jump_table,__versions
kernel/drivers/media/usb/dvb-usb/dvb-usb-a800.ko	runtime-data-different-code-equivalent	false	false	true	true	true	true	__versions
kernel/drivers/media/usb/dvb-usb/dvb-usb-af9005-remote.ko	runtime-data-different-code-equivalent	false	false	true	true	true	true	__versions
kernel/drivers/media/usb/dvb-usb/dvb-usb-af9005.ko	runtime-data-different-code-equivalent	false	false	true	true	true	true	__versions
kernel/drivers/media/usb/dvb-usb/dvb-usb-az6027.ko	runtime-data-different-code-equivalent	false	false	true	true	true	true	__versions
kernel/drivers/media/usb/dvb-usb/dvb-usb-cinergyT2.ko	runtime-data-different-code-equivalent	false	false	true	true	true	true	__versions
kernel/drivers/media/usb/dvb-usb/dvb-usb-cxusb.ko	runtime-data-different-code-equivalent	false	false	true	true	true	true	__versions
kernel/drivers/media/usb/dvb-usb/dvb-usb-dib0700.ko	runtime-data-different-code-equivalent	false	false	true	true	true	true	__versions
kernel/drivers/media/usb/dvb-usb/dvb-usb-dibusb-common.ko	runtime-data-different-code-equivalent	false	false	true	true	true	true	__versions
kernel/drivers/media/usb/dvb-usb/dvb-usb-dibusb-mb.ko	runtime-data-different-code-equivalent	false	false	true	true	true	true	__versions
kernel/drivers/media/usb/dvb-usb/dvb-usb-dibusb-mc-common.ko	runtime-data-different-code-equivalent	false	false	true	true	true	true	__versions
kernel/drivers/media/usb/dvb-usb/dvb-usb-dibusb-mc.ko	runtime-data-different-code-equivalent	false	false	true	true	true	true	__versions
kernel/drivers/media/usb/dvb-usb/dvb-usb-digitv.ko	runtime-data-different-code-equivalent	false	false	true	true	true	true	__versions
kernel/drivers/media/usb/dvb-usb/dvb-usb-dtt200u.ko	runtime-data-different-code-equivalent	false	false	true	true	true	true	__versions
kernel/drivers/media/usb/dvb-usb/dvb-usb-dtv5100.ko	runtime-data-different-code-equivalent	false	false	true	true	true	true	__versions
kernel/drivers/media/usb/dvb-usb/dvb-usb-dw2102.ko	runtime-data-different-code-equivalent	false	false	true	true	true	true	__versions
kernel/drivers/media/usb/dvb-usb/dvb-usb-gp8psk.ko	runtime-data-different-code-equivalent	false	false	true	true	true	true	__versions
kernel/drivers/media/usb/dvb-usb/dvb-usb-m920x.ko	runtime-data-different-code-equivalent	false	false	true	true	true	true	__versions
kernel/drivers/media/usb/dvb-usb/dvb-usb-nova-t-usb2.ko	runtime-data-different-code-equivalent	false	false	true	true	true	true	__versions
kernel/drivers/media/usb/dvb-usb/dvb-usb-opera.ko	runtime-data-different-code-equivalent	false	false	true	true	true	true	__versions
kernel/drivers/media/usb/dvb-usb/dvb-usb-pctv452e.ko	runtime-data-different-code-equivalent	false	false	true	true	true	true	__versions
kernel/drivers/media/usb/dvb-usb/dvb-usb-technisat-usb2.ko	runtime-data-different-code-equivalent	false	false	true	true	true	true	__versions
kernel/drivers/media/usb/dvb-usb/dvb-usb-ttusb2.ko	runtime-data-different-code-equivalent	false	false	true	true	true	true	__versions
kernel/drivers/media/usb/dvb-usb/dvb-usb-umt-010.ko	runtime-data-different-code-equivalent	false	false	true	true	true	true	__versions
kernel/drivers/media/usb/dvb-usb/dvb-usb-vp702x.ko	runtime-data-different-code-equivalent	false	false	true	true	true	true	__versions
kernel/drivers/media/usb/dvb-usb/dvb-usb-vp7045.ko	runtime-data-different-code-equivalent	false	false	true	true	true	true	__versions
kernel/drivers/media/usb/dvb-usb/dvb-usb.ko	runtime-data-different-code-equivalent	false	false	true	true	true	true	__versions
kernel/drivers/media/usb/em28xx/em28xx-alsa.ko	runtime-data-different-code-equivalent	false	false	true	true	true	true	__versions
kernel/drivers/media/usb/em28xx/em28xx-dvb.ko	runtime-data-different-code-equivalent	false	false	true	true	true	true	__versions
kernel/drivers/media/usb/em28xx/em28xx-rc.ko	runtime-data-different-code-equivalent	false	false	true	true	true	true	__versions
kernel/drivers/media/usb/em28xx/em28xx-v4l.ko	runtime-data-different-code-equivalent	false	false	true	true	true	true	__versions
kernel/drivers/media/usb/em28xx/em28xx.ko	runtime-data-different-code-equivalent	false	false	true	true	true	true	__versions
kernel/drivers/media/usb/gspca/gl860/gspca_gl860.ko	runtime-data-different-code-equivalent	false	false	true	true	true	true	__versions
kernel/drivers/media/usb/gspca/gspca_benq.ko	runtime-data-different-code-equivalent	false	false	true	true	true	true	__versions
kernel/drivers/media/usb/gspca/gspca_conex.ko	runtime-data-different-code-equivalent	false	false	true	true	true	true	__versions
kernel/drivers/media/usb/gspca/gspca_cpia1.ko	runtime-data-different-code-equivalent	false	false	true	true	true	true	__versions
kernel/drivers/media/usb/gspca/gspca_dtcs033.ko	runtime-data-different-code-equivalent	false	false	true	true	true	true	__versions
kernel/drivers/media/usb/gspca/gspca_etoms.ko	runtime-data-different-code-equivalent	false	false	true	true	true	true	__versions
kernel/drivers/media/usb/gspca/gspca_finepix.ko	runtime-data-different-code-equivalent	false	false	true	true	true	true	__versions
kernel/drivers/media/usb/gspca/gspca_jeilinj.ko	runtime-data-different-code-equivalent	false	false	true	true	true	true	__versions
kernel/drivers/media/usb/gspca/gspca_jl2005bcd.ko	runtime-data-different-code-equivalent	false	false	true	true	true	true	__versions
kernel/drivers/media/usb/gspca/gspca_kinect.ko	runtime-data-different-code-equivalent	false	false	true	true	true	true	__versions
kernel/drivers/media/usb/gspca/gspca_konica.ko	runtime-data-different-code-equivalent	false	false	true	true	true	true	__versions
kernel/drivers/media/usb/gspca/gspca_main.ko	runtime-data-different-code-equivalent	false	false	true	true	true	true	__versions
kernel/drivers/media/usb/gspca/gspca_mars.ko	runtime-data-different-code-equivalent	false	false	true	true	true	true	__versions
kernel/drivers/media/usb/gspca/gspca_mr97310a.ko	runtime-data-different-code-equivalent	false	false	true	true	true	true	__versions
kernel/drivers/media/usb/gspca/gspca_nw80x.ko	runtime-data-different-code-equivalent	false	false	true	true	true	true	__versions
kernel/drivers/media/usb/gspca/gspca_ov519.ko	runtime-data-different-code-equivalent	false	false	true	true	true	true	__versions
kernel/drivers/media/usb/gspca/gspca_ov534.ko	runtime-data-different-code-equivalent	false	false	true	true	true	true	__versions
kernel/drivers/media/usb/gspca/gspca_ov534_9.ko	runtime-data-different-code-equivalent	false	false	true	true	true	true	__versions
kernel/drivers/media/usb/gspca/gspca_pac207.ko	runtime-data-different-code-equivalent	false	false	true	true	true	true	__versions
kernel/drivers/media/usb/gspca/gspca_pac7302.ko	runtime-data-different-code-equivalent	false	false	true	true	true	true	__versions
kernel/drivers/media/usb/gspca/gspca_pac7311.ko	runtime-data-different-code-equivalent	false	false	true	true	true	true	__versions
kernel/drivers/media/usb/gspca/gspca_se401.ko	runtime-data-different-code-equivalent	false	false	true	true	true	true	__versions
kernel/drivers/media/usb/gspca/gspca_sn9c2028.ko	runtime-data-different-code-equivalent	false	false	true	true	true	true	__versions
kernel/drivers/media/usb/gspca/gspca_sn9c20x.ko	runtime-data-different-code-equivalent	false	false	true	true	true	true	__versions
kernel/drivers/media/usb/gspca/gspca_sonixb.ko	runtime-data-different-code-equivalent	false	false	true	true	true	true	__versions
kernel/drivers/media/usb/gspca/gspca_sonixj.ko	runtime-data-different-code-equivalent	false	false	true	true	true	true	__versions
kernel/drivers/media/usb/gspca/gspca_spca1528.ko	runtime-data-different-code-equivalent	false	false	true	true	true	true	__versions
kernel/drivers/media/usb/gspca/gspca_spca500.ko	runtime-data-different-code-equivalent	false	false	true	true	true	true	__versions
kernel/drivers/media/usb/gspca/gspca_spca501.ko	runtime-data-different-code-equivalent	false	false	true	true	true	true	__versions
kernel/drivers/media/usb/gspca/gspca_spca505.ko	runtime-data-different-code-equivalent	false	false	true	true	true	true	__versions
kernel/drivers/media/usb/gspca/gspca_spca506.ko	runtime-data-different-code-equivalent	false	false	true	true	true	true	__versions
kernel/drivers/media/usb/gspca/gspca_spca508.ko	runtime-data-different-code-equivalent	false	false	true	true	true	true	__versions
kernel/drivers/media/usb/gspca/gspca_spca561.ko	runtime-data-different-code-equivalent	false	false	true	true	true	true	__versions
kernel/drivers/media/usb/gspca/gspca_sq905.ko	runtime-data-different-code-equivalent	false	false	true	true	true	true	__versions
kernel/drivers/media/usb/gspca/gspca_sq905c.ko	runtime-data-different-code-equivalent	false	false	true	true	true	true	__versions
kernel/drivers/media/usb/gspca/gspca_sq930x.ko	runtime-data-different-code-equivalent	false	false	true	true	true	true	__versions
kernel/drivers/media/usb/gspca/gspca_stk014.ko	runtime-data-different-code-equivalent	false	false	true	true	true	true	__versions
kernel/drivers/media/usb/gspca/gspca_stk1135.ko	runtime-data-different-code-equivalent	false	false	true	true	true	true	__versions
kernel/drivers/media/usb/gspca/gspca_stv0680.ko	runtime-data-different-code-equivalent	false	false	true	true	true	true	__versions
kernel/drivers/media/usb/gspca/gspca_sunplus.ko	runtime-data-different-code-equivalent	false	false	true	true	true	true	__versions
kernel/drivers/media/usb/gspca/gspca_t613.ko	runtime-data-different-code-equivalent	false	false	true	true	true	true	__versions
kernel/drivers/media/usb/gspca/gspca_topro.ko	runtime-data-different-code-equivalent	false	false	true	true	true	true	__versions
kernel/drivers/media/usb/gspca/gspca_touptek.ko	runtime-data-different-code-equivalent	false	false	true	true	true	true	__versions
kernel/drivers/media/usb/gspca/gspca_tv8532.ko	runtime-data-different-code-equivalent	false	false	true	true	true	true	__versions
kernel/drivers/media/usb/gspca/gspca_vc032x.ko	runtime-data-different-code-equivalent	false	false	true	true	true	true	__versions
kernel/drivers/media/usb/gspca/gspca_vicam.ko	runtime-data-different-code-equivalent	false	false	true	true	true	true	__versions
kernel/drivers/media/usb/gspca/gspca_xirlink_cit.ko	runtime-data-different-code-equivalent	false	false	true	true	true	true	__versions
kernel/drivers/media/usb/gspca/gspca_zc3xx.ko	runtime-data-different-code-equivalent	false	false	true	true	true	true	__versions
kernel/drivers/media/usb/gspca/m5602/gspca_m5602.ko	runtime-data-different-code-equivalent	false	false	true	true	true	true	__versions
kernel/drivers/media/usb/gspca/stv06xx/gspca_stv06xx.ko	runtime-data-different-code-equivalent	false	false	true	true	true	true	__versions
kernel/drivers/media/usb/hackrf/hackrf.ko	runtime-code-or-symbol-different	false	false	false	false	false	false	.orc_unwind,.orc_unwind_ip,.return_sites,.text,.text.unlikely,__dyndbg,__jump_table,__versions
kernel/drivers/media/usb/hdpvr/hdpvr.ko	runtime-data-different-code-equivalent	false	false	true	true	true	true	__versions
kernel/drivers/media/usb/msi2500/msi2500.ko	runtime-code-or-symbol-different	false	false	false	false	false	false	.orc_unwind,.orc_unwind_ip,.text,.text.unlikely,__dyndbg,__jump_table,__versions
kernel/drivers/media/usb/pvrusb2/pvrusb2.ko	runtime-code-or-symbol-different	false	false	false	false	false	false	.text,__dyndbg,__jump_table,__versions
kernel/drivers/media/usb/pwc/pwc.ko	runtime-code-or-symbol-different	false	false	false	false	false	false	.text,.text.unlikely,__jump_table,__tracepoints,__versions
kernel/drivers/media/usb/s2255/s2255drv.ko	runtime-code-or-symbol-different	false	false	false	false	false	false	.text,.text.unlikely,__dyndbg,__jump_table,__versions
kernel/drivers/media/usb/siano/smsusb.ko	runtime-code-or-symbol-different	false	false	false	false	false	false	.orc_unwind,.orc_unwind_ip,.text,.text.unlikely,__dyndbg,__jump_table,__versions
kernel/drivers/media/usb/stk1160/stk1160.ko	runtime-data-different-code-equivalent	false	false	true	true	true	true	__versions
kernel/drivers/media/usb/stkwebcam/stkwebcam.ko	runtime-data-different-code-equivalent	false	false	true	true	true	true	__versions
kernel/drivers/media/usb/tm6000/tm6000-alsa.ko	runtime-data-different-code-equivalent	false	false	true	true	true	true	__versions
kernel/drivers/media/usb/tm6000/tm6000-dvb.ko	runtime-data-different-code-equivalent	false	false	true	true	true	true	__versions
kernel/drivers/media/usb/tm6000/tm6000.ko	runtime-data-different-code-equivalent	false	false	true	true	true	true	__versions
kernel/drivers/media/usb/ttusb-budget/dvb-ttusb-budget.ko	runtime-data-different-code-equivalent	false	false	true	true	true	true	__versions
kernel/drivers/media/usb/ttusb-dec/ttusb_dec.ko	runtime-data-different-code-equivalent	false	false	true	true	true	true	__versions
kernel/drivers/media/usb/ttusb-dec/ttusbdecfe.ko	runtime-data-different-code-equivalent	false	false	true	true	true	true	__versions
kernel/drivers/media/usb/usbtv/usbtv.ko	runtime-data-different-code-equivalent	false	false	true	true	true	true	__versions
kernel/drivers/media/usb/uvc/uvcvideo.ko	runtime-data-different-code-equivalent	false	false	true	true	true	true	__versions
kernel/drivers/media/usb/zr364xx/zr364xx.ko	runtime-data-different-code-equivalent	false	false	true	true	true	true	__versions
kernel/drivers/media/v4l2-core/tuner.ko	runtime-data-different-code-equivalent	false	false	true	true	true	true	__versions
kernel/drivers/media/v4l2-core/v4l2-dv-timings.ko	runtime-data-different-code-equivalent	false	false	true	true	true	true	__versions
kernel/drivers/media/v4l2-core/v4l2-fwnode.ko	runtime-code-or-symbol-different	false	false	false	false	false	false	.orc_unwind,.orc_unwind_ip,.return_sites,.rodata.str1.1,.text,.text.unlikely,__dyndbg,__jump_table,__versions
kernel/drivers/media/v4l2-core/videobuf-core.ko	runtime-data-different-code-equivalent	false	false	true	true	true	true	__versions
kernel/drivers/media/v4l2-core/videobuf-dma-sg.ko	runtime-data-different-code-equivalent	false	false	true	true	true	true	__versions
kernel/drivers/media/v4l2-core/videobuf-vmalloc.ko	runtime-data-different-code-equivalent	false	false	true	true	true	true	__versions
kernel/drivers/media/v4l2-core/videodev.ko	runtime-code-or-symbol-different	false	false	false	false	false	false	.orc_unwind,.text,__dyndbg,__jump_table,__tracepoints,__versions
kernel/drivers/memstick/core/memstick.ko	runtime-code-or-symbol-different	false	false	false	false	false	false	.orc_unwind,.orc_unwind_ip,.text,__dyndbg,__jump_table,__versions
kernel/drivers/memstick/core/mspro_block.ko	runtime-code-or-symbol-different	false	false	false	false	false	false	.orc_unwind,.text,.text.unlikely,__dyndbg,__jump_table,__versions
kernel/drivers/memstick/host/jmb38x_ms.ko	runtime-code-or-symbol-different	false	false	false	false	false	false	.orc_unwind,.orc_unwind_ip,.return_sites,.text,__dyndbg,__jump_table,__versions
kernel/drivers/memstick/host/r592.ko	runtime-data-different-code-equivalent	false	false	true	true	true	true	__versions
kernel/drivers/memstick/host/rtsx_pci_ms.ko	runtime-code-or-symbol-different	false	false	false	false	false	false	.orc_unwind,.orc_unwind_ip,.return_sites,.text,__dyndbg,__jump_table,__versions
kernel/drivers/memstick/host/rtsx_usb_ms.ko	runtime-code-or-symbol-different	false	false	false	false	false	false	.orc_unwind,.orc_unwind_ip,.text,__dyndbg,__jump_table,__versions
kernel/drivers/memstick/host/tifm_ms.ko	runtime-code-or-symbol-different	false	false	false	false	false	false	.orc_unwind,.orc_unwind_ip,.return_sites,.text,.text.unlikely,__dyndbg,__jump_table,__versions
kernel/drivers/message/fusion/mptbase.ko	runtime-data-different-code-equivalent	false	false	true	true	true	true	__versions
kernel/drivers/message/fusion/mptctl.ko	runtime-data-different-code-equivalent	false	false	true	true	true	true	__versions
kernel/drivers/message/fusion/mptfc.ko	runtime-data-different-code-equivalent	false	false	true	true	true	true	__versions
kernel/drivers/message/fusion/mptlan.ko	runtime-data-different-code-equivalent	false	false	true	true	true	true	__versions
kernel/drivers/message/fusion/mptsas.ko	runtime-data-different-code-equivalent	false	false	true	true	true	true	__versions
kernel/drivers/message/fusion/mptscsih.ko	runtime-data-different-code-equivalent	false	false	true	true	true	true	__versions
kernel/drivers/message/fusion/mptspi.ko	runtime-data-different-code-equivalent	false	false	true	true	true	true	__versions
kernel/drivers/mfd/axp20x-i2c.ko	runtime-data-different-code-equivalent	false	false	true	true	true	true	__versions
kernel/drivers/mfd/axp20x.ko	runtime-data-different-code-equivalent	false	false	true	true	true	true	__versions
kernel/drivers/mfd/intel-lpss-acpi.ko	runtime-data-different-code-equivalent	false	false	true	true	true	true	__versions
kernel/drivers/mfd/intel-lpss-pci.ko	runtime-data-different-code-equivalent	false	false	true	true	true	true	__versions
kernel/drivers/mfd/intel-lpss.ko	runtime-data-different-code-equivalent	false	false	true	true	true	true	__versions
kernel/drivers/mfd/intel_pmc_bxt.ko	runtime-data-different-code-equivalent	false	false	true	true	true	true	__versions
kernel/drivers/mfd/intel_soc_pmic_bxtwc.ko	runtime-data-different-code-equivalent	false	false	true	true	true	true	__versions
kernel/drivers/mfd/intel_soc_pmic_chtdc_ti.ko	runtime-data-different-code-equivalent	false	false	true	true	true	true	__versions
kernel/drivers/mfd/kempld-core.ko	runtime-data-different-code-equivalent	false	false	true	true	true	true	__versions
kernel/drivers/mfd/lpc_ich.ko	runtime-data-different-code-equivalent	false	false	true	true	true	true	__versions
kernel/drivers/mfd/lpc_sch.ko	runtime-data-different-code-equivalent	false	false	true	true	true	true	__versions
kernel/drivers/mfd/menf21bmc.ko	runtime-data-different-code-equivalent	false	false	true	true	true	true	__versions
kernel/drivers/mfd/viperboard.ko	runtime-code-or-symbol-different	false	false	false	false	false	false	.text,__dyndbg,__jump_table,__versions
kernel/drivers/misc/ad525x_dpot-i2c.ko	runtime-data-different-code-equivalent	false	false	true	true	true	true	__versions
kernel/drivers/misc/ad525x_dpot-spi.ko	runtime-data-different-code-equivalent	false	false	true	true	true	true	__versions
kernel/drivers/misc/ad525x_dpot.ko	runtime-data-different-code-equivalent	false	false	true	true	true	true	__versions
kernel/drivers/misc/altera-stapl/altera-stapl.ko	runtime-data-different-code-equivalent	false	false	true	true	true	true	__versions
kernel/drivers/misc/apds9802als.ko	runtime-data-different-code-equivalent	false	false	true	true	true	true	__versions
kernel/drivers/misc/apds990x.ko	runtime-data-different-code-equivalent	false	false	true	true	true	true	__versions
kernel/drivers/misc/bh1770glc.ko	runtime-code-or-symbol-different	false	false	false	false	false	false	.text,__dyndbg,__jump_table,__versions
kernel/drivers/misc/c2port/c2port-duramar2150.ko	runtime-data-different-code-equivalent	false	false	true	true	true	true	__versions
kernel/drivers/misc/c2port/core.ko	runtime-data-different-code-equivalent	false	false	true	true	true	true	__versions
kernel/drivers/misc/cardreader/rtsx_pci.ko	runtime-code-or-symbol-different	false	false	false	false	false	false	.orc_unwind,.orc_unwind_ip,.text,__dyndbg,__jump_table,__versions
kernel/drivers/misc/cardreader/rtsx_usb.ko	runtime-code-or-symbol-different	false	false	false	false	false	false	.text,__dyndbg,__jump_table,__versions
kernel/drivers/misc/cb710/cb710.ko	runtime-code-or-symbol-different	false	false	false	false	false	false	.text,.text.unlikely,__dyndbg,__jump_table,__versions
kernel/drivers/misc/ds1682.ko	runtime-code-or-symbol-different	false	false	false	false	false	false	.orc_unwind,.orc_unwind_ip,.text,__dyndbg,__jump_table,__versions
kernel/drivers/misc/eeprom/at24.ko	runtime-code-or-symbol-different	false	false	false	false	false	false	.orc_unwind,.text,__dyndbg,__jump_table,__versions
kernel/drivers/misc/eeprom/at25.ko	runtime-code-or-symbol-different	false	false	false	false	false	false	.orc_unwind,.text,.text.unlikely,__dyndbg,__jump_table,__versions
kernel/drivers/misc/eeprom/ee1004.ko	runtime-code-or-symbol-different	false	false	false	false	false	false	.orc_unwind,.orc_unwind_ip,.return_sites,.text,.text.unlikely,__dyndbg,__jump_table,__versions
kernel/drivers/misc/eeprom/eeprom.ko	runtime-code-or-symbol-different	false	false	false	false	false	false	.orc_unwind,.orc_unwind_ip,.text,__dyndbg,__jump_table,__versions
kernel/drivers/misc/eeprom/eeprom_93cx6.ko	runtime-data-different-code-equivalent	false	false	true	true	true	true	__versions
kernel/drivers/misc/eeprom/max6875.ko	runtime-code-or-symbol-different	false	false	false	false	false	false	.orc_unwind,.text,.text.unlikely,__dyndbg,__jump_table,__versions
kernel/drivers/misc/enclosure.ko	runtime-data-different-code-equivalent	false	false	true	true	true	true	__versions
kernel/drivers/misc/hmc6352.ko	runtime-data-different-code-equivalent	false	false	true	true	true	true	__versions
kernel/drivers/misc/hpilo.ko	runtime-code-or-symbol-different	false	false	false	false	false	false	.text,__dyndbg,__jump_table,__versions
kernel/drivers/misc/ibmasm/ibmasm.ko	runtime-data-different-code-equivalent	false	false	true	true	true	true	__versions
kernel/drivers/misc/ics932s401.ko	runtime-data-different-code-equivalent	false	false	true	true	true	true	__versions
kernel/drivers/misc/isl29003.ko	runtime-data-different-code-equivalent	false	false	true	true	true	true	__versions
kernel/drivers/misc/isl29020.ko	runtime-data-different-code-equivalent	false	false	true	true	true	true	__versions
kernel/drivers/misc/lis3lv02d/lis3lv02d.ko	runtime-code-or-symbol-different	false	false	false	false	false	true	.text.unlikely,__dyndbg,__jump_table,__versions
kernel/drivers/misc/lis3lv02d/lis3lv02d_i2c.ko	runtime-data-different-code-equivalent	false	false	true	true	true	true	__versions
kernel/drivers/misc/mei/hdcp/mei_hdcp.ko	runtime-code-or-symbol-different	false	false	false	false	false	false	.orc_unwind,.orc_unwind_ip,.text,__dyndbg,__jump_table,__versions
kernel/drivers/misc/mei/mei-me.ko	runtime-code-or-symbol-different	false	false	false	false	false	false	.orc_unwind,.orc_unwind_ip,.return_sites,.static_call_sites,.text,.text.unlikely,__dyndbg,__jump_table,__versions
kernel/drivers/misc/mei/mei-txe.ko	runtime-code-or-symbol-different	false	false	false	false	false	false	.orc_unwind,.orc_unwind_ip,.return_sites,.rodata.str1.1,.rodata.str1.8,.text,.text.unlikely,__bug_table,__dyndbg,__jump_table,__mcount_loc,__versions
kernel/drivers/misc/mei/mei.ko	runtime-code-or-symbol-different	false	false	false	false	false	false	.orc_unwind,.orc_unwind_ip,.return_sites,.rodata.str1.1,.text,.text.unlikely,__dyndbg,__jump_table,__tracepoints,__versions
kernel/drivers/misc/phantom.ko	runtime-code-or-symbol-different	false	false	false	false	false	false	.exit.text,.orc_unwind,.orc_unwind_ip,.text,__dyndbg,__jump_table,__versions
kernel/drivers/misc/pvpanic.ko	runtime-data-different-code-equivalent	false	false	true	true	true	true	__versions
kernel/drivers/misc/tifm_7xx1.ko	runtime-code-or-symbol-different	false	false	false	false	false	false	.orc_unwind,.orc_unwind_ip,.text,__dyndbg,__jump_table,__versions
kernel/drivers/misc/tifm_core.ko	runtime-data-different-code-equivalent	false	false	true	true	true	true	__versions
kernel/drivers/misc/tsl2550.ko	runtime-data-different-code-equivalent	false	false	true	true	true	true	__versions
kernel/drivers/misc/vmw_balloon.ko	runtime-code-or-symbol-different	false	false	false	false	false	false	.bss,.data,.exit.text,.orc_unwind,.return_sites,.rodata,.rodata.str1.1,.rodata.str1.8,.text,__bug_table,__dyndbg,__jump_table,__mcount_loc,__versions
kernel/drivers/misc/vmw_vmci/vmw_vmci.ko	runtime-code-or-symbol-different	false	false	false	false	false	false	.exit.text,.orc_unwind,.orc_unwind_ip,.text,.text.unlikely,__dyndbg,__jump_table,__versions
kernel/drivers/mmc/core/mmc_block.ko	runtime-code-or-symbol-different	false	false	false	false	false	false	.orc_unwind,.orc_unwind_ip,.text,__dyndbg,__jump_table,__versions
kernel/drivers/mmc/core/mmc_core.ko	runtime-code-or-symbol-different	false	false	false	false	false	false	.orc_unwind,.orc_unwind_ip,.return_sites,.rodata.str1.8,.text,.text.unlikely,__dyndbg,__jump_table,__tracepoints,__versions
kernel/drivers/mmc/core/sdio_uart.ko	runtime-code-or-symbol-different	false	false	false	false	false	false	.orc_unwind,.orc_unwind_ip,.return_sites,.text,__dyndbg,__jump_table,__versions
kernel/drivers/mmc/host/cb710-mmc.ko	runtime-code-or-symbol-different	false	false	false	false	false	false	.orc_unwind,.orc_unwind_ip,.rodata.str1.1,.rodata.str1.8,.text,.text.unlikely,__dyndbg,__jump_table,__versions
kernel/drivers/mmc/host/cqhci.ko	runtime-code-or-symbol-different	false	false	false	false	false	false	.orc_unwind,.orc_unwind_ip,.retpoline_sites,.return_sites,.rodata.str1.1,.rodata.str1.8,.text,.text.unlikely,__bug_table,__dyndbg,__jump_table,__versions
kernel/drivers/mmc/host/rtsx_pci_sdmmc.ko	runtime-code-or-symbol-different	false	false	false	false	false	false	.orc_unwind,.orc_unwind_ip,.return_sites,.text,__dyndbg,__jump_table,__versions
kernel/drivers/mmc/host/rtsx_usb_sdmmc.ko	runtime-code-or-symbol-different	false	false	false	false	false	false	.orc_unwind,.orc_unwind_ip,.return_sites,.text,__dyndbg,__jump_table,__versions
kernel/drivers/mmc/host/sdhci-acpi.ko	runtime-code-or-symbol-different	false	false	false	false	false	false	.text,__dyndbg,__jump_table,__versions
kernel/drivers/mmc/host/sdhci-pci.ko	runtime-code-or-symbol-different	false	false	false	false	false	false	.text,.text.unlikely,__dyndbg,__jump_table,__versions
kernel/drivers/mmc/host/sdhci.ko	runtime-code-or-symbol-different	false	false	false	false	false	false	.text,.text.unlikely,__bug_table,__dyndbg,__jump_table,__versions
kernel/drivers/mmc/host/sdricoh_cs.ko	runtime-code-or-symbol-different	false	false	false	false	false	false	.orc_unwind,.orc_unwind_ip,.return_sites,.rodata.str1.1,.text,.text.unlikely,__dyndbg,__jump_table,__mcount_loc,__versions
kernel/drivers/mmc/host/tifm_sd.ko	runtime-code-or-symbol-different	false	false	false	false	false	false	.orc_unwind,.text,__bug_table,__dyndbg,__jump_table,__versions
kernel/drivers/mmc/host/toshsd.ko	runtime-code-or-symbol-different	false	false	false	false	false	false	.text,.text.unlikely,__dyndbg,__jump_table,__versions
kernel/drivers/mmc/host/ushc.ko	runtime-data-different-code-equivalent	false	false	true	true	true	true	__versions
kernel/drivers/mmc/host/via-sdmmc.ko	runtime-code-or-symbol-different	false	false	false	false	false	false	.orc_unwind,.orc_unwind_ip,.text,__dyndbg,__jump_table,__versions
kernel/drivers/mmc/host/vub300.ko	runtime-code-or-symbol-different	false	false	false	false	false	false	.orc_unwind,.orc_unwind_ip,.text,__dyndbg,__jump_table,__versions
kernel/drivers/mmc/host/wbsd.ko	runtime-code-or-symbol-different	false	false	false	false	false	false	.exit.text,.orc_unwind,.orc_unwind_ip,.return_sites,.text,.text.unlikely,__dyndbg,__jump_table,__versions
kernel/drivers/mtd/chips/cfi_cmdset_0001.ko	runtime-code-or-symbol-different	false	false	false	false	false	false	.text,__dyndbg,__jump_table,__versions
kernel/drivers/mtd/chips/cfi_cmdset_0002.ko	runtime-code-or-symbol-different	false	false	false	false	false	false	.orc_unwind,.orc_unwind_ip,.return_sites,.rodata.str1.1,.text,.text.unlikely,__dyndbg,__jump_table,__versions
kernel/drivers/mtd/chips/cfi_cmdset_0020.ko	runtime-data-different-code-equivalent	false	false	true	true	true	true	__versions
kernel/drivers/mtd/chips/cfi_probe.ko	runtime-data-different-code-equivalent	false	false	true	true	true	true	__versions
kernel/drivers/mtd/chips/cfi_util.ko	runtime-data-different-code-equivalent	false	false	true	true	true	true	__versions
kernel/drivers/mtd/chips/chipreg.ko	runtime-data-different-code-equivalent	false	false	true	true	true	true	__versions
kernel/drivers/mtd/chips/gen_probe.ko	runtime-code-or-symbol-different	false	false	false	false	false	false	.orc_unwind,.orc_unwind_ip,.text,__dyndbg,__jump_table,__versions
kernel/drivers/mtd/chips/jedec_probe.ko	runtime-code-or-symbol-different	false	false	false	false	false	false	.orc_unwind,.text,.text.unlikely,__dyndbg,__jump_table,__versions
kernel/drivers/mtd/chips/map_absent.ko	runtime-data-different-code-equivalent	false	false	true	true	true	true	__versions
kernel/drivers/mtd/chips/map_ram.ko	runtime-data-different-code-equivalent	false	false	true	true	true	true	__versions
kernel/drivers/mtd/chips/map_rom.ko	runtime-data-different-code-equivalent	false	false	true	true	true	true	__versions
kernel/drivers/mtd/devices/block2mtd.ko	runtime-code-or-symbol-different	false	false	false	false	false	false	.orc_unwind,.orc_unwind_ip,.text,__jump_table,__versions
kernel/drivers/mtd/devices/mtd_dataflash.ko	runtime-code-or-symbol-different	false	false	false	false	false	false	.orc_unwind,.orc_unwind_ip,.text,.text.unlikely,__dyndbg,__jump_table,__versions
kernel/drivers/mtd/devices/mtdram.ko	runtime-code-or-symbol-different	false	false	false	false	false	false	.orc_unwind,.orc_unwind_ip,.return_sites,.text,__dyndbg,__jump_table,__versions
kernel/drivers/mtd/devices/phram.ko	runtime-data-different-code-equivalent	false	false	true	true	true	true	__versions
kernel/drivers/mtd/devices/slram.ko	runtime-data-different-code-equivalent	false	false	true	true	true	true	__versions
kernel/drivers/mtd/devices/sst25l.ko	runtime-code-or-symbol-different	false	false	false	false	false	true	.text.unlikely,__dyndbg,__jump_table,__versions
kernel/drivers/mtd/ftl.ko	runtime-code-or-symbol-different	false	false	false	false	false	false	.orc_unwind,.text,.text.unlikely,__dyndbg,__jump_table,__versions
kernel/drivers/mtd/inftl.ko	runtime-code-or-symbol-different	false	false	false	false	false	false	.orc_unwind,.rodata.str1.8,.text,.text.unlikely,__dyndbg,__jump_table,__versions
kernel/drivers/mtd/lpddr/lpddr_cmds.ko	runtime-data-different-code-equivalent	false	false	true	true	true	true	__versions
kernel/drivers/mtd/lpddr/qinfo_probe.ko	runtime-data-different-code-equivalent	false	false	true	true	true	true	__versions
kernel/drivers/mtd/maps/intel_vr_nor.ko	runtime-data-different-code-equivalent	false	false	true	true	true	true	__versions
kernel/drivers/mtd/maps/map_funcs.ko	runtime-data-different-code-equivalent	false	false	true	true	true	true	__versions
kernel/drivers/mtd/maps/nettel.ko	runtime-data-different-code-equivalent	false	false	true	true	true	true	__versions
kernel/drivers/mtd/maps/pci.ko	runtime-data-different-code-equivalent	false	false	true	true	true	true	__versions
kernel/drivers/mtd/maps/pcmciamtd.ko	runtime-code-or-symbol-different	false	false	false	false	false	false	.exit.text,.orc_unwind,.orc_unwind_ip,.rodata.str1.1,.text,.text.unlikely,__dyndbg,__jump_table,__versions
kernel/drivers/mtd/maps/physmap.ko	runtime-data-different-code-equivalent	false	false	true	true	true	true	__versions
kernel/drivers/mtd/maps/plat-ram.ko	runtime-code-or-symbol-different	false	false	false	false	false	false	.text,.text.unlikely,__dyndbg,__jump_table,__versions
kernel/drivers/mtd/maps/sbc_gxx.ko	runtime-data-different-code-equivalent	false	false	true	true	true	true	__versions
kernel/drivers/mtd/mtd.ko	runtime-code-or-symbol-different	false	false	false	false	false	false	.orc_unwind,.orc_unwind_ip,.return_sites,.text,__dyndbg,__jump_table,__versions
kernel/drivers/mtd/mtd_blkdevs.ko	runtime-data-different-code-equivalent	false	false	true	true	true	true	__versions
kernel/drivers/mtd/mtdblock.ko	runtime-code-or-symbol-different	false	false	false	false	false	false	.orc_unwind,.orc_unwind_ip,.return_sites,.text,__dyndbg,__jump_table,__versions
kernel/drivers/mtd/mtdblock_ro.ko	runtime-data-different-code-equivalent	false	false	true	true	true	true	__versions
kernel/drivers/mtd/mtdoops.ko	runtime-data-different-code-equivalent	false	false	true	true	true	true	__versions
kernel/drivers/mtd/mtdswap.ko	runtime-data-different-code-equivalent	false	false	true	true	true	true	__versions
kernel/drivers/mtd/nand/nandcore.ko	runtime-data-different-code-equivalent	false	false	true	true	true	true	__versions
kernel/drivers/mtd/nand/onenand/onenand.ko	runtime-code-or-symbol-different	false	false	false	false	false	false	.orc_unwind,.orc_unwind_ip,.rodata.str1.1,.rodata.str1.8,.text,.text.unlikely,__dyndbg,__jump_table,__versions
kernel/drivers/mtd/nand/raw/cafe_nand.ko	runtime-code-or-symbol-different	false	false	false	false	false	false	.orc_unwind,.orc_unwind_ip,.return_sites,.text,.text.unlikely,__dyndbg,__jump_table,__versions
kernel/drivers/mtd/nand/raw/diskonchip.ko	runtime-code-or-symbol-different	false	false	false	false	false	true	.init.text,__dyndbg,__jump_table,__versions
kernel/drivers/mtd/nand/raw/nand.ko	runtime-code-or-symbol-different	false	false	false	false	false	false	.orc_unwind,.text,.text.unlikely,__dyndbg,__jump_table,__versions
kernel/drivers/mtd/nand/raw/nand_ecc.ko	runtime-data-different-code-equivalent	false	false	true	true	true	true	__versions
kernel/drivers/mtd/nand/raw/nandsim.ko	runtime-code-or-symbol-different	false	false	false	false	false	false	.orc_unwind,.orc_unwind_ip,.return_sites,.text,.text.unlikely,__dyndbg,__jump_table,__versions
kernel/drivers/mtd/nand/raw/r852.ko	runtime-code-or-symbol-different	false	false	false	false	false	false	.text,__dyndbg,__jump_table,__versions
kernel/drivers/mtd/nand/raw/sm_common.ko	runtime-data-different-code-equivalent	false	false	true	true	true	true	__versions
kernel/drivers/mtd/nftl.ko	runtime-code-or-symbol-different	false	false	false	false	false	false	.orc_unwind,.orc_unwind_ip,.return_sites,.text,.text.unlikely,__dyndbg,__jump_table,__versions
kernel/drivers/mtd/parsers/ar7part.ko	runtime-data-different-code-equivalent	false	false	true	true	true	true	__versions
kernel/drivers/mtd/parsers/redboot.ko	runtime-data-different-code-equivalent	false	false	true	true	true	true	__versions
kernel/drivers/mtd/rfd_ftl.ko	runtime-code-or-symbol-different	false	false	false	false	false	false	.text,.text.unlikely,__dyndbg,__jump_table,__versions
kernel/drivers/mtd/spi-nor/spi-nor.ko	runtime-code-or-symbol-different	false	false	false	false	false	false	.orc_unwind,.orc_unwind_ip,.return_sites,.text,.text.unlikely,__dyndbg,__jump_table,__versions
kernel/drivers/mtd/ssfdc.ko	runtime-code-or-symbol-different	false	false	false	false	false	false	.orc_unwind,.text,__dyndbg,__jump_table,__versions
kernel/drivers/mtd/ubi/ubi.ko	runtime-code-or-symbol-different	false	false	false	false	false	false	.orc_unwind,.orc_unwind_ip,.return_sites,.rodata.str1.1,.rodata.str1.8,.text,.text.unlikely,__dyndbg,__jump_table,__versions
kernel/drivers/net/appletalk/ipddp.ko	runtime-data-different-code-equivalent	false	false	true	true	true	true	__versions
kernel/drivers/net/arcnet/arc-rawmode.ko	runtime-code-or-symbol-different	false	false	false	true	true	false	.text,__versions
kernel/drivers/net/arcnet/arc-rimi.ko	runtime-data-different-code-equivalent	false	false	true	true	true	true	__versions
kernel/drivers/net/arcnet/arcnet.ko	runtime-code-or-symbol-different	false	false	false	true	true	false	.text,__versions
kernel/drivers/net/arcnet/capmode.ko	runtime-code-or-symbol-different	false	false	false	true	true	false	.text,__versions
kernel/drivers/net/arcnet/com20020-pci.ko	runtime-data-different-code-equivalent	false	false	true	true	true	true	__versions
kernel/drivers/net/arcnet/com20020.ko	runtime-code-or-symbol-different	false	false	false	false	false	false	.orc_unwind,.return_sites,.text,__jump_table,__versions
kernel/drivers/net/arcnet/com20020_cs.ko	runtime-code-or-symbol-different	false	false	false	false	false	false	.orc_unwind,.orc_unwind_ip,.return_sites,.text,__dyndbg,__jump_table,__versions
kernel/drivers/net/arcnet/com90io.ko	runtime-data-different-code-equivalent	false	false	true	true	true	true	__versions
kernel/drivers/net/arcnet/com90xx.ko	runtime-data-different-code-equivalent	false	false	true	true	true	true	__versions
kernel/drivers/net/arcnet/rfc1051.ko	runtime-data-different-code-equivalent	false	false	true	true	true	true	__versions
kernel/drivers/net/arcnet/rfc1201.ko	runtime-data-different-code-equivalent	false	false	true	true	true	true	__versions
kernel/drivers/net/bonding/bonding.ko	runtime-code-or-symbol-different	false	false	false	false	false	false	.init.text,.orc_unwind,.orc_unwind_ip,.return_sites,.rodata.str1.1,.text,.text.unlikely,__dyndbg,__jump_table,__mcount_loc,__versions
kernel/drivers/net/can/dev/can-dev.ko	runtime-code-or-symbol-different	false	false	false	false	false	false	.orc_unwind,.orc_unwind_ip,.return_sites,.text,__dyndbg,__jump_table,__versions
kernel/drivers/net/can/peak_canfd/peak_pciefd.ko	runtime-code-or-symbol-different	false	false	false	false	false	false	.orc_unwind,.orc_unwind_ip,.text,__dyndbg,__jump_table,__versions
kernel/drivers/net/can/sja1000/ems_pci.ko	runtime-data-different-code-equivalent	false	false	true	true	true	true	__versions
kernel/drivers/net/can/sja1000/ems_pcmcia.ko	runtime-data-different-code-equivalent	false	false	true	true	true	true	__versions
kernel/drivers/net/can/sja1000/kvaser_pci.ko	runtime-data-different-code-equivalent	false	false	true	true	true	true	__versions
kernel/drivers/net/can/sja1000/peak_pci.ko	runtime-code-or-symbol-different	false	false	false	false	false	false	.text,__dyndbg,__jump_table,__versions
kernel/drivers/net/can/sja1000/peak_pcmcia.ko	runtime-data-different-code-equivalent	false	false	true	true	true	true	__versions
kernel/drivers/net/can/sja1000/plx_pci.ko	runtime-data-different-code-equivalent	false	false	true	true	true	true	__versions
kernel/drivers/net/can/sja1000/sja1000.ko	runtime-code-or-symbol-different	false	false	false	false	false	false	.text,__dyndbg,__jump_table,__versions
kernel/drivers/net/can/sja1000/sja1000_isa.ko	runtime-code-or-symbol-different	false	false	false	false	false	false	.init.text,.orc_unwind,.text,__dyndbg,__jump_table,__versions
kernel/drivers/net/can/slcan.ko	runtime-data-different-code-equivalent	false	false	true	true	true	true	__versions
kernel/drivers/net/can/softing/softing.ko	runtime-code-or-symbol-different	false	false	false	false	false	false	.orc_unwind,.text,.text.unlikely,__dyndbg,__jump_table,__versions
kernel/drivers/net/can/softing/softing_cs.ko	runtime-code-or-symbol-different	false	false	false	false	false	false	.text,__dyndbg,__jump_table,__versions
kernel/drivers/net/can/spi/mcp251x.ko	runtime-code-or-symbol-different	false	false	false	false	false	false	.text,__dyndbg,__jump_table,__versions
kernel/drivers/net/can/usb/ems_usb.ko	runtime-data-different-code-equivalent	false	false	true	true	true	true	__versions
kernel/drivers/net/can/usb/esd_usb2.ko	runtime-code-or-symbol-different	false	false	false	false	false	false	.text,__dyndbg,__jump_table,__versions
kernel/drivers/net/can/usb/gs_usb.ko	runtime-data-different-code-equivalent	false	false	true	true	true	true	__versions
kernel/drivers/net/can/usb/kvaser_usb/kvaser_usb.ko	runtime-code-or-symbol-different	false	false	false	false	false	false	.text,.text.unlikely,__dyndbg,__jump_table,__versions
kernel/drivers/net/can/usb/mcba_usb.ko	runtime-data-different-code-equivalent	false	false	true	true	true	true	__versions
kernel/drivers/net/can/usb/peak_usb/peak_usb.ko	runtime-code-or-symbol-different	false	false	false	false	false	false	.text,__dyndbg,__jump_table,__versions
kernel/drivers/net/can/usb/ucan.ko	runtime-code-or-symbol-different	false	false	false	false	false	false	.text,.text.unlikely,__dyndbg,__jump_table,__versions
kernel/drivers/net/can/usb/usb_8dev.ko	runtime-data-different-code-equivalent	false	false	true	true	true	true	__versions
kernel/drivers/net/can/vcan.ko	runtime-data-different-code-equivalent	false	false	true	true	true	true	__versions
kernel/drivers/net/can/vxcan.ko	runtime-data-different-code-equivalent	false	false	true	true	true	true	__versions
kernel/drivers/net/dummy.ko	runtime-data-different-code-equivalent	false	false	true	true	true	true	__versions
kernel/drivers/net/eql.ko	runtime-data-different-code-equivalent	false	false	true	true	true	true	__versions
kernel/drivers/net/ethernet/3com/3c574_cs.ko	runtime-code-or-symbol-different	false	false	false	false	false	false	.orc_unwind,.orc_unwind_ip,.return_sites,.text,.text.unlikely,__dyndbg,__jump_table,__versions
kernel/drivers/net/ethernet/3com/3c589_cs.ko	runtime-code-or-symbol-different	false	false	false	false	false	false	.orc_unwind,.orc_unwind_ip,.return_sites,.text,.text.unlikely,__dyndbg,__jump_table,__versions
kernel/drivers/net/ethernet/3com/3c59x.ko	runtime-code-or-symbol-different	false	false	false	false	false	false	.orc_unwind,.orc_unwind_ip,.rodata.str1.8,.text,.text.unlikely,__dyndbg,__jump_table,__versions
kernel/drivers/net/ethernet/3com/typhoon.ko	runtime-data-different-code-equivalent	false	false	true	true	true	true	__versions
kernel/drivers/net/ethernet/8390/8390.ko	runtime-code-or-symbol-different	false	false	false	false	false	false	.text,.text.unlikely,__dyndbg,__jump_table,__versions
kernel/drivers/net/ethernet/8390/axnet_cs.ko	runtime-code-or-symbol-different	false	false	false	false	false	false	.orc_unwind,.rodata.str1.1,.text,.text.unlikely,__dyndbg,__jump_table,__versions
kernel/drivers/net/ethernet/8390/ne2k-pci.ko	runtime-code-or-symbol-different	false	false	false	false	false	false	.orc_unwind,.orc_unwind_ip,.rodata.str1.1,.rodata.str1.8,.text,.text.unlikely,__dyndbg,__jump_table,__versions
kernel/drivers/net/ethernet/8390/pcnet_cs.ko	runtime-code-or-symbol-different	false	false	false	false	false	false	.orc_unwind,.orc_unwind_ip,.text,.text.unlikely,__dyndbg,__jump_table,__versions
kernel/drivers/net/ethernet/adaptec/starfire.ko	runtime-data-different-code-equivalent	false	false	true	true	true	true	__versions
kernel/drivers/net/ethernet/agere/et131x.ko	runtime-data-different-code-equivalent	false	false	true	true	true	true	__versions
kernel/drivers/net/ethernet/alteon/acenic.ko	runtime-data-different-code-equivalent	false	false	true	true	true	true	__versions
kernel/drivers/net/ethernet/amazon/ena/ena.ko	runtime-code-or-symbol-different	false	false	false	false	false	false	.orc_unwind,.orc_unwind_ip,.rodata.str1.1,.rodata.str1.8,.text,.text.unlikely,__dyndbg,__jump_table,__versions
kernel/drivers/net/ethernet/amd/amd8111e.ko	runtime-code-or-symbol-different	false	false	false	false	false	false	.text,__dyndbg,__jump_table,__versions
kernel/drivers/net/ethernet/amd/nmclan_cs.ko	runtime-code-or-symbol-different	false	false	false	false	false	false	.orc_unwind,.orc_unwind_ip,.return_sites,.rodata.str1.8,.text,.text.unlikely,__dyndbg,__jump_table,__versions
kernel/drivers/net/ethernet/amd/pcnet32.ko	runtime-data-different-code-equivalent	false	false	true	true	true	true	__versions
kernel/drivers/net/ethernet/amd/xgbe/amd-xgbe.ko	runtime-code-or-symbol-different	false	false	false	false	false	false	.orc_unwind,.orc_unwind_ip,.return_sites,.rodata.str1.1,.rodata.str1.8,.text,.text.unlikely,__dyndbg,__jump_table,__mcount_loc,__versions
kernel/drivers/net/ethernet/aquantia/atlantic/atlantic.ko	runtime-code-or-symbol-different	false	false	false	false	false	false	.text,__dyndbg,__jump_table,__versions
kernel/drivers/net/ethernet/atheros/alx/alx.ko	runtime-code-or-symbol-different	false	false	false	false	false	false	.text,.text.unlikely,__dyndbg,__jump_table,__versions
kernel/drivers/net/ethernet/atheros/atl1c/atl1c.ko	runtime-code-or-symbol-different	false	false	false	false	false	false	.text,.text.unlikely,__dyndbg,__jump_table,__versions
kernel/drivers/net/ethernet/atheros/atl1e/atl1e.ko	runtime-code-or-symbol-different	false	false	false	false	false	false	.orc_unwind,.orc_unwind_ip,.return_sites,.text,.text.unlikely,__dyndbg,__jump_table,__versions
kernel/drivers/net/ethernet/atheros/atlx/atl1.ko	runtime-code-or-symbol-different	false	false	false	false	false	false	.orc_unwind,.text,__dyndbg,__jump_table,__versions
kernel/drivers/net/ethernet/atheros/atlx/atl2.ko	runtime-data-different-code-equivalent	false	false	true	true	true	true	__versions
kernel/drivers/net/ethernet/broadcom/b44.ko	runtime-data-different-code-equivalent	false	false	true	true	true	true	__versions
kernel/drivers/net/ethernet/broadcom/bnx2.ko	runtime-data-different-code-equivalent	false	false	true	true	true	true	__versions
kernel/drivers/net/ethernet/broadcom/bnx2x/bnx2x.ko	runtime-code-or-symbol-different	false	false	false	false	false	false	.orc_unwind,.text,.text.unlikely,__dyndbg,__jump_table,__versions
kernel/drivers/net/ethernet/broadcom/bnxt/bnxt_en.ko	runtime-code-or-symbol-different	false	false	false	false	false	false	.text,__dyndbg,__jump_table,__versions
kernel/drivers/net/ethernet/broadcom/cnic.ko	runtime-data-different-code-equivalent	false	false	true	true	true	true	__versions
kernel/drivers/net/ethernet/broadcom/tg3.ko	runtime-data-different-code-equivalent	false	false	true	true	true	true	__versions
kernel/drivers/net/ethernet/brocade/bna/bna.ko	runtime-code-or-symbol-different	false	false	false	false	false	false	.orc_unwind,.text,__jump_table,__versions
kernel/drivers/net/ethernet/cavium/common/cavium_ptp.ko	runtime-data-different-code-equivalent	false	false	true	true	true	true	__versions
kernel/drivers/net/ethernet/cavium/liquidio/liquidio.ko	runtime-code-or-symbol-different	false	false	false	false	false	false	.orc_unwind,.orc_unwind_ip,.return_sites,.text,.text.unlikely,__dyndbg,__jump_table,__versions
kernel/drivers/net/ethernet/cavium/liquidio/liquidio_vf.ko	runtime-code-or-symbol-different	false	false	false	false	false	false	.orc_unwind,.orc_unwind_ip,.return_sites,.rodata.str1.1,.rodata.str1.8,.text,.text.unlikely,__dyndbg,__jump_table,__versions
kernel/drivers/net/ethernet/chelsio/cxgb/cxgb.ko	runtime-code-or-symbol-different	false	false	false	false	false	false	.orc_unwind,.orc_unwind_ip,.return_sites,.text,.text.unlikely,__dyndbg,__jump_table,__versions
kernel/drivers/net/ethernet/chelsio/cxgb3/cxgb3.ko	runtime-code-or-symbol-different	false	false	false	false	false	false	.orc_unwind,.text,__dyndbg,__jump_table,__versions
kernel/drivers/net/ethernet/chelsio/cxgb4/cxgb4.ko	runtime-code-or-symbol-different	false	false	false	false	false	false	.orc_unwind,.orc_unwind_ip,.text,.text.unlikely,__dyndbg,__jump_table,__versions
kernel/drivers/net/ethernet/chelsio/cxgb4vf/cxgb4vf.ko	runtime-code-or-symbol-different	false	false	false	false	false	false	.orc_unwind,.orc_unwind_ip,.text,__jump_table,__versions
kernel/drivers/net/ethernet/chelsio/libcxgb/libcxgb.ko	runtime-code-or-symbol-different	false	false	false	false	false	false	.orc_unwind,.orc_unwind_ip,.return_sites,.text,.text.unlikely,__dyndbg,__jump_table,__versions
kernel/drivers/net/ethernet/cisco/enic/enic.ko	runtime-data-different-code-equivalent	false	false	true	true	true	true	__versions
kernel/drivers/net/ethernet/dec/tulip/de2104x.ko	runtime-code-or-symbol-different	false	false	false	false	false	false	.orc_unwind,.orc_unwind_ip,.text,__dyndbg,__jump_table,__versions
kernel/drivers/net/ethernet/dec/tulip/dmfe.ko	runtime-data-different-code-equivalent	false	false	true	true	true	true	__versions
kernel/drivers/net/ethernet/dec/tulip/tulip.ko	runtime-code-or-symbol-different	false	false	false	false	false	false	.orc_unwind,.orc_unwind_ip,.return_sites,.text,.text.unlikely,__dyndbg,__jump_table,__versions
kernel/drivers/net/ethernet/dec/tulip/uli526x.ko	runtime-data-different-code-equivalent	false	false	true	true	true	true	__versions
kernel/drivers/net/ethernet/dec/tulip/winbond-840.ko	runtime-code-or-symbol-different	false	false	false	false	false	false	.orc_unwind,.orc_unwind_ip,.text,.text.unlikely,__dyndbg,__jump_table,__versions
kernel/drivers/net/ethernet/dec/tulip/xircom_cb.ko	runtime-code-or-symbol-different	false	false	false	false	false	false	.text,__dyndbg,__jump_table,__versions
kernel/drivers/net/ethernet/dlink/dl2k.ko	runtime-data-different-code-equivalent	false	false	true	true	true	true	__versions
kernel/drivers/net/ethernet/dlink/sundance.ko	runtime-data-different-code-equivalent	false	false	true	true	true	true	__versions
kernel/drivers/net/ethernet/emulex/benet/be2net.ko	runtime-code-or-symbol-different	false	false	false	false	false	false	.orc_unwind,.orc_unwind_ip,.text,__jump_table,__versions
kernel/drivers/net/ethernet/fealnx.ko	runtime-data-different-code-equivalent	false	false	true	true	true	true	__versions
kernel/drivers/net/ethernet/fujitsu/fmvj18x_cs.ko	runtime-code-or-symbol-different	false	false	false	false	false	false	.orc_unwind,.text,.text.unlikely,__dyndbg,__jump_table,__versions
kernel/drivers/net/ethernet/google/gve/gve.ko	runtime-code-or-symbol-different	false	false	false	false	false	false	.orc_unwind,.orc_unwind_ip,.text,.text.unlikely,__dyndbg,__jump_table,__versions
kernel/drivers/net/ethernet/huawei/hinic/hinic.ko	runtime-code-or-symbol-different	false	false	false	false	false	false	.text,.text.unlikely,__dyndbg,__jump_table,__versions
kernel/drivers/net/ethernet/intel/e100.ko	runtime-data-different-code-equivalent	false	false	true	true	true	true	__versions
kernel/drivers/net/ethernet/intel/e1000/e1000.ko	runtime-code-or-symbol-different	false	false	false	false	false	false	.orc_unwind,.orc_unwind_ip,.return_sites,.rodata.str1.1,.text,__dyndbg,__jump_table,__mcount_loc,__versions
kernel/drivers/net/ethernet/intel/e1000e/e1000e.ko	runtime-code-or-symbol-different	false	false	false	false	false	false	.orc_unwind,.orc_unwind_ip,.retpoline_sites,.return_sites,.rodata.str1.1,.rodata.str1.8,.text,.text.unlikely,__bug_table,__dyndbg,__jump_table,__versions
kernel/drivers/net/ethernet/intel/i40e/i40e.ko	runtime-code-or-symbol-different	false	false	false	false	false	false	.orc_unwind,.orc_unwind_ip,.return_sites,.rodata.str1.1,.rodata.str1.8,.text,.text.unlikely,__dyndbg,__jump_table,__tracepoints,__versions
kernel/drivers/net/ethernet/intel/iavf/iavf.ko	runtime-code-or-symbol-different	false	false	false	false	false	false	.orc_unwind,.orc_unwind_ip,.text,.text.unlikely,__dyndbg,__jump_table,__tracepoints,__versions
kernel/drivers/net/ethernet/intel/ice/ice.ko	runtime-code-or-symbol-different	false	false	false	false	false	false	.orc_unwind,.orc_unwind_ip,.return_sites,.rodata.str1.1,.rodata.str1.8,.text,.text.unlikely,__dyndbg,__jump_table,__mcount_loc,__versions
kernel/drivers/net/ethernet/intel/igb/igb.ko	runtime-code-or-symbol-different	false	false	false	false	false	false	.orc_unwind,.orc_unwind_ip,.return_sites,.rodata.str1.1,.text,__bug_table,__dyndbg,__jump_table,__versions
kernel/drivers/net/ethernet/intel/igbvf/igbvf.ko	runtime-code-or-symbol-different	false	false	false	false	false	false	.text,__dyndbg,__jump_table,__versions
kernel/drivers/net/ethernet/intel/igc/igc.ko	runtime-code-or-symbol-different	false	false	false	false	false	false	.orc_unwind,.orc_unwind_ip,.return_sites,.text,__bug_table,__dyndbg,__jump_table,__mcount_loc,__versions
kernel/drivers/net/ethernet/intel/ixgb/ixgb.ko	runtime-code-or-symbol-different	false	false	false	false	false	false	.orc_unwind,.orc_unwind_ip,.return_sites,.text,__dyndbg,__jump_table,__versions
kernel/drivers/net/ethernet/intel/ixgbe/ixgbe.ko	runtime-code-or-symbol-different	false	false	false	false	false	false	.orc_unwind,.orc_unwind_ip,.return_sites,.text,.text.unlikely,__dyndbg,__jump_table,__versions
kernel/drivers/net/ethernet/intel/ixgbevf/ixgbevf.ko	runtime-code-or-symbol-different	false	false	false	false	false	false	.orc_unwind,.orc_unwind_ip,.return_sites,.rodata.str1.1,.text,.text.unlikely,__dyndbg,__jump_table,__versions
kernel/drivers/net/ethernet/jme.ko	runtime-data-different-code-equivalent	false	false	true	true	true	true	__versions
kernel/drivers/net/ethernet/marvell/skge.ko	runtime-code-or-symbol-different	false	false	false	false	false	false	.text,__dyndbg,__jump_table,__versions
kernel/drivers/net/ethernet/marvell/sky2.ko	runtime-code-or-symbol-different	false	false	false	false	false	false	.orc_unwind,.orc_unwind_ip,.text,.text.unlikely,__dyndbg,__jump_table,__versions
kernel/drivers/net/ethernet/mellanox/mlx4/mlx4_core.ko	runtime-data-different-code-equivalent	false	false	true	true	true	true	__versions
kernel/drivers/net/ethernet/mellanox/mlx4/mlx4_en.ko	runtime-code-or-symbol-different	false	false	false	false	false	false	.orc_unwind,.orc_unwind_ip,.text,__jump_table,__versions
kernel/drivers/net/ethernet/mellanox/mlx5/core/mlx5_core.ko	runtime-code-or-symbol-different	false	false	false	false	false	false	.orc_unwind,.orc_unwind_ip,.return_sites,.rodata.str1.1,.rodata.str1.8,.text,.text.unlikely,__dyndbg,__jump_table,__tracepoints,__versions
kernel/drivers/net/ethernet/mellanox/mlxfw/mlxfw.ko	runtime-code-or-symbol-different	false	false	false	false	false	false	.orc_unwind,.text,.text.unlikely,__dyndbg,__jump_table,__versions
kernel/drivers/net/ethernet/micrel/ksz884x.ko	runtime-code-or-symbol-different	false	false	false	false	false	false	.text,.text.unlikely,__dyndbg,__jump_table,__versions
kernel/drivers/net/ethernet/microchip/lan743x.ko	runtime-data-different-code-equivalent	false	false	true	true	true	true	__versions
kernel/drivers/net/ethernet/myricom/myri10ge/myri10ge.ko	runtime-code-or-symbol-different	false	false	false	false	false	false	.text,.text.unlikely,__dyndbg,__jump_table,__versions
kernel/drivers/net/ethernet/natsemi/natsemi.ko	runtime-data-different-code-equivalent	false	false	true	true	true	true	__versions
kernel/drivers/net/ethernet/natsemi/ns83820.ko	runtime-data-different-code-equivalent	false	false	true	true	true	true	__versions
kernel/drivers/net/ethernet/neterion/s2io.ko	runtime-data-different-code-equivalent	false	false	true	true	true	true	__versions
kernel/drivers/net/ethernet/neterion/vxge/vxge.ko	runtime-data-different-code-equivalent	false	false	true	true	true	true	__versions
kernel/drivers/net/ethernet/netronome/nfp/nfp.ko	runtime-code-or-symbol-different	false	false	false	false	false	false	.text,.text.unlikely,__dyndbg,__jump_table,__versions
kernel/drivers/net/ethernet/nvidia/forcedeth.ko	runtime-code-or-symbol-different	false	false	false	false	false	false	.orc_unwind,.orc_unwind_ip,.text,__dyndbg,__jump_table,__versions
kernel/drivers/net/ethernet/packetengines/hamachi.ko	runtime-data-different-code-equivalent	false	false	true	true	true	true	__versions
kernel/drivers/net/ethernet/packetengines/yellowfin.ko	runtime-data-different-code-equivalent	false	false	true	true	true	true	__versions
kernel/drivers/net/ethernet/qlogic/netxen/netxen_nic.ko	runtime-data-different-code-equivalent	false	false	true	true	true	true	__versions
kernel/drivers/net/ethernet/qlogic/qed/qed.ko	runtime-data-different-code-equivalent	false	false	true	true	true	true	__versions
kernel/drivers/net/ethernet/qlogic/qede/qede.ko	runtime-code-or-symbol-different	false	false	false	false	false	false	.orc_unwind,.text,.text.unlikely,__jump_table,__versions
kernel/drivers/net/ethernet/qlogic/qla3xxx.ko	runtime-data-different-code-equivalent	false	false	true	true	true	true	__versions
kernel/drivers/net/ethernet/qlogic/qlcnic/qlcnic.ko	runtime-code-or-symbol-different	false	false	false	false	false	false	.orc_unwind,.orc_unwind_ip,.rodata.str1.1,.text,.text.unlikely,__dyndbg,__jump_table,__versions
kernel/drivers/net/ethernet/rdc/r6040.ko	runtime-data-different-code-equivalent	false	false	true	true	true	true	__versions
kernel/drivers/net/ethernet/realtek/8139cp.ko	runtime-code-or-symbol-different	false	false	false	false	false	false	.orc_unwind,.orc_unwind_ip,.text,__dyndbg,__jump_table,__versions
kernel/drivers/net/ethernet/realtek/8139too.ko	runtime-code-or-symbol-different	false	false	false	false	false	false	.orc_unwind,.orc_unwind_ip,.return_sites,.rodata.str1.1,.text,.text.unlikely,__dyndbg,__jump_table,__versions
kernel/drivers/net/ethernet/realtek/r8169.ko	runtime-data-different-code-equivalent	false	false	true	true	true	true	__versions
kernel/drivers/net/ethernet/sfc/falcon/sfc-falcon.ko	runtime-code-or-symbol-different	false	false	false	false	false	false	.orc_unwind,.orc_unwind_ip,.retpoline_sites,.return_sites,.rodata.str1.1,.text,.text.unlikely,__dyndbg,__jump_table,__versions
kernel/drivers/net/ethernet/sfc/sfc.ko	runtime-code-or-symbol-different	false	false	false	false	false	false	.orc_unwind,.orc_unwind_ip,.return_sites,.rodata.str1.1,.text,.text.unlikely,__bug_table,__dyndbg,__jump_table,__versions
kernel/drivers/net/ethernet/silan/sc92031.ko	runtime-data-different-code-equivalent	false	false	true	true	true	true	__versions
kernel/drivers/net/ethernet/sis/sis190.ko	runtime-data-different-code-equivalent	false	false	true	true	true	true	__versions
kernel/drivers/net/ethernet/sis/sis900.ko	runtime-data-different-code-equivalent	false	false	true	true	true	true	__versions
kernel/drivers/net/ethernet/smsc/epic100.ko	runtime-code-or-symbol-different	false	false	false	false	false	false	.orc_unwind,.orc_unwind_ip,.return_sites,.text,.text.unlikely,__dyndbg,__jump_table,__versions
kernel/drivers/net/ethernet/smsc/smc91c92_cs.ko	runtime-code-or-symbol-different	false	false	false	false	false	false	.orc_unwind,.orc_unwind_ip,.return_sites,.rodata.str1.1,.rodata.str1.8,.text,.text.unlikely,__dyndbg,__jump_table,__versions
kernel/drivers/net/ethernet/smsc/smsc9420.ko	runtime-code-or-symbol-different	false	false	false	false	false	false	.orc_unwind,.orc_unwind_ip,.text,.text.unlikely,__dyndbg,__jump_table,__versions
kernel/drivers/net/ethernet/stmicro/stmmac/dwmac-generic.ko	runtime-data-different-code-equivalent	false	false	true	true	true	true	__versions
kernel/drivers/net/ethernet/stmicro/stmmac/dwmac-intel.ko	runtime-data-different-code-equivalent	false	false	true	true	true	true	__versions
kernel/drivers/net/ethernet/stmicro/stmmac/stmmac-platform.ko	runtime-data-different-code-equivalent	false	false	true	true	true	true	__versions
kernel/drivers/net/ethernet/stmicro/stmmac/stmmac.ko	runtime-code-or-symbol-different	false	false	false	false	false	false	.orc_unwind,.orc_unwind_ip,.return_sites,.rodata.str1.1,.rodata.str1.8,.text,.text.unlikely,__dyndbg,__jump_table,__versions
kernel/drivers/net/ethernet/sun/cassini.ko	runtime-code-or-symbol-different	false	false	false	false	false	false	.text,.text.unlikely,__dyndbg,__jump_table,__versions
kernel/drivers/net/ethernet/sun/niu.ko	runtime-data-different-code-equivalent	false	false	true	true	true	true	__versions
kernel/drivers/net/ethernet/sun/sungem.ko	runtime-data-different-code-equivalent	false	false	true	true	true	true	__versions
kernel/drivers/net/ethernet/sun/sunhme.ko	runtime-data-different-code-equivalent	false	false	true	true	true	true	__versions
kernel/drivers/net/ethernet/tehuti/tehuti.ko	runtime-data-different-code-equivalent	false	false	true	true	true	true	__versions
kernel/drivers/net/ethernet/ti/tlan.ko	runtime-data-different-code-equivalent	false	false	true	true	true	true	__versions
kernel/drivers/net/ethernet/via/via-rhine.ko	runtime-code-or-symbol-different	false	false	false	false	false	false	.orc_unwind,.orc_unwind_ip,.return_sites,.text,.text.unlikely,__dyndbg,__jump_table,__versions
kernel/drivers/net/ethernet/via/via-velocity.ko	runtime-data-different-code-equivalent	false	false	true	true	true	true	__versions
kernel/drivers/net/ethernet/xircom/xirc2ps_cs.ko	runtime-code-or-symbol-different	false	false	false	false	false	false	.orc_unwind,.orc_unwind_ip,.rodata.str1.1,.rodata.str1.8,.text,.text.unlikely,__dyndbg,__jump_table,__versions
kernel/drivers/net/fddi/defxx.ko	runtime-data-different-code-equivalent	false	false	true	true	true	true	__versions
kernel/drivers/net/fddi/skfp/skfp.ko	runtime-code-or-symbol-different	false	false	false	false	false	false	.orc_unwind,.orc_unwind_ip,.return_sites,.text,.text.unlikely,__dyndbg,__jump_table,__versions
kernel/drivers/net/fjes/fjes.ko	runtime-code-or-symbol-different	false	false	false	false	false	false	.orc_unwind,.orc_unwind_ip,.return_sites,.text,__jump_table,__tracepoints,__versions
kernel/drivers/net/geneve.ko	runtime-code-or-symbol-different	false	false	false	false	false	false	.orc_unwind,.orc_unwind_ip,.text,__dyndbg,__jump_table,__versions
kernel/drivers/net/gtp.ko	runtime-code-or-symbol-different	false	false	false	false	false	false	.orc_unwind,.text,__dyndbg,__jump_table,__versions
kernel/drivers/net/hamradio/6pack.ko	runtime-data-different-code-equivalent	false	false	true	true	true	true	__versions
kernel/drivers/net/hamradio/baycom_par.ko	runtime-data-different-code-equivalent	false	false	true	true	true	true	__versions
kernel/drivers/net/hamradio/baycom_ser_fdx.ko	runtime-data-different-code-equivalent	false	false	true	true	true	true	__versions
kernel/drivers/net/hamradio/baycom_ser_hdx.ko	runtime-data-different-code-equivalent	false	false	true	true	true	true	__versions
kernel/drivers/net/hamradio/bpqether.ko	runtime-data-different-code-equivalent	false	false	true	true	true	true	__versions
kernel/drivers/net/hamradio/hdlcdrv.ko	runtime-data-different-code-equivalent	false	false	true	true	true	true	__versions
kernel/drivers/net/hamradio/mkiss.ko	runtime-data-different-code-equivalent	false	false	true	true	true	true	__versions
kernel/drivers/net/hamradio/yam.ko	runtime-data-different-code-equivalent	false	false	true	true	true	true	__versions
kernel/drivers/net/hippi/rrunner.ko	runtime-data-different-code-equivalent	false	false	true	true	true	true	__versions
kernel/drivers/net/hyperv/hv_netvsc.ko	runtime-code-or-symbol-different	false	false	false	false	false	false	.data,.orc_unwind,.orc_unwind_ip,.text,.text.unlikely,__dyndbg,__jump_table,__tracepoints,__versions
kernel/drivers/net/ieee802154/adf7242.ko	runtime-code-or-symbol-different	false	false	false	false	false	false	.orc_unwind,.text,.text.unlikely,__dyndbg,__jump_table,__versions
kernel/drivers/net/ieee802154/at86rf230.ko	runtime-code-or-symbol-different	false	false	false	false	false	false	.orc_unwind,.text,__dyndbg,__jump_table,__versions
kernel/drivers/net/ieee802154/atusb.ko	runtime-code-or-symbol-different	false	false	false	false	false	false	.orc_unwind,.orc_unwind_ip,.text,.text.unlikely,__dyndbg,__jump_table,__versions
kernel/drivers/net/ieee802154/cc2520.ko	runtime-code-or-symbol-different	false	false	false	false	false	false	.orc_unwind,.orc_unwind_ip,.return_sites,.text,.text.unlikely,__dyndbg,__jump_table,__versions
kernel/drivers/net/ieee802154/fakelb.ko	runtime-data-different-code-equivalent	false	false	true	true	true	true	__versions
kernel/drivers/net/ieee802154/mac802154_hwsim.ko	runtime-data-different-code-equivalent	false	false	true	true	true	true	__versions
kernel/drivers/net/ieee802154/mrf24j40.ko	runtime-code-or-symbol-different	false	false	false	false	false	false	.text,.text.unlikely,__dyndbg,__jump_table,__versions
kernel/drivers/net/ifb.ko	runtime-data-different-code-equivalent	false	false	true	true	true	true	__versions
kernel/drivers/net/ipvlan/ipvlan.ko	runtime-code-or-symbol-different	false	false	false	false	false	false	.data,.text,__dyndbg,__jump_table,__versions
kernel/drivers/net/ipvlan/ipvtap.ko	runtime-data-different-code-equivalent	false	false	true	true	true	true	__versions
kernel/drivers/net/macsec.ko	runtime-code-or-symbol-different	false	false	false	false	false	false	.orc_unwind,.text,__dyndbg,__jump_table,__versions
kernel/drivers/net/macvlan.ko	runtime-data-different-code-equivalent	false	false	true	true	true	true	__versions
kernel/drivers/net/macvtap.ko	runtime-data-different-code-equivalent	false	false	true	true	true	true	__versions
kernel/drivers/net/mdio.ko	runtime-data-different-code-equivalent	false	false	true	true	true	true	__versions
kernel/drivers/net/mdio/mdio-i2c.ko	runtime-data-different-code-equivalent	false	false	true	true	true	true	__versions
kernel/drivers/net/mii.ko	runtime-data-different-code-equivalent	false	false	true	true	true	true	__versions
kernel/drivers/net/net_failover.ko	runtime-data-different-code-equivalent	false	false	true	true	true	true	__versions
kernel/drivers/net/netconsole.ko	runtime-data-different-code-equivalent	false	false	true	true	true	true	__versions
kernel/drivers/net/nlmon.ko	runtime-data-different-code-equivalent	false	false	true	true	true	true	__versions
kernel/drivers/net/pcs/pcs-xpcs.ko	runtime-data-different-code-equivalent	false	false	true	true	true	true	__versions
kernel/drivers/net/phy/amd.ko	runtime-data-different-code-equivalent	false	false	true	true	true	true	__versions
kernel/drivers/net/phy/aquantia.ko	runtime-code-or-symbol-different	false	false	false	false	false	false	.orc_unwind,.orc_unwind_ip,.return_sites,.text,__dyndbg,__jump_table,__versions
kernel/drivers/net/phy/at803x.ko	runtime-code-or-symbol-different	false	false	false	false	false	false	.text,__dyndbg,__jump_table,__versions
kernel/drivers/net/phy/bcm-phy-lib.ko	runtime-data-different-code-equivalent	false	false	true	true	true	true	__versions
kernel/drivers/net/phy/bcm87xx.ko	runtime-data-different-code-equivalent	false	false	true	true	true	true	__versions
kernel/drivers/net/phy/broadcom.ko	runtime-data-different-code-equivalent	false	false	true	true	true	true	__versions
kernel/drivers/net/phy/cicada.ko	runtime-data-different-code-equivalent	false	false	true	true	true	true	__versions
kernel/drivers/net/phy/cortina.ko	runtime-data-different-code-equivalent	false	false	true	true	true	true	__versions
kernel/drivers/net/phy/davicom.ko	runtime-data-different-code-equivalent	false	false	true	true	true	true	__versions
kernel/drivers/net/phy/dp83822.ko	runtime-data-different-code-equivalent	false	false	true	true	true	true	__versions
kernel/drivers/net/phy/dp83848.ko	runtime-data-different-code-equivalent	false	false	true	true	true	true	__versions
kernel/drivers/net/phy/dp83867.ko	runtime-data-different-code-equivalent	false	false	true	true	true	true	__versions
kernel/drivers/net/phy/dp83tc811.ko	runtime-data-different-code-equivalent	false	false	true	true	true	true	__versions
kernel/drivers/net/phy/et1011c.ko	runtime-data-different-code-equivalent	false	false	true	true	true	true	__versions
kernel/drivers/net/phy/fixed_phy.ko	runtime-data-different-code-equivalent	false	false	true	true	true	true	__versions
kernel/drivers/net/phy/icplus.ko	runtime-data-different-code-equivalent	false	false	true	true	true	true	__versions
kernel/drivers/net/phy/libphy.ko	runtime-code-or-symbol-different	false	false	false	false	false	false	.orc_unwind,.orc_unwind_ip,.return_sites,.text,.text.unlikely,__dyndbg,__jump_table,__tracepoints,__versions
kernel/drivers/net/phy/lxt.ko	runtime-data-different-code-equivalent	false	false	true	true	true	true	__versions
kernel/drivers/net/phy/marvell.ko	runtime-data-different-code-equivalent	false	false	true	true	true	true	__versions
kernel/drivers/net/phy/marvell10g.ko	runtime-data-different-code-equivalent	false	false	true	true	true	true	__versions
kernel/drivers/net/phy/mdio_devres.ko	runtime-data-different-code-equivalent	false	false	true	true	true	true	__versions
kernel/drivers/net/phy/micrel.ko	runtime-data-different-code-equivalent	false	false	true	true	true	true	__versions
kernel/drivers/net/phy/microchip.ko	runtime-data-different-code-equivalent	false	false	true	true	true	true	__versions
kernel/drivers/net/phy/microchip_t1.ko	runtime-data-different-code-equivalent	false	false	true	true	true	true	__versions
kernel/drivers/net/phy/mscc/mscc.ko	runtime-code-or-symbol-different	false	false	false	false	false	false	.text,.text.unlikely,__dyndbg,__jump_table,__versions
kernel/drivers/net/phy/national.ko	runtime-code-or-symbol-different	false	false	false	false	false	false	.orc_unwind,.orc_unwind_ip,.text,__dyndbg,__jump_table,__versions
kernel/drivers/net/phy/phylink.ko	runtime-code-or-symbol-different	false	false	false	false	false	false	.orc_unwind,.text,.text.unlikely,__dyndbg,__jump_table,__versions
kernel/drivers/net/phy/qsemi.ko	runtime-data-different-code-equivalent	false	false	true	true	true	true	__versions
kernel/drivers/net/phy/realtek.ko	runtime-code-or-symbol-different	false	false	false	false	false	false	.orc_unwind,.text,.text.unlikely,__dyndbg,__jump_table,__versions
kernel/drivers/net/phy/rockchip.ko	runtime-data-different-code-equivalent	false	false	true	true	true	true	__versions
kernel/drivers/net/phy/sfp.ko	runtime-code-or-symbol-different	false	false	false	false	false	false	.orc_unwind,.orc_unwind_ip,.text,.text.unlikely,__dyndbg,__jump_table,__versions
kernel/drivers/net/phy/smsc.ko	runtime-data-different-code-equivalent	false	false	true	true	true	true	__versions
kernel/drivers/net/phy/ste10Xp.ko	runtime-data-different-code-equivalent	false	false	true	true	true	true	__versions
kernel/drivers/net/phy/teranetics.ko	runtime-data-different-code-equivalent	false	false	true	true	true	true	__versions
kernel/drivers/net/phy/uPD60620.ko	runtime-data-different-code-equivalent	false	false	true	true	true	true	__versions
kernel/drivers/net/phy/vitesse.ko	runtime-data-different-code-equivalent	false	false	true	true	true	true	__versions
kernel/drivers/net/plip/plip.ko	runtime-data-different-code-equivalent	false	false	true	true	true	true	__versions
kernel/drivers/net/ppp/bsd_comp.ko	runtime-data-different-code-equivalent	false	false	true	true	true	true	__versions
kernel/drivers/net/ppp/ppp_async.ko	runtime-data-different-code-equivalent	false	false	true	true	true	true	__versions
kernel/drivers/net/ppp/ppp_deflate.ko	runtime-data-different-code-equivalent	false	false	true	true	true	true	__versions
kernel/drivers/net/ppp/ppp_generic.ko	runtime-code-or-symbol-different	false	false	false	false	false	false	.orc_unwind,.orc_unwind_ip,.text,.text.unlikely,__jump_table,__versions
kernel/drivers/net/ppp/ppp_mppe.ko	runtime-code-or-symbol-different	false	false	false	true	false	false	.init.text,.text,__versions
kernel/drivers/net/ppp/ppp_synctty.ko	runtime-code-or-symbol-different	false	false	false	false	false	false	.orc_unwind,.orc_unwind_ip,.return_sites,.rodata.str1.1,.text,.text.unlikely,__dyndbg,__jump_table,__mcount_loc,__versions
kernel/drivers/net/ppp/pppoe.ko	runtime-data-different-code-equivalent	false	false	true	true	true	true	__versions
kernel/drivers/net/ppp/pppox.ko	runtime-data-different-code-equivalent	false	false	true	true	true	true	__versions
kernel/drivers/net/ppp/pptp.ko	runtime-data-different-code-equivalent	false	false	true	true	true	true	__versions
kernel/drivers/net/sb1000.ko	runtime-code-or-symbol-different	false	false	false	false	false	false	.text,__jump_table,__versions
kernel/drivers/net/slip/slhc.ko	runtime-data-different-code-equivalent	false	false	true	true	true	true	__versions
kernel/drivers/net/slip/slip.ko	runtime-data-different-code-equivalent	false	false	true	true	true	true	__versions
kernel/drivers/net/sungem_phy.ko	runtime-data-different-code-equivalent	false	false	true	true	true	true	__versions
kernel/drivers/net/tap.ko	runtime-data-different-code-equivalent	false	false	true	true	true	true	__versions
kernel/drivers/net/team/team.ko	runtime-code-or-symbol-different	false	false	false	false	false	false	.orc_unwind,.orc_unwind_ip,.return_sites,.text,.text.unlikely,__dyndbg,__jump_table,__versions
kernel/drivers/net/team/team_mode_activebackup.ko	runtime-data-different-code-equivalent	false	false	true	true	true	true	__versions
kernel/drivers/net/team/team_mode_broadcast.ko	runtime-data-different-code-equivalent	false	false	true	true	true	true	__versions
kernel/drivers/net/team/team_mode_loadbalance.ko	runtime-code-or-symbol-different	false	false	false	false	false	false	.orc_unwind,.orc_unwind_ip,.text,__jump_table,__versions
kernel/drivers/net/team/team_mode_random.ko	runtime-data-different-code-equivalent	false	false	true	true	true	true	__versions
kernel/drivers/net/team/team_mode_roundrobin.ko	runtime-data-different-code-equivalent	false	false	true	true	true	true	__versions
kernel/drivers/net/thunderbolt-net.ko	runtime-data-different-code-equivalent	false	false	true	true	true	true	__versions
kernel/drivers/net/tun.ko	runtime-code-or-symbol-different	false	false	false	false	false	false	.orc_unwind,.orc_unwind_ip,.text,__jump_table,__versions
kernel/drivers/net/usb/aqc111.ko	runtime-code-or-symbol-different	false	false	false	false	false	false	.text,.text.unlikely,__dyndbg,__jump_table,__versions
kernel/drivers/net/usb/asix.ko	runtime-code-or-symbol-different	false	false	false	false	false	false	.orc_unwind,.orc_unwind_ip,.retpoline_sites,.return_sites,.text,.text.unlikely,__bug_table,__dyndbg,__jump_table,__versions
kernel/drivers/net/usb/ax88179_178a.ko	runtime-code-or-symbol-different	false	false	false	false	false	false	.text,.text.unlikely,__dyndbg,__jump_table,__versions
kernel/drivers/net/usb/catc.ko	runtime-code-or-symbol-different	false	false	false	false	false	false	.orc_unwind,.orc_unwind_ip,.return_sites,.text,.text.unlikely,__dyndbg,__jump_table,__versions
kernel/drivers/net/usb/cdc-phonet.ko	runtime-code-or-symbol-different	false	false	false	false	false	false	.text,__dyndbg,__jump_table,__versions
kernel/drivers/net/usb/cdc_eem.ko	runtime-code-or-symbol-different	false	false	false	false	false	false	.text,.text.unlikely,__dyndbg,__jump_table,__versions
kernel/drivers/net/usb/cdc_ether.ko	runtime-code-or-symbol-different	false	false	false	false	false	false	.orc_unwind,.rodata.str1.1,.text,.text.unlikely,__dyndbg,__jump_table,__versions
kernel/drivers/net/usb/cdc_mbim.ko	runtime-code-or-symbol-different	false	false	false	false	false	false	.orc_unwind,.orc_unwind_ip,.text,__dyndbg,__jump_table,__versions
kernel/drivers/net/usb/cdc_ncm.ko	runtime-code-or-symbol-different	false	false	false	false	false	false	.orc_unwind,.orc_unwind_ip,.return_sites,.text,.text.unlikely,__dyndbg,__jump_table,__versions
kernel/drivers/net/usb/cdc_subset.ko	runtime-data-different-code-equivalent	false	false	true	true	true	true	__versions
kernel/drivers/net/usb/ch9200.ko	runtime-code-or-symbol-different	false	false	false	false	false	false	.text,__dyndbg,__jump_table,__versions
kernel/drivers/net/usb/cx82310_eth.ko	runtime-data-different-code-equivalent	false	false	true	true	true	true	__versions
kernel/drivers/net/usb/dm9601.ko	runtime-code-or-symbol-different	false	false	false	false	false	false	.orc_unwind,.return_sites,.text,__dyndbg,__jump_table,__versions
kernel/drivers/net/usb/gl620a.ko	runtime-code-or-symbol-different	false	false	false	false	false	false	.orc_unwind,.orc_unwind_ip,.return_sites,.text,__dyndbg,__jump_table,__versions
kernel/drivers/net/usb/hso.ko	runtime-code-or-symbol-different	false	false	false	false	false	false	.text,__dyndbg,__jump_table,__versions
kernel/drivers/net/usb/huawei_cdc_ncm.ko	runtime-data-different-code-equivalent	false	false	true	true	true	true	__versions
kernel/drivers/net/usb/int51x1.ko	runtime-code-or-symbol-different	false	false	false	false	false	false	.orc_unwind,.orc_unwind_ip,.text,__dyndbg,__jump_table,__versions
kernel/drivers/net/usb/ipheth.ko	runtime-data-different-code-equivalent	false	false	true	true	true	true	__versions
kernel/drivers/net/usb/kalmia.ko	runtime-code-or-symbol-different	false	false	false	false	false	false	.orc_unwind,.text,.text.unlikely,__dyndbg,__jump_table,__versions
kernel/drivers/net/usb/kaweth.ko	runtime-code-or-symbol-different	false	false	false	false	false	false	.orc_unwind,.orc_unwind_ip,.text,.text.unlikely,__dyndbg,__jump_table,__versions
kernel/drivers/net/usb/lan78xx.ko	runtime-code-or-symbol-different	false	false	false	false	false	false	.orc_unwind,.orc_unwind_ip,.rodata.str1.1,.text,.text.unlikely,__dyndbg,__jump_table,__versions
kernel/drivers/net/usb/lg-vl600.ko	runtime-data-different-code-equivalent	false	false	true	true	true	true	__versions
kernel/drivers/net/usb/mcs7830.ko	runtime-code-or-symbol-different	false	false	false	false	false	false	.orc_unwind,.orc_unwind_ip,.return_sites,.text,__dyndbg,__jump_table,__versions
kernel/drivers/net/usb/net1080.ko	runtime-code-or-symbol-different	false	false	false	false	false	false	.orc_unwind,.orc_unwind_ip,.text,.text.unlikely,__dyndbg,__jump_table,__versions
kernel/drivers/net/usb/pegasus.ko	runtime-code-or-symbol-different	false	false	false	false	false	false	.orc_unwind,.orc_unwind_ip,.return_sites,.rodata.str1.1,.rodata.str1.8,.text,.text.unlikely,__dyndbg,__jump_table,__versions
kernel/drivers/net/usb/plusb.ko	runtime-code-or-symbol-different	false	false	false	false	false	false	.text,__dyndbg,__jump_table,__versions
kernel/drivers/net/usb/qmi_wwan.ko	runtime-code-or-symbol-different	false	false	false	false	false	false	.orc_unwind,.orc_unwind_ip,.text,.text.unlikely,__dyndbg,__jump_table,__versions
kernel/drivers/net/usb/r8152.ko	runtime-code-or-symbol-different	false	false	false	false	false	false	.orc_unwind,.orc_unwind_ip,.rodata.str1.1,.text,.text.unlikely,__dyndbg,__jump_table,__versions
kernel/drivers/net/usb/rndis_host.ko	runtime-code-or-symbol-different	false	false	false	false	false	false	.orc_unwind,.orc_unwind_ip,.text,.text.unlikely,__dyndbg,__jump_table,__versions
kernel/drivers/net/usb/rtl8150.ko	runtime-code-or-symbol-different	false	false	false	false	false	false	.orc_unwind,.orc_unwind_ip,.text,__dyndbg,__jump_table,__versions
kernel/drivers/net/usb/sierra_net.ko	runtime-code-or-symbol-different	false	false	false	false	false	false	.orc_unwind,.orc_unwind_ip,.return_sites,.rodata.str1.1,.text,.text.unlikely,__dyndbg,__jump_table,__mcount_loc,__versions
kernel/drivers/net/usb/smsc75xx.ko	runtime-code-or-symbol-different	false	false	false	false	false	false	.orc_unwind,.orc_unwind_ip,.return_sites,.text,.text.unlikely,__dyndbg,__jump_table,__versions
kernel/drivers/net/usb/smsc95xx.ko	runtime-code-or-symbol-different	false	false	false	false	false	false	.orc_unwind,.orc_unwind_ip,.return_sites,.text,.text.unlikely,__dyndbg,__jump_table,__versions
kernel/drivers/net/usb/sr9700.ko	runtime-code-or-symbol-different	false	false	false	false	false	false	.orc_unwind,.orc_unwind_ip,.return_sites,.rodata.str1.8,.text,__dyndbg,__jump_table,__versions
kernel/drivers/net/usb/sr9800.ko	runtime-code-or-symbol-different	false	false	false	false	false	false	.orc_unwind,.orc_unwind_ip,.return_sites,.rodata.str1.8,.text,__dyndbg,__jump_table,__versions
kernel/drivers/net/usb/usbnet.ko	runtime-code-or-symbol-different	false	false	false	false	false	false	.orc_unwind,.orc_unwind_ip,.return_sites,.text,.text.unlikely,__dyndbg,__jump_table,__versions
kernel/drivers/net/usb/zaurus.ko	runtime-code-or-symbol-different	false	false	false	false	false	false	.orc_unwind,.orc_unwind_ip,.text,.text.unlikely,__dyndbg,__jump_table,__versions
kernel/drivers/net/veth.ko	runtime-code-or-symbol-different	false	false	false	false	false	false	.text,__jump_table,__versions
kernel/drivers/net/virtio_net.ko	runtime-code-or-symbol-different	false	false	false	false	false	false	.orc_unwind,.text,__bug_table,__dyndbg,__jump_table,__versions
kernel/drivers/net/vmxnet3/vmxnet3.ko	runtime-code-or-symbol-different	false	false	false	false	false	false	.orc_unwind,.orc_unwind_ip,.text,.text.unlikely,__bug_table,__dyndbg,__jump_table,__versions
kernel/drivers/net/vrf.ko	runtime-code-or-symbol-different	false	false	false	false	false	false	.orc_unwind,.orc_unwind_ip,.text,__jump_table,__versions
kernel/drivers/net/vsockmon.ko	runtime-data-different-code-equivalent	false	false	true	true	true	true	__versions
kernel/drivers/net/vxlan.ko	runtime-code-or-symbol-different	false	false	false	false	false	false	.orc_unwind,.orc_unwind_ip,.text,.text.unlikely,__dyndbg,__jump_table,__versions
kernel/drivers/net/wan/dlci.ko	runtime-data-different-code-equivalent	false	false	true	true	true	true	__versions
kernel/drivers/net/wan/farsync.ko	runtime-data-different-code-equivalent	false	false	true	true	true	true	__versions
kernel/drivers/net/wan/hdlc.ko	runtime-data-different-code-equivalent	false	false	true	true	true	true	__versions
kernel/drivers/net/wan/hdlc_cisco.ko	runtime-data-different-code-equivalent	false	false	true	true	true	true	__versions
kernel/drivers/net/wan/hdlc_fr.ko	runtime-data-different-code-equivalent	false	false	true	true	true	true	__versions
kernel/drivers/net/wan/hdlc_ppp.ko	runtime-data-different-code-equivalent	false	false	true	true	true	true	__versions
kernel/drivers/net/wan/hdlc_raw.ko	runtime-data-different-code-equivalent	false	false	true	true	true	true	__versions
kernel/drivers/net/wan/hdlc_raw_eth.ko	runtime-data-different-code-equivalent	false	false	true	true	true	true	__versions
kernel/drivers/net/wan/lmc/lmc.ko	runtime-data-different-code-equivalent	false	false	true	true	true	true	__versions
kernel/drivers/net/wan/pci200syn.ko	runtime-data-different-code-equivalent	false	false	true	true	true	true	__versions
kernel/drivers/net/wan/wanxl.ko	runtime-data-different-code-equivalent	false	false	true	true	true	true	__versions
kernel/drivers/net/wimax/i2400m/i2400m-usb.ko	runtime-data-different-code-equivalent	false	false	true	true	true	true	__versions
kernel/drivers/net/wimax/i2400m/i2400m.ko	runtime-data-different-code-equivalent	false	false	true	true	true	true	__versions
kernel/drivers/net/wireguard/wireguard.ko	runtime-code-or-symbol-different	false	false	false	false	false	false	.orc_unwind,.orc_unwind_ip,.return_sites,.text,__dyndbg,__jump_table,__versions
kernel/drivers/net/wireless/admtek/adm8211.ko	runtime-data-different-code-equivalent	false	false	true	true	true	true	__versions
kernel/drivers/net/wireless/ath/ar5523/ar5523.ko	runtime-code-or-symbol-different	false	false	false	false	false	false	.orc_unwind,.orc_unwind_ip,.return_sites,.rodata.str1.1,.text,.text.unlikely,__dyndbg,__jump_table,__mcount_loc,__versions
kernel/drivers/net/wireless/ath/ath.ko	runtime-data-different-code-equivalent	false	false	true	true	true	true	__versions
kernel/drivers/net/wireless/ath/ath10k/ath10k_core.ko	runtime-data-different-code-equivalent	false	false	true	true	true	true	__versions
kernel/drivers/net/wireless/ath/ath10k/ath10k_pci.ko	runtime-data-different-code-equivalent	false	false	true	true	true	true	__versions
kernel/drivers/net/wireless/ath/ath10k/ath10k_usb.ko	runtime-data-different-code-equivalent	false	false	true	true	true	true	__versions
kernel/drivers/net/wireless/ath/ath11k/ath11k.ko	runtime-data-different-code-equivalent	false	false	true	true	true	true	__versions
kernel/drivers/net/wireless/ath/ath11k/ath11k_pci.ko	runtime-data-different-code-equivalent	false	false	true	true	true	true	__versions
kernel/drivers/net/wireless/ath/ath5k/ath5k.ko	runtime-data-different-code-equivalent	false	false	true	true	true	true	__versions
kernel/drivers/net/wireless/ath/ath6kl/ath6kl_core.ko	runtime-data-different-code-equivalent	false	false	true	true	true	true	__versions
kernel/drivers/net/wireless/ath/ath6kl/ath6kl_sdio.ko	runtime-data-different-code-equivalent	false	false	true	true	true	true	__versions
kernel/drivers/net/wireless/ath/ath6kl/ath6kl_usb.ko	runtime-data-different-code-equivalent	false	false	true	true	true	true	__versions
kernel/drivers/net/wireless/ath/ath9k/ath9k.ko	runtime-data-different-code-equivalent	false	false	true	true	true	true	__versions
kernel/drivers/net/wireless/ath/ath9k/ath9k_common.ko	runtime-data-different-code-equivalent	false	false	true	true	true	true	__versions
kernel/drivers/net/wireless/ath/ath9k/ath9k_htc.ko	runtime-data-different-code-equivalent	false	false	true	true	true	true	__versions
kernel/drivers/net/wireless/ath/ath9k/ath9k_hw.ko	runtime-data-different-code-equivalent	false	false	true	true	true	true	__versions
kernel/drivers/net/wireless/ath/carl9170/carl9170.ko	runtime-code-or-symbol-different	false	false	false	false	false	false	.orc_unwind,.orc_unwind_ip,.return_sites,.text,.text.unlikely,__dyndbg,__jump_table,__versions
kernel/drivers/net/wireless/ath/wil6210/wil6210.ko	runtime-code-or-symbol-different	false	false	false	false	false	false	.orc_unwind,.orc_unwind_ip,.return_sites,.rodata.str1.1,.rodata.str1.8,.text,.text.unlikely,__bug_table,__dyndbg,__jump_table,__mcount_loc,__tracepoints,__versions
kernel/drivers/net/wireless/atmel/at76c50x-usb.ko	runtime-code-or-symbol-different	false	false	false	false	false	false	.orc_unwind,.text,.text.unlikely,__dyndbg,__jump_table,__versions
kernel/drivers/net/wireless/atmel/atmel.ko	runtime-data-different-code-equivalent	false	false	true	true	true	true	__versions
kernel/drivers/net/wireless/atmel/atmel_cs.ko	runtime-code-or-symbol-different	false	false	false	false	false	false	.orc_unwind,.orc_unwind_ip,.text,__dyndbg,__jump_table,__versions
kernel/drivers/net/wireless/atmel/atmel_pci.ko	runtime-data-different-code-equivalent	false	false	true	true	true	true	__versions
kernel/drivers/net/wireless/broadcom/b43/b43.ko	runtime-data-different-code-equivalent	false	false	true	true	true	true	__versions
kernel/drivers/net/wireless/broadcom/b43legacy/b43legacy.ko	runtime-data-different-code-equivalent	false	false	true	true	true	true	__versions
kernel/drivers/net/wireless/broadcom/brcm80211/brcmfmac/brcmfmac.ko	runtime-code-or-symbol-different	false	false	false	false	false	false	.text,__dyndbg,__jump_table,__versions
kernel/drivers/net/wireless/broadcom/brcm80211/brcmsmac/brcmsmac.ko	runtime-code-or-symbol-different	false	false	false	false	false	false	.text,__dyndbg,__jump_table,__versions
kernel/drivers/net/wireless/broadcom/brcm80211/brcmutil/brcmutil.ko	runtime-data-different-code-equivalent	false	false	true	true	true	true	__versions
kernel/drivers/net/wireless/cisco/airo.ko	runtime-code-or-symbol-different	false	false	false	false	false	false	.orc_unwind,.return_sites,.text,__jump_table,__versions
kernel/drivers/net/wireless/cisco/airo_cs.ko	runtime-code-or-symbol-different	false	false	false	false	false	false	.text,__dyndbg,__jump_table,__versions
kernel/drivers/net/wireless/intel/ipw2x00/ipw2200.ko	runtime-data-different-code-equivalent	false	false	true	true	true	true	__versions
kernel/drivers/net/wireless/intel/ipw2x00/libipw.ko	runtime-data-different-code-equivalent	false	false	true	true	true	true	__versions
kernel/drivers/net/wireless/intel/iwlegacy/iwl3945.ko	runtime-data-different-code-equivalent	false	false	true	true	true	true	__versions
kernel/drivers/net/wireless/intel/iwlegacy/iwl4965.ko	runtime-data-different-code-equivalent	false	false	true	true	true	true	__versions
kernel/drivers/net/wireless/intel/iwlegacy/iwlegacy.ko	runtime-data-different-code-equivalent	false	false	true	true	true	true	__versions
kernel/drivers/net/wireless/intel/iwlwifi/dvm/iwldvm.ko	runtime-data-different-code-equivalent	false	false	true	true	true	true	__versions
kernel/drivers/net/wireless/intel/iwlwifi/iwlwifi.ko	runtime-data-different-code-equivalent	false	false	true	true	true	true	__versions
kernel/drivers/net/wireless/intel/iwlwifi/mvm/iwlmvm.ko	runtime-data-different-code-equivalent	false	false	true	true	true	true	__versions
kernel/drivers/net/wireless/intersil/hostap/hostap.ko	runtime-data-different-code-equivalent	false	false	true	true	true	true	__versions
kernel/drivers/net/wireless/intersil/hostap/hostap_cs.ko	runtime-code-or-symbol-different	false	false	false	false	false	false	.orc_unwind,.orc_unwind_ip,.rodata.str1.8,.text,.text.unlikely,__jump_table,__versions
kernel/drivers/net/wireless/intersil/hostap/hostap_pci.ko	runtime-data-different-code-equivalent	false	false	true	true	true	true	__versions
kernel/drivers/net/wireless/intersil/hostap/hostap_plx.ko	runtime-code-or-symbol-different	false	false	false	false	false	false	.orc_unwind,.orc_unwind_ip,.rodata.str1.8,.text,.text.unlikely,__jump_table,__versions
kernel/drivers/net/wireless/intersil/orinoco/orinoco.ko	runtime-code-or-symbol-different	false	false	false	false	false	false	.orc_unwind,.orc_unwind_ip,.return_sites,.text,.text.unlikely,__dyndbg,__jump_table,__versions
kernel/drivers/net/wireless/intersil/orinoco/orinoco_cs.ko	runtime-data-different-code-equivalent	false	false	true	true	true	true	__versions
kernel/drivers/net/wireless/intersil/orinoco/orinoco_nortel.ko	runtime-data-different-code-equivalent	false	false	true	true	true	true	__versions
kernel/drivers/net/wireless/intersil/orinoco/orinoco_plx.ko	runtime-data-different-code-equivalent	false	false	true	true	true	true	__versions
kernel/drivers/net/wireless/intersil/orinoco/orinoco_tmd.ko	runtime-data-different-code-equivalent	false	false	true	true	true	true	__versions
kernel/drivers/net/wireless/intersil/orinoco/orinoco_usb.ko	runtime-code-or-symbol-different	false	false	false	false	false	false	.orc_unwind,.text,.text.unlikely,__dyndbg,__jump_table,__versions
kernel/drivers/net/wireless/intersil/orinoco/spectrum_cs.ko	runtime-data-different-code-equivalent	false	false	true	true	true	true	__versions
kernel/drivers/net/wireless/intersil/p54/p54common.ko	runtime-code-or-symbol-different	false	false	false	false	false	false	.orc_unwind,.text,.text.unlikely,__dyndbg,__jump_table,__versions
kernel/drivers/net/wireless/intersil/p54/p54pci.ko	runtime-data-different-code-equivalent	false	false	true	true	true	true	__versions
kernel/drivers/net/wireless/intersil/p54/p54usb.ko	runtime-data-different-code-equivalent	false	false	true	true	true	true	__versions
kernel/drivers/net/wireless/mac80211_hwsim.ko	runtime-code-or-symbol-different	false	false	false	false	false	false	.exit.text,.init.text,.orc_unwind,.orc_unwind_ip,.return_sites,.text,__bug_table,__dyndbg,__jump_table,__versions
kernel/drivers/net/wireless/marvell/libertas/libertas.ko	runtime-data-different-code-equivalent	false	false	true	true	true	true	__versions
kernel/drivers/net/wireless/marvell/libertas/libertas_cs.ko	runtime-data-different-code-equivalent	false	false	true	true	true	true	__versions
kernel/drivers/net/wireless/marvell/libertas/libertas_sdio.ko	runtime-data-different-code-equivalent	false	false	true	true	true	true	__versions
kernel/drivers/net/wireless/marvell/libertas/usb8xxx.ko	runtime-data-different-code-equivalent	false	false	true	true	true	true	__versions
kernel/drivers/net/wireless/marvell/libertas_tf/libertas_tf.ko	runtime-data-different-code-equivalent	false	false	true	true	true	true	__versions
kernel/drivers/net/wireless/marvell/libertas_tf/libertas_tf_usb.ko	runtime-data-different-code-equivalent	false	false	true	true	true	true	__versions
kernel/drivers/net/wireless/marvell/mwifiex/mwifiex.ko	runtime-code-or-symbol-different	false	false	false	false	false	false	.orc_unwind,.orc_unwind_ip,.return_sites,.rodata.str1.8,.text,.text.unlikely,__dyndbg,__jump_table,__versions
kernel/drivers/net/wireless/marvell/mwifiex/mwifiex_pcie.ko	runtime-code-or-symbol-different	false	false	false	false	false	false	.text,__dyndbg,__jump_table,__versions
kernel/drivers/net/wireless/marvell/mwifiex/mwifiex_sdio.ko	runtime-code-or-symbol-different	false	false	false	false	false	false	.text,.text.unlikely,__dyndbg,__jump_table,__versions
kernel/drivers/net/wireless/marvell/mwifiex/mwifiex_usb.ko	runtime-code-or-symbol-different	false	false	false	false	false	false	.text,.text.unlikely,__dyndbg,__jump_table,__versions
kernel/drivers/net/wireless/marvell/mwl8k.ko	runtime-code-or-symbol-different	false	false	false	false	false	false	.text,__dyndbg,__jump_table,__versions
kernel/drivers/net/wireless/mediatek/mt76/mt76-usb.ko	runtime-code-or-symbol-different	false	false	false	false	false	false	.orc_unwind,.orc_unwind_ip,.return_sites,.rodata.str1.1,.static_call_sites,.text,.text.unlikely,__jump_table,__mcount_loc,__tracepoints,__versions
kernel/drivers/net/wireless/mediatek/mt76/mt76.ko	runtime-code-or-symbol-different	false	false	false	false	false	false	.orc_unwind,.return_sites,.text,__jump_table,__tracepoints,__versions
kernel/drivers/net/wireless/mediatek/mt76/mt76x0/mt76x0-common.ko	runtime-code-or-symbol-different	false	false	false	false	false	false	.text,.text.unlikely,__dyndbg,__jump_table,__versions
kernel/drivers/net/wireless/mediatek/mt76/mt76x0/mt76x0e.ko	runtime-code-or-symbol-different	false	false	false	false	false	false	.orc_unwind,.retpoline_sites,.rodata.str1.1,.text,.text.unlikely,__dyndbg,__jump_table,__versions
kernel/drivers/net/wireless/mediatek/mt76/mt76x0/mt76x0u.ko	runtime-code-or-symbol-different	false	false	false	false	false	false	.orc_unwind,.text,.text.unlikely,__dyndbg,__jump_table,__versions
kernel/drivers/net/wireless/mediatek/mt76/mt76x02-lib.ko	runtime-code-or-symbol-different	false	false	false	false	false	false	.orc_unwind,.orc_unwind_ip,.return_sites,.text,__jump_table,__tracepoints,__versions
kernel/drivers/net/wireless/mediatek/mt76/mt76x02-usb.ko	runtime-code-or-symbol-different	false	false	false	false	false	false	.text,__dyndbg,__jump_table,__versions
kernel/drivers/net/wireless/mediatek/mt76/mt76x2/mt76x2-common.ko	runtime-data-different-code-equivalent	false	false	true	true	true	true	__versions
kernel/drivers/net/wireless/mediatek/mt76/mt76x2/mt76x2e.ko	runtime-data-different-code-equivalent	false	false	true	true	true	true	__versions
kernel/drivers/net/wireless/mediatek/mt76/mt76x2/mt76x2u.ko	runtime-code-or-symbol-different	false	false	false	false	false	true	.text.unlikely,__dyndbg,__jump_table,__versions
kernel/drivers/net/wireless/mediatek/mt7601u/mt7601u.ko	runtime-code-or-symbol-different	false	false	false	false	false	false	.orc_unwind,.orc_unwind_ip,.return_sites,.text,.text.unlikely,__bug_table,__dyndbg,__jump_table,__tracepoints,__versions
kernel/drivers/net/wireless/ralink/rt2x00/rt2400pci.ko	runtime-data-different-code-equivalent	false	false	true	true	true	true	__versions
kernel/drivers/net/wireless/ralink/rt2x00/rt2500pci.ko	runtime-code-or-symbol-different	false	false	false	false	false	false	.text,.text.unlikely,__dyndbg,__jump_table,__versions
kernel/drivers/net/wireless/ralink/rt2x00/rt2500usb.ko	runtime-code-or-symbol-different	false	false	false	false	false	false	.text,.text.unlikely,__dyndbg,__jump_table,__versions
kernel/drivers/net/wireless/ralink/rt2x00/rt2800lib.ko	runtime-code-or-symbol-different	false	false	false	false	false	false	.orc_unwind,.orc_unwind_ip,.return_sites,.text,.text.unlikely,__dyndbg,__jump_table,__versions
kernel/drivers/net/wireless/ralink/rt2x00/rt2800mmio.ko	runtime-data-different-code-equivalent	false	false	true	true	true	true	__versions
kernel/drivers/net/wireless/ralink/rt2x00/rt2800pci.ko	runtime-data-different-code-equivalent	false	false	true	true	true	true	__versions
kernel/drivers/net/wireless/ralink/rt2x00/rt2800usb.ko	runtime-data-different-code-equivalent	false	false	true	true	true	true	__versions
kernel/drivers/net/wireless/ralink/rt2x00/rt2x00lib.ko	runtime-code-or-symbol-different	false	false	false	false	false	false	.orc_unwind,.orc_unwind_ip,.return_sites,.text,__dyndbg,__jump_table,__versions
kernel/drivers/net/wireless/ralink/rt2x00/rt2x00mmio.ko	runtime-data-different-code-equivalent	false	false	true	true	true	true	__versions
kernel/drivers/net/wireless/ralink/rt2x00/rt2x00pci.ko	runtime-data-different-code-equivalent	false	false	true	true	true	true	__versions
kernel/drivers/net/wireless/ralink/rt2x00/rt2x00usb.ko	runtime-data-different-code-equivalent	false	false	true	true	true	true	__versions
kernel/drivers/net/wireless/ralink/rt2x00/rt61pci.ko	runtime-code-or-symbol-different	false	false	false	false	false	false	.text,__dyndbg,__jump_table,__versions
kernel/drivers/net/wireless/ralink/rt2x00/rt73usb.ko	runtime-code-or-symbol-different	false	false	false	false	false	false	.text,__dyndbg,__jump_table,__versions
kernel/drivers/net/wireless/ray_cs.ko	runtime-code-or-symbol-different	false	false	false	false	false	false	.exit.text,.init.text,.orc_unwind,.orc_unwind_ip,.return_sites,.text,.text.unlikely,__dyndbg,__jump_table,__versions
kernel/drivers/net/wireless/realtek/rtl818x/rtl8180/rtl818x_pci.ko	runtime-data-different-code-equivalent	false	false	true	true	true	true	__versions
kernel/drivers/net/wireless/realtek/rtl818x/rtl8187/rtl8187.ko	runtime-code-or-symbol-different	false	false	false	false	false	false	.text,__dyndbg,__jump_table,__versions
kernel/drivers/net/wireless/realtek/rtl8xxxu/rtl8xxxu.ko	runtime-code-or-symbol-different	false	false	false	false	false	false	.orc_unwind,.orc_unwind_ip,.return_sites,.rodata.str1.1,.text,.text.unlikely,__dyndbg,__jump_table,__versions
kernel/drivers/net/wireless/realtek/rtlwifi/btcoexist/btcoexist.ko	runtime-data-different-code-equivalent	false	false	true	true	true	true	__versions
kernel/drivers/net/wireless/realtek/rtlwifi/rtl8188ee/rtl8188ee.ko	runtime-data-different-code-equivalent	false	false	true	true	true	true	__versions
kernel/drivers/net/wireless/realtek/rtlwifi/rtl8192c/rtl8192c-common.ko	runtime-data-different-code-equivalent	false	false	true	true	true	true	__versions
kernel/drivers/net/wireless/realtek/rtlwifi/rtl8192ce/rtl8192ce.ko	runtime-data-different-code-equivalent	false	false	true	true	true	true	__versions
kernel/drivers/net/wireless/realtek/rtlwifi/rtl8192cu/rtl8192cu.ko	runtime-data-different-code-equivalent	false	false	true	true	true	true	__versions
kernel/drivers/net/wireless/realtek/rtlwifi/rtl8192de/rtl8192de.ko	runtime-data-different-code-equivalent	false	false	true	true	true	true	__versions
kernel/drivers/net/wireless/realtek/rtlwifi/rtl8192ee/rtl8192ee.ko	runtime-data-different-code-equivalent	false	false	true	true	true	true	__versions
kernel/drivers/net/wireless/realtek/rtlwifi/rtl8192se/rtl8192se.ko	runtime-data-different-code-equivalent	false	false	true	true	true	true	__versions
kernel/drivers/net/wireless/realtek/rtlwifi/rtl8723ae/rtl8723ae.ko	runtime-data-different-code-equivalent	false	false	true	true	true	true	__versions
kernel/drivers/net/wireless/realtek/rtlwifi/rtl8723be/rtl8723be.ko	runtime-data-different-code-equivalent	false	false	true	true	true	true	__versions
kernel/drivers/net/wireless/realtek/rtlwifi/rtl8723com/rtl8723-common.ko	runtime-data-different-code-equivalent	false	false	true	true	true	true	__versions
kernel/drivers/net/wireless/realtek/rtlwifi/rtl8821ae/rtl8821ae.ko	runtime-code-or-symbol-different	false	false	false	false	false	false	.text,__dyndbg,__jump_table,__versions
kernel/drivers/net/wireless/realtek/rtlwifi/rtl_pci.ko	runtime-data-different-code-equivalent	false	false	true	true	true	true	__versions
kernel/drivers/net/wireless/realtek/rtlwifi/rtl_usb.ko	runtime-data-different-code-equivalent	false	false	true	true	true	true	__versions
kernel/drivers/net/wireless/realtek/rtlwifi/rtlwifi.ko	runtime-data-different-code-equivalent	false	false	true	true	true	true	__versions
kernel/drivers/net/wireless/realtek/rtw88/rtw88_8723d.ko	runtime-data-different-code-equivalent	false	false	true	true	true	true	__versions
kernel/drivers/net/wireless/realtek/rtw88/rtw88_8723de.ko	runtime-data-different-code-equivalent	false	false	true	true	true	true	__versions
kernel/drivers/net/wireless/realtek/rtw88/rtw88_8821c.ko	runtime-data-different-code-equivalent	false	false	true	true	true	true	__versions
kernel/drivers/net/wireless/realtek/rtw88/rtw88_8821ce.ko	runtime-data-different-code-equivalent	false	false	true	true	true	true	__versions
kernel/drivers/net/wireless/realtek/rtw88/rtw88_8822b.ko	runtime-data-different-code-equivalent	false	false	true	true	true	true	__versions
kernel/drivers/net/wireless/realtek/rtw88/rtw88_8822be.ko	runtime-data-different-code-equivalent	false	false	true	true	true	true	__versions
kernel/drivers/net/wireless/realtek/rtw88/rtw88_8822c.ko	runtime-data-different-code-equivalent	false	false	true	true	true	true	__versions
kernel/drivers/net/wireless/realtek/rtw88/rtw88_8822ce.ko	runtime-data-different-code-equivalent	false	false	true	true	true	true	__versions
kernel/drivers/net/wireless/realtek/rtw88/rtw88_core.ko	runtime-code-or-symbol-different	false	false	false	false	false	false	.text,__dyndbg,__jump_table,__versions
kernel/drivers/net/wireless/realtek/rtw88/rtw88_pci.ko	runtime-data-different-code-equivalent	false	false	true	true	true	true	__versions
kernel/drivers/net/wireless/rndis_wlan.ko	runtime-code-or-symbol-different	false	false	false	false	false	false	.orc_unwind,.orc_unwind_ip,.return_sites,.rodata.str1.1,.text,.text.unlikely,__dyndbg,__jump_table,__versions
kernel/drivers/net/wireless/rsi/rsi_91x.ko	runtime-data-different-code-equivalent	false	false	true	true	true	true	__versions
kernel/drivers/net/wireless/rsi/rsi_usb.ko	runtime-data-different-code-equivalent	false	false	true	true	true	true	__versions
kernel/drivers/net/wireless/wl3501_cs.ko	runtime-code-or-symbol-different	false	false	false	false	false	false	.orc_unwind,.orc_unwind_ip,.return_sites,.rodata.str1.1,.rodata.str1.8,.text,.text.unlikely,__dyndbg,__jump_table,__versions
kernel/drivers/net/wireless/zydas/zd1201.ko	runtime-code-or-symbol-different	false	false	false	false	false	false	.orc_unwind,.orc_unwind_ip,.text,__dyndbg,__jump_table,__versions
kernel/drivers/net/wireless/zydas/zd1211rw/zd1211rw.ko	runtime-code-or-symbol-different	false	false	false	false	false	false	.exit.text,.init.text,.text,__dyndbg,__jump_table,__versions
kernel/drivers/net/xen-netback/xen-netback.ko	runtime-code-or-symbol-different	false	false	false	false	false	false	.orc_unwind,.orc_unwind_ip,.text,.text.unlikely,__bug_table,__dyndbg,__jump_table,__versions
kernel/drivers/net/xen-netfront.ko	runtime-code-or-symbol-different	false	false	false	false	false	false	.text,.text.unlikely,__dyndbg,__jump_table,__versions
kernel/drivers/nfc/mei_phy.ko	runtime-code-or-symbol-different	false	false	false	false	false	false	.orc_unwind,.text,.text.unlikely,__dyndbg,__jump_table,__versions
kernel/drivers/nfc/nfcsim.ko	runtime-code-or-symbol-different	false	false	false	false	false	false	.text,__dyndbg,__jump_table,__versions
kernel/drivers/nfc/pn533/pn533.ko	runtime-code-or-symbol-different	false	false	false	false	false	false	.orc_unwind,.orc_unwind_ip,.return_sites,.text,.text.unlikely,__dyndbg,__jump_table,__versions
kernel/drivers/nfc/pn533/pn533_usb.ko	runtime-code-or-symbol-different	false	false	false	false	false	false	.orc_unwind,.orc_unwind_ip,.return_sites,.text,__dyndbg,__jump_table,__versions
kernel/drivers/nfc/pn544/pn544.ko	runtime-code-or-symbol-different	false	false	false	false	false	false	.text,.text.unlikely,__dyndbg,__jump_table,__versions
kernel/drivers/nfc/pn544/pn544_mei.ko	runtime-data-different-code-equivalent	false	false	true	true	true	true	__versions
kernel/drivers/nfc/port100.ko	runtime-code-or-symbol-different	false	false	false	false	false	false	.text,__dyndbg,__jump_table,__versions
kernel/drivers/nvdimm/libnvdimm.ko	runtime-code-or-symbol-different	false	false	false	false	false	false	.altinstr_replacement,.altinstructions,.data,.data.once,.orc_unwind,.orc_unwind_ip,.retpoline_sites,.return_sites,.rodata,.rodata.str1.1,.rodata.str1.8,.smp_locks,.text,.text.unlikely,__bug_table,__dyndbg,__jump_table,__mcount_loc,__param,__versions
kernel/drivers/nvdimm/nd_blk.ko	runtime-code-or-symbol-different	false	false	false	false	false	false	.text,__dyndbg,__jump_table,__versions
kernel/drivers/nvdimm/nd_btt.ko	runtime-code-or-symbol-different	false	false	false	false	false	false	.text,.text.unlikely,__bug_table,__dyndbg,__jump_table,__versions
kernel/drivers/nvdimm/nd_e820.ko	runtime-data-different-code-equivalent	false	false	true	true	true	true	__versions
kernel/drivers/nvdimm/nd_pmem.ko	runtime-code-or-symbol-different	false	false	false	false	false	false	.text,__dyndbg,__jump_table,__versions
kernel/drivers/nvdimm/nd_virtio.ko	runtime-data-different-code-equivalent	false	false	true	true	true	true	__versions
kernel/drivers/nvdimm/virtio_pmem.ko	runtime-data-different-code-equivalent	false	false	true	true	true	true	__versions
kernel/drivers/nvme/host/nvme-core.ko	runtime-code-or-symbol-different	false	false	false	false	false	false	.orc_unwind,.orc_unwind_ip,.return_sites,.rodata.str1.1,.text,.text.unlikely,__dyndbg,__jump_table,__tracepoints,__versions
kernel/drivers/nvme/host/nvme-fabrics.ko	runtime-code-or-symbol-different	false	false	false	false	false	false	.text,.text.unlikely,__dyndbg,__jump_table,__versions
kernel/drivers/nvme/host/nvme-fc.ko	runtime-data-different-code-equivalent	false	false	true	true	true	true	__versions
kernel/drivers/nvme/host/nvme-rdma.ko	runtime-code-or-symbol-different	false	false	false	false	false	false	.text,.text.unlikely,__dyndbg,__jump_table,__versions
kernel/drivers/nvme/host/nvme-tcp.ko	runtime-code-or-symbol-different	false	false	false	false	false	false	.text,.text.unlikely,__dyndbg,__jump_table,__versions
kernel/drivers/nvme/host/nvme.ko	runtime-code-or-symbol-different	false	false	false	false	false	false	.data,.text,__jump_table,__versions
kernel/drivers/nvme/target/nvmet-fc.ko	runtime-data-different-code-equivalent	false	false	true	true	true	true	__versions
kernel/drivers/nvme/target/nvmet-rdma.ko	runtime-code-or-symbol-different	false	false	false	false	false	false	.orc_unwind,.text,.text.unlikely,__dyndbg,__jump_table,__versions
kernel/drivers/nvme/target/nvmet-tcp.ko	runtime-data-different-code-equivalent	false	false	true	true	true	true	__versions
kernel/drivers/nvme/target/nvmet.ko	runtime-code-or-symbol-different	false	false	false	false	false	false	.orc_unwind,.orc_unwind_ip,.rodata.str1.8,.text,.text.unlikely,__dyndbg,__jump_table,__tracepoints,__versions
kernel/drivers/parport/parport.ko	runtime-code-or-symbol-different	false	false	false	false	false	false	.orc_unwind,.orc_unwind_ip,.retpoline_sites,.return_sites,.rodata.str1.1,.text,.text.unlikely,__dyndbg,__jump_table,__versions
kernel/drivers/parport/parport_cs.ko	runtime-code-or-symbol-different	false	false	false	false	false	false	.text,__dyndbg,__jump_table,__versions
kernel/drivers/parport/parport_pc.ko	runtime-code-or-symbol-different	false	false	false	false	false	false	.text,.text.unlikely,__dyndbg,__jump_table,__versions
kernel/drivers/parport/parport_serial.ko	runtime-code-or-symbol-different	false	false	false	false	false	false	.orc_unwind,.text,.text.unlikely,__dyndbg,__jump_table,__versions
kernel/drivers/pci/controller/pci-hyperv-intf.ko	runtime-data-different-code-equivalent	false	false	true	true	true	true	__versions
kernel/drivers/pci/controller/pci-hyperv.ko	runtime-data-different-code-equivalent	false	false	true	true	true	true	__versions
kernel/drivers/pci/controller/vmd.ko	runtime-data-different-code-equivalent	false	false	true	true	true	true	__versions
kernel/drivers/pci/hotplug/acpiphp_ibm.ko	runtime-code-or-symbol-different	false	false	false	false	false	false	.exit.text,.init.text,.orc_unwind,.orc_unwind_ip,.text,.text.unlikely,__dyndbg,__jump_table,__versions
kernel/drivers/pci/hotplug/cpcihp_generic.ko	runtime-data-different-code-equivalent	false	false	true	true	true	true	__versions
kernel/drivers/pci/hotplug/cpcihp_zt5550.ko	runtime-data-different-code-equivalent	false	false	true	true	true	true	__versions
kernel/drivers/pci/pci-pf-stub.ko	runtime-data-different-code-equivalent	false	false	true	true	true	true	__versions
kernel/drivers/pci/pci-stub.ko	runtime-data-different-code-equivalent	false	false	true	true	true	true	__versions
kernel/drivers/pci/pcie/aer_inject.ko	runtime-data-different-code-equivalent	false	false	true	true	true	true	__versions
kernel/drivers/pci/xen-pcifront.ko	runtime-code-or-symbol-different	false	false	false	false	false	false	.orc_unwind,.orc_unwind_ip,.ref.text,.text,.text.unlikely,__dyndbg,__jump_table,__versions
kernel/drivers/pcmcia/i82092.ko	runtime-code-or-symbol-different	false	false	false	false	false	true	.text.unlikely,__dyndbg,__jump_table,__versions
kernel/drivers/pcmcia/pcmcia.ko	runtime-code-or-symbol-different	false	false	false	false	false	false	.orc_unwind,.orc_unwind_ip,.return_sites,.rodata.str1.1,.text,.text.unlikely,__dyndbg,__jump_table,__versions
kernel/drivers/pcmcia/pcmcia_core.ko	runtime-code-or-symbol-different	false	false	false	false	false	false	.orc_unwind,.orc_unwind_ip,.text,.text.unlikely,__dyndbg,__jump_table,__versions
kernel/drivers/pcmcia/pcmcia_rsrc.ko	runtime-code-or-symbol-different	false	false	false	false	false	false	.orc_unwind,.orc_unwind_ip,.return_sites,.text,.text.unlikely,__dyndbg,__jump_table,__versions
kernel/drivers/pcmcia/pd6729.ko	runtime-code-or-symbol-different	false	false	false	false	false	false	.orc_unwind,.orc_unwind_ip,.return_sites,.text,.text.unlikely,__dyndbg,__jump_table,__versions
kernel/drivers/pcmcia/yenta_socket.ko	runtime-code-or-symbol-different	false	false	false	false	false	false	.orc_unwind,.orc_unwind_ip,.return_sites,.rodata.str1.1,.rodata.str1.8,.text,.text.unlikely,__dyndbg,__jump_table,__versions
kernel/drivers/platform/chrome/chromeos_laptop.ko	runtime-code-or-symbol-different	false	false	false	false	false	false	.init.text,.text,__dyndbg,__jump_table,__versions
kernel/drivers/platform/chrome/chromeos_pstore.ko	runtime-data-different-code-equivalent	false	false	true	true	true	true	__versions
kernel/drivers/platform/chrome/cros_kbd_led_backlight.ko	runtime-data-different-code-equivalent	false	false	true	true	true	true	__versions
kernel/drivers/platform/x86/acer-wireless.ko	runtime-code-or-symbol-different	false	false	false	false	false	false	.text,__dyndbg,__jump_table,__versions
kernel/drivers/platform/x86/acer-wmi.ko	runtime-code-or-symbol-different	false	false	false	false	false	false	.init.text,.text,.text.unlikely,__dyndbg,__jump_table,__versions
kernel/drivers/platform/x86/acerhdf.ko	runtime-data-different-code-equivalent	false	false	true	true	true	true	__versions
kernel/drivers/platform/x86/alienware-wmi.ko	runtime-code-or-symbol-different	false	false	false	false	false	false	.orc_unwind,.orc_unwind_ip,.return_sites,.text,__dyndbg,__jump_table,__versions
kernel/drivers/platform/x86/amilo-rfkill.ko	runtime-data-different-code-equivalent	false	false	true	true	true	true	__versions
kernel/drivers/platform/x86/apple-gmux.ko	runtime-code-or-symbol-different	false	false	false	false	false	false	.orc_unwind,.orc_unwind_ip,.text,__dyndbg,__jump_table,__versions
kernel/drivers/platform/x86/asus-laptop.ko	runtime-data-different-code-equivalent	false	false	true	true	true	true	__versions
kernel/drivers/platform/x86/asus-nb-wmi.ko	runtime-data-different-code-equivalent	false	false	true	true	true	true	__versions
kernel/drivers/platform/x86/asus-wireless.ko	runtime-code-or-symbol-different	false	false	false	false	false	false	.orc_unwind,.orc_unwind_ip,.text,__dyndbg,__jump_table,__versions
kernel/drivers/platform/x86/asus-wmi.ko	runtime-data-different-code-equivalent	false	false	true	true	true	true	__versions
kernel/drivers/platform/x86/classmate-laptop.ko	runtime-data-different-code-equivalent	false	false	true	true	true	true	__versions
kernel/drivers/platform/x86/compal-laptop.ko	runtime-data-different-code-equivalent	false	false	true	true	true	true	__versions
kernel/drivers/platform/x86/dcdbas.ko	runtime-code-or-symbol-different	false	false	false	false	false	false	.orc_unwind,.return_sites,.text,.text.unlikely,__dyndbg,__jump_table,__versions
kernel/drivers/platform/x86/dell-laptop.ko	runtime-data-different-code-equivalent	false	false	true	true	true	true	__versions
kernel/drivers/platform/x86/dell-rbtn.ko	runtime-code-or-symbol-different	false	false	false	false	false	false	.orc_unwind,.orc_unwind_ip,.return_sites,.text,__dyndbg,__jump_table,__versions
kernel/drivers/platform/x86/dell-smbios.ko	runtime-code-or-symbol-different	false	false	false	false	false	false	.init.text,.orc_unwind,.orc_unwind_ip,.return_sites,.text,__dyndbg,__jump_table,__versions
kernel/drivers/platform/x86/dell-smo8800.ko	runtime-code-or-symbol-different	false	false	false	false	false	false	.text,.text.unlikely,__dyndbg,__jump_table,__versions
kernel/drivers/platform/x86/dell-wmi-aio.ko	runtime-data-different-code-equivalent	false	false	true	true	true	true	__versions
kernel/drivers/platform/x86/dell-wmi-descriptor.ko	runtime-code-or-symbol-different	false	false	false	false	false	false	.text,.text.unlikely,__dyndbg,__jump_table,__versions
kernel/drivers/platform/x86/dell-wmi-led.ko	runtime-data-different-code-equivalent	false	false	true	true	true	true	__versions
kernel/drivers/platform/x86/dell-wmi.ko	runtime-code-or-symbol-different	false	false	false	false	false	false	.orc_unwind,.orc_unwind_ip,.text,__dyndbg,__jump_table,__versions
kernel/drivers/platform/x86/dell_rbu.ko	runtime-code-or-symbol-different	false	false	false	false	false	false	.orc_unwind,.rodata.str1.1,.text,.text.unlikely,__dyndbg,__jump_table,__versions
kernel/drivers/platform/x86/eeepc-laptop.ko	runtime-data-different-code-equivalent	false	false	true	true	true	true	__versions
kernel/drivers/platform/x86/eeepc-wmi.ko	runtime-data-different-code-equivalent	false	false	true	true	true	true	__versions
kernel/drivers/platform/x86/fujitsu-laptop.ko	runtime-code-or-symbol-different	false	false	false	false	false	false	.orc_unwind,.orc_unwind_ip,.text,.text.unlikely,__dyndbg,__jump_table,__versions
kernel/drivers/platform/x86/fujitsu-tablet.ko	runtime-data-different-code-equivalent	false	false	true	true	true	true	__versions
kernel/drivers/platform/x86/gpd-pocket-fan.ko	runtime-data-different-code-equivalent	false	false	true	true	true	true	__versions
kernel/drivers/platform/x86/hdaps.ko	runtime-data-different-code-equivalent	false	false	true	true	true	true	__versions
kernel/drivers/platform/x86/hp-wireless.ko	runtime-data-different-code-equivalent	false	false	true	true	true	true	__versions
kernel/drivers/platform/x86/hp-wmi.ko	runtime-data-different-code-equivalent	false	false	true	true	true	true	__versions
kernel/drivers/platform/x86/hp_accel.ko	runtime-data-different-code-equivalent	false	false	true	true	true	true	__versions
kernel/drivers/platform/x86/huawei-wmi.ko	runtime-data-different-code-equivalent	false	false	true	true	true	true	__versions
kernel/drivers/platform/x86/i2c-multi-instantiate.ko	runtime-code-or-symbol-different	false	false	false	false	false	false	.text,__dyndbg,__jump_table,__versions
kernel/drivers/platform/x86/ibm_rtl.ko	runtime-data-different-code-equivalent	false	false	true	true	true	true	__versions
kernel/drivers/platform/x86/ideapad-laptop.ko	runtime-data-different-code-equivalent	false	false	true	true	true	true	__versions
kernel/drivers/platform/x86/intel-hid.ko	runtime-code-or-symbol-different	false	false	false	false	false	false	.orc_unwind,.orc_unwind_ip,.text,.text.unlikely,__dyndbg,__jump_table,__versions
kernel/drivers/platform/x86/intel-rst.ko	runtime-data-different-code-equivalent	false	false	true	true	true	true	__versions
kernel/drivers/platform/x86/intel-smartconnect.ko	runtime-data-different-code-equivalent	false	false	true	true	true	true	__versions
kernel/drivers/platform/x86/intel-vbtn.ko	runtime-code-or-symbol-different	false	false	false	false	false	false	.orc_unwind,.orc_unwind_ip,.return_sites,.text,__dyndbg,__jump_table,__versions
kernel/drivers/platform/x86/intel-wmi-thunderbolt.ko	runtime-code-or-symbol-different	false	false	false	false	false	false	.orc_unwind,.text,__dyndbg,__jump_table,__versions
kernel/drivers/platform/x86/intel_atomisp2_pm.ko	runtime-data-different-code-equivalent	false	false	true	true	true	true	__versions
kernel/drivers/platform/x86/intel_cht_int33fe.ko	runtime-data-different-code-equivalent	false	false	true	true	true	true	__versions
kernel/drivers/platform/x86/intel_int0002_vgpio.ko	runtime-data-different-code-equivalent	false	false	true	true	true	true	__versions
kernel/drivers/platform/x86/intel_ips.ko	runtime-code-or-symbol-different	false	false	false	false	false	false	.text,.text.unlikely,__dyndbg,__jump_table,__versions
kernel/drivers/platform/x86/intel_oaktrail.ko	runtime-data-different-code-equivalent	false	false	true	true	true	true	__versions
kernel/drivers/platform/x86/intel_pmc_core.ko	runtime-code-or-symbol-different	false	false	false	false	false	false	.orc_unwind,.orc_unwind_ip,.text,__dyndbg,__jump_table,__versions
kernel/drivers/platform/x86/intel_pmc_core_pltdrv.ko	runtime-data-different-code-equivalent	false	false	true	true	true	true	__versions
kernel/drivers/platform/x86/lg-laptop.ko	runtime-code-or-symbol-different	false	false	false	false	false	false	.text,__dyndbg,__jump_table,__versions
kernel/drivers/platform/x86/msi-laptop.ko	runtime-data-different-code-equivalent	false	false	true	true	true	true	__versions
kernel/drivers/platform/x86/msi-wmi.ko	runtime-code-or-symbol-different	false	false	false	false	false	false	.init.text,.text,.text.unlikely,__dyndbg,__jump_table,__versions
kernel/drivers/platform/x86/mxm-wmi.ko	runtime-data-different-code-equivalent	false	false	true	true	true	true	__versions
kernel/drivers/platform/x86/panasonic-laptop.ko	runtime-data-different-code-equivalent	false	false	true	true	true	true	__versions
kernel/drivers/platform/x86/pcengines-apuv2.ko	runtime-data-different-code-equivalent	false	false	true	true	true	true	__versions
kernel/drivers/platform/x86/peaq-wmi.ko	runtime-data-different-code-equivalent	false	false	true	true	true	true	__versions
kernel/drivers/platform/x86/samsung-laptop.ko	runtime-data-different-code-equivalent	false	false	true	true	true	true	__versions
kernel/drivers/platform/x86/samsung-q10.ko	runtime-data-different-code-equivalent	false	false	true	true	true	true	__versions
kernel/drivers/platform/x86/sony-laptop.ko	runtime-data-different-code-equivalent	false	false	true	true	true	true	__versions
kernel/drivers/platform/x86/surface3-wmi.ko	runtime-data-different-code-equivalent	false	false	true	true	true	true	__versions
kernel/drivers/platform/x86/surface3_button.ko	runtime-code-or-symbol-different	false	false	false	false	false	false	.text,__dyndbg,__jump_table,__versions
kernel/drivers/platform/x86/surfacepro3_button.ko	runtime-code-or-symbol-different	false	false	false	false	false	false	.text,__dyndbg,__jump_table,__versions
kernel/drivers/platform/x86/thinkpad_acpi.ko	runtime-code-or-symbol-different	false	false	false	false	false	false	.init.text,.text,.text.unlikely,__dyndbg,__jump_table,__versions
kernel/drivers/platform/x86/topstar-laptop.ko	runtime-data-different-code-equivalent	false	false	true	true	true	true	__versions
kernel/drivers/platform/x86/toshiba-wmi.ko	runtime-code-or-symbol-different	false	false	false	false	false	false	.text,__dyndbg,__jump_table,__versions
kernel/drivers/platform/x86/toshiba_acpi.ko	runtime-code-or-symbol-different	false	false	false	false	false	true	.text.unlikely,__dyndbg,__jump_table,__versions
kernel/drivers/platform/x86/toshiba_bluetooth.ko	runtime-code-or-symbol-different	false	false	false	false	false	false	.text,__dyndbg,__jump_table,__versions
kernel/drivers/platform/x86/toshiba_haps.ko	runtime-code-or-symbol-different	false	false	false	false	false	false	.orc_unwind,.orc_unwind_ip,.return_sites,.rodata.str1.1,.rodata.str1.8,.text,.text.unlikely,__dyndbg,__jump_table,__mcount_loc,__versions
kernel/drivers/platform/x86/wmi-bmof.ko	runtime-data-different-code-equivalent	false	false	true	true	true	true	__versions
kernel/drivers/platform/x86/wmi.ko	runtime-code-or-symbol-different	false	false	false	false	false	false	.orc_unwind,.orc_unwind_ip,.text,.text.unlikely,__dyndbg,__jump_table,__versions
kernel/drivers/platform/x86/xiaomi-wmi.ko	runtime-data-different-code-equivalent	false	false	true	true	true	true	__versions
kernel/drivers/power/supply/axp288_fuel_gauge.ko	runtime-code-or-symbol-different	false	false	false	false	false	false	.text,.text.unlikely,__dyndbg,__jump_table,__versions
kernel/drivers/power/supply/bq24190_charger.ko	runtime-code-or-symbol-different	false	false	false	false	false	false	.orc_unwind,.return_sites,.text,.text.unlikely,__dyndbg,__jump_table,__versions
kernel/drivers/power/supply/bq27xxx_battery.ko	runtime-code-or-symbol-different	false	false	false	false	false	false	.orc_unwind,.orc_unwind_ip,.return_sites,.text,.text.unlikely,__dyndbg,__jump_table,__versions
kernel/drivers/power/supply/bq27xxx_battery_hdq.ko	runtime-data-different-code-equivalent	false	false	true	true	true	true	__versions
kernel/drivers/power/supply/ds2760_battery.ko	runtime-code-or-symbol-different	false	false	false	false	false	false	.orc_unwind,.orc_unwind_ip,.text,__dyndbg,__jump_table,__versions
kernel/drivers/power/supply/max17042_battery.ko	runtime-data-different-code-equivalent	false	false	true	true	true	true	__versions
kernel/drivers/power/supply/sbs-battery.ko	runtime-code-or-symbol-different	false	false	false	false	false	false	.orc_unwind,.orc_unwind_ip,.return_sites,.text,.text.unlikely,__dyndbg,__jump_table,__versions
kernel/drivers/powercap/intel_rapl_common.ko	runtime-code-or-symbol-different	false	false	false	false	false	false	.orc_unwind,.orc_unwind_ip,.text,.text.unlikely,__dyndbg,__jump_table,__versions
kernel/drivers/powercap/intel_rapl_msr.ko	runtime-code-or-symbol-different	false	false	false	false	false	false	.orc_unwind,.orc_unwind_ip,.text,__dyndbg,__jump_table,__versions
kernel/drivers/pps/clients/pps-ldisc.ko	runtime-code-or-symbol-different	false	false	false	false	false	false	.rodata.str1.1,.text,__dyndbg,__jump_table,__versions
kernel/drivers/pps/clients/pps_parport.ko	runtime-data-different-code-equivalent	false	false	true	true	true	true	__versions
kernel/drivers/pps/pps_core.ko	runtime-code-or-symbol-different	false	false	false	false	false	false	.orc_unwind,.orc_unwind_ip,.return_sites,.text,.text.unlikely,__dyndbg,__jump_table,__versions
kernel/drivers/ptp/ptp.ko	runtime-data-different-code-equivalent	false	false	true	true	true	true	__versions
kernel/drivers/ptp/ptp_kvm.ko	runtime-data-different-code-equivalent	false	false	true	true	true	true	__versions
kernel/drivers/pwm/pwm-lpss-platform.ko	runtime-data-different-code-equivalent	false	false	true	true	true	true	__versions
kernel/drivers/pwm/pwm-lpss.ko	runtime-data-different-code-equivalent	false	false	true	true	true	true	__versions
kernel/drivers/scsi/3w-9xxx.ko	runtime-data-different-code-equivalent	false	false	true	true	true	true	__versions
kernel/drivers/scsi/3w-sas.ko	runtime-data-different-code-equivalent	false	false	true	true	true	true	__versions
kernel/drivers/scsi/3w-xxxx.ko	runtime-data-different-code-equivalent	false	false	true	true	true	true	__versions
kernel/drivers/scsi/BusLogic.ko	runtime-data-different-code-equivalent	false	false	true	true	true	true	__versions
kernel/drivers/scsi/a100u2w.ko	runtime-data-different-code-equivalent	false	false	true	true	true	true	__versions
kernel/drivers/scsi/aacraid/aacraid.ko	runtime-data-different-code-equivalent	false	false	true	true	true	true	__versions
kernel/drivers/scsi/advansys.ko	runtime-data-different-code-equivalent	false	false	true	true	true	true	__versions
kernel/drivers/scsi/aic7xxx/aic79xx.ko	runtime-data-different-code-equivalent	false	false	true	true	true	true	__versions
kernel/drivers/scsi/aic7xxx/aic7xxx.ko	runtime-data-different-code-equivalent	false	false	true	true	true	true	__versions
kernel/drivers/scsi/aic94xx/aic94xx.ko	runtime-data-different-code-equivalent	false	false	true	true	true	true	__versions
kernel/drivers/scsi/am53c974.ko	runtime-data-different-code-equivalent	false	false	true	true	true	true	__versions
kernel/drivers/scsi/arcmsr/arcmsr.ko	runtime-data-different-code-equivalent	false	false	true	true	true	true	__versions
kernel/drivers/scsi/atp870u.ko	runtime-data-different-code-equivalent	false	false	true	true	true	true	__versions
kernel/drivers/scsi/be2iscsi/be2iscsi.ko	runtime-data-different-code-equivalent	false	false	true	true	true	true	__versions
kernel/drivers/scsi/bfa/bfa.ko	runtime-data-different-code-equivalent	false	false	true	true	true	true	__versions
kernel/drivers/scsi/bnx2fc/bnx2fc.ko	runtime-data-different-code-equivalent	false	false	true	true	true	true	__versions
kernel/drivers/scsi/bnx2i/bnx2i.ko	runtime-data-different-code-equivalent	false	false	true	true	true	true	__versions
kernel/drivers/scsi/ch.ko	runtime-data-different-code-equivalent	false	false	true	true	true	true	__versions
kernel/drivers/scsi/csiostor/csiostor.ko	runtime-data-different-code-equivalent	false	false	true	true	true	true	__versions
kernel/drivers/scsi/cxgbi/cxgb3i/cxgb3i.ko	runtime-data-different-code-equivalent	false	false	true	true	true	true	__versions
kernel/drivers/scsi/cxgbi/cxgb4i/cxgb4i.ko	runtime-data-different-code-equivalent	false	false	true	true	true	true	__versions
kernel/drivers/scsi/cxgbi/libcxgbi.ko	runtime-code-or-symbol-different	false	false	false	false	false	true	.exit.text,__jump_table,__versions
kernel/drivers/scsi/dc395x.ko	runtime-data-different-code-equivalent	false	false	true	true	true	true	__versions
kernel/drivers/scsi/device_handler/scsi_dh_alua.ko	runtime-data-different-code-equivalent	false	false	true	true	true	true	__versions
kernel/drivers/scsi/device_handler/scsi_dh_emc.ko	runtime-data-different-code-equivalent	false	false	true	true	true	true	__versions
kernel/drivers/scsi/device_handler/scsi_dh_hp_sw.ko	runtime-data-different-code-equivalent	false	false	true	true	true	true	__versions
kernel/drivers/scsi/device_handler/scsi_dh_rdac.ko	runtime-data-different-code-equivalent	false	false	true	true	true	true	__versions
kernel/drivers/scsi/dmx3191d.ko	runtime-data-different-code-equivalent	false	false	true	true	true	true	__versions
kernel/drivers/scsi/dpt_i2o.ko	runtime-data-different-code-equivalent	false	false	true	true	true	true	__versions
kernel/drivers/scsi/esas2r/esas2r.ko	runtime-data-different-code-equivalent	false	false	true	true	true	true	__versions
kernel/drivers/scsi/esp_scsi.ko	runtime-data-different-code-equivalent	false	false	true	true	true	true	__versions
kernel/drivers/scsi/fcoe/fcoe.ko	runtime-code-or-symbol-different	false	false	false	false	false	true	.exit.text,__jump_table,__versions
kernel/drivers/scsi/fcoe/libfcoe.ko	runtime-code-or-symbol-different	false	false	false	false	false	false	.text,__jump_table,__versions
kernel/drivers/scsi/fnic/fnic.ko	runtime-data-different-code-equivalent	false	false	true	true	true	true	__versions
kernel/drivers/scsi/gdth.ko	runtime-data-different-code-equivalent	false	false	true	true	true	true	__versions
kernel/drivers/scsi/hpsa.ko	runtime-code-or-symbol-different	false	false	false	false	false	false	.orc_unwind,.orc_unwind_ip,.return_sites,.text,__dyndbg,__jump_table,__versions
kernel/drivers/scsi/hptiop.ko	runtime-data-different-code-equivalent	false	false	true	true	true	true	__versions
kernel/drivers/scsi/hv_storvsc.ko	runtime-data-different-code-equivalent	false	false	true	true	true	true	__versions
kernel/drivers/scsi/initio.ko	runtime-data-different-code-equivalent	false	false	true	true	true	true	__versions
kernel/drivers/scsi/ipr.ko	runtime-code-or-symbol-different	false	false	false	false	false	true	.text.unlikely,__dyndbg,__jump_table,__versions
kernel/drivers/scsi/ips.ko	runtime-data-different-code-equivalent	false	false	true	true	true	true	__versions
kernel/drivers/scsi/isci/isci.ko	runtime-code-or-symbol-different	false	false	false	false	false	false	.orc_unwind,.orc_unwind_ip,.return_sites,.rodata.str1.1,.smp_locks,.text,.text.unlikely,__bug_table,__dyndbg,__jump_table,__versions
kernel/drivers/scsi/iscsi_boot_sysfs.ko	runtime-data-different-code-equivalent	false	false	true	true	true	true	__versions
kernel/drivers/scsi/iscsi_tcp.ko	runtime-code-or-symbol-different	false	false	false	false	false	false	.return_sites,.text,__jump_table,__versions
kernel/drivers/scsi/libfc/libfc.ko	runtime-data-different-code-equivalent	false	false	true	true	true	true	__versions
kernel/drivers/scsi/libiscsi.ko	runtime-code-or-symbol-different	false	false	false	false	false	false	.orc_unwind,.return_sites,.text,__jump_table,__versions
kernel/drivers/scsi/libiscsi_tcp.ko	runtime-code-or-symbol-different	false	false	false	false	false	false	.return_sites,.text,__jump_table,__versions
kernel/drivers/scsi/libsas/libsas.ko	runtime-code-or-symbol-different	false	false	false	false	false	false	.orc_unwind,.orc_unwind_ip,.text,.text.unlikely,__dyndbg,__jump_table,__versions
kernel/drivers/scsi/lpfc/lpfc.ko	runtime-data-different-code-equivalent	false	false	true	true	true	true	__versions
kernel/drivers/scsi/megaraid.ko	runtime-data-different-code-equivalent	false	false	true	true	true	true	__versions
kernel/drivers/scsi/megaraid/megaraid_mbox.ko	runtime-data-different-code-equivalent	false	false	true	true	true	true	__versions
kernel/drivers/scsi/megaraid/megaraid_mm.ko	runtime-data-different-code-equivalent	false	false	true	true	true	true	__versions
kernel/drivers/scsi/megaraid/megaraid_sas.ko	runtime-code-or-symbol-different	false	false	false	false	false	false	.text,.text.unlikely,__dyndbg,__jump_table,__versions
kernel/drivers/scsi/mpt3sas/mpt3sas.ko	runtime-data-different-code-equivalent	false	false	true	true	true	true	__versions
kernel/drivers/scsi/mvsas/mvsas.ko	runtime-data-different-code-equivalent	false	false	true	true	true	true	__versions
kernel/drivers/scsi/mvumi.ko	runtime-code-or-symbol-different	false	false	false	false	false	false	.orc_unwind,.orc_unwind_ip,.return_sites,.text,.text.unlikely,__dyndbg,__jump_table,__versions
kernel/drivers/scsi/myrb.ko	runtime-code-or-symbol-different	false	false	false	false	false	false	.orc_unwind,.orc_unwind_ip,.text,.text.unlikely,__dyndbg,__jump_table,__versions
kernel/drivers/scsi/myrs.ko	runtime-code-or-symbol-different	false	false	false	false	false	false	.orc_unwind,.text,.text.unlikely,__dyndbg,__jump_table,__versions
kernel/drivers/scsi/pcmcia/aha152x_cs.ko	runtime-code-or-symbol-different	false	false	false	false	false	false	.orc_unwind,.orc_unwind_ip,.rodata.str1.1,.rodata.str1.8,.text,__dyndbg,__jump_table,__versions
kernel/drivers/scsi/pcmcia/qlogic_cs.ko	runtime-code-or-symbol-different	false	false	false	false	false	false	.text,__dyndbg,__jump_table,__versions
kernel/drivers/scsi/pcmcia/sym53c500_cs.ko	runtime-code-or-symbol-different	false	false	false	false	false	false	.text,__dyndbg,__jump_table,__versions
kernel/drivers/scsi/pm8001/pm80xx.ko	runtime-data-different-code-equivalent	false	false	true	true	true	true	__versions
kernel/drivers/scsi/pmcraid.ko	runtime-data-different-code-equivalent	false	false	true	true	true	true	__versions
kernel/drivers/scsi/qedf/qedf.ko	runtime-data-different-code-equivalent	false	false	true	true	true	true	__versions
kernel/drivers/scsi/qedi/qedi.ko	runtime-data-different-code-equivalent	false	false	true	true	true	true	__versions
kernel/drivers/scsi/qla1280.ko	runtime-data-different-code-equivalent	false	false	true	true	true	true	__versions
kernel/drivers/scsi/qla2xxx/qla2xxx.ko	runtime-code-or-symbol-different	false	false	false	false	false	false	.orc_unwind,.orc_unwind_ip,.rodata.str1.1,.rodata.str1.8,.text,__dyndbg,__jump_table,__tracepoints,__versions
kernel/drivers/scsi/qla2xxx/tcm_qla2xxx.ko	runtime-code-or-symbol-different	false	false	false	false	false	false	.init.text,.orc_unwind,.orc_unwind_ip,.return_sites,.text,__dyndbg,__jump_table,__versions
kernel/drivers/scsi/qla4xxx/qla4xxx.ko	runtime-code-or-symbol-different	false	false	false	false	false	true	.text.unlikely,__dyndbg,__jump_table,__versions
kernel/drivers/scsi/qlogicfas408.ko	runtime-code-or-symbol-different	false	false	false	false	false	false	.orc_unwind,.orc_unwind_ip,.text,__jump_table,__versions
kernel/drivers/scsi/raid_class.ko	runtime-data-different-code-equivalent	false	false	true	true	true	true	__versions
kernel/drivers/scsi/scsi_debug.ko	runtime-code-or-symbol-different	false	false	false	false	false	false	.orc_unwind,.orc_unwind_ip,.text,__dyndbg,__jump_table,__versions
kernel/drivers/scsi/scsi_mod.ko	runtime-code-or-symbol-different	false	false	false	false	false	false	.orc_unwind,.orc_unwind_ip,.retpoline_sites,.return_sites,.rodata.str1.1,.text,__dyndbg,__jump_table,__mcount_loc,__tracepoints,__versions
kernel/drivers/scsi/scsi_transport_fc.ko	runtime-data-different-code-equivalent	false	false	true	true	true	true	__versions
kernel/drivers/scsi/scsi_transport_iscsi.ko	runtime-code-or-symbol-different	false	false	false	false	false	false	.return_sites,.text,__jump_table,__tracepoints,__versions
kernel/drivers/scsi/scsi_transport_sas.ko	runtime-data-different-code-equivalent	false	false	true	true	true	true	__versions
kernel/drivers/scsi/scsi_transport_spi.ko	runtime-data-different-code-equivalent	false	false	true	true	true	true	__versions
kernel/drivers/scsi/scsi_transport_srp.ko	runtime-code-or-symbol-different	false	false	false	false	false	false	.orc_unwind,.orc_unwind_ip,.return_sites,.text,__dyndbg,__jump_table,__versions
kernel/drivers/scsi/sd_mod.ko	runtime-data-different-code-equivalent	false	false	true	true	true	true	__versions
kernel/drivers/scsi/ses.ko	runtime-data-different-code-equivalent	false	false	true	true	true	true	__versions
kernel/drivers/scsi/sg.ko	runtime-data-different-code-equivalent	false	false	true	true	true	true	__versions
kernel/drivers/scsi/smartpqi/smartpqi.ko	runtime-data-different-code-equivalent	false	false	true	true	true	true	__versions
kernel/drivers/scsi/snic/snic.ko	runtime-code-or-symbol-different	false	false	false	false	false	true	.text.unlikely,__dyndbg,__jump_table,__versions
kernel/drivers/scsi/sr_mod.ko	runtime-data-different-code-equivalent	false	false	true	true	true	true	__versions
kernel/drivers/scsi/st.ko	runtime-data-different-code-equivalent	false	false	true	true	true	true	__versions
kernel/drivers/scsi/stex.ko	runtime-data-different-code-equivalent	false	false	true	true	true	true	__versions
kernel/drivers/scsi/sym53c8xx_2/sym53c8xx.ko	runtime-data-different-code-equivalent	false	false	true	true	true	true	__versions
kernel/drivers/scsi/ufs/ufshcd-core.ko	runtime-code-or-symbol-different	false	false	false	false	false	false	.orc_unwind,.orc_unwind_ip,.return_sites,.rodata.str1.1,.rodata.str1.8,.text,.text.unlikely,__bug_table,__dyndbg,__jump_table,__tracepoints,__versions
kernel/drivers/scsi/ufs/ufshcd-pci.ko	runtime-data-different-code-equivalent	false	false	true	true	true	true	__versions
kernel/drivers/scsi/virtio_scsi.ko	runtime-code-or-symbol-different	false	false	false	false	false	false	.orc_unwind,.orc_unwind_ip,.retpoline_sites,.text,__dyndbg,__jump_table,__versions
kernel/drivers/scsi/vmw_pvscsi.ko	runtime-code-or-symbol-different	false	false	false	false	false	false	.orc_unwind,.orc_unwind_ip,.return_sites,.rodata.str1.1,.text,__dyndbg,__jump_table,__versions
kernel/drivers/scsi/wd719x.ko	runtime-code-or-symbol-different	false	false	false	false	false	false	.text,.text.unlikely,__dyndbg,__jump_table,__versions
kernel/drivers/scsi/xen-scsifront.ko	runtime-code-or-symbol-different	false	false	false	false	false	false	.orc_unwind,.orc_unwind_ip,.text,.text.unlikely,__dyndbg,__jump_table,__versions
kernel/drivers/slimbus/slimbus.ko	runtime-code-or-symbol-different	false	false	false	false	false	false	.orc_unwind,.orc_unwind_ip,.return_sites,.text,.text.unlikely,__dyndbg,__jump_table,__versions
kernel/drivers/soc/qcom/qmi_helpers.ko	runtime-code-or-symbol-different	false	false	false	false	false	false	.text,__dyndbg,__jump_table,__versions
kernel/drivers/soundwire/soundwire-bus.ko	runtime-code-or-symbol-different	false	false	false	false	false	false	.orc_unwind,.orc_unwind_ip,.return_sites,.rodata.str1.8,.text,.text.unlikely,__dyndbg,__jump_table,__versions
kernel/drivers/soundwire/soundwire-cadence.ko	runtime-code-or-symbol-different	false	false	false	false	false	false	.orc_unwind,.orc_unwind_ip,.return_sites,.text,.text.unlikely,__dyndbg,__jump_table,__versions
kernel/drivers/soundwire/soundwire-generic-allocation.ko	runtime-data-different-code-equivalent	false	false	true	true	true	true	__versions
kernel/drivers/soundwire/soundwire-intel.ko	runtime-code-or-symbol-different	false	false	false	false	false	false	.orc_unwind,.orc_unwind_ip,.return_sites,.text,.text.unlikely,__dyndbg,__jump_table,__versions
kernel/drivers/soundwire/soundwire-qcom.ko	runtime-data-different-code-equivalent	false	false	true	true	true	true	__versions
kernel/drivers/spi/spi-bitbang.ko	runtime-code-or-symbol-different	false	false	false	false	false	false	.orc_unwind,.orc_unwind_ip,.return_sites,.text,__dyndbg,__jump_table,__versions
kernel/drivers/spi/spi-butterfly.ko	runtime-code-or-symbol-different	false	false	false	false	false	false	.orc_unwind,.orc_unwind_ip,.text,.text.unlikely,__dyndbg,__jump_table,__versions
kernel/drivers/spi/spi-lm70llp.ko	runtime-code-or-symbol-different	false	false	false	false	false	false	.text,.text.unlikely,__dyndbg,__jump_table,__versions
kernel/drivers/spi/spi-pxa2xx-pci.ko	runtime-data-different-code-equivalent	false	false	true	true	true	true	__versions
kernel/drivers/spi/spi-pxa2xx-platform.ko	runtime-code-or-symbol-different	false	false	false	false	false	false	.orc_unwind,.orc_unwind_ip,.text,.text.unlikely,__dyndbg,__jump_table,__versions
kernel/drivers/ssb/ssb.ko	runtime-code-or-symbol-different	false	false	false	false	false	false	.orc_unwind,.orc_unwind_ip,.retpoline_sites,.text,.text.unlikely,__dyndbg,__jump_table,__versions
kernel/drivers/staging/android/ashmem_linux.ko	runtime-data-different-code-equivalent	false	false	true	true	true	true	__versions
kernel/drivers/staging/comedi/comedi.ko	runtime-code-or-symbol-different	false	false	false	false	false	false	.orc_unwind,.orc_unwind_ip,.return_sites,.text,__dyndbg,__jump_table,__versions
kernel/drivers/staging/comedi/comedi_pci.ko	runtime-data-different-code-equivalent	false	false	true	true	true	true	__versions
kernel/drivers/staging/comedi/comedi_pcmcia.ko	runtime-data-different-code-equivalent	false	false	true	true	true	true	__versions
kernel/drivers/staging/comedi/comedi_usb.ko	runtime-data-different-code-equivalent	false	false	true	true	true	true	__versions
kernel/drivers/staging/comedi/drivers/8255.ko	runtime-data-different-code-equivalent	false	false	true	true	true	true	__versions
kernel/drivers/staging/comedi/drivers/8255_pci.ko	runtime-data-different-code-equivalent	false	false	true	true	true	true	__versions
kernel/drivers/staging/comedi/drivers/addi_apci_1032.ko	runtime-data-different-code-equivalent	false	false	true	true	true	true	__versions
kernel/drivers/staging/comedi/drivers/addi_apci_1500.ko	runtime-code-or-symbol-different	false	false	false	false	false	false	.orc_unwind,.orc_unwind_ip,.text,__dyndbg,__jump_table,__versions
kernel/drivers/staging/comedi/drivers/addi_apci_1516.ko	runtime-data-different-code-equivalent	false	false	true	true	true	true	__versions
kernel/drivers/staging/comedi/drivers/addi_apci_1564.ko	runtime-data-different-code-equivalent	false	false	true	true	true	true	__versions
kernel/drivers/staging/comedi/drivers/addi_apci_16xx.ko	runtime-data-different-code-equivalent	false	false	true	true	true	true	__versions
kernel/drivers/staging/comedi/drivers/addi_apci_2032.ko	runtime-data-different-code-equivalent	false	false	true	true	true	true	__versions
kernel/drivers/staging/comedi/drivers/addi_apci_2200.ko	runtime-data-different-code-equivalent	false	false	true	true	true	true	__versions
kernel/drivers/staging/comedi/drivers/addi_apci_3120.ko	runtime-data-different-code-equivalent	false	false	true	true	true	true	__versions
kernel/drivers/staging/comedi/drivers/addi_apci_3501.ko	runtime-data-different-code-equivalent	false	false	true	true	true	true	__versions
kernel/drivers/staging/comedi/drivers/addi_apci_3xxx.ko	runtime-data-different-code-equivalent	false	false	true	true	true	true	__versions
kernel/drivers/staging/comedi/drivers/addi_watchdog.ko	runtime-data-different-code-equivalent	false	false	true	true	true	true	__versions
kernel/drivers/staging/comedi/drivers/adl_pci6208.ko	runtime-data-different-code-equivalent	false	false	true	true	true	true	__versions
kernel/drivers/staging/comedi/drivers/adl_pci7x3x.ko	runtime-data-different-code-equivalent	false	false	true	true	true	true	__versions
kernel/drivers/staging/comedi/drivers/adl_pci8164.ko	runtime-data-different-code-equivalent	false	false	true	true	true	true	__versions
kernel/drivers/staging/comedi/drivers/adl_pci9111.ko	runtime-code-or-symbol-different	false	false	false	false	false	false	.text,__dyndbg,__jump_table,__versions
kernel/drivers/staging/comedi/drivers/adl_pci9118.ko	runtime-data-different-code-equivalent	false	false	true	true	true	true	__versions
kernel/drivers/staging/comedi/drivers/adv_pci1710.ko	runtime-code-or-symbol-different	false	false	false	false	false	false	.text,.text.unlikely,__dyndbg,__jump_table,__versions
kernel/drivers/staging/comedi/drivers/adv_pci1720.ko	runtime-data-different-code-equivalent	false	false	true	true	true	true	__versions
kernel/drivers/staging/comedi/drivers/adv_pci1723.ko	runtime-data-different-code-equivalent	false	false	true	true	true	true	__versions
kernel/drivers/staging/comedi/drivers/adv_pci1724.ko	runtime-data-different-code-equivalent	false	false	true	true	true	true	__versions
kernel/drivers/staging/comedi/drivers/adv_pci1760.ko	runtime-data-different-code-equivalent	false	false	true	true	true	true	__versions
kernel/drivers/staging/comedi/drivers/adv_pci_dio.ko	runtime-data-different-code-equivalent	false	false	true	true	true	true	__versions
kernel/drivers/staging/comedi/drivers/amplc_dio200_common.ko	runtime-data-different-code-equivalent	false	false	true	true	true	true	__versions
kernel/drivers/staging/comedi/drivers/amplc_dio200_pci.ko	runtime-data-different-code-equivalent	false	false	true	true	true	true	__versions
kernel/drivers/staging/comedi/drivers/amplc_pc236_common.ko	runtime-data-different-code-equivalent	false	false	true	true	true	true	__versions
kernel/drivers/staging/comedi/drivers/amplc_pci224.ko	runtime-code-or-symbol-different	false	false	false	false	false	false	.text,__dyndbg,__jump_table,__versions
kernel/drivers/staging/comedi/drivers/amplc_pci230.ko	runtime-code-or-symbol-different	false	false	false	false	false	false	.text,.text.unlikely,__dyndbg,__jump_table,__versions
kernel/drivers/staging/comedi/drivers/amplc_pci236.ko	runtime-data-different-code-equivalent	false	false	true	true	true	true	__versions
kernel/drivers/staging/comedi/drivers/amplc_pci263.ko	runtime-data-different-code-equivalent	false	false	true	true	true	true	__versions
kernel/drivers/staging/comedi/drivers/cb_das16_cs.ko	runtime-data-different-code-equivalent	false	false	true	true	true	true	__versions
kernel/drivers/staging/comedi/drivers/cb_pcidas.ko	runtime-code-or-symbol-different	false	false	false	false	false	false	.orc_unwind,.orc_unwind_ip,.rodata.str1.1,.rodata.str1.8,.text,.text.unlikely,__dyndbg,__jump_table,__versions
kernel/drivers/staging/comedi/drivers/cb_pcidas64.ko	runtime-code-or-symbol-different	false	false	false	false	false	false	.orc_unwind,.orc_unwind_ip,.text,__dyndbg,__jump_table,__versions
kernel/drivers/staging/comedi/drivers/cb_pcidda.ko	runtime-data-different-code-equivalent	false	false	true	true	true	true	__versions
kernel/drivers/staging/comedi/drivers/cb_pcimdas.ko	runtime-data-different-code-equivalent	false	false	true	true	true	true	__versions
kernel/drivers/staging/comedi/drivers/cb_pcimdda.ko	runtime-data-different-code-equivalent	false	false	true	true	true	true	__versions
kernel/drivers/staging/comedi/drivers/comedi_8254.ko	runtime-data-different-code-equivalent	false	false	true	true	true	true	__versions
kernel/drivers/staging/comedi/drivers/comedi_8255.ko	runtime-data-different-code-equivalent	false	false	true	true	true	true	__versions
kernel/drivers/staging/comedi/drivers/comedi_bond.ko	runtime-data-different-code-equivalent	false	false	true	true	true	true	__versions
kernel/drivers/staging/comedi/drivers/comedi_parport.ko	runtime-data-different-code-equivalent	false	false	true	true	true	true	__versions
kernel/drivers/staging/comedi/drivers/comedi_test.ko	runtime-data-different-code-equivalent	false	false	true	true	true	true	__versions
kernel/drivers/staging/comedi/drivers/contec_pci_dio.ko	runtime-data-different-code-equivalent	false	false	true	true	true	true	__versions
kernel/drivers/staging/comedi/drivers/daqboard2000.ko	runtime-data-different-code-equivalent	false	false	true	true	true	true	__versions
kernel/drivers/staging/comedi/drivers/das08.ko	runtime-data-different-code-equivalent	false	false	true	true	true	true	__versions
kernel/drivers/staging/comedi/drivers/das08_cs.ko	runtime-data-different-code-equivalent	false	false	true	true	true	true	__versions
kernel/drivers/staging/comedi/drivers/das08_pci.ko	runtime-data-different-code-equivalent	false	false	true	true	true	true	__versions
kernel/drivers/staging/comedi/drivers/dt3000.ko	runtime-code-or-symbol-different	false	false	false	false	false	false	.text,__dyndbg,__jump_table,__versions
kernel/drivers/staging/comedi/drivers/dt9812.ko	runtime-data-different-code-equivalent	false	false	true	true	true	true	__versions
kernel/drivers/staging/comedi/drivers/dyna_pci10xx.ko	runtime-data-different-code-equivalent	false	false	true	true	true	true	__versions
kernel/drivers/staging/comedi/drivers/gsc_hpdi.ko	runtime-code-or-symbol-different	false	false	false	false	false	false	.orc_unwind,.orc_unwind_ip,.text,.text.unlikely,__dyndbg,__jump_table,__versions
kernel/drivers/staging/comedi/drivers/icp_multi.ko	runtime-data-different-code-equivalent	false	false	true	true	true	true	__versions
kernel/drivers/staging/comedi/drivers/jr3_pci.ko	runtime-code-or-symbol-different	false	false	false	false	false	false	.orc_unwind,.text,__dyndbg,__jump_table,__versions
kernel/drivers/staging/comedi/drivers/ke_counter.ko	runtime-data-different-code-equivalent	false	false	true	true	true	true	__versions
kernel/drivers/staging/comedi/drivers/me4000.ko	runtime-code-or-symbol-different	false	false	false	false	false	false	.text,.text.unlikely,__dyndbg,__jump_table,__versions
kernel/drivers/staging/comedi/drivers/me_daq.ko	runtime-data-different-code-equivalent	false	false	true	true	true	true	__versions
kernel/drivers/staging/comedi/drivers/mf6x4.ko	runtime-data-different-code-equivalent	false	false	true	true	true	true	__versions
kernel/drivers/staging/comedi/drivers/mite.ko	runtime-code-or-symbol-different	false	false	false	false	false	false	.orc_unwind,.orc_unwind_ip,.return_sites,.text,__dyndbg,__jump_table,__versions
kernel/drivers/staging/comedi/drivers/ni_6527.ko	runtime-data-different-code-equivalent	false	false	true	true	true	true	__versions
kernel/drivers/staging/comedi/drivers/ni_65xx.ko	runtime-data-different-code-equivalent	false	false	true	true	true	true	__versions
kernel/drivers/staging/comedi/drivers/ni_660x.ko	runtime-code-or-symbol-different	false	false	false	false	false	false	.orc_unwind,.orc_unwind_ip,.return_sites,.text,__dyndbg,__jump_table,__versions
kernel/drivers/staging/comedi/drivers/ni_670x.ko	runtime-data-different-code-equivalent	false	false	true	true	true	true	__versions
kernel/drivers/staging/comedi/drivers/ni_daq_700.ko	runtime-data-different-code-equivalent	false	false	true	true	true	true	__versions
kernel/drivers/staging/comedi/drivers/ni_daq_dio24.ko	runtime-data-different-code-equivalent	false	false	true	true	true	true	__versions
kernel/drivers/staging/comedi/drivers/ni_labpc_common.ko	runtime-code-or-symbol-different	false	false	false	false	false	false	.text,__dyndbg,__jump_table,__versions
kernel/drivers/staging/comedi/drivers/ni_labpc_cs.ko	runtime-data-different-code-equivalent	false	false	true	true	true	true	__versions
kernel/drivers/staging/comedi/drivers/ni_labpc_pci.ko	runtime-data-different-code-equivalent	false	false	true	true	true	true	__versions
kernel/drivers/staging/comedi/drivers/ni_mio_cs.ko	runtime-code-or-symbol-different	false	false	false	false	false	false	.orc_unwind,.orc_unwind_ip,.text,__dyndbg,__jump_table,__versions
kernel/drivers/staging/comedi/drivers/ni_pcidio.ko	runtime-code-or-symbol-different	false	false	false	false	false	false	.text,__dyndbg,__jump_table,__versions
kernel/drivers/staging/comedi/drivers/ni_pcimio.ko	runtime-code-or-symbol-different	false	false	false	false	false	false	.orc_unwind,.orc_unwind_ip,.text,__dyndbg,__jump_table,__versions
kernel/drivers/staging/comedi/drivers/ni_routing.ko	runtime-data-different-code-equivalent	false	false	true	true	true	true	__versions
kernel/drivers/staging/comedi/drivers/ni_tio.ko	runtime-data-different-code-equivalent	false	false	true	true	true	true	__versions
kernel/drivers/staging/comedi/drivers/ni_tiocmd.ko	runtime-data-different-code-equivalent	false	false	true	true	true	true	__versions
kernel/drivers/staging/comedi/drivers/ni_usb6501.ko	runtime-data-different-code-equivalent	false	false	true	true	true	true	__versions
kernel/drivers/staging/comedi/drivers/quatech_daqp_cs.ko	runtime-data-different-code-equivalent	false	false	true	true	true	true	__versions
kernel/drivers/staging/comedi/drivers/rtd520.ko	runtime-data-different-code-equivalent	false	false	true	true	true	true	__versions
kernel/drivers/staging/comedi/drivers/s626.ko	runtime-data-different-code-equivalent	false	false	true	true	true	true	__versions
kernel/drivers/staging/comedi/drivers/usbdux.ko	runtime-code-or-symbol-different	false	false	false	false	false	false	.text,__dyndbg,__jump_table,__versions
kernel/drivers/staging/comedi/drivers/usbduxfast.ko	runtime-data-different-code-equivalent	false	false	true	true	true	true	__versions
kernel/drivers/staging/comedi/drivers/usbduxsigma.ko	runtime-code-or-symbol-different	false	false	false	false	false	false	.text,__dyndbg,__jump_table,__versions
kernel/drivers/staging/comedi/drivers/vmk80xx.ko	runtime-data-different-code-equivalent	false	false	true	true	true	true	__versions
kernel/drivers/staging/comedi/kcomedilib/kcomedilib.ko	runtime-data-different-code-equivalent	false	false	true	true	true	true	__versions
kernel/drivers/staging/qlge/qlge.ko	runtime-code-or-symbol-different	false	false	false	false	false	false	.orc_unwind,.rodata.str1.1,.rodata.str1.8,.text,.text.unlikely,__jump_table,__versions
kernel/drivers/staging/rtl8188eu/r8188eu.ko	runtime-code-or-symbol-different	false	false	false	false	false	false	.orc_unwind,.orc_unwind_ip,.text,.text.unlikely,__dyndbg,__jump_table,__versions
kernel/drivers/staging/rtl8192e/rtl8192e/r8192e_pci.ko	runtime-code-or-symbol-different	false	false	false	false	false	false	.text,.text.unlikely,__dyndbg,__jump_table,__versions
kernel/drivers/staging/rtl8192e/rtllib.ko	runtime-code-or-symbol-different	false	false	false	false	false	false	.orc_unwind,.orc_unwind_ip,.rodata.str1.1,.text,.text.unlikely,__dyndbg,__jump_table,__versions
kernel/drivers/staging/rtl8192e/rtllib_crypt_ccmp.ko	runtime-code-or-symbol-different	false	false	false	false	false	false	.text,__dyndbg,__jump_table,__versions
kernel/drivers/staging/rtl8192e/rtllib_crypt_tkip.ko	runtime-code-or-symbol-different	false	false	false	false	false	false	.orc_unwind,.orc_unwind_ip,.return_sites,.text,__dyndbg,__jump_table,__versions
kernel/drivers/staging/rtl8192e/rtllib_crypt_wep.ko	runtime-code-or-symbol-different	false	false	false	true	true	false	.text,__versions
kernel/drivers/staging/rtl8192u/r8192u_usb.ko	runtime-code-or-symbol-different	false	false	false	false	false	false	.exit.text,.init.text,.orc_unwind,.orc_unwind_ip,.return_sites,.rodata.str1.1,.rodata.str1.8,.text,.text.unlikely,__dyndbg,__jump_table,__mcount_loc,__versions
kernel/drivers/staging/rtl8712/r8712u.ko	runtime-data-different-code-equivalent	false	false	true	true	true	true	__versions
kernel/drivers/staging/rtl8723bs/r8723bs.ko	runtime-data-different-code-equivalent	false	false	true	true	true	true	__versions
kernel/drivers/staging/rts5208/rts5208.ko	runtime-code-or-symbol-different	false	false	false	false	false	false	.orc_unwind,.orc_unwind_ip,.return_sites,.rodata.str1.1,.rodata.str1.8,.text,__dyndbg,__jump_table,__mcount_loc,__versions
kernel/drivers/staging/vt6656/vt6656_stage.ko	runtime-code-or-symbol-different	false	false	false	false	false	false	.orc_unwind,.orc_unwind_ip,.return_sites,.rodata.str1.1,.rodata.str1.8,.text,__dyndbg,__jump_table,__mcount_loc,__versions
kernel/drivers/staging/wlan-ng/prism2_usb.ko	runtime-code-or-symbol-different	false	false	false	false	false	false	.orc_unwind,.orc_unwind_ip,.return_sites,.rodata.str1.1,.rodata.str1.8,.text,.text.unlikely,__dyndbg,__jump_table,__mcount_loc,__versions
kernel/drivers/target/iscsi/cxgbit/cxgbit.ko	runtime-code-or-symbol-different	false	false	false	false	false	false	.orc_unwind,.orc_unwind_ip,.return_sites,.rodata.str1.1,.rodata.str1.8,.text,.text.unlikely,__dyndbg,__jump_table,__versions
kernel/drivers/target/iscsi/iscsi_target_mod.ko	runtime-code-or-symbol-different	false	false	false	false	false	false	.init.text,.orc_unwind,.orc_unwind_ip,.return_sites,.rodata.str1.1,.text,.text.unlikely,__dyndbg,__jump_table,__mcount_loc,__versions
kernel/drivers/target/loopback/tcm_loop.ko	runtime-code-or-symbol-different	false	false	false	false	false	false	.init.text,.orc_unwind,.orc_unwind_ip,.rodata.str1.8,.text,.text.unlikely,__dyndbg,__jump_table,__versions
kernel/drivers/target/sbp/sbp_target.ko	runtime-code-or-symbol-different	false	false	false	false	false	false	.orc_unwind,.orc_unwind_ip,.return_sites,.text,.text.unlikely,__dyndbg,__jump_table,__versions
kernel/drivers/target/target_core_file.ko	runtime-code-or-symbol-different	false	false	false	false	false	false	.orc_unwind,.orc_unwind_ip,.text,.text.unlikely,__dyndbg,__jump_table,__versions
kernel/drivers/target/target_core_iblock.ko	runtime-code-or-symbol-different	false	false	false	false	false	false	.orc_unwind,.orc_unwind_ip,.return_sites,.text,.text.unlikely,__dyndbg,__jump_table,__versions
kernel/drivers/target/target_core_mod.ko	runtime-code-or-symbol-different	false	false	false	false	false	false	.exit.text,.init.text,.orc_unwind,.orc_unwind_ip,.retpoline_sites,.return_sites,.rodata.str1.8,.text,.text.unlikely,__bug_table,__dyndbg,__jump_table,__tracepoints,__versions
kernel/drivers/target/target_core_pscsi.ko	runtime-code-or-symbol-different	false	false	false	false	false	false	.orc_unwind,.orc_unwind_ip,.return_sites,.text,.text.unlikely,__dyndbg,__jump_table,__versions
kernel/drivers/target/target_core_user.ko	runtime-code-or-symbol-different	false	false	false	false	false	false	.orc_unwind,.orc_unwind_ip,.return_sites,.text,.text.unlikely,__dyndbg,__jump_table,__versions
kernel/drivers/target/tcm_fc/tcm_fc.ko	runtime-code-or-symbol-different	false	false	false	false	false	false	.orc_unwind,.orc_unwind_ip,.return_sites,.text,__dyndbg,__jump_table,__versions
kernel/drivers/thermal/intel/int340x_thermal/acpi_thermal_rel.ko	runtime-data-different-code-equivalent	false	false	true	true	true	true	__versions
kernel/drivers/thermal/intel/int340x_thermal/int3400_thermal.ko	runtime-code-or-symbol-different	false	false	false	false	false	false	.text,__dyndbg,__jump_table,__versions
kernel/drivers/thermal/intel/int340x_thermal/int3402_thermal.ko	runtime-data-different-code-equivalent	false	false	true	true	true	true	__versions
kernel/drivers/thermal/intel/int340x_thermal/int3403_thermal.ko	runtime-code-or-symbol-different	false	false	false	false	false	false	.text,__dyndbg,__jump_table,__versions
kernel/drivers/thermal/intel/int340x_thermal/int3406_thermal.ko	runtime-data-different-code-equivalent	false	false	true	true	true	true	__versions
kernel/drivers/thermal/intel/int340x_thermal/int340x_thermal_zone.ko	runtime-data-different-code-equivalent	false	false	true	true	true	true	__versions
kernel/drivers/thermal/intel/int340x_thermal/processor_thermal_device.ko	runtime-code-or-symbol-different	false	false	false	false	false	false	.text,__dyndbg,__jump_table,__versions
kernel/drivers/thermal/intel/intel_pch_thermal.ko	runtime-data-different-code-equivalent	false	false	true	true	true	true	__versions
kernel/drivers/thermal/intel/intel_powerclamp.ko	runtime-code-or-symbol-different	false	false	false	false	false	true	.text.unlikely,__dyndbg,__jump_table,__versions
kernel/drivers/thermal/intel/intel_soc_dts_iosf.ko	runtime-code-or-symbol-different	false	false	false	false	false	false	.orc_unwind,.orc_unwind_ip,.text,__dyndbg,__jump_table,__versions
kernel/drivers/thermal/intel/intel_soc_dts_thermal.ko	runtime-code-or-symbol-different	false	false	false	false	false	false	.text,__dyndbg,__jump_table,__versions
kernel/drivers/thermal/intel/x86_pkg_temp_thermal.ko	runtime-code-or-symbol-different	false	false	false	false	false	false	.orc_unwind,.text,__dyndbg,__jump_table,__versions
kernel/drivers/thunderbolt/thunderbolt.ko	runtime-code-or-symbol-different	false	false	false	false	false	false	.orc_unwind,.orc_unwind_ip,.return_sites,.rodata.str1.1,.rodata.str1.8,.text,.text.unlikely,__dyndbg,__jump_table,__versions
kernel/drivers/tty/cyclades.ko	runtime-code-or-symbol-different	false	false	false	false	false	false	.text,.text.unlikely,__dyndbg,__jump_table,__versions
kernel/drivers/tty/ipwireless/ipwireless.ko	runtime-code-or-symbol-different	false	false	false	false	false	false	.text,__dyndbg,__jump_table,__versions
kernel/drivers/tty/isicom.ko	runtime-code-or-symbol-different	false	false	false	false	false	false	.init.text,.orc_unwind,.rodata.str1.8,.text,.text.unlikely,__dyndbg,__jump_table,__versions
kernel/drivers/tty/moxa.ko	runtime-code-or-symbol-different	false	false	false	false	false	true	.init.text,__dyndbg,__jump_table,__versions
kernel/drivers/tty/mxser.ko	runtime-data-different-code-equivalent	false	false	true	true	true	true	__versions
kernel/drivers/tty/n_gsm.ko	runtime-code-or-symbol-different	false	false	false	false	false	false	.init.text,.orc_unwind,.orc_unwind_ip,.return_sites,.smp_locks,.text,.text.unlikely,__dyndbg,__jump_table,__versions
kernel/drivers/tty/n_hdlc.ko	runtime-code-or-symbol-different	false	false	false	false	false	false	.orc_unwind,.orc_unwind_ip,.text,__dyndbg,__jump_table,__versions
kernel/drivers/tty/nozomi.ko	runtime-code-or-symbol-different	false	false	false	false	false	false	.orc_unwind,.orc_unwind_ip,.text,.text.unlikely,__dyndbg,__jump_table,__versions
kernel/drivers/tty/rocket.ko	runtime-code-or-symbol-different	false	false	false	false	false	false	.rodata.str1.1,.rodata.str1.8,.text,__jump_table,__versions
kernel/drivers/tty/serial/8250/8250_exar.ko	runtime-code-or-symbol-different	false	false	false	false	false	false	.text,.text.unlikely,__dyndbg,__jump_table,__versions
kernel/drivers/tty/serial/8250/8250_lpss.ko	runtime-data-different-code-equivalent	false	false	true	true	true	true	__versions
kernel/drivers/tty/serial/8250/serial_cs.ko	runtime-code-or-symbol-different	false	false	false	false	false	false	.orc_unwind,.orc_unwind_ip,.text,.text.unlikely,__dyndbg,__jump_table,__versions
kernel/drivers/tty/serial/jsm/jsm.ko	runtime-code-or-symbol-different	false	false	false	false	false	false	.orc_unwind,.orc_unwind_ip,.return_sites,.text,.text.unlikely,__dyndbg,__jump_table,__versions
kernel/drivers/tty/serial/rp2.ko	runtime-data-different-code-equivalent	false	false	true	true	true	true	__versions
kernel/drivers/tty/synclink.ko	runtime-data-different-code-equivalent	false	false	true	true	true	true	__versions
kernel/drivers/tty/synclink_gt.ko	runtime-data-different-code-equivalent	false	false	true	true	true	true	__versions
kernel/drivers/tty/synclinkmp.ko	runtime-data-different-code-equivalent	false	false	true	true	true	true	__versions
kernel/drivers/uio/uio.ko	runtime-data-different-code-equivalent	false	false	true	true	true	true	__versions
kernel/drivers/uio/uio_aec.ko	runtime-data-different-code-equivalent	false	false	true	true	true	true	__versions
kernel/drivers/uio/uio_cif.ko	runtime-data-different-code-equivalent	false	false	true	true	true	true	__versions
kernel/drivers/uio/uio_hv_generic.ko	runtime-data-different-code-equivalent	false	false	true	true	true	true	__versions
kernel/drivers/uio/uio_mf624.ko	runtime-data-different-code-equivalent	false	false	true	true	true	true	__versions
kernel/drivers/uio/uio_netx.ko	runtime-data-different-code-equivalent	false	false	true	true	true	true	__versions
kernel/drivers/uio/uio_pci_generic.ko	runtime-data-different-code-equivalent	false	false	true	true	true	true	__versions
kernel/drivers/uio/uio_sercos3.ko	runtime-data-different-code-equivalent	false	false	true	true	true	true	__versions
kernel/drivers/usb/atm/cxacru.ko	runtime-code-or-symbol-different	false	false	false	false	false	false	.orc_unwind,.orc_unwind_ip,.return_sites,.text,.text.unlikely,__dyndbg,__jump_table,__versions
kernel/drivers/usb/atm/speedtch.ko	runtime-code-or-symbol-different	false	false	false	false	false	false	.orc_unwind,.orc_unwind_ip,.text,.text.unlikely,__dyndbg,__jump_table,__versions
kernel/drivers/usb/atm/ueagle-atm.ko	runtime-code-or-symbol-different	false	false	false	false	false	false	.orc_unwind,.orc_unwind_ip,.text,.text.unlikely,__dyndbg,__jump_table,__versions
kernel/drivers/usb/atm/usbatm.ko	runtime-code-or-symbol-different	false	false	false	false	false	false	.orc_unwind,.orc_unwind_ip,.return_sites,.rodata.str1.8,.text,.text.unlikely,__dyndbg,__jump_table,__versions
kernel/drivers/usb/atm/xusbatm.ko	runtime-code-or-symbol-different	false	false	false	false	false	false	.orc_unwind,.text,.text.unlikely,__dyndbg,__jump_table,__versions
kernel/drivers/usb/class/cdc-acm.ko	runtime-code-or-symbol-different	false	false	false	false	false	false	.orc_unwind,.orc_unwind_ip,.return_sites,.rodata.str1.1,.text,.text.unlikely,__dyndbg,__jump_table,__versions
kernel/drivers/usb/class/cdc-wdm.ko	runtime-code-or-symbol-different	false	false	false	false	false	false	.orc_unwind,.orc_unwind_ip,.text,.text.unlikely,__dyndbg,__jump_table,__versions
kernel/drivers/usb/class/usblp.ko	runtime-code-or-symbol-different	false	false	false	false	false	false	.orc_unwind,.orc_unwind_ip,.return_sites,.rodata.str1.1,.rodata.str1.8,.text,.text.unlikely,__dyndbg,__jump_table,__versions
kernel/drivers/usb/class/usbtmc.ko	runtime-code-or-symbol-different	false	false	false	false	false	false	.orc_unwind,.orc_unwind_ip,.text,.text.unlikely,__dyndbg,__jump_table,__versions
kernel/drivers/usb/common/usb-common.ko	runtime-data-different-code-equivalent	false	false	true	true	true	true	__versions
kernel/drivers/usb/core/ledtrig-usbport.ko	runtime-data-different-code-equivalent	false	false	true	true	true	true	__versions
kernel/drivers/usb/core/usbcore.ko	runtime-code-or-symbol-different	false	false	false	false	false	false	.orc_unwind,.orc_unwind_ip,.return_sites,.rodata.str1.1,.smp_locks,.text,.text.unlikely,__dyndbg,__jump_table,__versions
kernel/drivers/usb/gadget/function/u_audio.ko	runtime-code-or-symbol-different	false	false	false	false	false	false	.text,__dyndbg,__jump_table,__versions
kernel/drivers/usb/gadget/function/u_ether.ko	runtime-code-or-symbol-different	false	false	false	false	false	false	.orc_unwind,.orc_unwind_ip,.return_sites,.text,.text.unlikely,__dyndbg,__jump_table,__versions
kernel/drivers/usb/gadget/function/u_serial.ko	runtime-code-or-symbol-different	false	false	false	false	false	false	.orc_unwind,.orc_unwind_ip,.return_sites,.text,__dyndbg,__jump_table,__versions
kernel/drivers/usb/gadget/function/usb_f_acm.ko	runtime-code-or-symbol-different	false	false	false	false	false	false	.orc_unwind,.orc_unwind_ip,.return_sites,.text,.text.unlikely,__dyndbg,__jump_table,__versions
kernel/drivers/usb/gadget/function/usb_f_ecm.ko	runtime-code-or-symbol-different	false	false	false	false	false	false	.orc_unwind,.orc_unwind_ip,.return_sites,.text,__dyndbg,__jump_table,__versions
kernel/drivers/usb/gadget/function/usb_f_ecm_subset.ko	runtime-code-or-symbol-different	false	false	false	false	false	false	.text,__dyndbg,__jump_table,__versions
kernel/drivers/usb/gadget/function/usb_f_eem.ko	runtime-code-or-symbol-different	false	false	false	false	false	false	.orc_unwind,.orc_unwind_ip,.text,__dyndbg,__jump_table,__versions
kernel/drivers/usb/gadget/function/usb_f_fs.ko	runtime-code-or-symbol-different	false	false	false	false	false	false	.orc_unwind,.orc_unwind_ip,.return_sites,.rodata.str1.1,.text,.text.unlikely,__dyndbg,__jump_table,__mcount_loc,__versions
kernel/drivers/usb/gadget/function/usb_f_hid.ko	runtime-data-different-code-equivalent	false	false	true	true	true	true	__versions
kernel/drivers/usb/gadget/function/usb_f_mass_storage.ko	runtime-code-or-symbol-different	false	false	false	false	false	false	.orc_unwind,.orc_unwind_ip,.return_sites,.rodata.str1.1,.rodata.str1.8,.text,.text.unlikely,__dyndbg,__jump_table,__versions
kernel/drivers/usb/gadget/function/usb_f_midi.ko	runtime-code-or-symbol-different	false	false	false	false	false	false	.orc_unwind,.orc_unwind_ip,.text,__dyndbg,__jump_table,__versions
kernel/drivers/usb/gadget/function/usb_f_ncm.ko	runtime-code-or-symbol-different	false	false	false	false	false	false	.orc_unwind,.orc_unwind_ip,.rodata.str1.1,.text,.text.unlikely,__dyndbg,__jump_table,__versions
kernel/drivers/usb/gadget/function/usb_f_obex.ko	runtime-code-or-symbol-different	false	false	false	false	false	false	.orc_unwind,.orc_unwind_ip,.return_sites,.text,__dyndbg,__jump_table,__versions
kernel/drivers/usb/gadget/function/usb_f_phonet.ko	runtime-code-or-symbol-different	false	false	false	false	false	false	.text,__jump_table,__versions
kernel/drivers/usb/gadget/function/usb_f_printer.ko	runtime-code-or-symbol-different	false	false	false	false	false	false	.orc_unwind,.orc_unwind_ip,.return_sites,.text,.text.unlikely,__dyndbg,__jump_table,__versions
kernel/drivers/usb/gadget/function/usb_f_rndis.ko	runtime-code-or-symbol-different	false	false	false	false	false	false	.orc_unwind,.orc_unwind_ip,.return_sites,.rodata.str1.1,.text,.text.unlikely,__dyndbg,__jump_table,__versions
kernel/drivers/usb/gadget/function/usb_f_serial.ko	runtime-code-or-symbol-different	false	false	false	false	false	false	.text,__dyndbg,__jump_table,__versions
kernel/drivers/usb/gadget/function/usb_f_ss_lb.ko	runtime-code-or-symbol-different	false	false	false	false	false	false	.orc_unwind,.orc_unwind_ip,.return_sites,.rodata.str1.1,.text,.text.unlikely,__dyndbg,__jump_table,__mcount_loc,__versions
kernel/drivers/usb/gadget/function/usb_f_uac1.ko	runtime-code-or-symbol-different	false	false	false	false	false	false	.text,.text.unlikely,__dyndbg,__jump_table,__versions
kernel/drivers/usb/gadget/function/usb_f_uac2.ko	runtime-data-different-code-equivalent	false	false	true	true	true	true	__versions
kernel/drivers/usb/gadget/function/usb_f_uvc.ko	runtime-code-or-symbol-different	false	false	false	false	false	false	.orc_unwind,.orc_unwind_ip,.text,.text.unlikely,__dyndbg,__jump_table,__versions
kernel/drivers/usb/gadget/legacy/g_ether.ko	runtime-data-different-code-equivalent	false	false	true	true	true	true	__versions
kernel/drivers/usb/gadget/legacy/g_ffs.ko	runtime-data-different-code-equivalent	false	false	true	true	true	true	__versions
kernel/drivers/usb/gadget/legacy/g_serial.ko	runtime-data-different-code-equivalent	false	false	true	true	true	true	__versions
kernel/drivers/usb/gadget/legacy/gadgetfs.ko	runtime-code-or-symbol-different	false	false	false	false	false	false	.exit.text,.text,__dyndbg,__jump_table,__versions
kernel/drivers/usb/gadget/libcomposite.ko	runtime-code-or-symbol-different	false	false	false	false	false	false	.orc_unwind,.orc_unwind_ip,.retpoline_sites,.return_sites,.text,__dyndbg,__jump_table,__versions
kernel/drivers/usb/gadget/udc/dummy_hcd.ko	runtime-code-or-symbol-different	false	false	false	false	false	false	.orc_unwind,.orc_unwind_ip,.return_sites,.text,.text.unlikely,__dyndbg,__jump_table,__versions
kernel/drivers/usb/gadget/udc/net2280.ko	runtime-code-or-symbol-different	false	false	false	false	false	false	.orc_unwind,.orc_unwind_ip,.return_sites,.text,.text.unlikely,__dyndbg,__jump_table,__versions
kernel/drivers/usb/gadget/udc/pch_udc.ko	runtime-code-or-symbol-different	false	false	false	false	false	false	.orc_unwind,.text,__dyndbg,__jump_table,__versions
kernel/drivers/usb/gadget/udc/udc-core.ko	runtime-code-or-symbol-different	false	false	false	false	false	false	.orc_unwind,.orc_unwind_ip,.retpoline_sites,.return_sites,.text,__dyndbg,__jump_table,__tracepoints,__versions
kernel/drivers/usb/host/ehci-hcd.ko	runtime-code-or-symbol-different	false	false	false	false	false	false	.init.text,.orc_unwind,.orc_unwind_ip,.return_sites,.text,.text.unlikely,__dyndbg,__jump_table,__versions
kernel/drivers/usb/host/ehci-pci.ko	runtime-code-or-symbol-different	false	false	false	false	false	false	.orc_unwind,.orc_unwind_ip,.text,.text.unlikely,__dyndbg,__jump_table,__versions
kernel/drivers/usb/host/ohci-hcd.ko	runtime-code-or-symbol-different	false	false	false	false	false	false	.init.text,.orc_unwind,.orc_unwind_ip,.return_sites,.text,.text.unlikely,__bug_table,__dyndbg,__jump_table,__versions
kernel/drivers/usb/host/ohci-pci.ko	runtime-code-or-symbol-different	false	false	false	false	false	false	.orc_unwind,.orc_unwind_ip,.return_sites,.text,__dyndbg,__jump_table,__versions
kernel/drivers/usb/host/sl811-hcd.ko	runtime-code-or-symbol-different	false	false	false	false	false	false	.orc_unwind,.orc_unwind_ip,.return_sites,.text,__dyndbg,__jump_table,__versions
kernel/drivers/usb/host/sl811_cs.ko	runtime-code-or-symbol-different	false	false	false	false	false	false	.orc_unwind,.orc_unwind_ip,.rodata.str1.1,.text,.text.unlikely,__dyndbg,__jump_table,__mcount_loc,__versions
kernel/drivers/usb/host/u132-hcd.ko	runtime-data-different-code-equivalent	false	false	true	true	true	true	__versions
kernel/drivers/usb/host/uhci-hcd.ko	runtime-code-or-symbol-different	false	false	false	false	false	false	.orc_unwind,.orc_unwind_ip,.return_sites,.text,__dyndbg,__jump_table,__versions
kernel/drivers/usb/host/xhci-hcd.ko	runtime-code-or-symbol-different	false	false	false	false	false	false	.orc_unwind,.orc_unwind_ip,.return_sites,.rodata.str1.1,.rodata.str1.8,.static_call_sites,.text,.text.unlikely,__bug_table,__dyndbg,__jump_table,__mcount_loc,__tracepoints,__versions
kernel/drivers/usb/host/xhci-pci.ko	runtime-code-or-symbol-different	false	false	false	false	false	false	.orc_unwind,.orc_unwind_ip,.return_sites,.text,__dyndbg,__jump_table,__versions
kernel/drivers/usb/image/mdc800.ko	runtime-code-or-symbol-different	false	false	false	false	false	false	.text,__dyndbg,__jump_table,__versions
kernel/drivers/usb/image/microtek.ko	runtime-data-different-code-equivalent	false	false	true	true	true	true	__versions
kernel/drivers/usb/misc/adutux.ko	runtime-code-or-symbol-different	false	false	false	false	false	false	.orc_unwind,.rodata.str1.8,.text,.text.unlikely,__dyndbg,__jump_table,__versions
kernel/drivers/usb/misc/apple-mfi-fastcharge.ko	runtime-code-or-symbol-different	false	false	false	false	false	false	.orc_unwind,.orc_unwind_ip,.text,__dyndbg,__jump_table,__versions
kernel/drivers/usb/misc/appledisplay.ko	runtime-code-or-symbol-different	false	false	false	false	false	false	.orc_unwind,.orc_unwind_ip,.text,.text.unlikely,__dyndbg,__jump_table,__versions
kernel/drivers/usb/misc/chaoskey.ko	runtime-code-or-symbol-different	false	false	false	false	false	false	.orc_unwind,.orc_unwind_ip,.return_sites,.text,__dyndbg,__jump_table,__versions
kernel/drivers/usb/misc/cypress_cy7c63.ko	runtime-code-or-symbol-different	false	false	false	false	false	false	.orc_unwind,.orc_unwind_ip,.return_sites,.text,__dyndbg,__jump_table,__mcount_loc,__versions
kernel/drivers/usb/misc/cytherm.ko	runtime-code-or-symbol-different	false	false	false	false	false	false	.orc_unwind,.orc_unwind_ip,.text,__dyndbg,__jump_table,__versions
kernel/drivers/usb/misc/ehset.ko	runtime-data-different-code-equivalent	false	false	true	true	true	true	__versions
kernel/drivers/usb/misc/emi26.ko	runtime-data-different-code-equivalent	false	false	true	true	true	true	__versions
kernel/drivers/usb/misc/emi62.ko	runtime-code-or-symbol-different	false	false	false	false	false	false	.text,.text.unlikely,__dyndbg,__jump_table,__versions
kernel/drivers/usb/misc/ezusb.ko	runtime-data-different-code-equivalent	false	false	true	true	true	true	__versions
kernel/drivers/usb/misc/ftdi-elan.ko	runtime-data-different-code-equivalent	false	false	true	true	true	true	__versions
kernel/drivers/usb/misc/idmouse.ko	runtime-code-or-symbol-different	false	false	false	false	false	false	.text,__dyndbg,__jump_table,__versions
kernel/drivers/usb/misc/iowarrior.ko	runtime-code-or-symbol-different	false	false	false	false	false	false	.orc_unwind,.orc_unwind_ip,.text,.text.unlikely,__dyndbg,__jump_table,__versions
kernel/drivers/usb/misc/isight_firmware.ko	runtime-data-different-code-equivalent	false	false	true	true	true	true	__versions
kernel/drivers/usb/misc/ldusb.ko	runtime-code-or-symbol-different	false	false	false	false	false	false	.orc_unwind,.orc_unwind_ip,.text,.text.unlikely,__dyndbg,__jump_table,__versions
kernel/drivers/usb/misc/legousbtower.ko	runtime-code-or-symbol-different	false	false	false	false	false	false	.orc_unwind,.orc_unwind_ip,.text,__dyndbg,__jump_table,__versions
kernel/drivers/usb/misc/sisusbvga/sisusbvga.ko	runtime-data-different-code-equivalent	false	false	true	true	true	true	__versions
kernel/drivers/usb/misc/trancevibrator.ko	runtime-code-or-symbol-different	false	false	false	false	false	false	.text,__dyndbg,__jump_table,__versions
kernel/drivers/usb/misc/usblcd.ko	runtime-code-or-symbol-different	false	false	false	false	false	false	.text,__dyndbg,__jump_table,__versions
kernel/drivers/usb/misc/usbsevseg.ko	runtime-code-or-symbol-different	false	false	false	false	false	false	.orc_unwind,.orc_unwind_ip,.return_sites,.text,__dyndbg,__jump_table,__versions
kernel/drivers/usb/misc/usbtest.ko	runtime-code-or-symbol-different	false	false	false	false	false	false	.init.text,.text,__dyndbg,__jump_table,__versions
kernel/drivers/usb/misc/uss720.ko	runtime-code-or-symbol-different	false	false	false	false	false	false	.orc_unwind,.text,__dyndbg,__jump_table,__versions
kernel/drivers/usb/misc/yurex.ko	runtime-code-or-symbol-different	false	false	false	false	false	false	.orc_unwind,.orc_unwind_ip,.text,__dyndbg,__jump_table,__versions
kernel/drivers/usb/mon/usbmon.ko	runtime-data-different-code-equivalent	false	false	true	true	true	true	__versions
kernel/drivers/usb/roles/intel-xhci-usb-role-switch.ko	runtime-data-different-code-equivalent	false	false	true	true	true	true	__versions
kernel/drivers/usb/roles/roles.ko	runtime-data-different-code-equivalent	false	false	true	true	true	true	__versions
kernel/drivers/usb/serial/aircable.ko	runtime-code-or-symbol-different	false	false	false	false	false	false	.orc_unwind,.orc_unwind_ip,.text,__dyndbg,__jump_table,__versions
kernel/drivers/usb/serial/ark3116.ko	runtime-code-or-symbol-different	false	false	false	false	false	false	.orc_unwind,.orc_unwind_ip,.return_sites,.text,.text.unlikely,__dyndbg,__jump_table,__versions
kernel/drivers/usb/serial/belkin_sa.ko	runtime-code-or-symbol-different	false	false	false	false	false	false	.orc_unwind,.orc_unwind_ip,.return_sites,.text,.text.unlikely,__dyndbg,__jump_table,__versions
kernel/drivers/usb/serial/ch341.ko	runtime-code-or-symbol-different	false	false	false	false	false	false	.orc_unwind,.orc_unwind_ip,.return_sites,.text,.text.unlikely,__dyndbg,__jump_table,__versions
kernel/drivers/usb/serial/cp210x.ko	runtime-code-or-symbol-different	false	false	false	false	false	false	.orc_unwind,.orc_unwind_ip,.rodata.str1.1,.text,__dyndbg,__jump_table,__versions
kernel/drivers/usb/serial/cyberjack.ko	runtime-code-or-symbol-different	false	false	false	false	false	false	.orc_unwind,.orc_unwind_ip,.return_sites,.rodata.str1.1,.text,.text.unlikely,__dyndbg,__jump_table,__versions
kernel/drivers/usb/serial/cypress_m8.ko	runtime-code-or-symbol-different	false	false	false	false	false	false	.orc_unwind,.orc_unwind_ip,.return_sites,.text,.text.unlikely,__dyndbg,__jump_table,__versions
kernel/drivers/usb/serial/digi_acceleport.ko	runtime-code-or-symbol-different	false	false	false	false	false	false	.orc_unwind,.orc_unwind_ip,.return_sites,.text,.text.unlikely,__dyndbg,__jump_table,__versions
kernel/drivers/usb/serial/empeg.ko	runtime-data-different-code-equivalent	false	false	true	true	true	true	__versions
kernel/drivers/usb/serial/f81232.ko	runtime-code-or-symbol-different	false	false	false	false	false	false	.orc_unwind,.orc_unwind_ip,.return_sites,.text,__dyndbg,__jump_table,__versions
kernel/drivers/usb/serial/f81534.ko	runtime-code-or-symbol-different	false	false	false	false	false	false	.orc_unwind,.orc_unwind_ip,.return_sites,.rodata.str1.1,.rodata.str1.8,.text,.text.unlikely,__dyndbg,__jump_table,__versions
kernel/drivers/usb/serial/ftdi_sio.ko	runtime-code-or-symbol-different	false	false	false	false	false	false	.orc_unwind,.orc_unwind_ip,.return_sites,.text,.text.unlikely,__dyndbg,__jump_table,__versions
kernel/drivers/usb/serial/garmin_gps.ko	runtime-code-or-symbol-different	false	false	false	false	false	false	.orc_unwind,.orc_unwind_ip,.return_sites,.text,.text.unlikely,__dyndbg,__jump_table,__versions
kernel/drivers/usb/serial/io_edgeport.ko	runtime-code-or-symbol-different	false	false	false	false	false	false	.orc_unwind,.orc_unwind_ip,.return_sites,.rodata.str1.1,.rodata.str1.8,.text,.text.unlikely,__dyndbg,__jump_table,__versions
kernel/drivers/usb/serial/io_ti.ko	runtime-code-or-symbol-different	false	false	false	false	false	false	.orc_unwind,.orc_unwind_ip,.return_sites,.rodata.str1.1,.rodata.str1.8,.text,.text.unlikely,__dyndbg,__jump_table,__versions
kernel/drivers/usb/serial/ipaq.ko	runtime-data-different-code-equivalent	false	false	true	true	true	true	__versions
kernel/drivers/usb/serial/ipw.ko	runtime-code-or-symbol-different	false	false	false	false	false	false	.text,__dyndbg,__jump_table,__versions
kernel/drivers/usb/serial/ir-usb.ko	runtime-code-or-symbol-different	false	false	false	false	false	false	.orc_unwind,.orc_unwind_ip,.text,__dyndbg,__jump_table,__versions
kernel/drivers/usb/serial/iuu_phoenix.ko	runtime-code-or-symbol-different	false	false	false	false	false	false	.orc_unwind,.orc_unwind_ip,.return_sites,.text,.text.unlikely,__dyndbg,__jump_table,__versions
kernel/drivers/usb/serial/keyspan.ko	runtime-code-or-symbol-different	false	false	false	false	false	false	.orc_unwind,.orc_unwind_ip,.return_sites,.text,.text.unlikely,__dyndbg,__jump_table,__versions
kernel/drivers/usb/serial/keyspan_pda.ko	runtime-code-or-symbol-different	false	false	false	false	false	false	.orc_unwind,.orc_unwind_ip,.return_sites,.text,.text.unlikely,__dyndbg,__jump_table,__versions
kernel/drivers/usb/serial/kl5kusb105.ko	runtime-code-or-symbol-different	false	false	false	false	false	false	.orc_unwind,.text,.text.unlikely,__dyndbg,__jump_table,__versions
kernel/drivers/usb/serial/kobil_sct.ko	runtime-code-or-symbol-different	false	false	false	false	false	false	.orc_unwind,.orc_unwind_ip,.return_sites,.text,__dyndbg,__jump_table,__versions
kernel/drivers/usb/serial/mct_u232.ko	runtime-code-or-symbol-different	false	false	false	false	false	false	.orc_unwind,.orc_unwind_ip,.return_sites,.text,.text.unlikely,__dyndbg,__jump_table,__versions
kernel/drivers/usb/serial/metro-usb.ko	runtime-code-or-symbol-different	false	false	false	false	false	false	.text,__dyndbg,__jump_table,__versions
kernel/drivers/usb/serial/mos7720.ko	runtime-code-or-symbol-different	false	false	false	false	false	false	.orc_unwind,.orc_unwind_ip,.return_sites,.text,.text.unlikely,__dyndbg,__jump_table,__versions
kernel/drivers/usb/serial/mos7840.ko	runtime-code-or-symbol-different	false	false	false	false	false	false	.orc_unwind,.orc_unwind_ip,.return_sites,.text,.text.unlikely,__dyndbg,__jump_table,__versions
kernel/drivers/usb/serial/mxuport.ko	runtime-code-or-symbol-different	false	false	false	false	false	false	.orc_unwind,.orc_unwind_ip,.return_sites,.rodata.str1.1,.text,.text.unlikely,__dyndbg,__jump_table,__versions
kernel/drivers/usb/serial/navman.ko	runtime-code-or-symbol-different	false	false	false	false	false	false	.orc_unwind,.orc_unwind_ip,.return_sites,.text,__dyndbg,__jump_table,__versions
kernel/drivers/usb/serial/omninet.ko	runtime-data-different-code-equivalent	false	false	true	true	true	true	__versions
kernel/drivers/usb/serial/opticon.ko	runtime-code-or-symbol-different	false	false	false	false	false	false	.orc_unwind,.orc_unwind_ip,.return_sites,.text,.text.unlikely,__dyndbg,__jump_table,__versions
kernel/drivers/usb/serial/option.ko	runtime-code-or-symbol-different	false	false	false	false	false	false	.orc_unwind,.text,__dyndbg,__jump_table,__versions
kernel/drivers/usb/serial/oti6858.ko	runtime-code-or-symbol-different	false	false	false	false	false	false	.orc_unwind,.orc_unwind_ip,.return_sites,.text,.text.unlikely,__dyndbg,__jump_table,__versions
kernel/drivers/usb/serial/pl2303.ko	runtime-code-or-symbol-different	false	false	false	false	false	false	.orc_unwind,.orc_unwind_ip,.return_sites,.rodata.str1.1,.text,.text.unlikely,__dyndbg,__jump_table,__versions
kernel/drivers/usb/serial/qcaux.ko	runtime-data-different-code-equivalent	false	false	true	true	true	true	__versions
kernel/drivers/usb/serial/qcserial.ko	runtime-code-or-symbol-different	false	false	false	false	false	false	.text,.text.unlikely,__dyndbg,__jump_table,__versions
kernel/drivers/usb/serial/quatech2.ko	runtime-code-or-symbol-different	false	false	false	false	false	false	.orc_unwind,.orc_unwind_ip,.return_sites,.rodata.str1.8,.text,.text.unlikely,__dyndbg,__jump_table,__versions
kernel/drivers/usb/serial/safe_serial.ko	runtime-data-different-code-equivalent	false	false	true	true	true	true	__versions
kernel/drivers/usb/serial/sierra.ko	runtime-code-or-symbol-different	false	false	false	false	false	false	.orc_unwind,.orc_unwind_ip,.return_sites,.text,__dyndbg,__jump_table,__versions
kernel/drivers/usb/serial/spcp8x5.ko	runtime-code-or-symbol-different	false	false	false	false	false	false	.text,.text.unlikely,__dyndbg,__jump_table,__versions
kernel/drivers/usb/serial/ssu100.ko	runtime-code-or-symbol-different	false	false	false	false	false	false	.orc_unwind,.orc_unwind_ip,.return_sites,.text,__dyndbg,__jump_table,__versions
kernel/drivers/usb/serial/symbolserial.ko	runtime-code-or-symbol-different	false	false	false	false	false	false	.text,__dyndbg,__jump_table,__versions
kernel/drivers/usb/serial/ti_usb_3410_5052.ko	runtime-code-or-symbol-different	false	false	false	false	false	false	.orc_unwind,.orc_unwind_ip,.rodata.str1.8,.text,.text.unlikely,__dyndbg,__jump_table,__versions
kernel/drivers/usb/serial/upd78f0730.ko	runtime-code-or-symbol-different	false	false	false	false	false	false	.orc_unwind,.orc_unwind_ip,.text,.text.unlikely,__dyndbg,__jump_table,__versions
kernel/drivers/usb/serial/usb-serial-simple.ko	runtime-data-different-code-equivalent	false	false	true	true	true	true	__versions
kernel/drivers/usb/serial/usb_debug.ko	runtime-data-different-code-equivalent	false	false	true	true	true	true	__versions
kernel/drivers/usb/serial/usb_wwan.ko	runtime-code-or-symbol-different	false	false	false	false	false	false	.orc_unwind,.orc_unwind_ip,.return_sites,.text,.text.unlikely,__dyndbg,__jump_table,__versions
kernel/drivers/usb/serial/usbserial.ko	runtime-code-or-symbol-different	false	false	false	false	false	false	.orc_unwind,.orc_unwind_ip,.return_sites,.smp_locks,.text,.text.unlikely,__dyndbg,__jump_table,__versions
kernel/drivers/usb/serial/visor.ko	runtime-code-or-symbol-different	false	false	false	false	false	false	.orc_unwind,.orc_unwind_ip,.return_sites,.rodata.str1.8,.text,.text.unlikely,__dyndbg,__jump_table,__versions
kernel/drivers/usb/serial/whiteheat.ko	runtime-code-or-symbol-different	false	false	false	false	false	false	.orc_unwind,.orc_unwind_ip,.return_sites,.rodata.str1.1,.text,__dyndbg,__jump_table,__versions
kernel/drivers/usb/serial/wishbone-serial.ko	runtime-data-different-code-equivalent	false	false	true	true	true	true	__versions
kernel/drivers/usb/serial/xsens_mt.ko	runtime-data-different-code-equivalent	false	false	true	true	true	true	__versions
kernel/drivers/usb/storage/uas.ko	runtime-code-or-symbol-different	false	false	false	false	false	false	.orc_unwind,.rodata.str1.1,.text,__dyndbg,__jump_table,__versions
kernel/drivers/usb/storage/ums-alauda.ko	runtime-data-different-code-equivalent	false	false	true	true	true	true	__versions
kernel/drivers/usb/storage/ums-cypress.ko	runtime-data-different-code-equivalent	false	false	true	true	true	true	__versions
kernel/drivers/usb/storage/ums-datafab.ko	runtime-data-different-code-equivalent	false	false	true	true	true	true	__versions
kernel/drivers/usb/storage/ums-eneub6250.ko	runtime-data-different-code-equivalent	false	false	true	true	true	true	__versions
kernel/drivers/usb/storage/ums-freecom.ko	runtime-data-different-code-equivalent	false	false	true	true	true	true	__versions
kernel/drivers/usb/storage/ums-isd200.ko	runtime-data-different-code-equivalent	false	false	true	true	true	true	__versions
kernel/drivers/usb/storage/ums-jumpshot.ko	runtime-data-different-code-equivalent	false	false	true	true	true	true	__versions
kernel/drivers/usb/storage/ums-karma.ko	runtime-data-different-code-equivalent	false	false	true	true	true	true	__versions
kernel/drivers/usb/storage/ums-onetouch.ko	runtime-data-different-code-equivalent	false	false	true	true	true	true	__versions
kernel/drivers/usb/storage/ums-realtek.ko	runtime-code-or-symbol-different	false	false	false	false	false	false	.text,__dyndbg,__jump_table,__versions
kernel/drivers/usb/storage/ums-sddr09.ko	runtime-data-different-code-equivalent	false	false	true	true	true	true	__versions
kernel/drivers/usb/storage/ums-sddr55.ko	runtime-data-different-code-equivalent	false	false	true	true	true	true	__versions
kernel/drivers/usb/storage/ums-usbat.ko	runtime-data-different-code-equivalent	false	false	true	true	true	true	__versions
kernel/drivers/usb/storage/usb-storage.ko	runtime-code-or-symbol-different	false	false	false	false	false	false	.orc_unwind,.orc_unwind_ip,.text,.text.unlikely,__dyndbg,__jump_table,__versions
kernel/drivers/usb/typec/altmodes/typec_displayport.ko	runtime-data-different-code-equivalent	false	false	true	true	true	true	__versions
kernel/drivers/usb/typec/altmodes/typec_nvidia.ko	runtime-data-different-code-equivalent	false	false	true	true	true	true	__versions
kernel/drivers/usb/typec/mux/pi3usb30532.ko	runtime-data-different-code-equivalent	false	false	true	true	true	true	__versions
kernel/drivers/usb/typec/tcpm/fusb302.ko	runtime-data-different-code-equivalent	false	false	true	true	true	true	__versions
kernel/drivers/usb/typec/tcpm/tcpm.ko	runtime-data-different-code-equivalent	false	false	true	true	true	true	__versions
kernel/drivers/usb/typec/tps6598x.ko	runtime-data-different-code-equivalent	false	false	true	true	true	true	__versions
kernel/drivers/usb/typec/typec.ko	runtime-code-or-symbol-different	false	false	false	false	false	false	.orc_unwind,.orc_unwind_ip,.return_sites,.text,__dyndbg,__jump_table,__versions
kernel/drivers/usb/typec/ucsi/typec_ucsi.ko	runtime-code-or-symbol-different	false	false	false	false	false	false	.orc_unwind,.orc_unwind_ip,.return_sites,.text,.text.unlikely,__dyndbg,__jump_table,__tracepoints,__versions
kernel/drivers/usb/typec/ucsi/ucsi_acpi.ko	runtime-data-different-code-equivalent	false	false	true	true	true	true	__versions
kernel/drivers/usb/usbip/usbip-core.ko	runtime-code-or-symbol-different	false	false	false	false	false	false	.orc_unwind,.orc_unwind_ip,.return_sites,.text,__dyndbg,__jump_table,__versions
kernel/drivers/usb/usbip/usbip-host.ko	runtime-code-or-symbol-different	false	false	false	false	false	false	.orc_unwind,.orc_unwind_ip,.text,.text.unlikely,__dyndbg,__jump_table,__versions
kernel/drivers/usb/usbip/usbip-vudc.ko	runtime-code-or-symbol-different	false	false	false	false	false	false	.text,__dyndbg,__jump_table,__versions
kernel/drivers/usb/usbip/vhci-hcd.ko	runtime-code-or-symbol-different	false	false	false	false	false	false	.orc_unwind,.orc_unwind_ip,.return_sites,.text,.text.unlikely,__dyndbg,__jump_table,__versions
kernel/drivers/vfio/mdev/mdev.ko	runtime-code-or-symbol-different	false	false	false	false	false	false	.text,__dyndbg,__jump_table,__versions
kernel/drivers/vfio/mdev/vfio_mdev.ko	runtime-data-different-code-equivalent	false	false	true	true	true	true	__versions
kernel/drivers/vfio/pci/vfio-pci.ko	runtime-code-or-symbol-different	false	false	false	false	false	false	.text,__dyndbg,__jump_table,__versions
kernel/drivers/vfio/vfio.ko	runtime-code-or-symbol-different	false	false	false	false	false	false	.text,__bug_table,__dyndbg,__jump_table,__versions
kernel/drivers/vfio/vfio_iommu_type1.ko	runtime-data-different-code-equivalent	false	false	true	true	true	true	__versions
kernel/drivers/vfio/vfio_virqfd.ko	runtime-data-different-code-equivalent	false	false	true	true	true	true	__versions
kernel/drivers/vhost/vhost.ko	runtime-code-or-symbol-different	false	false	false	false	false	false	.text,__dyndbg,__jump_table,__versions
kernel/drivers/vhost/vhost_iotlb.ko	runtime-data-different-code-equivalent	false	false	true	true	true	true	__versions
kernel/drivers/vhost/vhost_net.ko	runtime-code-or-symbol-different	false	false	false	false	false	false	.text,__dyndbg,__jump_table,__versions
kernel/drivers/vhost/vhost_scsi.ko	runtime-code-or-symbol-different	false	false	false	false	false	false	.init.text,.orc_unwind,.orc_unwind_ip,.return_sites,.rodata.str1.8,.text,.text.unlikely,__dyndbg,__jump_table,__mcount_loc,__versions
kernel/drivers/vhost/vhost_vsock.ko	runtime-code-or-symbol-different	false	false	false	false	false	false	.orc_unwind,.orc_unwind_ip,.rodata.str1.1,.text,__dyndbg,__jump_table,__versions
kernel/drivers/video/backlight/apple_bl.ko	runtime-code-or-symbol-different	false	false	false	false	false	false	.return_sites,.text,__dyndbg,__jump_table,__versions
kernel/drivers/video/backlight/pwm_bl.ko	runtime-code-or-symbol-different	false	false	false	false	false	false	.text,__dyndbg,__jump_table,__versions
kernel/drivers/video/fbdev/arcfb.ko	runtime-data-different-code-equivalent	false	false	true	true	true	true	__versions
kernel/drivers/video/fbdev/arkfb.ko	runtime-code-or-symbol-different	false	false	false	false	false	false	.exit.text,.init.text,.text,__dyndbg,__jump_table,__versions
kernel/drivers/video/fbdev/aty/aty128fb.ko	runtime-data-different-code-equivalent	false	false	true	true	true	true	__versions
kernel/drivers/video/fbdev/aty/atyfb.ko	runtime-data-different-code-equivalent	false	false	true	true	true	true	__versions
kernel/drivers/video/fbdev/aty/radeonfb.ko	runtime-code-or-symbol-different	false	false	false	false	false	false	.orc_unwind,.orc_unwind_ip,.return_sites,.text,.text.unlikely,__dyndbg,__jump_table,__versions
kernel/drivers/video/fbdev/cirrusfb.ko	runtime-code-or-symbol-different	false	false	false	false	false	false	.orc_unwind,.orc_unwind_ip,.return_sites,.rodata.str1.1,.text,.text.unlikely,__dyndbg,__jump_table,__versions
kernel/drivers/video/fbdev/core/fb_ddc.ko	runtime-data-different-code-equivalent	false	false	true	true	true	true	__versions
kernel/drivers/video/fbdev/core/svgalib.ko	runtime-code-or-symbol-different	false	false	false	false	false	false	.orc_unwind,.orc_unwind_ip,.return_sites,.text,__dyndbg,__jump_table,__versions
kernel/drivers/video/fbdev/cyber2000fb.ko	runtime-data-different-code-equivalent	false	false	true	true	true	true	__versions
kernel/drivers/video/fbdev/hecubafb.ko	runtime-data-different-code-equivalent	false	false	true	true	true	true	__versions
kernel/drivers/video/fbdev/hgafb.ko	runtime-data-different-code-equivalent	false	false	true	true	true	true	__versions
kernel/drivers/video/fbdev/hyperv_fb.ko	runtime-data-different-code-equivalent	false	false	true	true	true	true	__versions
kernel/drivers/video/fbdev/kyro/kyrofb.ko	runtime-data-different-code-equivalent	false	false	true	true	true	true	__versions
kernel/drivers/video/fbdev/macmodes.ko	runtime-data-different-code-equivalent	false	false	true	true	true	true	__versions
kernel/drivers/video/fbdev/matrox/g450_pll.ko	runtime-data-different-code-equivalent	false	false	true	true	true	true	__versions
kernel/drivers/video/fbdev/matrox/i2c-matroxfb.ko	runtime-data-different-code-equivalent	false	false	true	true	true	true	__versions
kernel/drivers/video/fbdev/matrox/matroxfb_DAC1064.ko	runtime-data-different-code-equivalent	false	false	true	true	true	true	__versions
kernel/drivers/video/fbdev/matrox/matroxfb_Ti3026.ko	runtime-data-different-code-equivalent	false	false	true	true	true	true	__versions
kernel/drivers/video/fbdev/matrox/matroxfb_accel.ko	runtime-data-different-code-equivalent	false	false	true	true	true	true	__versions
kernel/drivers/video/fbdev/matrox/matroxfb_base.ko	runtime-data-different-code-equivalent	false	false	true	true	true	true	__versions
kernel/drivers/video/fbdev/matrox/matroxfb_crtc2.ko	runtime-data-different-code-equivalent	false	false	true	true	true	true	__versions
kernel/drivers/video/fbdev/matrox/matroxfb_g450.ko	runtime-data-different-code-equivalent	false	false	true	true	true	true	__versions
kernel/drivers/video/fbdev/matrox/matroxfb_maven.ko	runtime-data-different-code-equivalent	false	false	true	true	true	true	__versions
kernel/drivers/video/fbdev/matrox/matroxfb_misc.ko	runtime-data-different-code-equivalent	false	false	true	true	true	true	__versions
kernel/drivers/video/fbdev/mb862xx/mb862xxfb.ko	runtime-code-or-symbol-different	false	false	false	false	false	false	.orc_unwind,.orc_unwind_ip,.text,.text.unlikely,__dyndbg,__jump_table,__versions
kernel/drivers/video/fbdev/n411.ko	runtime-data-different-code-equivalent	false	false	true	true	true	true	__versions
kernel/drivers/video/fbdev/neofb.ko	runtime-data-different-code-equivalent	false	false	true	true	true	true	__versions
kernel/drivers/video/fbdev/pm2fb.ko	runtime-data-different-code-equivalent	false	false	true	true	true	true	__versions
kernel/drivers/video/fbdev/pm3fb.ko	runtime-data-different-code-equivalent	false	false	true	true	true	true	__versions
kernel/drivers/video/fbdev/s3fb.ko	runtime-code-or-symbol-different	false	false	false	false	false	false	.exit.text,.init.text,.text,__dyndbg,__jump_table,__versions
kernel/drivers/video/fbdev/savage/savagefb.ko	runtime-data-different-code-equivalent	false	false	true	true	true	true	__versions
kernel/drivers/video/fbdev/sis/sisfb.ko	runtime-data-different-code-equivalent	false	false	true	true	true	true	__versions
kernel/drivers/video/fbdev/smscufx.ko	runtime-code-or-symbol-different	false	false	false	false	false	false	.orc_unwind,.orc_unwind_ip,.return_sites,.rodata.str1.8,.text,.text.unlikely,__dyndbg,__jump_table,__versions
kernel/drivers/video/fbdev/sstfb.ko	runtime-data-different-code-equivalent	false	false	true	true	true	true	__versions
kernel/drivers/video/fbdev/tdfxfb.ko	runtime-code-or-symbol-different	false	false	false	false	false	false	.orc_unwind,.orc_unwind_ip,.return_sites,.text,.text.unlikely,__dyndbg,__jump_table,__versions
kernel/drivers/video/fbdev/tridentfb.ko	runtime-data-different-code-equivalent	false	false	true	true	true	true	__versions
kernel/drivers/video/fbdev/udlfb.ko	runtime-code-or-symbol-different	false	false	false	false	false	false	.orc_unwind,.orc_unwind_ip,.return_sites,.rodata.str1.8,.text,.text.unlikely,__dyndbg,__jump_table,__versions
kernel/drivers/video/fbdev/uvesafb.ko	runtime-data-different-code-equivalent	false	false	true	true	true	true	__versions
kernel/drivers/video/fbdev/vermilion/crvml.ko	runtime-data-different-code-equivalent	false	false	true	true	true	true	__versions
kernel/drivers/video/fbdev/vermilion/vmlfb.ko	runtime-data-different-code-equivalent	false	false	true	true	true	true	__versions
kernel/drivers/video/fbdev/vfb.ko	runtime-data-different-code-equivalent	false	false	true	true	true	true	__versions
kernel/drivers/video/fbdev/vga16fb.ko	runtime-data-different-code-equivalent	false	false	true	true	true	true	__versions
kernel/drivers/video/fbdev/via/viafb.ko	runtime-data-different-code-equivalent	false	false	true	true	true	true	__versions
kernel/drivers/video/fbdev/vt8623fb.ko	runtime-code-or-symbol-different	false	false	false	false	false	false	.exit.text,.init.text,.text,__dyndbg,__jump_table,__versions
kernel/drivers/video/vgastate.ko	runtime-data-different-code-equivalent	false	false	true	true	true	true	__versions
kernel/drivers/virt/vboxguest/vboxguest.ko	runtime-code-or-symbol-different	false	false	false	false	false	false	.text,__dyndbg,__jump_table,__versions
kernel/drivers/virtio/virtio.ko	runtime-data-different-code-equivalent	false	false	true	true	true	true	__versions
kernel/drivers/virtio/virtio_balloon.ko	runtime-code-or-symbol-different	false	false	false	false	false	false	.orc_unwind,.orc_unwind_ip,.text,__jump_table,__versions
kernel/drivers/virtio/virtio_dma_buf.ko	runtime-data-different-code-equivalent	false	false	true	true	true	true	__versions
kernel/drivers/virtio/virtio_input.ko	runtime-data-different-code-equivalent	false	false	true	true	true	true	__versions
kernel/drivers/virtio/virtio_mem.ko	runtime-code-or-symbol-different	false	false	false	false	false	false	.text,__dyndbg,__jump_table,__versions
kernel/drivers/virtio/virtio_mmio.ko	runtime-data-different-code-equivalent	false	false	true	true	true	true	__versions
kernel/drivers/virtio/virtio_pci.ko	runtime-data-different-code-equivalent	false	false	true	true	true	true	__versions
kernel/drivers/virtio/virtio_ring.ko	runtime-code-or-symbol-different	false	false	false	false	false	false	.orc_unwind,.orc_unwind_ip,.return_sites,.text,.text.unlikely,__dyndbg,__jump_table,__versions
kernel/drivers/w1/masters/ds2482.ko	runtime-data-different-code-equivalent	false	false	true	true	true	true	__versions
kernel/drivers/w1/masters/ds2490.ko	runtime-data-different-code-equivalent	false	false	true	true	true	true	__versions
kernel/drivers/w1/masters/w1-gpio.ko	runtime-data-different-code-equivalent	false	false	true	true	true	true	__versions
kernel/drivers/w1/slaves/w1_ds2405.ko	runtime-data-different-code-equivalent	false	false	true	true	true	true	__versions
kernel/drivers/w1/slaves/w1_ds2406.ko	runtime-data-different-code-equivalent	false	false	true	true	true	true	__versions
kernel/drivers/w1/slaves/w1_ds2408.ko	runtime-code-or-symbol-different	false	false	false	false	false	false	.orc_unwind,.text,__dyndbg,__jump_table,__versions
kernel/drivers/w1/slaves/w1_ds2413.ko	runtime-code-or-symbol-different	false	false	false	false	false	false	.orc_unwind,.orc_unwind_ip,.return_sites,.rodata.str1.1,.text,.text.unlikely,__dyndbg,__jump_table,__versions
kernel/drivers/w1/slaves/w1_ds2423.ko	runtime-data-different-code-equivalent	false	false	true	true	true	true	__versions
kernel/drivers/w1/slaves/w1_ds2431.ko	runtime-data-different-code-equivalent	false	false	true	true	true	true	__versions
kernel/drivers/w1/slaves/w1_ds2433.ko	runtime-data-different-code-equivalent	false	false	true	true	true	true	__versions
kernel/drivers/w1/slaves/w1_ds2438.ko	runtime-data-different-code-equivalent	false	false	true	true	true	true	__versions
kernel/drivers/w1/slaves/w1_ds2780.ko	runtime-data-different-code-equivalent	false	false	true	true	true	true	__versions
kernel/drivers/w1/slaves/w1_ds2781.ko	runtime-data-different-code-equivalent	false	false	true	true	true	true	__versions
kernel/drivers/w1/slaves/w1_ds2805.ko	runtime-data-different-code-equivalent	false	false	true	true	true	true	__versions
kernel/drivers/w1/slaves/w1_ds28e04.ko	runtime-data-different-code-equivalent	false	false	true	true	true	true	__versions
kernel/drivers/w1/slaves/w1_ds28e17.ko	runtime-data-different-code-equivalent	false	false	true	true	true	true	__versions
kernel/drivers/w1/slaves/w1_smem.ko	runtime-data-different-code-equivalent	false	false	true	true	true	true	__versions
kernel/drivers/w1/slaves/w1_therm.ko	runtime-code-or-symbol-different	false	false	false	false	false	false	.orc_unwind,.text,.text.unlikely,__dyndbg,__jump_table,__versions
kernel/drivers/w1/wire.ko	runtime-code-or-symbol-different	false	false	false	false	false	false	.orc_unwind,.orc_unwind_ip,.return_sites,.text,.text.unlikely,__dyndbg,__jump_table,__versions
kernel/drivers/watchdog/acquirewdt.ko	runtime-data-different-code-equivalent	false	false	true	true	true	true	__versions
kernel/drivers/watchdog/advantechwdt.ko	runtime-data-different-code-equivalent	false	false	true	true	true	true	__versions
kernel/drivers/watchdog/alim1535_wdt.ko	runtime-data-different-code-equivalent	false	false	true	true	true	true	__versions
kernel/drivers/watchdog/alim7101_wdt.ko	runtime-data-different-code-equivalent	false	false	true	true	true	true	__versions
kernel/drivers/watchdog/cpu5wdt.ko	runtime-code-or-symbol-different	false	false	false	false	false	false	.orc_unwind,.orc_unwind_ip,.text,.text.unlikely,__dyndbg,__jump_table,__versions
kernel/drivers/watchdog/eurotechwdt.ko	runtime-data-different-code-equivalent	false	false	true	true	true	true	__versions
kernel/drivers/watchdog/f71808e_wdt.ko	runtime-code-or-symbol-different	false	false	false	false	false	true	.init.text,__dyndbg,__jump_table,__versions
kernel/drivers/watchdog/hpwdt.ko	runtime-code-or-symbol-different	false	false	false	false	false	false	.orc_unwind,.text,__dyndbg,__jump_table,__versions
kernel/drivers/watchdog/i6300esb.ko	runtime-data-different-code-equivalent	false	false	true	true	true	true	__versions
kernel/drivers/watchdog/iTCO_vendor_support.ko	runtime-data-different-code-equivalent	false	false	true	true	true	true	__versions
kernel/drivers/watchdog/iTCO_wdt.ko	runtime-data-different-code-equivalent	false	false	true	true	true	true	__versions
kernel/drivers/watchdog/ib700wdt.ko	runtime-data-different-code-equivalent	false	false	true	true	true	true	__versions
kernel/drivers/watchdog/ibmasr.ko	runtime-data-different-code-equivalent	false	false	true	true	true	true	__versions
kernel/drivers/watchdog/ie6xx_wdt.ko	runtime-code-or-symbol-different	false	false	false	false	false	false	.orc_unwind,.text,.text.unlikely,__dyndbg,__jump_table,__versions
kernel/drivers/watchdog/it8712f_wdt.ko	runtime-code-or-symbol-different	false	false	false	false	false	false	.text,__dyndbg,__jump_table,__versions
kernel/drivers/watchdog/it87_wdt.ko	runtime-data-different-code-equivalent	false	false	true	true	true	true	__versions
kernel/drivers/watchdog/kempld_wdt.ko	runtime-data-different-code-equivalent	false	false	true	true	true	true	__versions
kernel/drivers/watchdog/machzwd.ko	runtime-data-different-code-equivalent	false	false	true	true	true	true	__versions
kernel/drivers/watchdog/mei_wdt.ko	runtime-data-different-code-equivalent	false	false	true	true	true	true	__versions
kernel/drivers/watchdog/menf21bmc_wdt.ko	runtime-data-different-code-equivalent	false	false	true	true	true	true	__versions
kernel/drivers/watchdog/ni903x_wdt.ko	runtime-code-or-symbol-different	false	false	false	false	false	false	.orc_unwind,.orc_unwind_ip,.return_sites,.text,__dyndbg,__jump_table,__versions
kernel/drivers/watchdog/nic7018_wdt.ko	runtime-code-or-symbol-different	false	false	false	false	false	false	.orc_unwind,.orc_unwind_ip,.return_sites,.text,__dyndbg,__jump_table,__versions
kernel/drivers/watchdog/nv_tco.ko	runtime-data-different-code-equivalent	false	false	true	true	true	true	__versions
kernel/drivers/watchdog/pc87413_wdt.ko	runtime-data-different-code-equivalent	false	false	true	true	true	true	__versions
kernel/drivers/watchdog/pcwd_pci.ko	runtime-code-or-symbol-different	false	false	false	false	false	false	.orc_unwind,.orc_unwind_ip,.return_sites,.text,.text.unlikely,__dyndbg,__jump_table,__versions
kernel/drivers/watchdog/pcwd_usb.ko	runtime-code-or-symbol-different	false	false	false	false	false	false	.orc_unwind,.orc_unwind_ip,.return_sites,.text,__dyndbg,__jump_table,__versions
kernel/drivers/watchdog/pretimeout_noop.ko	runtime-data-different-code-equivalent	false	false	true	true	true	true	__versions
kernel/drivers/watchdog/pretimeout_panic.ko	runtime-data-different-code-equivalent	false	false	true	true	true	true	__versions
kernel/drivers/watchdog/sbc60xxwdt.ko	runtime-data-different-code-equivalent	false	false	true	true	true	true	__versions
kernel/drivers/watchdog/sbc_epx_c3.ko	runtime-data-different-code-equivalent	false	false	true	true	true	true	__versions
kernel/drivers/watchdog/sbc_fitpc2_wdt.ko	runtime-data-different-code-equivalent	false	false	true	true	true	true	__versions
kernel/drivers/watchdog/sc1200wdt.ko	runtime-data-different-code-equivalent	false	false	true	true	true	true	__versions
kernel/drivers/watchdog/sch311x_wdt.ko	runtime-data-different-code-equivalent	false	false	true	true	true	true	__versions
kernel/drivers/watchdog/smsc37b787_wdt.ko	runtime-data-different-code-equivalent	false	false	true	true	true	true	__versions
kernel/drivers/watchdog/softdog.ko	runtime-data-different-code-equivalent	false	false	true	true	true	true	__versions
kernel/drivers/watchdog/sp5100_tco.ko	runtime-code-or-symbol-different	false	false	false	false	false	false	.text,.text.unlikely,__dyndbg,__jump_table,__versions
kernel/drivers/watchdog/via_wdt.ko	runtime-data-different-code-equivalent	false	false	true	true	true	true	__versions
kernel/drivers/watchdog/w83627hf_wdt.ko	runtime-data-different-code-equivalent	false	false	true	true	true	true	__versions
kernel/drivers/watchdog/w83877f_wdt.ko	runtime-data-different-code-equivalent	false	false	true	true	true	true	__versions
kernel/drivers/watchdog/w83977f_wdt.ko	runtime-data-different-code-equivalent	false	false	true	true	true	true	__versions
kernel/drivers/watchdog/wafer5823wdt.ko	runtime-data-different-code-equivalent	false	false	true	true	true	true	__versions
kernel/drivers/watchdog/watchdog.ko	runtime-data-different-code-equivalent	false	false	true	true	true	true	__versions
kernel/drivers/watchdog/wdat_wdt.ko	runtime-code-or-symbol-different	false	false	false	false	false	false	.orc_unwind,.orc_unwind_ip,.return_sites,.text,.text.unlikely,__dyndbg,__jump_table,__versions
kernel/drivers/watchdog/wdt_pci.ko	runtime-data-different-code-equivalent	false	false	true	true	true	true	__versions
kernel/drivers/watchdog/xen_wdt.ko	runtime-data-different-code-equivalent	false	false	true	true	true	true	__versions
kernel/drivers/xen/xen-acpi-processor.ko	runtime-code-or-symbol-different	false	false	false	false	false	false	.init.text,.text,.text.unlikely,__dyndbg,__jump_table,__versions
kernel/drivers/xen/xen-evtchn.ko	runtime-data-different-code-equivalent	false	false	true	true	true	true	__versions
kernel/drivers/xen/xen-front-pgdir-shbuf.ko	runtime-data-different-code-equivalent	false	false	true	true	true	true	__versions
kernel/drivers/xen/xen-gntalloc.ko	runtime-code-or-symbol-different	false	false	false	false	false	false	.init.text,.orc_unwind,.orc_unwind_ip,.return_sites,.text,__dyndbg,__jump_table,__versions
kernel/drivers/xen/xen-gntdev.ko	runtime-code-or-symbol-different	false	false	false	false	false	false	.orc_unwind,.orc_unwind_ip,.text,.text.unlikely,__dyndbg,__jump_table,__versions
kernel/drivers/xen/xen-pciback/xen-pciback.ko	runtime-code-or-symbol-different	false	false	false	false	false	false	.orc_unwind,.orc_unwind_ip,.rodata.str1.8,.text,.text.unlikely,__dyndbg,__jump_table,__versions
kernel/drivers/xen/xen-privcmd.ko	runtime-code-or-symbol-different	false	false	false	false	false	false	.text,__dyndbg,__jump_table,__versions
kernel/drivers/xen/xen-scsiback.ko	runtime-code-or-symbol-different	false	false	false	false	false	false	.init.text,.orc_unwind,.orc_unwind_ip,.text,.text.unlikely,__dyndbg,__jump_table,__versions
kernel/drivers/xen/xenfs/xenfs.ko	runtime-data-different-code-equivalent	false	false	true	true	true	true	__versions
kernel/fs/9p/9p.ko	runtime-code-or-symbol-different	false	false	false	false	false	false	.orc_unwind,.orc_unwind_ip,.text,__jump_table,__versions
kernel/fs/adfs/adfs.ko	runtime-data-different-code-equivalent	false	false	true	true	true	true	__versions
kernel/fs/affs/affs.ko	runtime-code-or-symbol-different	false	false	false	false	false	false	.orc_unwind,.orc_unwind_ip,.return_sites,.text,.text.unlikely,__dyndbg,__jump_table,__versions
kernel/fs/afs/kafs.ko	runtime-code-or-symbol-different	false	false	false	false	false	false	.orc_unwind,.orc_unwind_ip,.retpoline_sites,.return_sites,.smp_locks,.static_call_sites,.text,.text.unlikely,__bug_table,__dyndbg,__jump_table,__tracepoints,__versions
kernel/fs/autofs/autofs4.ko	runtime-code-or-symbol-different	false	false	false	false	false	false	.orc_unwind,.orc_unwind_ip,.return_sites,.text,.text.unlikely,__dyndbg,__jump_table,__versions
kernel/fs/befs/befs.ko	runtime-data-different-code-equivalent	false	false	true	true	true	true	__versions
kernel/fs/bfs/bfs.ko	runtime-data-different-code-equivalent	false	false	true	true	true	true	__versions
kernel/fs/binfmt_misc.ko	runtime-code-or-symbol-different	false	false	false	false	false	false	.text,.text.unlikely,__dyndbg,__jump_table,__versions
kernel/fs/btrfs/btrfs.ko	runtime-code-or-symbol-different	false	false	false	false	false	false	.orc_unwind,.orc_unwind_ip,.parainstructions,.return_sites,.rodata.str1.1,.static_call_sites,.text,.text.unlikely,__bug_table,__dyndbg,__jump_table,__tracepoints,__versions
kernel/fs/cachefiles/cachefiles.ko	runtime-code-or-symbol-different	false	false	false	false	false	false	.orc_unwind,.orc_unwind_ip,.return_sites,.text,.text.unlikely,__bug_table,__jump_table,__tracepoints,__versions
kernel/fs/ceph/ceph.ko	runtime-code-or-symbol-different	false	false	false	false	false	false	.exit.text,.orc_unwind,.orc_unwind_ip,.return_sites,.rodata.str1.1,.rodata.str1.8,.text,.text.unlikely,__bug_table,__dyndbg,__jump_table,__mcount_loc,__versions
kernel/fs/cifs/cifs.ko	runtime-code-or-symbol-different	false	false	false	false	false	false	.data,.init.text,.orc_unwind,.orc_unwind_ip,.retpoline_sites,.return_sites,.rodata,.rodata.str1.1,.rodata.str1.8,.static_call_sites,.text,.text.unlikely,__dyndbg,__jump_table,__mcount_loc,__tracepoints,__versions
kernel/fs/coda/coda.ko	runtime-data-different-code-equivalent	false	false	true	true	true	true	__versions
kernel/fs/configfs/configfs.ko	runtime-code-or-symbol-different	false	false	false	false	false	false	.orc_unwind,.orc_unwind_ip,.text,__dyndbg,__jump_table,__versions
kernel/fs/dlm/dlm.ko	runtime-code-or-symbol-different	false	false	false	false	false	false	.orc_unwind,.orc_unwind_ip,.text,.text.unlikely,__dyndbg,__jump_table,__versions
kernel/fs/ecryptfs/ecryptfs.ko	runtime-code-or-symbol-different	false	false	false	false	false	false	.orc_unwind,.orc_unwind_ip,.text,.text.unlikely,__jump_table,__versions
kernel/fs/efivarfs/efivarfs.ko	runtime-data-different-code-equivalent	false	false	true	true	true	true	__versions
kernel/fs/efs/efs.ko	runtime-code-or-symbol-different	false	false	false	false	false	false	.text,.text.unlikely,__dyndbg,__jump_table,__versions
kernel/fs/erofs/erofs.ko	runtime-code-or-symbol-different	false	false	false	false	false	false	.orc_unwind,.orc_unwind_ip,.return_sites,.text,.text.unlikely,__jump_table,__tracepoints,__versions
kernel/fs/exfat/exfat.ko	runtime-data-different-code-equivalent	false	false	true	true	true	true	__versions
kernel/fs/ext4/ext4.ko	runtime-code-or-symbol-different	false	false	false	false	false	false	.orc_unwind,.orc_unwind_ip,.return_sites,.smp_locks,.static_call_sites,.text,__bug_table,__jump_table,__tracepoints,__versions
kernel/fs/f2fs/f2fs.ko	runtime-code-or-symbol-different	false	false	false	false	false	false	.orc_unwind,.orc_unwind_ip,.return_sites,.rodata.str1.1,.smp_locks,.static_call_sites,.text,__bug_table,__jump_table,__tracepoints,__versions
kernel/fs/fat/fat.ko	runtime-data-different-code-equivalent	false	false	true	true	true	true	__versions
kernel/fs/fat/msdos.ko	runtime-data-different-code-equivalent	false	false	true	true	true	true	__versions
kernel/fs/fat/vfat.ko	runtime-data-different-code-equivalent	false	false	true	true	true	true	__versions
kernel/fs/freevxfs/freevxfs.ko	runtime-code-or-symbol-different	false	false	false	false	false	false	.text,__jump_table,__versions
kernel/fs/fscache/fscache.ko	runtime-code-or-symbol-different	false	false	false	false	false	false	.orc_unwind,.return_sites,.text,.text.unlikely,__bug_table,__jump_table,__tracepoints,__versions
kernel/fs/fuse/cuse.ko	runtime-data-different-code-equivalent	false	false	true	true	true	true	__versions
kernel/fs/fuse/fuse.ko	runtime-code-or-symbol-different	false	false	false	false	false	false	.exit.text,.orc_unwind,.orc_unwind_ip,.return_sites,.rodata.str1.8,.text,__bug_table,__dyndbg,__jump_table,__versions
kernel/fs/fuse/virtiofs.ko	runtime-code-or-symbol-different	false	false	false	false	false	false	.orc_unwind,.orc_unwind_ip,.text,.text.unlikely,__dyndbg,__jump_table,__versions
kernel/fs/gfs2/gfs2.ko	runtime-code-or-symbol-different	false	false	false	false	false	false	.orc_unwind,.orc_unwind_ip,.return_sites,.text,.text.unlikely,__jump_table,__tracepoints,__versions
kernel/fs/hfs/hfs.ko	runtime-code-or-symbol-different	false	false	false	false	false	false	.orc_unwind,.orc_unwind_ip,.text,.text.unlikely,__jump_table,__versions
kernel/fs/hfsplus/hfsplus.ko	runtime-code-or-symbol-different	false	false	false	false	false	false	.orc_unwind,.orc_unwind_ip,.text,.text.unlikely,__jump_table,__versions
kernel/fs/hpfs/hpfs.ko	runtime-data-different-code-equivalent	false	false	true	true	true	true	__versions
kernel/fs/isofs/isofs.ko	runtime-code-or-symbol-different	false	false	false	false	false	false	.text,__jump_table,__versions
kernel/fs/jbd2/jbd2.ko	runtime-code-or-symbol-different	false	false	false	false	false	false	.orc_unwind,.orc_unwind_ip,.return_sites,.text,__jump_table,__tracepoints,__versions
kernel/fs/jffs2/jffs2.ko	runtime-code-or-symbol-different	false	false	false	false	false	false	.text,.text.unlikely,__jump_table,__versions
kernel/fs/jfs/jfs.ko	runtime-code-or-symbol-different	false	false	false	false	false	false	.orc_unwind,.orc_unwind_ip,.text,.text.unlikely,__bug_table,__jump_table,__versions
kernel/fs/lockd/lockd.ko	runtime-data-different-code-equivalent	false	false	true	true	true	true	__versions
kernel/fs/mbcache.ko	runtime-data-different-code-equivalent	false	false	true	true	true	true	__versions
kernel/fs/minix/minix.ko	runtime-code-or-symbol-different	false	false	false	false	false	false	.orc_unwind,.orc_unwind_ip,.text,__jump_table,__versions
kernel/fs/nfs/blocklayout/blocklayoutdriver.ko	runtime-code-or-symbol-different	false	false	false	false	false	false	.text,__jump_table,__versions
kernel/fs/nfs/filelayout/nfs_layout_nfsv41_files.ko	runtime-code-or-symbol-different	false	false	false	false	false	false	.orc_unwind,.orc_unwind_ip,.text,__jump_table,__versions
kernel/fs/nfs/flexfilelayout/nfs_layout_flexfiles.ko	runtime-code-or-symbol-different	false	false	false	false	false	false	.orc_unwind,.orc_unwind_ip,.return_sites,.rodata.str1.8,.text,.text.unlikely,__jump_table,__versions
kernel/fs/nfs/nfs.ko	runtime-code-or-symbol-different	false	false	false	false	false	false	.orc_unwind,.orc_unwind_ip,.return_sites,.rodata.str1.1,.rodata.str1.8,.text,.text.unlikely,__bug_table,__jump_table,__tracepoints,__versions
kernel/fs/nfs/nfsv2.ko	runtime-code-or-symbol-different	false	false	false	false	false	false	.orc_unwind,.text,__jump_table,__versions
kernel/fs/nfs/nfsv3.ko	runtime-code-or-symbol-different	false	false	false	false	false	false	.text,__jump_table,__versions
kernel/fs/nfs/nfsv4.ko	runtime-code-or-symbol-different	false	false	false	false	false	false	.orc_unwind,.orc_unwind_ip,.return_sites,.rodata.str1.1,.rodata.str1.8,.text,.text.unlikely,__jump_table,__tracepoints,__versions
kernel/fs/nfs_common/grace.ko	runtime-data-different-code-equivalent	false	false	true	true	true	true	__versions
kernel/fs/nfs_common/nfs_acl.ko	runtime-data-different-code-equivalent	false	false	true	true	true	true	__versions
kernel/fs/nfs_common/nfs_ssc.ko	runtime-data-different-code-equivalent	false	false	true	true	true	true	__versions
kernel/fs/nfsd/nfsd.ko	runtime-code-or-symbol-different	false	false	false	false	false	false	.orc_unwind,.orc_unwind_ip,.return_sites,.rodata.str1.8,.text,.text.unlikely,__bug_table,__jump_table,__tracepoints,__versions
kernel/fs/nilfs2/nilfs2.ko	runtime-code-or-symbol-different	false	false	false	false	false	false	.orc_unwind,.orc_unwind_ip,.return_sites,.text,__bug_table,__jump_table,__tracepoints,__versions
kernel/fs/nls/mac-celtic.ko	runtime-data-different-code-equivalent	false	false	true	true	true	true	__versions
kernel/fs/nls/mac-centeuro.ko	runtime-data-different-code-equivalent	false	false	true	true	true	true	__versions
kernel/fs/nls/mac-croatian.ko	runtime-data-different-code-equivalent	false	false	true	true	true	true	__versions
kernel/fs/nls/mac-cyrillic.ko	runtime-data-different-code-equivalent	false	false	true	true	true	true	__versions
kernel/fs/nls/mac-gaelic.ko	runtime-data-different-code-equivalent	false	false	true	true	true	true	__versions
kernel/fs/nls/mac-greek.ko	runtime-data-different-code-equivalent	false	false	true	true	true	true	__versions
kernel/fs/nls/mac-iceland.ko	runtime-data-different-code-equivalent	false	false	true	true	true	true	__versions
kernel/fs/nls/mac-inuit.ko	runtime-data-different-code-equivalent	false	false	true	true	true	true	__versions
kernel/fs/nls/mac-roman.ko	runtime-data-different-code-equivalent	false	false	true	true	true	true	__versions
kernel/fs/nls/mac-romanian.ko	runtime-data-different-code-equivalent	false	false	true	true	true	true	__versions
kernel/fs/nls/mac-turkish.ko	runtime-data-different-code-equivalent	false	false	true	true	true	true	__versions
kernel/fs/nls/nls_ascii.ko	runtime-data-different-code-equivalent	false	false	true	true	true	true	__versions
kernel/fs/nls/nls_cp1250.ko	runtime-data-different-code-equivalent	false	false	true	true	true	true	__versions
kernel/fs/nls/nls_cp1251.ko	runtime-data-different-code-equivalent	false	false	true	true	true	true	__versions
kernel/fs/nls/nls_cp1255.ko	runtime-data-different-code-equivalent	false	false	true	true	true	true	__versions
kernel/fs/nls/nls_cp437.ko	runtime-data-different-code-equivalent	false	false	true	true	true	true	__versions
kernel/fs/nls/nls_cp737.ko	runtime-data-different-code-equivalent	false	false	true	true	true	true	__versions
kernel/fs/nls/nls_cp775.ko	runtime-data-different-code-equivalent	false	false	true	true	true	true	__versions
kernel/fs/nls/nls_cp850.ko	runtime-data-different-code-equivalent	false	false	true	true	true	true	__versions
kernel/fs/nls/nls_cp852.ko	runtime-data-different-code-equivalent	false	false	true	true	true	true	__versions
kernel/fs/nls/nls_cp855.ko	runtime-data-different-code-equivalent	false	false	true	true	true	true	__versions
kernel/fs/nls/nls_cp857.ko	runtime-data-different-code-equivalent	false	false	true	true	true	true	__versions
kernel/fs/nls/nls_cp860.ko	runtime-data-different-code-equivalent	false	false	true	true	true	true	__versions
kernel/fs/nls/nls_cp861.ko	runtime-data-different-code-equivalent	false	false	true	true	true	true	__versions
kernel/fs/nls/nls_cp862.ko	runtime-data-different-code-equivalent	false	false	true	true	true	true	__versions
kernel/fs/nls/nls_cp863.ko	runtime-data-different-code-equivalent	false	false	true	true	true	true	__versions
kernel/fs/nls/nls_cp864.ko	runtime-data-different-code-equivalent	false	false	true	true	true	true	__versions
kernel/fs/nls/nls_cp865.ko	runtime-data-different-code-equivalent	false	false	true	true	true	true	__versions
kernel/fs/nls/nls_cp866.ko	runtime-data-different-code-equivalent	false	false	true	true	true	true	__versions
kernel/fs/nls/nls_cp869.ko	runtime-data-different-code-equivalent	false	false	true	true	true	true	__versions
kernel/fs/nls/nls_cp874.ko	runtime-data-different-code-equivalent	false	false	true	true	true	true	__versions
kernel/fs/nls/nls_cp932.ko	runtime-data-different-code-equivalent	false	false	true	true	true	true	__versions
kernel/fs/nls/nls_cp936.ko	runtime-data-different-code-equivalent	false	false	true	true	true	true	__versions
kernel/fs/nls/nls_cp949.ko	runtime-data-different-code-equivalent	false	false	true	true	true	true	__versions
kernel/fs/nls/nls_cp950.ko	runtime-data-different-code-equivalent	false	false	true	true	true	true	__versions
kernel/fs/nls/nls_euc-jp.ko	runtime-data-different-code-equivalent	false	false	true	true	true	true	__versions
kernel/fs/nls/nls_iso8859-1.ko	runtime-data-different-code-equivalent	false	false	true	true	true	true	__versions
kernel/fs/nls/nls_iso8859-13.ko	runtime-data-different-code-equivalent	false	false	true	true	true	true	__versions
kernel/fs/nls/nls_iso8859-14.ko	runtime-data-different-code-equivalent	false	false	true	true	true	true	__versions
kernel/fs/nls/nls_iso8859-15.ko	runtime-data-different-code-equivalent	false	false	true	true	true	true	__versions
kernel/fs/nls/nls_iso8859-2.ko	runtime-data-different-code-equivalent	false	false	true	true	true	true	__versions
kernel/fs/nls/nls_iso8859-3.ko	runtime-data-different-code-equivalent	false	false	true	true	true	true	__versions
kernel/fs/nls/nls_iso8859-4.ko	runtime-data-different-code-equivalent	false	false	true	true	true	true	__versions
kernel/fs/nls/nls_iso8859-5.ko	runtime-data-different-code-equivalent	false	false	true	true	true	true	__versions
kernel/fs/nls/nls_iso8859-6.ko	runtime-data-different-code-equivalent	false	false	true	true	true	true	__versions
kernel/fs/nls/nls_iso8859-7.ko	runtime-data-different-code-equivalent	false	false	true	true	true	true	__versions
kernel/fs/nls/nls_iso8859-9.ko	runtime-data-different-code-equivalent	false	false	true	true	true	true	__versions
kernel/fs/nls/nls_koi8-r.ko	runtime-data-different-code-equivalent	false	false	true	true	true	true	__versions
kernel/fs/nls/nls_koi8-ru.ko	runtime-data-different-code-equivalent	false	false	true	true	true	true	__versions
kernel/fs/nls/nls_koi8-u.ko	runtime-data-different-code-equivalent	false	false	true	true	true	true	__versions
kernel/fs/nls/nls_utf8.ko	runtime-data-different-code-equivalent	false	false	true	true	true	true	__versions
kernel/fs/ocfs2/cluster/ocfs2_nodemanager.ko	runtime-data-different-code-equivalent	false	false	true	true	true	true	__versions
kernel/fs/ocfs2/dlm/ocfs2_dlm.ko	runtime-data-different-code-equivalent	false	false	true	true	true	true	__versions
kernel/fs/ocfs2/dlmfs/ocfs2_dlmfs.ko	runtime-data-different-code-equivalent	false	false	true	true	true	true	__versions
kernel/fs/ocfs2/ocfs2.ko	runtime-code-or-symbol-different	false	false	false	false	false	false	.orc_unwind,.orc_unwind_ip,.return_sites,.rodata.str1.1,.rodata.str1.8,.static_call_sites,.text,.text.unlikely,__bug_table,__jump_table,__tracepoints,__versions
kernel/fs/ocfs2/ocfs2_stack_o2cb.ko	runtime-data-different-code-equivalent	false	false	true	true	true	true	__versions
kernel/fs/ocfs2/ocfs2_stack_user.ko	runtime-data-different-code-equivalent	false	false	true	true	true	true	__versions
kernel/fs/ocfs2/ocfs2_stackglue.ko	runtime-data-different-code-equivalent	false	false	true	true	true	true	__versions
kernel/fs/omfs/omfs.ko	runtime-data-different-code-equivalent	false	false	true	true	true	true	__versions
kernel/fs/orangefs/orangefs.ko	runtime-code-or-symbol-different	false	false	false	false	false	false	.text,__jump_table,__versions
kernel/fs/overlayfs/overlay.ko	runtime-code-or-symbol-different	false	false	false	false	false	false	.orc_unwind,.orc_unwind_ip,.return_sites,.rodata.str1.1,.rodata.str1.8,.text,.text.unlikely,__bug_table,__dyndbg,__jump_table,__mcount_loc,__versions
kernel/fs/pstore/ramoops.ko	runtime-code-or-symbol-different	false	false	false	false	false	false	.text,.text.unlikely,__dyndbg,__jump_table,__versions
kernel/fs/qnx4/qnx4.ko	runtime-data-different-code-equivalent	false	false	true	true	true	true	__versions
kernel/fs/qnx6/qnx6.ko	runtime-code-or-symbol-different	false	false	false	false	false	false	.orc_unwind,.orc_unwind_ip,.return_sites,.text,.text.unlikely,__dyndbg,__jump_table,__versions
kernel/fs/quota/quota_tree.ko	runtime-data-different-code-equivalent	false	false	true	true	true	true	__versions
kernel/fs/quota/quota_v1.ko	runtime-data-different-code-equivalent	false	false	true	true	true	true	__versions
kernel/fs/quota/quota_v2.ko	runtime-data-different-code-equivalent	false	false	true	true	true	true	__versions
kernel/fs/reiserfs/reiserfs.ko	runtime-code-or-symbol-different	false	false	false	false	false	false	.orc_unwind,.text,__jump_table,__versions
kernel/fs/romfs/romfs.ko	runtime-data-different-code-equivalent	false	false	true	true	true	true	__versions
kernel/fs/squashfs/squashfs.ko	runtime-code-or-symbol-different	false	false	false	false	false	false	.orc_unwind,.text,.text.unlikely,__dyndbg,__jump_table,__versions
kernel/fs/sysv/sysv.ko	runtime-code-or-symbol-different	false	false	false	false	false	false	.orc_unwind,.orc_unwind_ip,.text,__jump_table,__versions
kernel/fs/ubifs/ubifs.ko	runtime-code-or-symbol-different	false	false	false	false	false	false	.orc_unwind,.orc_unwind_ip,.return_sites,.rodata.str1.8,.text,.text.unlikely,__dyndbg,__jump_table,__versions
kernel/fs/udf/udf.ko	runtime-code-or-symbol-different	false	false	false	false	false	false	.orc_unwind,.orc_unwind_ip,.return_sites,.rodata.str1.1,.text,.text.unlikely,__dyndbg,__jump_table,__versions
kernel/fs/ufs/ufs.ko	runtime-code-or-symbol-different	false	false	false	false	false	false	.orc_unwind,.orc_unwind_ip,.text,__jump_table,__versions
kernel/fs/vboxsf/vboxsf.ko	runtime-code-or-symbol-different	false	false	false	false	false	false	.text,__jump_table,__versions
kernel/fs/xfs/xfs.ko	runtime-code-or-symbol-different	false	false	false	false	false	false	.orc_unwind,.orc_unwind_ip,.return_sites,.rodata.str1.1,.static_call_sites,.text,__jump_table,__tracepoints,__versions
kernel/fs/zonefs/zonefs.ko	runtime-data-different-code-equivalent	false	false	true	true	true	true	__versions
kernel/lib/bch.ko	runtime-data-different-code-equivalent	false	false	true	true	true	true	__versions
kernel/lib/crc-itu-t.ko	runtime-data-different-code-equivalent	false	false	true	true	true	true	__versions
kernel/lib/crc-t10dif.ko	runtime-code-or-symbol-different	false	false	false	false	false	false	.data,.orc_unwind,.orc_unwind_ip,.return_sites,.rodata,.rodata.str1.1,.rodata.str1.8,.text,__bug_table,__jump_table,__versions
kernel/lib/crc16.ko	runtime-data-different-code-equivalent	false	false	true	true	true	true	__versions
kernel/lib/crc64.ko	runtime-data-different-code-equivalent	false	false	true	true	true	true	__versions
kernel/lib/crc7.ko	runtime-data-different-code-equivalent	false	false	true	true	true	true	__versions
kernel/lib/crc8.ko	runtime-data-different-code-equivalent	false	false	true	true	true	true	__versions
kernel/lib/crypto/libarc4.ko	runtime-data-different-code-equivalent	false	false	true	true	true	true	__versions
kernel/lib/crypto/libchacha.ko	runtime-data-different-code-equivalent	false	false	true	true	true	true	__versions
kernel/lib/crypto/libchacha20poly1305.ko	runtime-data-different-code-equivalent	false	false	true	true	true	true	__versions
kernel/lib/crypto/libcurve25519-generic.ko	runtime-data-different-code-equivalent	false	false	true	true	true	true	__versions
kernel/lib/crypto/libcurve25519.ko	runtime-data-different-code-equivalent	false	false	true	true	true	true	__versions
kernel/lib/crypto/libdes.ko	runtime-code-or-symbol-different	false	false	false	true	false	false	.text,__versions
kernel/lib/crypto/libpoly1305.ko	runtime-data-different-code-equivalent	false	false	true	true	true	true	__versions
kernel/lib/libcrc32c.ko	runtime-data-different-code-equivalent	false	false	true	true	true	true	__versions
kernel/lib/lru_cache.ko	runtime-data-different-code-equivalent	false	false	true	true	true	true	__versions
kernel/lib/lz4/lz4hc_compress.ko	runtime-data-different-code-equivalent	false	false	true	true	true	true	__versions
kernel/lib/math/cordic.ko	runtime-data-different-code-equivalent	false	false	true	true	true	true	__versions
kernel/lib/memory-notifier-error-inject.ko	runtime-data-different-code-equivalent	false	false	true	true	true	true	__versions
kernel/lib/notifier-error-inject.ko	runtime-data-different-code-equivalent	false	false	true	true	true	true	__versions
kernel/lib/pm-notifier-error-inject.ko	runtime-data-different-code-equivalent	false	false	true	true	true	true	__versions
kernel/lib/raid6/raid6_pq.ko	runtime-data-different-code-equivalent	false	false	true	true	true	true	__versions
kernel/lib/reed_solomon/reed_solomon.ko	runtime-data-different-code-equivalent	false	false	true	true	true	true	__versions
kernel/lib/test_bpf.ko	runtime-code-or-symbol-different	false	false	false	false	false	true	.init.text,__jump_table,__versions
kernel/lib/test_firmware.ko	runtime-data-different-code-equivalent	false	false	true	true	true	true	__versions
kernel/lib/test_static_key_base.ko	runtime-code-or-symbol-different	false	false	false	false	false	true	.bss,.data,.orc_unwind,.orc_unwind_ip,.return_sites,.rodata,.rodata.str1.1,.rodata.str1.8,.text.unlikely,__bug_table,__versions
kernel/lib/test_static_keys.ko	runtime-code-or-symbol-different	false	false	false	false	false	false	.bss,.data,.orc_unwind,.orc_unwind_ip,.return_sites,.rodata,.rodata.str1.1,.rodata.str1.8,.text,.text.unlikely,__bug_table,__jump_table,__versions
kernel/lib/test_user_copy.ko	runtime-data-different-code-equivalent	false	false	true	true	true	true	__versions
kernel/lib/ts_bm.ko	runtime-data-different-code-equivalent	false	false	true	true	true	true	__versions
kernel/lib/ts_fsm.ko	runtime-data-different-code-equivalent	false	false	true	true	true	true	__versions
kernel/lib/ts_kmp.ko	runtime-data-different-code-equivalent	false	false	true	true	true	true	__versions
kernel/mm/hwpoison-inject.ko	runtime-data-different-code-equivalent	false	false	true	true	true	true	__versions
kernel/mm/z3fold.ko	runtime-code-or-symbol-different	false	false	false	false	false	false	.text,__jump_table,__versions
kernel/mm/zsmalloc.ko	runtime-code-or-symbol-different	false	false	false	false	false	false	.orc_unwind,.orc_unwind_ip,.text,__bug_table,__jump_table,__versions
kernel/net/6lowpan/6lowpan.ko	runtime-code-or-symbol-different	false	false	false	false	false	false	.orc_unwind,.orc_unwind_ip,.return_sites,.text,__dyndbg,__jump_table,__versions
kernel/net/6lowpan/nhc_dest.ko	runtime-data-different-code-equivalent	false	false	true	true	true	true	__versions
kernel/net/6lowpan/nhc_fragment.ko	runtime-data-different-code-equivalent	false	false	true	true	true	true	__versions
kernel/net/6lowpan/nhc_ghc_ext_dest.ko	runtime-data-different-code-equivalent	false	false	true	true	true	true	__versions
kernel/net/6lowpan/nhc_ghc_ext_frag.ko	runtime-data-different-code-equivalent	false	false	true	true	true	true	__versions
kernel/net/6lowpan/nhc_ghc_ext_hop.ko	runtime-data-different-code-equivalent	false	false	true	true	true	true	__versions
kernel/net/6lowpan/nhc_ghc_ext_route.ko	runtime-data-different-code-equivalent	false	false	true	true	true	true	__versions
kernel/net/6lowpan/nhc_ghc_icmpv6.ko	runtime-data-different-code-equivalent	false	false	true	true	true	true	__versions
kernel/net/6lowpan/nhc_ghc_udp.ko	runtime-data-different-code-equivalent	false	false	true	true	true	true	__versions
kernel/net/6lowpan/nhc_hop.ko	runtime-data-different-code-equivalent	false	false	true	true	true	true	__versions
kernel/net/6lowpan/nhc_ipv6.ko	runtime-data-different-code-equivalent	false	false	true	true	true	true	__versions
kernel/net/6lowpan/nhc_mobility.ko	runtime-data-different-code-equivalent	false	false	true	true	true	true	__versions
kernel/net/6lowpan/nhc_routing.ko	runtime-data-different-code-equivalent	false	false	true	true	true	true	__versions
kernel/net/6lowpan/nhc_udp.ko	runtime-code-or-symbol-different	false	false	false	false	false	false	.text,__dyndbg,__jump_table,__versions
kernel/net/802/garp.ko	runtime-data-different-code-equivalent	false	false	true	true	true	true	__versions
kernel/net/802/mrp.ko	runtime-data-different-code-equivalent	false	false	true	true	true	true	__versions
kernel/net/802/p8022.ko	runtime-data-different-code-equivalent	false	false	true	true	true	true	__versions
kernel/net/802/psnap.ko	runtime-data-different-code-equivalent	false	false	true	true	true	true	__versions
kernel/net/802/stp.ko	runtime-data-different-code-equivalent	false	false	true	true	true	true	__versions
kernel/net/8021q/8021q.ko	runtime-data-different-code-equivalent	false	false	true	true	true	true	__versions
kernel/net/9p/9pnet.ko	runtime-code-or-symbol-different	false	false	false	false	false	false	.orc_unwind,.orc_unwind_ip,.return_sites,.rodata.str1.1,.text,.text.unlikely,__jump_table,__tracepoints,__versions
kernel/net/9p/9pnet_rdma.ko	runtime-data-different-code-equivalent	false	false	true	true	true	true	__versions
kernel/net/9p/9pnet_virtio.ko	runtime-data-different-code-equivalent	false	false	true	true	true	true	__versions
kernel/net/9p/9pnet_xen.ko	runtime-data-different-code-equivalent	false	false	true	true	true	true	__versions
kernel/net/appletalk/appletalk.ko	runtime-code-or-symbol-different	false	false	false	false	false	false	.text,__dyndbg,__jump_table,__versions
kernel/net/atm/atm.ko	runtime-code-or-symbol-different	false	false	false	false	false	false	.orc_unwind,.orc_unwind_ip,.text,.text.unlikely,__dyndbg,__jump_table,__versions
kernel/net/atm/br2684.ko	runtime-code-or-symbol-different	false	false	false	false	false	false	.orc_unwind,.orc_unwind_ip,.text,__dyndbg,__jump_table,__versions
kernel/net/atm/clip.ko	runtime-code-or-symbol-different	false	false	false	false	false	false	.orc_unwind,.orc_unwind_ip,.text,.text.unlikely,__dyndbg,__jump_table,__versions
kernel/net/atm/lec.ko	runtime-code-or-symbol-different	false	false	false	false	false	false	.orc_unwind,.orc_unwind_ip,.rodata.str1.1,.rodata.str1.8,.text,.text.unlikely,__dyndbg,__jump_table,__versions
kernel/net/atm/mpoa.ko	runtime-data-different-code-equivalent	false	false	true	true	true	true	__versions
kernel/net/atm/pppoatm.ko	runtime-code-or-symbol-different	false	false	false	false	false	false	.orc_unwind,.orc_unwind_ip,.text,__dyndbg,__jump_table,__versions
kernel/net/ax25/ax25.ko	runtime-data-different-code-equivalent	false	false	true	true	true	true	__versions
kernel/net/batman-adv/batman-adv.ko	runtime-code-or-symbol-different	false	false	false	false	false	false	.text,__dyndbg,__jump_table,__versions
kernel/net/bluetooth/bluetooth.ko	runtime-code-or-symbol-different	false	false	false	false	false	false	.orc_unwind,.orc_unwind_ip,.return_sites,.rodata.str1.1,.rodata.str1.8,.smp_locks,.text,__dyndbg,__jump_table,__mcount_loc,__versions
kernel/net/bluetooth/bluetooth_6lowpan.ko	runtime-code-or-symbol-different	false	false	false	false	false	false	.exit.text,.orc_unwind,.orc_unwind_ip,.return_sites,.rodata.str1.1,.text,__dyndbg,__jump_table,__versions
kernel/net/bluetooth/bnep/bnep.ko	runtime-code-or-symbol-different	false	false	false	false	false	false	.orc_unwind,.orc_unwind_ip,.text,__dyndbg,__jump_table,__versions
kernel/net/bluetooth/cmtp/cmtp.ko	runtime-code-or-symbol-different	false	false	false	false	false	false	.orc_unwind,.text,__dyndbg,__jump_table,__versions
kernel/net/bluetooth/hidp/hidp.ko	runtime-code-or-symbol-different	false	false	false	false	false	false	.orc_unwind,.orc_unwind_ip,.text,__dyndbg,__jump_table,__versions
kernel/net/bluetooth/rfcomm/rfcomm.ko	runtime-code-or-symbol-different	false	false	false	false	false	false	.orc_unwind,.orc_unwind_ip,.return_sites,.rodata.str1.1,.text,__dyndbg,__jump_table,__mcount_loc,__versions
kernel/net/bridge/br_netfilter.ko	runtime-code-or-symbol-different	false	false	false	false	false	false	.orc_unwind,.orc_unwind_ip,.text,__jump_table,__versions
kernel/net/bridge/bridge.ko	runtime-code-or-symbol-different	false	false	false	false	false	false	.orc_unwind,.orc_unwind_ip,.return_sites,.text,.text.unlikely,__dyndbg,__jump_table,__versions
kernel/net/bridge/netfilter/ebt_802_3.ko	runtime-data-different-code-equivalent	false	false	true	true	true	true	__versions
kernel/net/bridge/netfilter/ebt_among.ko	runtime-data-different-code-equivalent	false	false	true	true	true	true	__versions
kernel/net/bridge/netfilter/ebt_arp.ko	runtime-data-different-code-equivalent	false	false	true	true	true	true	__versions
kernel/net/bridge/netfilter/ebt_arpreply.ko	runtime-data-different-code-equivalent	false	false	true	true	true	true	__versions
kernel/net/bridge/netfilter/ebt_dnat.ko	runtime-data-different-code-equivalent	false	false	true	true	true	true	__versions
kernel/net/bridge/netfilter/ebt_ip.ko	runtime-data-different-code-equivalent	false	false	true	true	true	true	__versions
kernel/net/bridge/netfilter/ebt_ip6.ko	runtime-data-different-code-equivalent	false	false	true	true	true	true	__versions
kernel/net/bridge/netfilter/ebt_limit.ko	runtime-data-different-code-equivalent	false	false	true	true	true	true	__versions
kernel/net/bridge/netfilter/ebt_log.ko	runtime-data-different-code-equivalent	false	false	true	true	true	true	__versions
kernel/net/bridge/netfilter/ebt_mark.ko	runtime-data-different-code-equivalent	false	false	true	true	true	true	__versions
kernel/net/bridge/netfilter/ebt_mark_m.ko	runtime-data-different-code-equivalent	false	false	true	true	true	true	__versions
kernel/net/bridge/netfilter/ebt_nflog.ko	runtime-data-different-code-equivalent	false	false	true	true	true	true	__versions
kernel/net/bridge/netfilter/ebt_pkttype.ko	runtime-data-different-code-equivalent	false	false	true	true	true	true	__versions
kernel/net/bridge/netfilter/ebt_redirect.ko	runtime-data-different-code-equivalent	false	false	true	true	true	true	__versions
kernel/net/bridge/netfilter/ebt_snat.ko	runtime-data-different-code-equivalent	false	false	true	true	true	true	__versions
kernel/net/bridge/netfilter/ebt_stp.ko	runtime-data-different-code-equivalent	false	false	true	true	true	true	__versions
kernel/net/bridge/netfilter/ebt_vlan.ko	runtime-code-or-symbol-different	false	false	false	false	false	false	.init.text,.text,__dyndbg,__jump_table,__versions
kernel/net/bridge/netfilter/ebtable_broute.ko	runtime-data-different-code-equivalent	false	false	true	true	true	true	__versions
kernel/net/bridge/netfilter/ebtable_filter.ko	runtime-data-different-code-equivalent	false	false	true	true	true	true	__versions
kernel/net/bridge/netfilter/ebtable_nat.ko	runtime-data-different-code-equivalent	false	false	true	true	true	true	__versions
kernel/net/bridge/netfilter/ebtables.ko	runtime-code-or-symbol-different	false	false	false	false	false	false	.orc_unwind,.text,__dyndbg,__jump_table,__versions
kernel/net/bridge/netfilter/nf_conntrack_bridge.ko	runtime-data-different-code-equivalent	false	false	true	true	true	true	__versions
kernel/net/bridge/netfilter/nf_log_bridge.ko	runtime-data-different-code-equivalent	false	false	true	true	true	true	__versions
kernel/net/bridge/netfilter/nft_meta_bridge.ko	runtime-data-different-code-equivalent	false	false	true	true	true	true	__versions
kernel/net/bridge/netfilter/nft_reject_bridge.ko	runtime-data-different-code-equivalent	false	false	true	true	true	true	__versions
kernel/net/can/can-bcm.ko	runtime-data-different-code-equivalent	false	false	true	true	true	true	__versions
kernel/net/can/can-gw.ko	runtime-data-different-code-equivalent	false	false	true	true	true	true	__versions
kernel/net/can/can-isotp.ko	runtime-data-different-code-equivalent	false	false	true	true	true	true	__versions
kernel/net/can/can-raw.ko	runtime-data-different-code-equivalent	false	false	true	true	true	true	__versions
kernel/net/can/can.ko	runtime-data-different-code-equivalent	false	false	true	true	true	true	__versions
kernel/net/can/j1939/can-j1939.ko	runtime-code-or-symbol-different	false	false	false	false	false	false	.orc_unwind,.orc_unwind_ip,.return_sites,.smp_locks,.text,.text.unlikely,__dyndbg,__jump_table,__versions
kernel/net/ceph/libceph.ko	runtime-code-or-symbol-different	false	false	false	false	false	false	.exit.text,.orc_unwind,.orc_unwind_ip,.return_sites,.rodata.str1.1,.rodata.str1.8,.smp_locks,.text,.text.unlikely,__bug_table,__dyndbg,__jump_table,__mcount_loc,__versions
kernel/net/core/drop_monitor.ko	runtime-data-different-code-equivalent	false	false	true	true	true	true	__versions
kernel/net/core/failover.ko	runtime-data-different-code-equivalent	false	false	true	true	true	true	__versions
kernel/net/core/pktgen.ko	runtime-code-or-symbol-different	false	false	false	false	false	false	.orc_unwind,.orc_unwind_ip,.text,.text.unlikely,__dyndbg,__jump_table,__versions
kernel/net/dccp/dccp.ko	runtime-code-or-symbol-different	false	false	false	false	false	false	.orc_unwind,.rodata.str1.8,.text,__dyndbg,__jump_table,__tracepoints,__versions
kernel/net/dccp/dccp_diag.ko	runtime-data-different-code-equivalent	false	false	true	true	true	true	__versions
kernel/net/dccp/dccp_ipv4.ko	runtime-data-different-code-equivalent	false	false	true	true	true	true	__versions
kernel/net/dccp/dccp_ipv6.ko	runtime-code-or-symbol-different	false	false	false	false	false	false	.text,__jump_table,__versions
kernel/net/decnet/decnet.ko	runtime-code-or-symbol-different	false	false	false	false	false	false	.orc_unwind,.text,__dyndbg,__jump_table,__versions
kernel/net/decnet/netfilter/dn_rtmsg.ko	runtime-data-different-code-equivalent	false	false	true	true	true	true	__versions
kernel/net/dns_resolver/dns_resolver.ko	runtime-data-different-code-equivalent	false	false	true	true	true	true	__versions
kernel/net/ieee802154/6lowpan/ieee802154_6lowpan.ko	runtime-code-or-symbol-different	false	false	false	false	false	false	.orc_unwind,.text,__dyndbg,__jump_table,__versions
kernel/net/ieee802154/ieee802154.ko	runtime-code-or-symbol-different	false	false	false	false	false	false	.orc_unwind,.orc_unwind_ip,.return_sites,.text,__dyndbg,__jump_table,__tracepoints,__versions
kernel/net/ieee802154/ieee802154_socket.ko	runtime-code-or-symbol-different	false	false	false	false	false	false	.orc_unwind,.text,__dyndbg,__jump_table,__versions
kernel/net/ife/ife.ko	runtime-data-different-code-equivalent	false	false	true	true	true	true	__versions
kernel/net/ipv4/ah4.ko	runtime-data-different-code-equivalent	false	false	true	true	true	true	__versions
kernel/net/ipv4/esp4.ko	runtime-code-or-symbol-different	false	false	false	false	false	false	.orc_unwind,.orc_unwind_ip,.text,__dyndbg,__jump_table,__versions
kernel/net/ipv4/esp4_offload.ko	runtime-data-different-code-equivalent	false	false	true	true	true	true	__versions
kernel/net/ipv4/fou.ko	runtime-data-different-code-equivalent	false	false	true	true	true	true	__versions
kernel/net/ipv4/gre.ko	runtime-data-different-code-equivalent	false	false	true	true	true	true	__versions
kernel/net/ipv4/inet_diag.ko	runtime-data-different-code-equivalent	false	false	true	true	true	true	__versions
kernel/net/ipv4/ip_gre.ko	runtime-data-different-code-equivalent	false	false	true	true	true	true	__versions
kernel/net/ipv4/ip_tunnel.ko	runtime-data-different-code-equivalent	false	false	true	true	true	true	__versions
kernel/net/ipv4/ip_vti.ko	runtime-data-different-code-equivalent	false	false	true	true	true	true	__versions
kernel/net/ipv4/ipcomp.ko	runtime-data-different-code-equivalent	false	false	true	true	true	true	__versions
kernel/net/ipv4/ipip.ko	runtime-data-different-code-equivalent	false	false	true	true	true	true	__versions
kernel/net/ipv4/netfilter/arp_tables.ko	runtime-data-different-code-equivalent	false	false	true	true	true	true	__versions
kernel/net/ipv4/netfilter/arpt_mangle.ko	runtime-data-different-code-equivalent	false	false	true	true	true	true	__versions
kernel/net/ipv4/netfilter/arptable_filter.ko	runtime-data-different-code-equivalent	false	false	true	true	true	true	__versions
kernel/net/ipv4/netfilter/ip_tables.ko	runtime-code-or-symbol-different	false	false	false	false	false	false	.text,__jump_table,__versions
kernel/net/ipv4/netfilter/ipt_CLUSTERIP.ko	runtime-code-or-symbol-different	false	false	false	false	false	false	.text,__dyndbg,__jump_table,__versions
kernel/net/ipv4/netfilter/ipt_ECN.ko	runtime-data-different-code-equivalent	false	false	true	true	true	true	__versions
kernel/net/ipv4/netfilter/ipt_REJECT.ko	runtime-data-different-code-equivalent	false	false	true	true	true	true	__versions
kernel/net/ipv4/netfilter/ipt_SYNPROXY.ko	runtime-data-different-code-equivalent	false	false	true	true	true	true	__versions
kernel/net/ipv4/netfilter/ipt_ah.ko	runtime-code-or-symbol-different	false	false	false	false	false	false	.orc_unwind,.orc_unwind_ip,.return_sites,.text,__dyndbg,__jump_table,__versions
kernel/net/ipv4/netfilter/ipt_rpfilter.ko	runtime-data-different-code-equivalent	false	false	true	true	true	true	__versions
kernel/net/ipv4/netfilter/iptable_filter.ko	runtime-data-different-code-equivalent	false	false	true	true	true	true	__versions
kernel/net/ipv4/netfilter/iptable_mangle.ko	runtime-data-different-code-equivalent	false	false	true	true	true	true	__versions
kernel/net/ipv4/netfilter/iptable_nat.ko	runtime-data-different-code-equivalent	false	false	true	true	true	true	__versions
kernel/net/ipv4/netfilter/iptable_raw.ko	runtime-data-different-code-equivalent	false	false	true	true	true	true	__versions
kernel/net/ipv4/netfilter/iptable_security.ko	runtime-data-different-code-equivalent	false	false	true	true	true	true	__versions
kernel/net/ipv4/netfilter/nf_defrag_ipv4.ko	runtime-data-different-code-equivalent	false	false	true	true	true	true	__versions
kernel/net/ipv4/netfilter/nf_dup_ipv4.ko	runtime-data-different-code-equivalent	false	false	true	true	true	true	__versions
kernel/net/ipv4/netfilter/nf_flow_table_ipv4.ko	runtime-data-different-code-equivalent	false	false	true	true	true	true	__versions
kernel/net/ipv4/netfilter/nf_log_arp.ko	runtime-data-different-code-equivalent	false	false	true	true	true	true	__versions
kernel/net/ipv4/netfilter/nf_log_ipv4.ko	runtime-data-different-code-equivalent	false	false	true	true	true	true	__versions
kernel/net/ipv4/netfilter/nf_nat_h323.ko	runtime-code-or-symbol-different	false	false	false	false	false	false	.orc_unwind,.orc_unwind_ip,.return_sites,.text,.text.unlikely,__dyndbg,__jump_table,__versions
kernel/net/ipv4/netfilter/nf_nat_pptp.ko	runtime-code-or-symbol-different	false	false	false	false	false	false	.orc_unwind,.orc_unwind_ip,.text,__dyndbg,__jump_table,__versions
kernel/net/ipv4/netfilter/nf_nat_snmp_basic.ko	runtime-code-or-symbol-different	false	false	false	false	false	false	.text,__dyndbg,__jump_table,__versions
kernel/net/ipv4/netfilter/nf_reject_ipv4.ko	runtime-data-different-code-equivalent	false	false	true	true	true	true	__versions
kernel/net/ipv4/netfilter/nf_socket_ipv4.ko	runtime-data-different-code-equivalent	false	false	true	true	true	true	__versions
kernel/net/ipv4/netfilter/nf_tproxy_ipv4.ko	runtime-code-or-symbol-different	false	false	false	false	false	false	.orc_unwind,.orc_unwind_ip,.text,__dyndbg,__jump_table,__versions
kernel/net/ipv4/netfilter/nft_dup_ipv4.ko	runtime-data-different-code-equivalent	false	false	true	true	true	true	__versions
kernel/net/ipv4/netfilter/nft_fib_ipv4.ko	runtime-data-different-code-equivalent	false	false	true	true	true	true	__versions
kernel/net/ipv4/netfilter/nft_reject_ipv4.ko	runtime-data-different-code-equivalent	false	false	true	true	true	true	__versions
kernel/net/ipv4/raw_diag.ko	runtime-data-different-code-equivalent	false	false	true	true	true	true	__versions
kernel/net/ipv4/tcp_bbr.ko	runtime-data-different-code-equivalent	false	false	true	true	true	true	__versions
kernel/net/ipv4/tcp_bic.ko	runtime-data-different-code-equivalent	false	false	true	true	true	true	__versions
kernel/net/ipv4/tcp_cdg.ko	runtime-data-different-code-equivalent	false	false	true	true	true	true	__versions
kernel/net/ipv4/tcp_dctcp.ko	runtime-data-different-code-equivalent	false	false	true	true	true	true	__versions
kernel/net/ipv4/tcp_diag.ko	runtime-data-different-code-equivalent	false	false	true	true	true	true	__versions
kernel/net/ipv4/tcp_highspeed.ko	runtime-data-different-code-equivalent	false	false	true	true	true	true	__versions
kernel/net/ipv4/tcp_htcp.ko	runtime-data-different-code-equivalent	false	false	true	true	true	true	__versions
kernel/net/ipv4/tcp_hybla.ko	runtime-data-different-code-equivalent	false	false	true	true	true	true	__versions
kernel/net/ipv4/tcp_illinois.ko	runtime-data-different-code-equivalent	false	false	true	true	true	true	__versions
kernel/net/ipv4/tcp_lp.ko	runtime-code-or-symbol-different	false	false	false	false	false	false	.orc_unwind,.orc_unwind_ip,.return_sites,.text,__dyndbg,__jump_table,__versions
kernel/net/ipv4/tcp_nv.ko	runtime-code-or-symbol-different	false	false	false	false	false	false	.text,__jump_table,__versions
kernel/net/ipv4/tcp_scalable.ko	runtime-data-different-code-equivalent	false	false	true	true	true	true	__versions
kernel/net/ipv4/tcp_vegas.ko	runtime-data-different-code-equivalent	false	false	true	true	true	true	__versions
kernel/net/ipv4/tcp_veno.ko	runtime-data-different-code-equivalent	false	false	true	true	true	true	__versions
kernel/net/ipv4/tcp_westwood.ko	runtime-data-different-code-equivalent	false	false	true	true	true	true	__versions
kernel/net/ipv4/tcp_yeah.ko	runtime-data-different-code-equivalent	false	false	true	true	true	true	__versions
kernel/net/ipv4/tunnel4.ko	runtime-data-different-code-equivalent	false	false	true	true	true	true	__versions
kernel/net/ipv4/udp_diag.ko	runtime-data-different-code-equivalent	false	false	true	true	true	true	__versions
kernel/net/ipv4/udp_tunnel.ko	runtime-data-different-code-equivalent	false	false	true	true	true	true	__versions
kernel/net/ipv4/xfrm4_tunnel.ko	runtime-data-different-code-equivalent	false	false	true	true	true	true	__versions
kernel/net/ipv6/ah6.ko	runtime-code-or-symbol-different	false	false	false	false	false	false	.text,__dyndbg,__jump_table,__versions
kernel/net/ipv6/esp6.ko	runtime-code-or-symbol-different	false	false	false	false	false	false	.orc_unwind,.orc_unwind_ip,.text,__dyndbg,__jump_table,__versions
kernel/net/ipv6/esp6_offload.ko	runtime-data-different-code-equivalent	false	false	true	true	true	true	__versions
kernel/net/ipv6/fou6.ko	runtime-data-different-code-equivalent	false	false	true	true	true	true	__versions
kernel/net/ipv6/ila/ila.ko	runtime-code-or-symbol-different	false	false	false	false	false	false	.data,.text,__jump_table,__versions
kernel/net/ipv6/ip6_gre.ko	runtime-code-or-symbol-different	false	false	false	false	false	false	.orc_unwind,.text,__dyndbg,__jump_table,__versions
kernel/net/ipv6/ip6_tunnel.ko	runtime-code-or-symbol-different	false	false	false	false	false	false	.text,__dyndbg,__jump_table,__versions
kernel/net/ipv6/ip6_udp_tunnel.ko	runtime-data-different-code-equivalent	false	false	true	true	true	true	__versions
kernel/net/ipv6/ip6_vti.ko	runtime-data-different-code-equivalent	false	false	true	true	true	true	__versions
kernel/net/ipv6/ipcomp6.ko	runtime-data-different-code-equivalent	false	false	true	true	true	true	__versions
kernel/net/ipv6/netfilter/ip6_tables.ko	runtime-code-or-symbol-different	false	false	false	false	false	false	.orc_unwind,.orc_unwind_ip,.text,__jump_table,__versions
kernel/net/ipv6/netfilter/ip6t_NPT.ko	runtime-data-different-code-equivalent	false	false	true	true	true	true	__versions
kernel/net/ipv6/netfilter/ip6t_REJECT.ko	runtime-data-different-code-equivalent	false	false	true	true	true	true	__versions
kernel/net/ipv6/netfilter/ip6t_SYNPROXY.ko	runtime-data-different-code-equivalent	false	false	true	true	true	true	__versions
kernel/net/ipv6/netfilter/ip6t_ah.ko	runtime-code-or-symbol-different	false	false	false	false	false	false	.orc_unwind,.orc_unwind_ip,.return_sites,.text,__dyndbg,__jump_table,__versions
kernel/net/ipv6/netfilter/ip6t_eui64.ko	runtime-data-different-code-equivalent	false	false	true	true	true	true	__versions
kernel/net/ipv6/netfilter/ip6t_frag.ko	runtime-code-or-symbol-different	false	false	false	false	false	false	.orc_unwind,.orc_unwind_ip,.return_sites,.text,__dyndbg,__jump_table,__versions
kernel/net/ipv6/netfilter/ip6t_hbh.ko	runtime-code-or-symbol-different	false	false	false	false	false	false	.orc_unwind,.orc_unwind_ip,.text,__dyndbg,__jump_table,__versions
kernel/net/ipv6/netfilter/ip6t_ipv6header.ko	runtime-data-different-code-equivalent	false	false	true	true	true	true	__versions
kernel/net/ipv6/netfilter/ip6t_mh.ko	runtime-code-or-symbol-different	false	false	false	false	false	false	.text,__dyndbg,__jump_table,__versions
kernel/net/ipv6/netfilter/ip6t_rpfilter.ko	runtime-data-different-code-equivalent	false	false	true	true	true	true	__versions
kernel/net/ipv6/netfilter/ip6t_rt.ko	runtime-code-or-symbol-different	false	false	false	false	false	false	.orc_unwind,.orc_unwind_ip,.text,__dyndbg,__jump_table,__versions
kernel/net/ipv6/netfilter/ip6t_srh.ko	runtime-data-different-code-equivalent	false	false	true	true	true	true	__versions
kernel/net/ipv6/netfilter/ip6table_filter.ko	runtime-data-different-code-equivalent	false	false	true	true	true	true	__versions
kernel/net/ipv6/netfilter/ip6table_mangle.ko	runtime-data-different-code-equivalent	false	false	true	true	true	true	__versions
kernel/net/ipv6/netfilter/ip6table_nat.ko	runtime-data-different-code-equivalent	false	false	true	true	true	true	__versions
kernel/net/ipv6/netfilter/ip6table_raw.ko	runtime-data-different-code-equivalent	false	false	true	true	true	true	__versions
kernel/net/ipv6/netfilter/ip6table_security.ko	runtime-data-different-code-equivalent	false	false	true	true	true	true	__versions
kernel/net/ipv6/netfilter/nf_defrag_ipv6.ko	runtime-code-or-symbol-different	false	false	false	false	false	false	.text,__dyndbg,__jump_table,__versions
kernel/net/ipv6/netfilter/nf_dup_ipv6.ko	runtime-data-different-code-equivalent	false	false	true	true	true	true	__versions
kernel/net/ipv6/netfilter/nf_flow_table_ipv6.ko	runtime-data-different-code-equivalent	false	false	true	true	true	true	__versions
kernel/net/ipv6/netfilter/nf_log_ipv6.ko	runtime-data-different-code-equivalent	false	false	true	true	true	true	__versions
kernel/net/ipv6/netfilter/nf_reject_ipv6.ko	runtime-code-or-symbol-different	false	false	false	false	false	false	.text,__dyndbg,__jump_table,__versions
kernel/net/ipv6/netfilter/nf_socket_ipv6.ko	runtime-code-or-symbol-different	false	false	false	false	false	false	.orc_unwind,.text,__dyndbg,__jump_table,__versions
kernel/net/ipv6/netfilter/nf_tproxy_ipv6.ko	runtime-code-or-symbol-different	false	false	false	false	false	false	.orc_unwind,.text,__dyndbg,__jump_table,__versions
kernel/net/ipv6/netfilter/nft_dup_ipv6.ko	runtime-data-different-code-equivalent	false	false	true	true	true	true	__versions
kernel/net/ipv6/netfilter/nft_fib_ipv6.ko	runtime-data-different-code-equivalent	false	false	true	true	true	true	__versions
kernel/net/ipv6/netfilter/nft_reject_ipv6.ko	runtime-data-different-code-equivalent	false	false	true	true	true	true	__versions
kernel/net/ipv6/sit.ko	runtime-code-or-symbol-different	false	false	false	false	false	false	.text,__dyndbg,__jump_table,__versions
kernel/net/ipv6/tunnel6.ko	runtime-data-different-code-equivalent	false	false	true	true	true	true	__versions
kernel/net/ipv6/xfrm6_tunnel.ko	runtime-data-different-code-equivalent	false	false	true	true	true	true	__versions
kernel/net/key/af_key.ko	runtime-data-different-code-equivalent	false	false	true	true	true	true	__versions
kernel/net/l2tp/l2tp_core.ko	runtime-code-or-symbol-different	false	false	false	false	false	false	.orc_unwind,.orc_unwind_ip,.smp_locks,.text,__bug_table,__dyndbg,__jump_table,__mcount_loc,__tracepoints,__versions
kernel/net/l2tp/l2tp_debugfs.ko	runtime-data-different-code-equivalent	false	false	true	true	true	true	__versions
kernel/net/l2tp/l2tp_eth.ko	runtime-data-different-code-equivalent	false	false	true	true	true	true	__versions
kernel/net/l2tp/l2tp_ip.ko	runtime-data-different-code-equivalent	false	false	true	true	true	true	__versions
kernel/net/l2tp/l2tp_ip6.ko	runtime-code-or-symbol-different	false	false	false	false	false	false	.orc_unwind,.text,__jump_table,__versions
kernel/net/l2tp/l2tp_netlink.ko	runtime-data-different-code-equivalent	false	false	true	true	true	true	__versions
kernel/net/l2tp/l2tp_ppp.ko	runtime-data-different-code-equivalent	false	false	true	true	true	true	__versions
kernel/net/lapb/lapb.ko	runtime-code-or-symbol-different	false	false	false	false	false	false	.text,__dyndbg,__jump_table,__versions
kernel/net/llc/llc.ko	runtime-data-different-code-equivalent	false	false	true	true	true	true	__versions
kernel/net/llc/llc2.ko	runtime-code-or-symbol-different	false	false	false	false	false	false	.text,__dyndbg,__jump_table,__versions
kernel/net/mac80211/mac80211.ko	runtime-code-or-symbol-different	false	false	false	false	false	false	.orc_unwind,.orc_unwind_ip,.retpoline_sites,.return_sites,.rodata,.rodata.str1.1,.rodata.str1.8,.static_call_sites,.text,.text.unlikely,__bug_table,__dyndbg,__jump_table,__tracepoints,__versions
kernel/net/mac802154/mac802154.ko	runtime-code-or-symbol-different	false	false	false	false	false	false	.orc_unwind,.orc_unwind_ip,.return_sites,.text,__bug_table,__dyndbg,__jump_table,__tracepoints,__versions
kernel/net/mpls/mpls_iptunnel.ko	runtime-code-or-symbol-different	false	false	false	false	false	false	.orc_unwind,.orc_unwind_ip,.return_sites,.text,__dyndbg,__jump_table,__versions
kernel/net/mpls/mpls_router.ko	runtime-code-or-symbol-different	false	false	false	false	false	false	.text,__dyndbg,__jump_table,__versions
kernel/net/netfilter/ipset/ip_set.ko	runtime-code-or-symbol-different	false	false	false	false	false	false	.exit.text,.orc_unwind,.orc_unwind_ip,.rodata.str1.1,.text,__dyndbg,__jump_table,__versions
kernel/net/netfilter/ipset/ip_set_bitmap_ip.ko	runtime-code-or-symbol-different	false	false	false	false	false	false	.text,__dyndbg,__jump_table,__versions
kernel/net/netfilter/ipset/ip_set_bitmap_ipmac.ko	runtime-data-different-code-equivalent	false	false	true	true	true	true	__versions
kernel/net/netfilter/ipset/ip_set_bitmap_port.ko	runtime-data-different-code-equivalent	false	false	true	true	true	true	__versions
kernel/net/netfilter/ipset/ip_set_hash_ip.ko	runtime-code-or-symbol-different	false	false	false	false	false	false	.orc_unwind,.orc_unwind_ip,.return_sites,.rodata.str1.1,.text,.text.unlikely,__dyndbg,__jump_table,__versions
kernel/net/netfilter/ipset/ip_set_hash_ipmac.ko	runtime-code-or-symbol-different	false	false	false	false	false	false	.orc_unwind,.orc_unwind_ip,.return_sites,.rodata.str1.1,.text,.text.unlikely,__dyndbg,__jump_table,__versions
kernel/net/netfilter/ipset/ip_set_hash_ipmark.ko	runtime-code-or-symbol-different	false	false	false	false	false	false	.orc_unwind,.orc_unwind_ip,.return_sites,.rodata.str1.1,.text,.text.unlikely,__dyndbg,__jump_table,__versions
kernel/net/netfilter/ipset/ip_set_hash_ipport.ko	runtime-code-or-symbol-different	false	false	false	false	false	false	.orc_unwind,.orc_unwind_ip,.return_sites,.rodata.str1.1,.text,.text.unlikely,__dyndbg,__jump_table,__versions
kernel/net/netfilter/ipset/ip_set_hash_ipportip.ko	runtime-code-or-symbol-different	false	false	false	false	false	false	.orc_unwind,.orc_unwind_ip,.return_sites,.rodata.str1.1,.text,.text.unlikely,__dyndbg,__jump_table,__versions
kernel/net/netfilter/ipset/ip_set_hash_ipportnet.ko	runtime-code-or-symbol-different	false	false	false	false	false	false	.orc_unwind,.orc_unwind_ip,.return_sites,.rodata.str1.1,.text,.text.unlikely,__dyndbg,__jump_table,__versions
kernel/net/netfilter/ipset/ip_set_hash_mac.ko	runtime-code-or-symbol-different	false	false	false	false	false	false	.orc_unwind,.orc_unwind_ip,.return_sites,.rodata.str1.1,.text,__dyndbg,__jump_table,__versions
kernel/net/netfilter/ipset/ip_set_hash_net.ko	runtime-code-or-symbol-different	false	false	false	false	false	false	.orc_unwind,.orc_unwind_ip,.return_sites,.rodata.str1.1,.text,.text.unlikely,__dyndbg,__jump_table,__versions
kernel/net/netfilter/ipset/ip_set_hash_netiface.ko	runtime-code-or-symbol-different	false	false	false	false	false	false	.orc_unwind,.orc_unwind_ip,.return_sites,.rodata.str1.1,.text,.text.unlikely,__dyndbg,__jump_table,__versions
kernel/net/netfilter/ipset/ip_set_hash_netnet.ko	runtime-code-or-symbol-different	false	false	false	false	false	false	.orc_unwind,.orc_unwind_ip,.return_sites,.rodata.str1.1,.text,.text.unlikely,__dyndbg,__jump_table,__versions
kernel/net/netfilter/ipset/ip_set_hash_netport.ko	runtime-code-or-symbol-different	false	false	false	false	false	false	.orc_unwind,.orc_unwind_ip,.return_sites,.rodata.str1.1,.text,.text.unlikely,__dyndbg,__jump_table,__versions
kernel/net/netfilter/ipset/ip_set_hash_netportnet.ko	runtime-code-or-symbol-different	false	false	false	false	false	false	.orc_unwind,.orc_unwind_ip,.return_sites,.rodata.str1.1,.text,.text.unlikely,__dyndbg,__jump_table,__versions
kernel/net/netfilter/ipset/ip_set_list_set.ko	runtime-data-different-code-equivalent	false	false	true	true	true	true	__versions
kernel/net/netfilter/ipvs/ip_vs.ko	runtime-code-or-symbol-different	false	false	false	false	false	false	.orc_unwind,.orc_unwind_ip,.retpoline_sites,.return_sites,.rodata.str1.1,.smp_locks,.text,__bug_table,__dyndbg,__jump_table,__versions
kernel/net/netfilter/ipvs/ip_vs_dh.ko	runtime-data-different-code-equivalent	false	false	true	true	true	true	__versions
kernel/net/netfilter/ipvs/ip_vs_fo.ko	runtime-data-different-code-equivalent	false	false	true	true	true	true	__versions
kernel/net/netfilter/ipvs/ip_vs_ftp.ko	runtime-data-different-code-equivalent	false	false	true	true	true	true	__versions
kernel/net/netfilter/ipvs/ip_vs_lblc.ko	runtime-data-different-code-equivalent	false	false	true	true	true	true	__versions
kernel/net/netfilter/ipvs/ip_vs_lblcr.ko	runtime-data-different-code-equivalent	false	false	true	true	true	true	__versions
kernel/net/netfilter/ipvs/ip_vs_lc.ko	runtime-data-different-code-equivalent	false	false	true	true	true	true	__versions
kernel/net/netfilter/ipvs/ip_vs_mh.ko	runtime-data-different-code-equivalent	false	false	true	true	true	true	__versions
kernel/net/netfilter/ipvs/ip_vs_nq.ko	runtime-data-different-code-equivalent	false	false	true	true	true	true	__versions
kernel/net/netfilter/ipvs/ip_vs_ovf.ko	runtime-data-different-code-equivalent	false	false	true	true	true	true	__versions
kernel/net/netfilter/ipvs/ip_vs_pe_sip.ko	runtime-data-different-code-equivalent	false	false	true	true	true	true	__versions
kernel/net/netfilter/ipvs/ip_vs_rr.ko	runtime-data-different-code-equivalent	false	false	true	true	true	true	__versions
kernel/net/netfilter/ipvs/ip_vs_sed.ko	runtime-data-different-code-equivalent	false	false	true	true	true	true	__versions
kernel/net/netfilter/ipvs/ip_vs_sh.ko	runtime-data-different-code-equivalent	false	false	true	true	true	true	__versions
kernel/net/netfilter/ipvs/ip_vs_wlc.ko	runtime-data-different-code-equivalent	false	false	true	true	true	true	__versions
kernel/net/netfilter/ipvs/ip_vs_wrr.ko	runtime-data-different-code-equivalent	false	false	true	true	true	true	__versions
kernel/net/netfilter/nf_conncount.ko	runtime-code-or-symbol-different	false	false	false	false	false	false	.data,.orc_unwind,.orc_unwind_ip,.text,__jump_table,__versions
kernel/net/netfilter/nf_conntrack.ko	runtime-code-or-symbol-different	false	false	false	false	false	false	.data,.orc_unwind,.orc_unwind_ip,.return_sites,.rodata.str1.8,.text,.text.unlikely,__dyndbg,__jump_table,__versions
kernel/net/netfilter/nf_conntrack_amanda.ko	runtime-data-different-code-equivalent	false	false	true	true	true	true	__versions
kernel/net/netfilter/nf_conntrack_broadcast.ko	runtime-data-different-code-equivalent	false	false	true	true	true	true	__versions
kernel/net/netfilter/nf_conntrack_ftp.ko	runtime-code-or-symbol-different	false	false	false	false	false	false	.orc_unwind,.orc_unwind_ip,.return_sites,.text,__dyndbg,__jump_table,__versions
kernel/net/netfilter/nf_conntrack_h323.ko	runtime-code-or-symbol-different	false	false	false	false	false	false	.exit.text,.init.text,.orc_unwind,.orc_unwind_ip,.return_sites,.text,__dyndbg,__jump_table,__versions
kernel/net/netfilter/nf_conntrack_irc.ko	runtime-code-or-symbol-different	false	false	false	false	false	false	.text,.text.unlikely,__dyndbg,__jump_table,__versions
kernel/net/netfilter/nf_conntrack_netbios_ns.ko	runtime-data-different-code-equivalent	false	false	true	true	true	true	__versions
kernel/net/netfilter/nf_conntrack_netlink.ko	runtime-code-or-symbol-different	false	false	false	false	false	false	.data,.text,__dyndbg,__jump_table,__versions
kernel/net/netfilter/nf_conntrack_pptp.ko	runtime-code-or-symbol-different	false	false	false	false	false	false	.orc_unwind,.orc_unwind_ip,.text,__dyndbg,__jump_table,__versions
kernel/net/netfilter/nf_conntrack_sane.ko	runtime-code-or-symbol-different	false	false	false	false	false	false	.text,__dyndbg,__jump_table,__versions
kernel/net/netfilter/nf_conntrack_sip.ko	runtime-code-or-symbol-different	false	false	false	false	false	false	.text,__dyndbg,__jump_table,__versions
kernel/net/netfilter/nf_conntrack_snmp.ko	runtime-data-different-code-equivalent	false	false	true	true	true	true	__versions
kernel/net/netfilter/nf_conntrack_tftp.ko	runtime-code-or-symbol-different	false	false	false	false	false	false	.text,__dyndbg,__jump_table,__versions
kernel/net/netfilter/nf_dup_netdev.ko	runtime-data-different-code-equivalent	false	false	true	true	true	true	__versions
kernel/net/netfilter/nf_flow_table.ko	runtime-data-different-code-equivalent	false	false	true	true	true	true	__versions
kernel/net/netfilter/nf_flow_table_inet.ko	runtime-data-different-code-equivalent	false	false	true	true	true	true	__versions
kernel/net/netfilter/nf_log_common.ko	runtime-data-different-code-equivalent	false	false	true	true	true	true	__versions
kernel/net/netfilter/nf_log_netdev.ko	runtime-data-different-code-equivalent	false	false	true	true	true	true	__versions
kernel/net/netfilter/nf_nat.ko	runtime-code-or-symbol-different	false	false	false	false	false	false	.data,.orc_unwind,.orc_unwind_ip,.text,__dyndbg,__jump_table,__versions
kernel/net/netfilter/nf_nat_amanda.ko	runtime-data-different-code-equivalent	false	false	true	true	true	true	__versions
kernel/net/netfilter/nf_nat_ftp.ko	runtime-code-or-symbol-different	false	false	false	false	false	false	.text,__dyndbg,__jump_table,__versions
kernel/net/netfilter/nf_nat_irc.ko	runtime-code-or-symbol-different	false	false	false	false	false	false	.text,__dyndbg,__jump_table,__versions
kernel/net/netfilter/nf_nat_sip.ko	runtime-data-different-code-equivalent	false	false	true	true	true	true	__versions
kernel/net/netfilter/nf_nat_tftp.ko	runtime-data-different-code-equivalent	false	false	true	true	true	true	__versions
kernel/net/netfilter/nf_synproxy_core.ko	runtime-data-different-code-equivalent	false	false	true	true	true	true	__versions
kernel/net/netfilter/nf_tables.ko	runtime-code-or-symbol-different	false	false	false	false	false	false	.bss,.orc_unwind,.orc_unwind_ip,.return_sites,.rodata,.rodata.str1.1,.rodata.str1.8,.smp_locks,.text,__bug_table,__jump_table,__versions
kernel/net/netfilter/nfnetlink.ko	runtime-data-different-code-equivalent	false	false	true	true	true	true	__versions
kernel/net/netfilter/nfnetlink_acct.ko	runtime-data-different-code-equivalent	false	false	true	true	true	true	__versions
kernel/net/netfilter/nfnetlink_cthelper.ko	runtime-data-different-code-equivalent	false	false	true	true	true	true	__versions
kernel/net/netfilter/nfnetlink_cttimeout.ko	runtime-data-different-code-equivalent	false	false	true	true	true	true	__versions
kernel/net/netfilter/nfnetlink_log.ko	runtime-data-different-code-equivalent	false	false	true	true	true	true	__versions
kernel/net/netfilter/nfnetlink_osf.ko	runtime-data-different-code-equivalent	false	false	true	true	true	true	__versions
kernel/net/netfilter/nfnetlink_queue.ko	runtime-data-different-code-equivalent	false	false	true	true	true	true	__versions
kernel/net/netfilter/nft_chain_nat.ko	runtime-data-different-code-equivalent	false	false	true	true	true	true	__versions
kernel/net/netfilter/nft_compat.ko	runtime-data-different-code-equivalent	false	false	true	true	true	true	__versions
kernel/net/netfilter/nft_connlimit.ko	runtime-data-different-code-equivalent	false	false	true	true	true	true	__versions
kernel/net/netfilter/nft_counter.ko	runtime-data-different-code-equivalent	false	false	true	true	true	true	__versions
kernel/net/netfilter/nft_ct.ko	runtime-data-different-code-equivalent	false	false	true	true	true	true	__versions
kernel/net/netfilter/nft_dup_netdev.ko	runtime-data-different-code-equivalent	false	false	true	true	true	true	__versions
kernel/net/netfilter/nft_fib.ko	runtime-data-different-code-equivalent	false	false	true	true	true	true	__versions
kernel/net/netfilter/nft_fib_inet.ko	runtime-data-different-code-equivalent	false	false	true	true	true	true	__versions
kernel/net/netfilter/nft_fib_netdev.ko	runtime-data-different-code-equivalent	false	false	true	true	true	true	__versions
kernel/net/netfilter/nft_flow_offload.ko	runtime-data-different-code-equivalent	false	false	true	true	true	true	__versions
kernel/net/netfilter/nft_fwd_netdev.ko	runtime-data-different-code-equivalent	false	false	true	true	true	true	__versions
kernel/net/netfilter/nft_hash.ko	runtime-data-different-code-equivalent	false	false	true	true	true	true	__versions
kernel/net/netfilter/nft_limit.ko	runtime-data-different-code-equivalent	false	false	true	true	true	true	__versions
kernel/net/netfilter/nft_log.ko	runtime-data-different-code-equivalent	false	false	true	true	true	true	__versions
kernel/net/netfilter/nft_masq.ko	runtime-data-different-code-equivalent	false	false	true	true	true	true	__versions
kernel/net/netfilter/nft_nat.ko	runtime-data-different-code-equivalent	false	false	true	true	true	true	__versions
kernel/net/netfilter/nft_numgen.ko	runtime-data-different-code-equivalent	false	false	true	true	true	true	__versions
kernel/net/netfilter/nft_objref.ko	runtime-data-different-code-equivalent	false	false	true	true	true	true	__versions
kernel/net/netfilter/nft_osf.ko	runtime-data-different-code-equivalent	false	false	true	true	true	true	__versions
kernel/net/netfilter/nft_queue.ko	runtime-data-different-code-equivalent	false	false	true	true	true	true	__versions
kernel/net/netfilter/nft_quota.ko	runtime-data-different-code-equivalent	false	false	true	true	true	true	__versions
kernel/net/netfilter/nft_redir.ko	runtime-data-different-code-equivalent	false	false	true	true	true	true	__versions
kernel/net/netfilter/nft_reject.ko	runtime-data-different-code-equivalent	false	false	true	true	true	true	__versions
kernel/net/netfilter/nft_reject_inet.ko	runtime-data-different-code-equivalent	false	false	true	true	true	true	__versions
kernel/net/netfilter/nft_socket.ko	runtime-data-different-code-equivalent	false	false	true	true	true	true	__versions
kernel/net/netfilter/nft_synproxy.ko	runtime-data-different-code-equivalent	false	false	true	true	true	true	__versions
kernel/net/netfilter/nft_tproxy.ko	runtime-data-different-code-equivalent	false	false	true	true	true	true	__versions
kernel/net/netfilter/nft_tunnel.ko	runtime-data-different-code-equivalent	false	false	true	true	true	true	__versions
kernel/net/netfilter/nft_xfrm.ko	runtime-data-different-code-equivalent	false	false	true	true	true	true	__versions
kernel/net/netfilter/x_tables.ko	runtime-code-or-symbol-different	false	false	false	false	false	false	.data..read_mostly,.text,__dyndbg,__jump_table,__versions
kernel/net/netfilter/xt_AUDIT.ko	runtime-data-different-code-equivalent	false	false	true	true	true	true	__versions
kernel/net/netfilter/xt_CHECKSUM.ko	runtime-data-different-code-equivalent	false	false	true	true	true	true	__versions
kernel/net/netfilter/xt_CLASSIFY.ko	runtime-data-different-code-equivalent	false	false	true	true	true	true	__versions
kernel/net/netfilter/xt_CONNSECMARK.ko	runtime-data-different-code-equivalent	false	false	true	true	true	true	__versions
kernel/net/netfilter/xt_CT.ko	runtime-data-different-code-equivalent	false	false	true	true	true	true	__versions
kernel/net/netfilter/xt_DSCP.ko	runtime-data-different-code-equivalent	false	false	true	true	true	true	__versions
kernel/net/netfilter/xt_HL.ko	runtime-data-different-code-equivalent	false	false	true	true	true	true	__versions
kernel/net/netfilter/xt_HMARK.ko	runtime-data-different-code-equivalent	false	false	true	true	true	true	__versions
kernel/net/netfilter/xt_IDLETIMER.ko	runtime-code-or-symbol-different	false	false	false	false	false	false	.init.text,.orc_unwind,.orc_unwind_ip,.return_sites,.text,__dyndbg,__jump_table,__versions
kernel/net/netfilter/xt_LED.ko	runtime-data-different-code-equivalent	false	false	true	true	true	true	__versions
kernel/net/netfilter/xt_LOG.ko	runtime-code-or-symbol-different	false	false	false	false	false	false	.orc_unwind,.orc_unwind_ip,.text,__dyndbg,__jump_table,__versions
kernel/net/netfilter/xt_MASQUERADE.ko	runtime-code-or-symbol-different	false	false	false	false	false	false	.text,__dyndbg,__jump_table,__versions
kernel/net/netfilter/xt_NETMAP.ko	runtime-code-or-symbol-different	false	false	false	false	false	false	.text,__dyndbg,__jump_table,__versions
kernel/net/netfilter/xt_NFLOG.ko	runtime-data-different-code-equivalent	false	false	true	true	true	true	__versions
kernel/net/netfilter/xt_NFQUEUE.ko	runtime-data-different-code-equivalent	false	false	true	true	true	true	__versions
kernel/net/netfilter/xt_RATEEST.ko	runtime-code-or-symbol-different	false	false	false	false	false	false	.data,.text,__jump_table,__versions
kernel/net/netfilter/xt_REDIRECT.ko	runtime-code-or-symbol-different	false	false	false	false	false	false	.text,__dyndbg,__jump_table,__versions
kernel/net/netfilter/xt_SECMARK.ko	runtime-data-different-code-equivalent	false	false	true	true	true	true	__versions
kernel/net/netfilter/xt_TCPMSS.ko	runtime-data-different-code-equivalent	false	false	true	true	true	true	__versions
kernel/net/netfilter/xt_TCPOPTSTRIP.ko	runtime-data-different-code-equivalent	false	false	true	true	true	true	__versions
kernel/net/netfilter/xt_TEE.ko	runtime-code-or-symbol-different	false	false	false	false	false	false	.orc_unwind,.orc_unwind_ip,.return_sites,.rodata,.rodata.str1.1,.rodata.str1.8,.smp_locks,.text,__bug_table,__versions
kernel/net/netfilter/xt_TPROXY.ko	runtime-code-or-symbol-different	false	false	false	false	false	false	.orc_unwind,.text,__dyndbg,__jump_table,__versions
kernel/net/netfilter/xt_TRACE.ko	runtime-data-different-code-equivalent	false	false	true	true	true	true	__versions
kernel/net/netfilter/xt_addrtype.ko	runtime-data-different-code-equivalent	false	false	true	true	true	true	__versions
kernel/net/netfilter/xt_bpf.ko	runtime-code-or-symbol-different	false	false	false	false	false	false	.orc_unwind,.orc_unwind_ip,.text,__jump_table,__versions
kernel/net/netfilter/xt_cgroup.ko	runtime-data-different-code-equivalent	false	false	true	true	true	true	__versions
kernel/net/netfilter/xt_cluster.ko	runtime-data-different-code-equivalent	false	false	true	true	true	true	__versions
kernel/net/netfilter/xt_comment.ko	runtime-data-different-code-equivalent	false	false	true	true	true	true	__versions
kernel/net/netfilter/xt_connbytes.ko	runtime-data-different-code-equivalent	false	false	true	true	true	true	__versions
kernel/net/netfilter/xt_connlabel.ko	runtime-data-different-code-equivalent	false	false	true	true	true	true	__versions
kernel/net/netfilter/xt_connlimit.ko	runtime-data-different-code-equivalent	false	false	true	true	true	true	__versions
kernel/net/netfilter/xt_connmark.ko	runtime-data-different-code-equivalent	false	false	true	true	true	true	__versions
kernel/net/netfilter/xt_conntrack.ko	runtime-data-different-code-equivalent	false	false	true	true	true	true	__versions
kernel/net/netfilter/xt_cpu.ko	runtime-data-different-code-equivalent	false	false	true	true	true	true	__versions
kernel/net/netfilter/xt_dccp.ko	runtime-data-different-code-equivalent	false	false	true	true	true	true	__versions
kernel/net/netfilter/xt_devgroup.ko	runtime-data-different-code-equivalent	false	false	true	true	true	true	__versions
kernel/net/netfilter/xt_dscp.ko	runtime-data-different-code-equivalent	false	false	true	true	true	true	__versions
kernel/net/netfilter/xt_ecn.ko	runtime-data-different-code-equivalent	false	false	true	true	true	true	__versions
kernel/net/netfilter/xt_esp.ko	runtime-code-or-symbol-different	false	false	false	false	false	false	.orc_unwind,.orc_unwind_ip,.return_sites,.text,__dyndbg,__jump_table,__versions
kernel/net/netfilter/xt_hashlimit.ko	runtime-data-different-code-equivalent	false	false	true	true	true	true	__versions
kernel/net/netfilter/xt_helper.ko	runtime-data-different-code-equivalent	false	false	true	true	true	true	__versions
kernel/net/netfilter/xt_hl.ko	runtime-data-different-code-equivalent	false	false	true	true	true	true	__versions
kernel/net/netfilter/xt_ipcomp.ko	runtime-code-or-symbol-different	false	false	false	false	false	false	.text,__dyndbg,__jump_table,__versions
kernel/net/netfilter/xt_iprange.ko	runtime-code-or-symbol-different	false	false	false	false	false	false	.orc_unwind,.orc_unwind_ip,.return_sites,.text,__dyndbg,__jump_table,__versions
kernel/net/netfilter/xt_ipvs.ko	runtime-code-or-symbol-different	false	false	false	false	false	false	.text,__dyndbg,__jump_table,__versions
kernel/net/netfilter/xt_l2tp.ko	runtime-data-different-code-equivalent	false	false	true	true	true	true	__versions
kernel/net/netfilter/xt_length.ko	runtime-data-different-code-equivalent	false	false	true	true	true	true	__versions
kernel/net/netfilter/xt_limit.ko	runtime-data-different-code-equivalent	false	false	true	true	true	true	__versions
kernel/net/netfilter/xt_mac.ko	runtime-data-different-code-equivalent	false	false	true	true	true	true	__versions
kernel/net/netfilter/xt_mark.ko	runtime-data-different-code-equivalent	false	false	true	true	true	true	__versions
kernel/net/netfilter/xt_multiport.ko	runtime-code-or-symbol-different	false	false	false	false	false	false	.text,__dyndbg,__jump_table,__versions
kernel/net/netfilter/xt_nat.ko	runtime-data-different-code-equivalent	false	false	true	true	true	true	__versions
kernel/net/netfilter/xt_nfacct.ko	runtime-data-different-code-equivalent	false	false	true	true	true	true	__versions
kernel/net/netfilter/xt_osf.ko	runtime-data-different-code-equivalent	false	false	true	true	true	true	__versions
kernel/net/netfilter/xt_owner.ko	runtime-data-different-code-equivalent	false	false	true	true	true	true	__versions
kernel/net/netfilter/xt_physdev.ko	runtime-data-different-code-equivalent	false	false	true	true	true	true	__versions
kernel/net/netfilter/xt_pkttype.ko	runtime-data-different-code-equivalent	false	false	true	true	true	true	__versions
kernel/net/netfilter/xt_policy.ko	runtime-data-different-code-equivalent	false	false	true	true	true	true	__versions
kernel/net/netfilter/xt_quota.ko	runtime-data-different-code-equivalent	false	false	true	true	true	true	__versions
kernel/net/netfilter/xt_rateest.ko	runtime-data-different-code-equivalent	false	false	true	true	true	true	__versions
kernel/net/netfilter/xt_realm.ko	runtime-data-different-code-equivalent	false	false	true	true	true	true	__versions
kernel/net/netfilter/xt_recent.ko	runtime-code-or-symbol-different	false	false	false	false	false	false	.data,.text,.text.unlikely,__jump_table,__versions
kernel/net/netfilter/xt_sctp.ko	runtime-code-or-symbol-different	false	false	false	false	false	false	.orc_unwind,.text,__dyndbg,__jump_table,__versions
kernel/net/netfilter/xt_set.ko	runtime-data-different-code-equivalent	false	false	true	true	true	true	__versions
kernel/net/netfilter/xt_socket.ko	runtime-data-different-code-equivalent	false	false	true	true	true	true	__versions
kernel/net/netfilter/xt_state.ko	runtime-data-different-code-equivalent	false	false	true	true	true	true	__versions
kernel/net/netfilter/xt_statistic.ko	runtime-data-different-code-equivalent	false	false	true	true	true	true	__versions
kernel/net/netfilter/xt_string.ko	runtime-data-different-code-equivalent	false	false	true	true	true	true	__versions
kernel/net/netfilter/xt_tcpmss.ko	runtime-data-different-code-equivalent	false	false	true	true	true	true	__versions
kernel/net/netfilter/xt_tcpudp.ko	runtime-code-or-symbol-different	false	false	false	false	false	false	.text,__dyndbg,__jump_table,__versions
kernel/net/netfilter/xt_time.ko	runtime-data-different-code-equivalent	false	false	true	true	true	true	__versions
kernel/net/netfilter/xt_u32.ko	runtime-data-different-code-equivalent	false	false	true	true	true	true	__versions
kernel/net/netlink/netlink_diag.ko	runtime-data-different-code-equivalent	false	false	true	true	true	true	__versions
kernel/net/netrom/netrom.ko	runtime-data-different-code-equivalent	false	false	true	true	true	true	__versions
kernel/net/nfc/hci/hci.ko	runtime-code-or-symbol-different	false	false	false	false	false	false	.orc_unwind,.orc_unwind_ip,.return_sites,.rodata.str1.1,.text,__dyndbg,__jump_table,__mcount_loc,__versions
kernel/net/nfc/nfc.ko	runtime-code-or-symbol-different	false	false	false	false	false	false	.orc_unwind,.orc_unwind_ip,.return_sites,.text,.text.unlikely,__dyndbg,__jump_table,__versions
kernel/net/nfc/nfc_digital.ko	runtime-code-or-symbol-different	false	false	false	false	false	false	.orc_unwind,.text,.text.unlikely,__dyndbg,__jump_table,__versions
kernel/net/nsh/nsh.ko	runtime-data-different-code-equivalent	false	false	true	true	true	true	__versions
kernel/net/openvswitch/openvswitch.ko	runtime-code-or-symbol-different	false	false	false	false	false	false	.bss,.orc_unwind,.orc_unwind_ip,.return_sites,.rodata,.rodata.str1.1,.rodata.str1.8,.text,.text.unlikely,__bug_table,__dyndbg,__jump_table,__versions
kernel/net/openvswitch/vport-geneve.ko	runtime-data-different-code-equivalent	false	false	true	true	true	true	__versions
kernel/net/openvswitch/vport-gre.ko	runtime-data-different-code-equivalent	false	false	true	true	true	true	__versions
kernel/net/openvswitch/vport-vxlan.ko	runtime-data-different-code-equivalent	false	false	true	true	true	true	__versions
kernel/net/packet/af_packet_diag.ko	runtime-data-different-code-equivalent	false	false	true	true	true	true	__versions
kernel/net/phonet/phonet.ko	runtime-code-or-symbol-different	false	false	false	false	false	false	.text,__dyndbg,__jump_table,__versions
kernel/net/phonet/pn_pep.ko	runtime-code-or-symbol-different	false	false	false	false	false	false	.orc_unwind,.orc_unwind_ip,.return_sites,.text,__dyndbg,__jump_table,__versions
kernel/net/psample/psample.ko	runtime-data-different-code-equivalent	false	false	true	true	true	true	__versions
kernel/net/qrtr/qrtr-mhi.ko	runtime-code-or-symbol-different	false	false	false	false	false	false	.orc_unwind,.orc_unwind_ip,.return_sites,.text,__dyndbg,__jump_table,__versions
kernel/net/qrtr/qrtr.ko	runtime-code-or-symbol-different	false	false	false	false	false	false	.orc_unwind,.orc_unwind_ip,.text,.text.unlikely,__jump_table,__tracepoints,__versions
kernel/net/rds/rds.ko	runtime-code-or-symbol-different	false	false	false	false	false	false	.data,.orc_unwind,.rodata.str1.1,.text,__dyndbg,__jump_table,__versions
kernel/net/rds/rds_rdma.ko	runtime-code-or-symbol-different	false	false	false	false	false	false	.text,__jump_table,__versions
kernel/net/rds/rds_tcp.ko	runtime-data-different-code-equivalent	false	false	true	true	true	true	__versions
kernel/net/rfkill/rfkill.ko	runtime-data-different-code-equivalent	false	false	true	true	true	true	__versions
kernel/net/rose/rose.ko	runtime-data-different-code-equivalent	false	false	true	true	true	true	__versions
kernel/net/rxrpc/rxrpc.ko	runtime-code-or-symbol-different	false	false	false	false	false	false	.orc_unwind,.orc_unwind_ip,.return_sites,.static_call_sites,.text,.text.unlikely,__bug_table,__jump_table,__tracepoints,__versions
kernel/net/sched/act_bpf.ko	runtime-code-or-symbol-different	false	false	false	false	false	false	.orc_unwind,.orc_unwind_ip,.text,__jump_table,__versions
kernel/net/sched/act_connmark.ko	runtime-data-different-code-equivalent	false	false	true	true	true	true	__versions
kernel/net/sched/act_csum.ko	runtime-data-different-code-equivalent	false	false	true	true	true	true	__versions
kernel/net/sched/act_ct.ko	runtime-data-different-code-equivalent	false	false	true	true	true	true	__versions
kernel/net/sched/act_ctinfo.ko	runtime-data-different-code-equivalent	false	false	true	true	true	true	__versions
kernel/net/sched/act_gact.ko	runtime-data-different-code-equivalent	false	false	true	true	true	true	__versions
kernel/net/sched/act_gate.ko	runtime-data-different-code-equivalent	false	false	true	true	true	true	__versions
kernel/net/sched/act_ife.ko	runtime-data-different-code-equivalent	false	false	true	true	true	true	__versions
kernel/net/sched/act_ipt.ko	runtime-data-different-code-equivalent	false	false	true	true	true	true	__versions
kernel/net/sched/act_meta_mark.ko	runtime-data-different-code-equivalent	false	false	true	true	true	true	__versions
kernel/net/sched/act_meta_skbprio.ko	runtime-data-different-code-equivalent	false	false	true	true	true	true	__versions
kernel/net/sched/act_meta_skbtcindex.ko	runtime-data-different-code-equivalent	false	false	true	true	true	true	__versions
kernel/net/sched/act_mirred.ko	runtime-data-different-code-equivalent	false	false	true	true	true	true	__versions
kernel/net/sched/act_mpls.ko	runtime-data-different-code-equivalent	false	false	true	true	true	true	__versions
kernel/net/sched/act_nat.ko	runtime-data-different-code-equivalent	false	false	true	true	true	true	__versions
kernel/net/sched/act_pedit.ko	runtime-data-different-code-equivalent	false	false	true	true	true	true	__versions
kernel/net/sched/act_police.ko	runtime-data-different-code-equivalent	false	false	true	true	true	true	__versions
kernel/net/sched/act_sample.ko	runtime-data-different-code-equivalent	false	false	true	true	true	true	__versions
kernel/net/sched/act_simple.ko	runtime-data-different-code-equivalent	false	false	true	true	true	true	__versions
kernel/net/sched/act_skbedit.ko	runtime-data-different-code-equivalent	false	false	true	true	true	true	__versions
kernel/net/sched/act_skbmod.ko	runtime-data-different-code-equivalent	false	false	true	true	true	true	__versions
kernel/net/sched/act_tunnel_key.ko	runtime-data-different-code-equivalent	false	false	true	true	true	true	__versions
kernel/net/sched/act_vlan.ko	runtime-data-different-code-equivalent	false	false	true	true	true	true	__versions
kernel/net/sched/cls_basic.ko	runtime-data-different-code-equivalent	false	false	true	true	true	true	__versions
kernel/net/sched/cls_bpf.ko	runtime-code-or-symbol-different	false	false	false	false	false	false	.text,__jump_table,__versions
kernel/net/sched/cls_cgroup.ko	runtime-data-different-code-equivalent	false	false	true	true	true	true	__versions
kernel/net/sched/cls_flow.ko	runtime-data-different-code-equivalent	false	false	true	true	true	true	__versions
kernel/net/sched/cls_flower.ko	runtime-data-different-code-equivalent	false	false	true	true	true	true	__versions
kernel/net/sched/cls_fw.ko	runtime-data-different-code-equivalent	false	false	true	true	true	true	__versions
kernel/net/sched/cls_matchall.ko	runtime-data-different-code-equivalent	false	false	true	true	true	true	__versions
kernel/net/sched/cls_route.ko	runtime-data-different-code-equivalent	false	false	true	true	true	true	__versions
kernel/net/sched/cls_rsvp.ko	runtime-data-different-code-equivalent	false	false	true	true	true	true	__versions
kernel/net/sched/cls_rsvp6.ko	runtime-data-different-code-equivalent	false	false	true	true	true	true	__versions
kernel/net/sched/cls_u32.ko	runtime-data-different-code-equivalent	false	false	true	true	true	true	__versions
kernel/net/sched/em_canid.ko	runtime-data-different-code-equivalent	false	false	true	true	true	true	__versions
kernel/net/sched/em_cmp.ko	runtime-data-different-code-equivalent	false	false	true	true	true	true	__versions
kernel/net/sched/em_ipset.ko	runtime-data-different-code-equivalent	false	false	true	true	true	true	__versions
kernel/net/sched/em_ipt.ko	runtime-data-different-code-equivalent	false	false	true	true	true	true	__versions
kernel/net/sched/em_meta.ko	runtime-data-different-code-equivalent	false	false	true	true	true	true	__versions
kernel/net/sched/em_nbyte.ko	runtime-data-different-code-equivalent	false	false	true	true	true	true	__versions
kernel/net/sched/em_text.ko	runtime-data-different-code-equivalent	false	false	true	true	true	true	__versions
kernel/net/sched/em_u32.ko	runtime-data-different-code-equivalent	false	false	true	true	true	true	__versions
kernel/net/sched/sch_atm.ko	runtime-code-or-symbol-different	false	false	false	false	false	false	.orc_unwind,.orc_unwind_ip,.text,__dyndbg,__jump_table,__versions
kernel/net/sched/sch_cake.ko	runtime-data-different-code-equivalent	false	false	true	true	true	true	__versions
kernel/net/sched/sch_cbq.ko	runtime-data-different-code-equivalent	false	false	true	true	true	true	__versions
kernel/net/sched/sch_cbs.ko	runtime-code-or-symbol-different	false	false	false	false	false	false	.text,__dyndbg,__jump_table,__versions
kernel/net/sched/sch_choke.ko	runtime-data-different-code-equivalent	false	false	true	true	true	true	__versions
kernel/net/sched/sch_codel.ko	runtime-data-different-code-equivalent	false	false	true	true	true	true	__versions
kernel/net/sched/sch_drr.ko	runtime-data-different-code-equivalent	false	false	true	true	true	true	__versions
kernel/net/sched/sch_dsmark.ko	runtime-code-or-symbol-different	false	false	false	false	false	false	.orc_unwind,.orc_unwind_ip,.rodata.str1.1,.rodata.str1.8,.text,__dyndbg,__jump_table,__versions
kernel/net/sched/sch_etf.ko	runtime-code-or-symbol-different	false	false	false	false	false	false	.text,__dyndbg,__jump_table,__versions
kernel/net/sched/sch_ets.ko	runtime-data-different-code-equivalent	false	false	true	true	true	true	__versions
kernel/net/sched/sch_fq.ko	runtime-data-different-code-equivalent	false	false	true	true	true	true	__versions
kernel/net/sched/sch_fq_codel.ko	runtime-data-different-code-equivalent	false	false	true	true	true	true	__versions
kernel/net/sched/sch_fq_pie.ko	runtime-data-different-code-equivalent	false	false	true	true	true	true	__versions
kernel/net/sched/sch_gred.ko	runtime-data-different-code-equivalent	false	false	true	true	true	true	__versions
kernel/net/sched/sch_hfsc.ko	runtime-data-different-code-equivalent	false	false	true	true	true	true	__versions
kernel/net/sched/sch_hhf.ko	runtime-data-different-code-equivalent	false	false	true	true	true	true	__versions
kernel/net/sched/sch_htb.ko	runtime-data-different-code-equivalent	false	false	true	true	true	true	__versions
kernel/net/sched/sch_ingress.ko	runtime-data-different-code-equivalent	false	false	true	true	true	true	__versions
kernel/net/sched/sch_mqprio.ko	runtime-data-different-code-equivalent	false	false	true	true	true	true	__versions
kernel/net/sched/sch_multiq.ko	runtime-data-different-code-equivalent	false	false	true	true	true	true	__versions
kernel/net/sched/sch_netem.ko	runtime-data-different-code-equivalent	false	false	true	true	true	true	__versions
kernel/net/sched/sch_pie.ko	runtime-data-different-code-equivalent	false	false	true	true	true	true	__versions
kernel/net/sched/sch_plug.ko	runtime-data-different-code-equivalent	false	false	true	true	true	true	__versions
kernel/net/sched/sch_prio.ko	runtime-data-different-code-equivalent	false	false	true	true	true	true	__versions
kernel/net/sched/sch_qfq.ko	runtime-code-or-symbol-different	false	false	false	false	false	false	.orc_unwind,.orc_unwind_ip,.text,__dyndbg,__jump_table,__versions
kernel/net/sched/sch_red.ko	runtime-data-different-code-equivalent	false	false	true	true	true	true	__versions
kernel/net/sched/sch_sfb.ko	runtime-data-different-code-equivalent	false	false	true	true	true	true	__versions
kernel/net/sched/sch_sfq.ko	runtime-data-different-code-equivalent	false	false	true	true	true	true	__versions
kernel/net/sched/sch_skbprio.ko	runtime-data-different-code-equivalent	false	false	true	true	true	true	__versions
kernel/net/sched/sch_taprio.ko	runtime-code-or-symbol-different	false	false	false	false	false	false	.text,__dyndbg,__jump_table,__versions
kernel/net/sched/sch_tbf.ko	runtime-data-different-code-equivalent	false	false	true	true	true	true	__versions
kernel/net/sched/sch_teql.ko	runtime-data-different-code-equivalent	false	false	true	true	true	true	__versions
kernel/net/sctp/sctp.ko	runtime-code-or-symbol-different	false	false	false	false	false	false	.orc_unwind,.orc_unwind_ip,.return_sites,.rodata.str1.8,.text,.text.unlikely,__bug_table,__dyndbg,__jump_table,__tracepoints,__versions
kernel/net/sctp/sctp_diag.ko	runtime-data-different-code-equivalent	false	false	true	true	true	true	__versions
kernel/net/smc/smc.ko	runtime-code-or-symbol-different	false	false	false	false	false	false	.exit.text,.init.text,.orc_unwind,.orc_unwind_ip,.rodata,.rodata.str1.1,.rodata.str1.8,.text,__bug_table,__jump_table,__versions
kernel/net/smc/smc_diag.ko	runtime-data-different-code-equivalent	false	false	true	true	true	true	__versions
kernel/net/sunrpc/auth_gss/auth_rpcgss.ko	runtime-code-or-symbol-different	false	false	false	false	false	false	.orc_unwind,.orc_unwind_ip,.text,.text.unlikely,__jump_table,__tracepoints,__versions
kernel/net/sunrpc/auth_gss/rpcsec_gss_krb5.ko	runtime-data-different-code-equivalent	false	false	true	true	true	true	__versions
kernel/net/sunrpc/sunrpc.ko	runtime-code-or-symbol-different	false	false	false	false	false	false	.orc_unwind,.orc_unwind_ip,.retpoline_sites,.return_sites,.rodata.str1.1,.rodata.str1.8,.static_call_sites,.text,.text.unlikely,__bug_table,__jump_table,__mcount_loc,__tracepoints,__versions
kernel/net/sunrpc/xprtrdma/rpcrdma.ko	runtime-code-or-symbol-different	false	false	false	false	false	false	.orc_unwind,.orc_unwind_ip,.return_sites,.smp_locks,.text,.text.unlikely,__jump_table,__tracepoints,__versions
kernel/net/tipc/diag.ko	runtime-data-different-code-equivalent	false	false	true	true	true	true	__versions
kernel/net/tipc/tipc.ko	runtime-code-or-symbol-different	false	false	false	false	false	false	.orc_unwind,.orc_unwind_ip,.return_sites,.rodata.str1.8,.text,.text.unlikely,__bug_table,__dyndbg,__jump_table,__mcount_loc,__tracepoints,__versions
kernel/net/unix/unix_diag.ko	runtime-data-different-code-equivalent	false	false	true	true	true	true	__versions
kernel/net/vmw_vsock/hv_sock.ko	runtime-data-different-code-equivalent	false	false	true	true	true	true	__versions
kernel/net/vmw_vsock/vmw_vsock_virtio_transport.ko	runtime-data-different-code-equivalent	false	false	true	true	true	true	__versions
kernel/net/vmw_vsock/vmw_vsock_virtio_transport_common.ko	runtime-code-or-symbol-different	false	false	false	false	false	false	.text,__jump_table,__tracepoints,__versions
kernel/net/vmw_vsock/vmw_vsock_vmci_transport.ko	runtime-data-different-code-equivalent	false	false	true	true	true	true	__versions
kernel/net/vmw_vsock/vsock.ko	runtime-data-different-code-equivalent	false	false	true	true	true	true	__versions
kernel/net/vmw_vsock/vsock_diag.ko	runtime-data-different-code-equivalent	false	false	true	true	true	true	__versions
kernel/net/vmw_vsock/vsock_loopback.ko	runtime-data-different-code-equivalent	false	false	true	true	true	true	__versions
kernel/net/wimax/wimax.ko	runtime-data-different-code-equivalent	false	false	true	true	true	true	__versions
kernel/net/wireless/cfg80211.ko	runtime-code-or-symbol-different	false	false	false	false	false	false	.orc_unwind,.orc_unwind_ip,.retpoline_sites,.return_sites,.text,.text.unlikely,__bug_table,__dyndbg,__jump_table,__tracepoints,__versions
kernel/net/wireless/lib80211.ko	runtime-data-different-code-equivalent	false	false	true	true	true	true	__versions
kernel/net/wireless/lib80211_crypt_ccmp.ko	runtime-code-or-symbol-different	false	false	false	false	false	false	.orc_unwind,.orc_unwind_ip,.text,__dyndbg,__jump_table,__versions
kernel/net/wireless/lib80211_crypt_tkip.ko	runtime-code-or-symbol-different	false	false	false	false	false	false	.orc_unwind,.orc_unwind_ip,.return_sites,.text,__dyndbg,__jump_table,__versions
kernel/net/wireless/lib80211_crypt_wep.ko	runtime-code-or-symbol-different	false	false	false	true	true	false	.orc_unwind,.orc_unwind_ip,.text,__versions
kernel/net/xfrm/xfrm_algo.ko	runtime-data-different-code-equivalent	false	false	true	true	true	true	__versions
kernel/net/xfrm/xfrm_interface.ko	runtime-data-different-code-equivalent	false	false	true	true	true	true	__versions
kernel/net/xfrm/xfrm_ipcomp.ko	runtime-data-different-code-equivalent	false	false	true	true	true	true	__versions
kernel/net/xfrm/xfrm_user.ko	runtime-data-different-code-equivalent	false	false	true	true	true	true	__versions
kernel/sound/ac97_bus.ko	runtime-data-different-code-equivalent	false	false	true	true	true	true	__versions
kernel/sound/core/oss/snd-mixer-oss.ko	runtime-data-different-code-equivalent	false	false	true	true	true	true	__versions
kernel/sound/core/oss/snd-pcm-oss.ko	runtime-code-or-symbol-different	false	false	false	false	false	false	.orc_unwind,.orc_unwind_ip,.return_sites,.text,__dyndbg,__jump_table,__versions
kernel/sound/core/seq/snd-seq-dummy.ko	runtime-data-different-code-equivalent	false	false	true	true	true	true	__versions
kernel/sound/core/seq/snd-seq-midi-emul.ko	runtime-code-or-symbol-different	false	false	false	false	false	false	.text,__dyndbg,__jump_table,__versions
kernel/sound/core/seq/snd-seq-midi-event.ko	runtime-data-different-code-equivalent	false	false	true	true	true	true	__versions
kernel/sound/core/seq/snd-seq-midi.ko	runtime-code-or-symbol-different	false	false	false	false	false	false	.text,__dyndbg,__jump_table,__versions
kernel/sound/core/seq/snd-seq-virmidi.ko	runtime-data-different-code-equivalent	false	false	true	true	true	true	__versions
kernel/sound/core/seq/snd-seq.ko	runtime-code-or-symbol-different	false	false	false	false	false	false	.orc_unwind,.orc_unwind_ip,.return_sites,.rodata.str1.8,.text,__dyndbg,__jump_table,__mcount_loc,__versions
kernel/sound/core/snd-compress.ko	runtime-code-or-symbol-different	false	false	false	false	false	false	.orc_unwind,.return_sites,.text,__dyndbg,__jump_table,__versions
kernel/sound/core/snd-hrtimer.ko	runtime-data-different-code-equivalent	false	false	true	true	true	true	__versions
kernel/sound/core/snd-hwdep.ko	runtime-data-different-code-equivalent	false	false	true	true	true	true	__versions
kernel/sound/core/snd-pcm.ko	runtime-code-or-symbol-different	false	false	false	false	false	false	.orc_unwind,.orc_unwind_ip,.text,__dyndbg,__jump_table,__versions
kernel/sound/core/snd-rawmidi.ko	runtime-code-or-symbol-different	false	false	false	false	false	false	.orc_unwind,.orc_unwind_ip,.return_sites,.text,__dyndbg,__jump_table,__versions
kernel/sound/core/snd-seq-device.ko	runtime-data-different-code-equivalent	false	false	true	true	true	true	__versions
kernel/sound/core/snd-timer.ko	runtime-code-or-symbol-different	false	false	false	false	false	false	.text,__dyndbg,__jump_table,__versions
kernel/sound/core/snd.ko	runtime-code-or-symbol-different	false	false	false	false	false	false	.orc_unwind,.orc_unwind_ip,.return_sites,.text,__dyndbg,__jump_table,__versions
kernel/sound/drivers/mpu401/snd-mpu401-uart.ko	runtime-data-different-code-equivalent	false	false	true	true	true	true	__versions
kernel/sound/drivers/mpu401/snd-mpu401.ko	runtime-data-different-code-equivalent	false	false	true	true	true	true	__versions
kernel/sound/drivers/opl3/snd-opl3-lib.ko	runtime-data-different-code-equivalent	false	false	true	true	true	true	__versions
kernel/sound/drivers/opl3/snd-opl3-synth.ko	runtime-data-different-code-equivalent	false	false	true	true	true	true	__versions
kernel/sound/drivers/pcsp/snd-pcsp.ko	runtime-data-different-code-equivalent	false	false	true	true	true	true	__versions
kernel/sound/drivers/snd-aloop.ko	runtime-data-different-code-equivalent	false	false	true	true	true	true	__versions
kernel/sound/drivers/snd-dummy.ko	runtime-data-different-code-equivalent	false	false	true	true	true	true	__versions
kernel/sound/drivers/snd-mtpav.ko	runtime-data-different-code-equivalent	false	false	true	true	true	true	__versions
kernel/sound/drivers/snd-mts64.ko	runtime-data-different-code-equivalent	false	false	true	true	true	true	__versions
kernel/sound/drivers/snd-portman2x4.ko	runtime-data-different-code-equivalent	false	false	true	true	true	true	__versions
kernel/sound/drivers/snd-serial-u16550.ko	runtime-data-different-code-equivalent	false	false	true	true	true	true	__versions
kernel/sound/drivers/snd-virmidi.ko	runtime-data-different-code-equivalent	false	false	true	true	true	true	__versions
kernel/sound/drivers/vx/snd-vx-lib.ko	runtime-code-or-symbol-different	false	false	false	false	false	false	.text,__dyndbg,__jump_table,__versions
kernel/sound/firewire/bebob/snd-bebob.ko	runtime-data-different-code-equivalent	false	false	true	true	true	true	__versions
kernel/sound/firewire/dice/snd-dice.ko	runtime-data-different-code-equivalent	false	false	true	true	true	true	__versions
kernel/sound/firewire/digi00x/snd-firewire-digi00x.ko	runtime-data-different-code-equivalent	false	false	true	true	true	true	__versions
kernel/sound/firewire/fireface/snd-fireface.ko	runtime-data-different-code-equivalent	false	false	true	true	true	true	__versions
kernel/sound/firewire/fireworks/snd-fireworks.ko	runtime-data-different-code-equivalent	false	false	true	true	true	true	__versions
kernel/sound/firewire/motu/snd-firewire-motu.ko	runtime-code-or-symbol-different	false	false	false	false	false	false	.text,__jump_table,__tracepoints,__versions
kernel/sound/firewire/oxfw/snd-oxfw.ko	runtime-data-different-code-equivalent	false	false	true	true	true	true	__versions
kernel/sound/firewire/snd-firewire-lib.ko	runtime-code-or-symbol-different	false	false	false	false	false	false	.orc_unwind,.text,.text.unlikely,__jump_table,__tracepoints,__versions
kernel/sound/firewire/snd-isight.ko	runtime-data-different-code-equivalent	false	false	true	true	true	true	__versions
kernel/sound/firewire/tascam/snd-firewire-tascam.ko	runtime-data-different-code-equivalent	false	false	true	true	true	true	__versions
kernel/sound/hda/ext/snd-hda-ext-core.ko	runtime-code-or-symbol-different	false	false	false	false	false	false	.text,__dyndbg,__jump_table,__versions
kernel/sound/hda/snd-hda-core.ko	runtime-code-or-symbol-different	false	false	false	false	false	false	.orc_unwind,.orc_unwind_ip,.return_sites,.text,__dyndbg,__jump_table,__tracepoints,__versions
kernel/sound/hda/snd-intel-dspcfg.ko	runtime-code-or-symbol-different	false	false	false	false	false	false	.orc_unwind,.orc_unwind_ip,.return_sites,.text,.text.unlikely,__dyndbg,__jump_table,__versions
kernel/sound/i2c/other/snd-ak4113.ko	runtime-data-different-code-equivalent	false	false	true	true	true	true	__versions
kernel/sound/i2c/other/snd-ak4114.ko	runtime-data-different-code-equivalent	false	false	true	true	true	true	__versions
kernel/sound/i2c/other/snd-ak4117.ko	runtime-data-different-code-equivalent	false	false	true	true	true	true	__versions
kernel/sound/i2c/other/snd-ak4xxx-adda.ko	runtime-data-different-code-equivalent	false	false	true	true	true	true	__versions
kernel/sound/i2c/other/snd-pt2258.ko	runtime-data-different-code-equivalent	false	false	true	true	true	true	__versions
kernel/sound/i2c/snd-cs8427.ko	runtime-data-different-code-equivalent	false	false	true	true	true	true	__versions
kernel/sound/i2c/snd-i2c.ko	runtime-data-different-code-equivalent	false	false	true	true	true	true	__versions
kernel/sound/isa/sb/snd-sb-common.ko	runtime-data-different-code-equivalent	false	false	true	true	true	true	__versions
kernel/sound/pci/ac97/snd-ac97-codec.ko	runtime-code-or-symbol-different	false	false	false	false	false	false	.orc_unwind,.text,.text.unlikely,__dyndbg,__jump_table,__versions
kernel/sound/pci/ali5451/snd-ali5451.ko	runtime-code-or-symbol-different	false	false	false	false	false	false	.orc_unwind,.orc_unwind_ip,.return_sites,.rodata.str1.1,.text,.text.unlikely,__dyndbg,__jump_table,__mcount_loc,__versions
kernel/sound/pci/asihpi/snd-asihpi.ko	runtime-data-different-code-equivalent	false	false	true	true	true	true	__versions
kernel/sound/pci/au88x0/snd-au8810.ko	runtime-data-different-code-equivalent	false	false	true	true	true	true	__versions
kernel/sound/pci/au88x0/snd-au8820.ko	runtime-code-or-symbol-different	false	false	false	false	false	false	.orc_unwind,.orc_unwind_ip,.text,__dyndbg,__jump_table,__versions
kernel/sound/pci/au88x0/snd-au8830.ko	runtime-code-or-symbol-different	false	false	false	false	false	false	.orc_unwind,.orc_unwind_ip,.text,__dyndbg,__jump_table,__versions
kernel/sound/pci/ca0106/snd-ca0106.ko	runtime-code-or-symbol-different	false	false	false	false	false	false	.orc_unwind,.orc_unwind_ip,.text,__dyndbg,__jump_table,__versions
kernel/sound/pci/cs46xx/snd-cs46xx.ko	runtime-code-or-symbol-different	false	false	false	false	false	false	.orc_unwind,.orc_unwind_ip,.rodata.str1.1,.text,.text.unlikely,__dyndbg,__jump_table,__versions
kernel/sound/pci/ctxfi/snd-ctxfi.ko	runtime-code-or-symbol-different	false	false	false	false	false	false	.orc_unwind,.orc_unwind_ip,.text,__dyndbg,__jump_table,__versions
kernel/sound/pci/echoaudio/snd-darla20.ko	runtime-code-or-symbol-different	false	false	false	false	false	false	.orc_unwind,.orc_unwind_ip,.return_sites,.text,.text.unlikely,__dyndbg,__jump_table,__versions
kernel/sound/pci/echoaudio/snd-darla24.ko	runtime-code-or-symbol-different	false	false	false	false	false	false	.orc_unwind,.orc_unwind_ip,.return_sites,.text,.text.unlikely,__dyndbg,__jump_table,__versions
kernel/sound/pci/echoaudio/snd-echo3g.ko	runtime-code-or-symbol-different	false	false	false	false	false	false	.orc_unwind,.orc_unwind_ip,.parainstructions,.return_sites,.rodata.str1.1,.rodata.str1.8,.text,.text.unlikely,__dyndbg,__jump_table,__mcount_loc,__versions
kernel/sound/pci/echoaudio/snd-gina20.ko	runtime-code-or-symbol-different	false	false	false	false	false	false	.orc_unwind,.orc_unwind_ip,.return_sites,.text,.text.unlikely,__dyndbg,__jump_table,__versions
kernel/sound/pci/echoaudio/snd-gina24.ko	runtime-code-or-symbol-different	false	false	false	false	false	false	.orc_unwind,.orc_unwind_ip,.return_sites,.rodata.str1.1,.rodata.str1.8,.text,.text.unlikely,__dyndbg,__jump_table,__mcount_loc,__versions
kernel/sound/pci/echoaudio/snd-indigo.ko	runtime-code-or-symbol-different	false	false	false	false	false	false	.orc_unwind,.orc_unwind_ip,.return_sites,.text,.text.unlikely,__dyndbg,__jump_table,__versions
kernel/sound/pci/echoaudio/snd-indigodj.ko	runtime-code-or-symbol-different	false	false	false	false	false	false	.orc_unwind,.orc_unwind_ip,.return_sites,.text,.text.unlikely,__dyndbg,__jump_table,__versions
kernel/sound/pci/echoaudio/snd-indigodjx.ko	runtime-code-or-symbol-different	false	false	false	false	false	false	.orc_unwind,.orc_unwind_ip,.return_sites,.text,.text.unlikely,__dyndbg,__jump_table,__versions
kernel/sound/pci/echoaudio/snd-indigoio.ko	runtime-code-or-symbol-different	false	false	false	false	false	false	.orc_unwind,.orc_unwind_ip,.return_sites,.text,.text.unlikely,__dyndbg,__jump_table,__versions
kernel/sound/pci/echoaudio/snd-indigoiox.ko	runtime-code-or-symbol-different	false	false	false	false	false	false	.orc_unwind,.orc_unwind_ip,.return_sites,.text,.text.unlikely,__dyndbg,__jump_table,__versions
kernel/sound/pci/echoaudio/snd-layla20.ko	runtime-code-or-symbol-different	false	false	false	false	false	false	.orc_unwind,.orc_unwind_ip,.return_sites,.text,.text.unlikely,__dyndbg,__jump_table,__versions
kernel/sound/pci/echoaudio/snd-layla24.ko	runtime-code-or-symbol-different	false	false	false	false	false	false	.orc_unwind,.orc_unwind_ip,.return_sites,.rodata.str1.1,.rodata.str1.8,.text,.text.unlikely,__dyndbg,__jump_table,__mcount_loc,__versions
kernel/sound/pci/echoaudio/snd-mia.ko	runtime-code-or-symbol-different	false	false	false	false	false	false	.orc_unwind,.orc_unwind_ip,.return_sites,.text,.text.unlikely,__dyndbg,__jump_table,__versions
kernel/sound/pci/echoaudio/snd-mona.ko	runtime-code-or-symbol-different	false	false	false	false	false	false	.orc_unwind,.return_sites,.rodata.str1.1,.rodata.str1.8,.text,.text.unlikely,__dyndbg,__jump_table,__versions
kernel/sound/pci/emu10k1/snd-emu10k1-synth.ko	runtime-code-or-symbol-different	false	false	false	false	false	false	.text,__dyndbg,__jump_table,__versions
kernel/sound/pci/emu10k1/snd-emu10k1.ko	runtime-code-or-symbol-different	false	false	false	false	false	false	.orc_unwind,.orc_unwind_ip,.text,.text.unlikely,__dyndbg,__jump_table,__versions
kernel/sound/pci/emu10k1/snd-emu10k1x.ko	runtime-data-different-code-equivalent	false	false	true	true	true	true	__versions
kernel/sound/pci/hda/snd-hda-codec-analog.ko	runtime-data-different-code-equivalent	false	false	true	true	true	true	__versions
kernel/sound/pci/hda/snd-hda-codec-ca0110.ko	runtime-data-different-code-equivalent	false	false	true	true	true	true	__versions
kernel/sound/pci/hda/snd-hda-codec-ca0132.ko	runtime-code-or-symbol-different	false	false	false	false	false	false	.orc_unwind,.orc_unwind_ip,.return_sites,.rodata.str1.1,.rodata.str1.8,.text,__dyndbg,__jump_table,__mcount_loc,__versions
kernel/sound/pci/hda/snd-hda-codec-cirrus.ko	runtime-data-different-code-equivalent	false	false	true	true	true	true	__versions
kernel/sound/pci/hda/snd-hda-codec-cmedia.ko	runtime-data-different-code-equivalent	false	false	true	true	true	true	__versions
kernel/sound/pci/hda/snd-hda-codec-conexant.ko	runtime-code-or-symbol-different	false	false	false	false	false	false	.orc_unwind,.orc_unwind_ip,.text,__dyndbg,__jump_table,__versions
kernel/sound/pci/hda/snd-hda-codec-generic.ko	runtime-code-or-symbol-different	false	false	false	false	false	false	.orc_unwind,.text,__dyndbg,__jump_table,__versions
kernel/sound/pci/hda/snd-hda-codec-hdmi.ko	runtime-code-or-symbol-different	false	false	false	false	false	false	.orc_unwind,.orc_unwind_ip,.return_sites,.rodata.str1.8,.text,.text.unlikely,__dyndbg,__jump_table,__versions
kernel/sound/pci/hda/snd-hda-codec-idt.ko	runtime-code-or-symbol-different	false	false	false	false	false	false	.orc_unwind,.orc_unwind_ip,.return_sites,.text,__dyndbg,__jump_table,__versions
kernel/sound/pci/hda/snd-hda-codec-realtek.ko	runtime-code-or-symbol-different	false	false	false	false	false	false	.orc_unwind,.rodata.str1.1,.text,.text.unlikely,__dyndbg,__jump_table,__versions
kernel/sound/pci/hda/snd-hda-codec-si3054.ko	runtime-code-or-symbol-different	false	false	false	false	false	false	.text,__dyndbg,__jump_table,__versions
kernel/sound/pci/hda/snd-hda-codec-via.ko	runtime-data-different-code-equivalent	false	false	true	true	true	true	__versions
kernel/sound/pci/hda/snd-hda-codec.ko	runtime-code-or-symbol-different	false	false	false	false	false	false	.orc_unwind,.orc_unwind_ip,.return_sites,.rodata.str1.1,.text,.text.unlikely,__dyndbg,__jump_table,__tracepoints,__versions
kernel/sound/pci/hda/snd-hda-intel.ko	runtime-code-or-symbol-different	false	false	false	false	false	false	.orc_unwind,.orc_unwind_ip,.return_sites,.text,.text.unlikely,__dyndbg,__jump_table,__tracepoints,__versions
kernel/sound/pci/ice1712/snd-ice1712.ko	runtime-code-or-symbol-different	false	false	false	false	false	false	.text,.text.unlikely,__dyndbg,__jump_table,__versions
kernel/sound/pci/ice1712/snd-ice1724.ko	runtime-code-or-symbol-different	false	false	false	false	false	false	.orc_unwind,.orc_unwind_ip,.return_sites,.text,.text.unlikely,__dyndbg,__jump_table,__mcount_loc,__versions
kernel/sound/pci/ice1712/snd-ice17xx-ak4xxx.ko	runtime-data-different-code-equivalent	false	false	true	true	true	true	__versions
kernel/sound/pci/korg1212/snd-korg1212.ko	runtime-data-different-code-equivalent	false	false	true	true	true	true	__versions
kernel/sound/pci/lola/snd-lola.ko	runtime-code-or-symbol-different	false	false	false	false	false	false	.orc_unwind,.orc_unwind_ip,.text,.text.unlikely,__dyndbg,__jump_table,__versions
kernel/sound/pci/lx6464es/snd-lx6464es.ko	runtime-code-or-symbol-different	false	false	false	false	false	false	.orc_unwind,.orc_unwind_ip,.return_sites,.rodata.str1.1,.text,.text.unlikely,__dyndbg,__jump_table,__versions
kernel/sound/pci/mixart/snd-mixart.ko	runtime-code-or-symbol-different	false	false	false	false	false	false	.orc_unwind,.orc_unwind_ip,.return_sites,.text,.text.unlikely,__dyndbg,__jump_table,__versions
kernel/sound/pci/nm256/snd-nm256.ko	runtime-code-or-symbol-different	false	false	false	false	false	false	.orc_unwind,.orc_unwind_ip,.return_sites,.text,.text.unlikely,__dyndbg,__jump_table,__versions
kernel/sound/pci/oxygen/snd-oxygen-lib.ko	runtime-data-different-code-equivalent	false	false	true	true	true	true	__versions
kernel/sound/pci/oxygen/snd-oxygen.ko	runtime-data-different-code-equivalent	false	false	true	true	true	true	__versions
kernel/sound/pci/oxygen/snd-virtuoso.ko	runtime-code-or-symbol-different	false	false	false	false	false	false	.text,__dyndbg,__jump_table,__versions
kernel/sound/pci/pcxhr/snd-pcxhr.ko	runtime-code-or-symbol-different	false	false	false	false	false	false	.orc_unwind,.orc_unwind_ip,.return_sites,.rodata.str1.1,.text,.text.unlikely,__dyndbg,__jump_table,__mcount_loc,__versions
kernel/sound/pci/riptide/snd-riptide.ko	runtime-data-different-code-equivalent	false	false	true	true	true	true	__versions
kernel/sound/pci/rme9652/snd-hdsp.ko	runtime-code-or-symbol-different	false	false	false	false	false	false	.orc_unwind,.orc_unwind_ip,.return_sites,.rodata.str1.1,.text,.text.unlikely,__dyndbg,__jump_table,__versions
kernel/sound/pci/rme9652/snd-hdspm.ko	runtime-code-or-symbol-different	false	false	false	false	false	false	.orc_unwind,.text,.text.unlikely,__dyndbg,__jump_table,__versions
kernel/sound/pci/rme9652/snd-rme9652.ko	runtime-data-different-code-equivalent	false	false	true	true	true	true	__versions
kernel/sound/pci/snd-ad1889.ko	runtime-code-or-symbol-different	false	false	false	false	false	false	.text,__dyndbg,__jump_table,__versions
kernel/sound/pci/snd-als300.ko	runtime-data-different-code-equivalent	false	false	true	true	true	true	__versions
kernel/sound/pci/snd-als4000.ko	runtime-data-different-code-equivalent	false	false	true	true	true	true	__versions
kernel/sound/pci/snd-atiixp-modem.ko	runtime-code-or-symbol-different	false	false	false	false	false	false	.orc_unwind,.orc_unwind_ip,.text,__dyndbg,__jump_table,__versions
kernel/sound/pci/snd-atiixp.ko	runtime-code-or-symbol-different	false	false	false	false	false	false	.orc_unwind,.text,.text.unlikely,__dyndbg,__jump_table,__versions
kernel/sound/pci/snd-azt3328.ko	runtime-code-or-symbol-different	false	false	false	false	false	false	.orc_unwind,.orc_unwind_ip,.return_sites,.rodata.str1.1,.rodata.str1.8,.text,.text.unlikely,__dyndbg,__jump_table,__versions
kernel/sound/pci/snd-bt87x.ko	runtime-code-or-symbol-different	false	false	false	false	false	false	.text,.text.unlikely,__dyndbg,__jump_table,__versions
kernel/sound/pci/snd-cmipci.ko	runtime-code-or-symbol-different	false	false	false	false	false	false	.text,__dyndbg,__jump_table,__versions
kernel/sound/pci/snd-cs4281.ko	runtime-data-different-code-equivalent	false	false	true	true	true	true	__versions
kernel/sound/pci/snd-ens1370.ko	runtime-data-different-code-equivalent	false	false	true	true	true	true	__versions
kernel/sound/pci/snd-ens1371.ko	runtime-data-different-code-equivalent	false	false	true	true	true	true	__versions
kernel/sound/pci/snd-es1938.ko	runtime-code-or-symbol-different	false	false	false	false	false	false	.orc_unwind,.orc_unwind_ip,.return_sites,.text,.text.unlikely,__dyndbg,__jump_table,__versions
kernel/sound/pci/snd-es1968.ko	runtime-code-or-symbol-different	false	false	false	false	false	false	.orc_unwind,.orc_unwind_ip,.text,__dyndbg,__jump_table,__versions
kernel/sound/pci/snd-fm801.ko	runtime-data-different-code-equivalent	false	false	true	true	true	true	__versions
kernel/sound/pci/snd-intel8x0.ko	runtime-code-or-symbol-different	false	false	false	false	false	false	.text,.text.unlikely,__dyndbg,__jump_table,__versions
kernel/sound/pci/snd-intel8x0m.ko	runtime-data-different-code-equivalent	false	false	true	true	true	true	__versions
kernel/sound/pci/snd-maestro3.ko	runtime-code-or-symbol-different	false	false	false	false	false	false	.orc_unwind,.orc_unwind_ip,.text,.text.unlikely,__dyndbg,__jump_table,__versions
kernel/sound/pci/snd-rme32.ko	runtime-data-different-code-equivalent	false	false	true	true	true	true	__versions
kernel/sound/pci/snd-rme96.ko	runtime-data-different-code-equivalent	false	false	true	true	true	true	__versions
kernel/sound/pci/snd-sonicvibes.ko	runtime-data-different-code-equivalent	false	false	true	true	true	true	__versions
kernel/sound/pci/snd-via82xx-modem.ko	runtime-code-or-symbol-different	false	false	false	false	false	false	.text,__dyndbg,__jump_table,__versions
kernel/sound/pci/snd-via82xx.ko	runtime-code-or-symbol-different	false	false	false	false	false	false	.orc_unwind,.parainstructions,.text,.text.unlikely,__dyndbg,__jump_table,__versions
kernel/sound/pci/trident/snd-trident.ko	runtime-data-different-code-equivalent	false	false	true	true	true	true	__versions
kernel/sound/pci/vx222/snd-vx222.ko	runtime-code-or-symbol-different	false	false	false	false	false	false	.text,__dyndbg,__jump_table,__versions
kernel/sound/pci/ymfpci/snd-ymfpci.ko	runtime-data-different-code-equivalent	false	false	true	true	true	true	__versions
kernel/sound/pcmcia/pdaudiocf/snd-pdaudiocf.ko	runtime-data-different-code-equivalent	false	false	true	true	true	true	__versions
kernel/sound/pcmcia/vx/snd-vxpocket.ko	runtime-data-different-code-equivalent	false	false	true	true	true	true	__versions
kernel/sound/soc/amd/acp_audio_dma.ko	runtime-data-different-code-equivalent	false	false	true	true	true	true	__versions
kernel/sound/soc/amd/raven/snd-acp3x-i2s.ko	runtime-data-different-code-equivalent	false	false	true	true	true	true	__versions
kernel/sound/soc/amd/raven/snd-acp3x-pcm-dma.ko	runtime-data-different-code-equivalent	false	false	true	true	true	true	__versions
kernel/sound/soc/amd/raven/snd-pci-acp3x.ko	runtime-code-or-symbol-different	false	false	false	false	false	false	.text,__dyndbg,__jump_table,__versions
kernel/sound/soc/amd/renoir/snd-acp3x-pdm-dma.ko	runtime-data-different-code-equivalent	false	false	true	true	true	true	__versions
kernel/sound/soc/amd/renoir/snd-acp3x-rn.ko	runtime-data-different-code-equivalent	false	false	true	true	true	true	__versions
kernel/sound/soc/amd/renoir/snd-rn-pci-acp3x.ko	runtime-code-or-symbol-different	false	false	false	false	false	false	.orc_unwind,.text,.text.unlikely,__dyndbg,__jump_table,__versions
kernel/sound/soc/amd/snd-soc-acp-da7219mx98357-mach.ko	runtime-data-different-code-equivalent	false	false	true	true	true	true	__versions
kernel/sound/soc/amd/snd-soc-acp-rt5645-mach.ko	runtime-data-different-code-equivalent	false	false	true	true	true	true	__versions
kernel/sound/soc/codecs/snd-soc-adau7002.ko	runtime-data-different-code-equivalent	false	false	true	true	true	true	__versions
kernel/sound/soc/codecs/snd-soc-cx2072x.ko	runtime-code-or-symbol-different	false	false	false	false	false	false	.text,.text.unlikely,__dyndbg,__jump_table,__versions
kernel/sound/soc/codecs/snd-soc-da7213.ko	runtime-data-different-code-equivalent	false	false	true	true	true	true	__versions
kernel/sound/soc/codecs/snd-soc-da7219.ko	runtime-code-or-symbol-different	false	false	false	false	false	false	.text,__dyndbg,__jump_table,__versions
kernel/sound/soc/codecs/snd-soc-dmic.ko	runtime-data-different-code-equivalent	false	false	true	true	true	true	__versions
kernel/sound/soc/codecs/snd-soc-es8316.ko	runtime-code-or-symbol-different	false	false	false	false	false	false	.text,__dyndbg,__jump_table,__versions
kernel/sound/soc/codecs/snd-soc-hdac-hda.ko	runtime-code-or-symbol-different	false	false	false	false	false	false	.text,.text.unlikely,__dyndbg,__jump_table,__versions
kernel/sound/soc/codecs/snd-soc-hdac-hdmi.ko	runtime-code-or-symbol-different	false	false	false	false	false	false	.orc_unwind,.orc_unwind_ip,.return_sites,.text,.text.unlikely,__dyndbg,__jump_table,__versions
kernel/sound/soc/codecs/snd-soc-max98090.ko	runtime-code-or-symbol-different	false	false	false	false	false	false	.orc_unwind,.orc_unwind_ip,.text,.text.unlikely,__dyndbg,__jump_table,__versions
kernel/sound/soc/codecs/snd-soc-max98357a.ko	runtime-code-or-symbol-different	false	false	false	false	false	false	.orc_unwind,.orc_unwind_ip,.return_sites,.text,__dyndbg,__jump_table,__versions
kernel/sound/soc/codecs/snd-soc-max98373-i2c.ko	runtime-code-or-symbol-different	false	false	false	false	false	false	.orc_unwind,.orc_unwind_ip,.text,__dyndbg,__jump_table,__versions
kernel/sound/soc/codecs/snd-soc-max98373-sdw.ko	runtime-code-or-symbol-different	false	false	false	false	false	false	.text,__dyndbg,__jump_table,__versions
kernel/sound/soc/codecs/snd-soc-max98373.ko	runtime-data-different-code-equivalent	false	false	true	true	true	true	__versions
kernel/sound/soc/codecs/snd-soc-max98390.ko	runtime-code-or-symbol-different	false	false	false	false	false	false	.orc_unwind,.orc_unwind_ip,.text,.text.unlikely,__dyndbg,__jump_table,__versions
kernel/sound/soc/codecs/snd-soc-max98927.ko	runtime-code-or-symbol-different	false	false	false	false	false	false	.orc_unwind,.orc_unwind_ip,.text,__dyndbg,__jump_table,__versions
kernel/sound/soc/codecs/snd-soc-nau8824.ko	runtime-code-or-symbol-different	false	false	false	false	false	false	.orc_unwind,.orc_unwind_ip,.text,__dyndbg,__jump_table,__versions
kernel/sound/soc/codecs/snd-soc-nau8825.ko	runtime-code-or-symbol-different	false	false	false	false	false	false	.orc_unwind,.text,.text.unlikely,__dyndbg,__jump_table,__versions
kernel/sound/soc/codecs/snd-soc-rl6231.ko	runtime-code-or-symbol-different	false	false	false	false	false	false	.text,__dyndbg,__jump_table,__versions
kernel/sound/soc/codecs/snd-soc-rl6347a.ko	runtime-data-different-code-equivalent	false	false	true	true	true	true	__versions
kernel/sound/soc/codecs/snd-soc-rt1015.ko	runtime-code-or-symbol-different	false	false	false	false	false	false	.orc_unwind,.orc_unwind_ip,.text,.text.unlikely,__dyndbg,__jump_table,__versions
kernel/sound/soc/codecs/snd-soc-rt1308-sdw.ko	runtime-code-or-symbol-different	false	false	false	false	false	false	.orc_unwind,.orc_unwind_ip,.return_sites,.rodata.str1.1,.text,__dyndbg,__jump_table,__versions
kernel/sound/soc/codecs/snd-soc-rt1308.ko	runtime-code-or-symbol-different	false	false	false	false	false	false	.orc_unwind,.orc_unwind_ip,.return_sites,.text,.text.unlikely,__dyndbg,__jump_table,__versions
kernel/sound/soc/codecs/snd-soc-rt286.ko	runtime-code-or-symbol-different	false	false	false	false	false	false	.orc_unwind,.orc_unwind_ip,.text,.text.unlikely,__dyndbg,__jump_table,__versions
kernel/sound/soc/codecs/snd-soc-rt5514-spi.ko	runtime-data-different-code-equivalent	false	false	true	true	true	true	__versions
kernel/sound/soc/codecs/snd-soc-rt5514.ko	runtime-code-or-symbol-different	false	false	false	false	false	false	.orc_unwind,.orc_unwind_ip,.return_sites,.text,.text.unlikely,__dyndbg,__jump_table,__versions
kernel/sound/soc/codecs/snd-soc-rt5640.ko	runtime-code-or-symbol-different	false	false	false	false	false	false	.orc_unwind,.orc_unwind_ip,.return_sites,.rodata.str1.1,.text,.text.unlikely,__dyndbg,__jump_table,__mcount_loc,__versions
kernel/sound/soc/codecs/snd-soc-rt5645.ko	runtime-code-or-symbol-different	false	false	false	false	false	false	.orc_unwind,.orc_unwind_ip,.return_sites,.text,.text.unlikely,__dyndbg,__jump_table,__versions
kernel/sound/soc/codecs/snd-soc-rt5651.ko	runtime-code-or-symbol-different	false	false	false	false	false	false	.orc_unwind,.orc_unwind_ip,.return_sites,.rodata.str1.1,.text,.text.unlikely,__dyndbg,__jump_table,__mcount_loc,__versions
kernel/sound/soc/codecs/snd-soc-rt5663.ko	runtime-code-or-symbol-different	false	false	false	false	false	false	.orc_unwind,.orc_unwind_ip,.return_sites,.text,.text.unlikely,__dyndbg,__jump_table,__versions
kernel/sound/soc/codecs/snd-soc-rt5670.ko	runtime-code-or-symbol-different	false	false	false	false	false	false	.orc_unwind,.orc_unwind_ip,.text,.text.unlikely,__dyndbg,__jump_table,__versions
kernel/sound/soc/codecs/snd-soc-rt5677-spi.ko	runtime-data-different-code-equivalent	false	false	true	true	true	true	__versions
kernel/sound/soc/codecs/snd-soc-rt5677.ko	runtime-code-or-symbol-different	false	false	false	false	false	false	.orc_unwind,.orc_unwind_ip,.return_sites,.text,.text.unlikely,__dyndbg,__jump_table,__versions
kernel/sound/soc/codecs/snd-soc-rt5682-i2c.ko	runtime-data-different-code-equivalent	false	false	true	true	true	true	__versions
kernel/sound/soc/codecs/snd-soc-rt5682-sdw.ko	runtime-code-or-symbol-different	false	false	false	false	false	false	.orc_unwind,.orc_unwind_ip,.return_sites,.rodata.str1.1,.text,.text.unlikely,__dyndbg,__jump_table,__versions
kernel/sound/soc/codecs/snd-soc-rt5682.ko	runtime-code-or-symbol-different	false	false	false	false	false	false	.orc_unwind,.orc_unwind_ip,.return_sites,.rodata.str1.1,.text,.text.unlikely,__dyndbg,__jump_table,__versions
kernel/sound/soc/codecs/snd-soc-rt700.ko	runtime-code-or-symbol-different	false	false	false	false	false	false	.orc_unwind,.orc_unwind_ip,.return_sites,.rodata.str1.1,.text,.text.unlikely,__dyndbg,__jump_table,__versions
kernel/sound/soc/codecs/snd-soc-rt711.ko	runtime-code-or-symbol-different	false	false	false	false	false	false	.orc_unwind,.orc_unwind_ip,.return_sites,.rodata.str1.1,.text,.text.unlikely,__dyndbg,__jump_table,__versions
kernel/sound/soc/codecs/snd-soc-rt715.ko	runtime-code-or-symbol-different	false	false	false	false	false	false	.orc_unwind,.orc_unwind_ip,.return_sites,.text,__dyndbg,__jump_table,__versions
kernel/sound/soc/codecs/snd-soc-ssm4567.ko	runtime-data-different-code-equivalent	false	false	true	true	true	true	__versions
kernel/sound/soc/codecs/snd-soc-ts3a227e.ko	runtime-code-or-symbol-different	false	false	false	false	false	false	.text,__dyndbg,__jump_table,__versions
kernel/sound/soc/intel/atom/snd-soc-sst-atom-hifi2-platform.ko	runtime-code-or-symbol-different	false	false	false	false	false	false	.orc_unwind,.orc_unwind_ip,.return_sites,.rodata.str1.1,.text,.text.unlikely,__dyndbg,__jump_table,__versions
kernel/sound/soc/intel/atom/sst/snd-intel-sst-acpi.ko	runtime-code-or-symbol-different	false	false	false	false	false	false	.text,.text.unlikely,__dyndbg,__jump_table,__versions
kernel/sound/soc/intel/atom/sst/snd-intel-sst-core.ko	runtime-code-or-symbol-different	false	false	false	false	false	false	.orc_unwind,.orc_unwind_ip,.return_sites,.text,.text.unlikely,__dyndbg,__jump_table,__versions
kernel/sound/soc/intel/boards/snd-skl_nau88l25_max98357a.ko	runtime-data-different-code-equivalent	false	false	true	true	true	true	__versions
kernel/sound/soc/intel/boards/snd-soc-kbl_da7219_max98357a.ko	runtime-data-different-code-equivalent	false	false	true	true	true	true	__versions
kernel/sound/soc/intel/boards/snd-soc-kbl_rt5663_max98927.ko	runtime-data-different-code-equivalent	false	false	true	true	true	true	__versions
kernel/sound/soc/intel/boards/snd-soc-kbl_rt5663_rt5514_max98927.ko	runtime-code-or-symbol-different	false	false	false	false	false	false	.text,__dyndbg,__jump_table,__versions
kernel/sound/soc/intel/boards/snd-soc-skl_hda_dsp.ko	runtime-code-or-symbol-different	false	false	false	false	false	false	.text,__dyndbg,__jump_table,__versions
kernel/sound/soc/intel/boards/snd-soc-skl_nau88l25_ssm4567.ko	runtime-data-different-code-equivalent	false	false	true	true	true	true	__versions
kernel/sound/soc/intel/boards/snd-soc-skl_rt286.ko	runtime-data-different-code-equivalent	false	false	true	true	true	true	__versions
kernel/sound/soc/intel/boards/snd-soc-sof-sdw.ko	runtime-code-or-symbol-different	false	false	false	false	false	false	.text,.text.unlikely,__dyndbg,__jump_table,__versions
kernel/sound/soc/intel/boards/snd-soc-sof_rt5682.ko	runtime-code-or-symbol-different	false	false	false	false	false	false	.text,__dyndbg,__jump_table,__versions
kernel/sound/soc/intel/boards/snd-soc-sst-bdw-rt5650-mach.ko	runtime-data-different-code-equivalent	false	false	true	true	true	true	__versions
kernel/sound/soc/intel/boards/snd-soc-sst-bdw-rt5677-mach.ko	runtime-data-different-code-equivalent	false	false	true	true	true	true	__versions
kernel/sound/soc/intel/boards/snd-soc-sst-broadwell.ko	runtime-code-or-symbol-different	false	false	false	false	false	false	.orc_unwind,.orc_unwind_ip,.text,__dyndbg,__jump_table,__versions
kernel/sound/soc/intel/boards/snd-soc-sst-byt-cht-cx2072x.ko	runtime-data-different-code-equivalent	false	false	true	true	true	true	__versions
kernel/sound/soc/intel/boards/snd-soc-sst-byt-cht-da7213.ko	runtime-data-different-code-equivalent	false	false	true	true	true	true	__versions
kernel/sound/soc/intel/boards/snd-soc-sst-byt-cht-es8316.ko	runtime-code-or-symbol-different	false	false	false	false	false	false	.text,__dyndbg,__jump_table,__versions
kernel/sound/soc/intel/boards/snd-soc-sst-bytcr-rt5640.ko	runtime-code-or-symbol-different	false	false	false	false	false	false	.text,__dyndbg,__jump_table,__versions
kernel/sound/soc/intel/boards/snd-soc-sst-bytcr-rt5651.ko	runtime-code-or-symbol-different	false	false	false	false	false	false	.text,__dyndbg,__jump_table,__versions
kernel/sound/soc/intel/boards/snd-soc-sst-cht-bsw-max98090_ti.ko	runtime-code-or-symbol-different	false	false	false	false	false	false	.text,.text.unlikely,__dyndbg,__jump_table,__versions
kernel/sound/soc/intel/boards/snd-soc-sst-cht-bsw-nau8824.ko	runtime-data-different-code-equivalent	false	false	true	true	true	true	__versions
kernel/sound/soc/intel/boards/snd-soc-sst-cht-bsw-rt5645.ko	runtime-code-or-symbol-different	false	false	false	false	false	false	.text,.text.unlikely,__dyndbg,__jump_table,__versions
kernel/sound/soc/intel/boards/snd-soc-sst-cht-bsw-rt5672.ko	runtime-code-or-symbol-different	false	false	false	false	false	false	.text,__dyndbg,__jump_table,__versions
kernel/sound/soc/intel/boards/snd-soc-sst-glk-rt5682_max98357a.ko	runtime-code-or-symbol-different	false	false	false	false	false	false	.text,__dyndbg,__jump_table,__versions
kernel/sound/soc/intel/boards/snd-soc-sst-haswell.ko	runtime-data-different-code-equivalent	false	false	true	true	true	true	__versions
kernel/sound/soc/intel/catpt/snd-soc-catpt.ko	runtime-code-or-symbol-different	false	false	false	false	false	false	.orc_unwind,.orc_unwind_ip,.text,.text.unlikely,__dyndbg,__jump_table,__tracepoints,__versions
kernel/sound/soc/intel/common/snd-soc-acpi-intel-match.ko	runtime-data-different-code-equivalent	false	false	true	true	true	true	__versions
kernel/sound/soc/intel/common/snd-soc-sst-dsp.ko	runtime-code-or-symbol-different	false	false	false	false	false	false	.orc_unwind,.orc_unwind_ip,.return_sites,.text,__dyndbg,__jump_table,__tracepoints,__versions
kernel/sound/soc/intel/common/snd-soc-sst-ipc.ko	runtime-code-or-symbol-different	false	false	false	false	false	false	.text,__dyndbg,__jump_table,__versions
kernel/sound/soc/intel/skylake/snd-soc-skl-ssp-clk.ko	runtime-data-different-code-equivalent	false	false	true	true	true	true	__versions
kernel/sound/soc/intel/skylake/snd-soc-skl.ko	runtime-code-or-symbol-different	false	false	false	false	false	false	.orc_unwind,.orc_unwind_ip,.return_sites,.rodata.str1.1,.text,.text.unlikely,__dyndbg,__jump_table,__mcount_loc,__versions
kernel/sound/soc/snd-soc-acpi.ko	runtime-data-different-code-equivalent	false	false	true	true	true	true	__versions
kernel/sound/soc/snd-soc-core.ko	runtime-code-or-symbol-different	false	false	false	false	false	false	.orc_unwind,.orc_unwind_ip,.return_sites,.rodata.str1.1,.rodata.str1.8,.text,.text.unlikely,__dyndbg,__jump_table,__tracepoints,__versions
kernel/sound/soc/sof/intel/snd-sof-intel-byt.ko	runtime-code-or-symbol-different	false	false	false	false	false	false	.text,.text.unlikely,__dyndbg,__jump_table,__versions
kernel/sound/soc/sof/intel/snd-sof-intel-hda-common.ko	runtime-code-or-symbol-different	false	false	false	false	false	false	.orc_unwind,.orc_unwind_ip,.return_sites,.rodata.str1.8,.text,.text.unlikely,__dyndbg,__jump_table,__versions
kernel/sound/soc/sof/intel/snd-sof-intel-hda.ko	runtime-code-or-symbol-different	false	false	false	false	false	false	.orc_unwind,.orc_unwind_ip,.return_sites,.rodata.str1.1,.text,__dyndbg,__jump_table,__mcount_loc,__versions
kernel/sound/soc/sof/intel/snd-sof-intel-ipc.ko	runtime-code-or-symbol-different	false	false	false	false	false	false	.orc_unwind,.orc_unwind_ip,.text,__dyndbg,__jump_table,__versions
kernel/sound/soc/sof/snd-sof-pci.ko	runtime-code-or-symbol-different	false	false	false	false	false	false	.orc_unwind,.orc_unwind_ip,.text,.text.unlikely,__dyndbg,__jump_table,__versions
kernel/sound/soc/sof/snd-sof.ko	runtime-code-or-symbol-different	false	false	false	false	false	false	.orc_unwind,.orc_unwind_ip,.return_sites,.rodata.str1.1,.rodata.str1.8,.text,.text.unlikely,__dyndbg,__jump_table,__mcount_loc,__versions
kernel/sound/soc/sof/xtensa/snd-sof-xtensa-dsp.ko	runtime-data-different-code-equivalent	false	false	true	true	true	true	__versions
kernel/sound/soundcore.ko	runtime-data-different-code-equivalent	false	false	true	true	true	true	__versions
kernel/sound/synth/emux/snd-emux-synth.ko	runtime-data-different-code-equivalent	false	false	true	true	true	true	__versions
kernel/sound/synth/snd-util-mem.ko	runtime-data-different-code-equivalent	false	false	true	true	true	true	__versions
kernel/sound/usb/6fire/snd-usb-6fire.ko	runtime-data-different-code-equivalent	false	false	true	true	true	true	__versions
kernel/sound/usb/bcd2000/snd-bcd2000.ko	runtime-data-different-code-equivalent	false	false	true	true	true	true	__versions
kernel/sound/usb/caiaq/snd-usb-caiaq.ko	runtime-code-or-symbol-different	false	false	false	false	false	false	.orc_unwind,.orc_unwind_ip,.rodata.str1.8,.text,.text.unlikely,__dyndbg,__jump_table,__versions
kernel/sound/usb/hiface/snd-usb-hiface.ko	runtime-code-or-symbol-different	false	false	false	false	false	false	.orc_unwind,.orc_unwind_ip,.text,.text.unlikely,__dyndbg,__jump_table,__versions
kernel/sound/usb/line6/snd-usb-line6.ko	runtime-code-or-symbol-different	false	false	false	false	false	false	.text,__dyndbg,__jump_table,__versions
kernel/sound/usb/line6/snd-usb-pod.ko	runtime-data-different-code-equivalent	false	false	true	true	true	true	__versions
kernel/sound/usb/line6/snd-usb-podhd.ko	runtime-data-different-code-equivalent	false	false	true	true	true	true	__versions
kernel/sound/usb/line6/snd-usb-toneport.ko	runtime-data-different-code-equivalent	false	false	true	true	true	true	__versions
kernel/sound/usb/line6/snd-usb-variax.ko	runtime-data-different-code-equivalent	false	false	true	true	true	true	__versions
kernel/sound/usb/misc/snd-ua101.ko	runtime-data-different-code-equivalent	false	false	true	true	true	true	__versions
kernel/sound/usb/snd-usb-audio.ko	runtime-code-or-symbol-different	false	false	false	false	false	false	.orc_unwind,.orc_unwind_ip,.return_sites,.text,.text.unlikely,__dyndbg,__jump_table,__versions
kernel/sound/usb/snd-usbmidi-lib.ko	runtime-code-or-symbol-different	false	false	false	false	false	false	.orc_unwind,.text,__dyndbg,__jump_table,__versions
kernel/sound/usb/usx2y/snd-usb-us122l.ko	runtime-data-different-code-equivalent	false	false	true	true	true	true	__versions
kernel/sound/usb/usx2y/snd-usb-usx2y.ko	runtime-data-different-code-equivalent	false	false	true	true	true	true	__versions
kernel/sound/x86/snd-hdmi-lpe-audio.ko	runtime-code-or-symbol-different	false	false	false	false	false	false	.orc_unwind,.orc_unwind_ip,.parainstructions,.text,.text.unlikely,__dyndbg,__jump_table,__versions
kernel/sound/xen/snd_xen_front.ko	runtime-code-or-symbol-different	false	false	false	false	false	false	.orc_unwind,.text,__dyndbg,__jump_table,__versions
kernel/virt/lib/irqbypass.ko	runtime-data-different-code-equivalent	false	false	true	true	true	true	__versions
