reference_package	reference_version	mapping_status	source	source_version	target_package	target_version	target_architecture	custom_candidate
accountsservice	0.6.55-3+grm3u1	rebuild-arm64	accountsservice	0.6.55-3+grm3u1	accountsservice	0.6.55-3+grm3u1	arm64	True
acl	2.2.53-10	exact-arm64	acl	2.2.53-10	acl	2.2.53-10	arm64	False
adduser	3.118+grm3u1	reuse-all	adduser	3.118+grm3u1	adduser	3.118+grm3u1	all	True
adwaita-icon-theme	3.38.0-1	reuse-all	adwaita-icon-theme	3.38.0-1	adwaita-icon-theme	3.38.0-1	all	False
alsa-utils	1.2.4-1	exact-arm64	alsa-utils	1.2.4-1	alsa-utils	1.2.4-1	arm64	False
apg	2.2.3.dfsg.1-5+b2	exact-arm64	apg	2.2.3.dfsg.1-5	apg	2.2.3.dfsg.1-5+b1	arm64	False
appstream	0.14.4-1	exact-arm64	appstream	0.14.4-1	appstream	0.14.4-1	arm64	False
apt	2.2.4	exact-arm64	apt	2.2.4	apt	2.2.4	arm64	False
apt-config-icons	0.14.4-1	reuse-all	appstream	0.14.4-1	apt-config-icons	0.14.4-1	all	False
apt-transport-https	2.2.4	reuse-all	apt	2.2.4	apt-transport-https	2.2.4	all	False
apt-utils	2.2.4	exact-arm64	apt	2.2.4	apt-utils	2.2.4	arm64	False
aptitude	0.8.13-3	exact-arm64	aptitude	0.8.13-3	aptitude	0.8.13-3	arm64	False
aptitude-common	0.8.13-3	reuse-all	aptitude	0.8.13-3	aptitude-common	0.8.13-3	all	False
arc-icon-theme	20161113+grm3u1	reuse-all	arc-icon-theme	20161113+grm3u1	arc-icon-theme	20161113+grm3u1	all	True
arc-theme	20200513-1+grm2u1+han3u2	reuse-all	arc-theme	20200513-1+grm2u1+han3u2	arc-theme	20200513-1+grm2u1+han3u2	all	True
arp-scan	1.9.7-2	exact-arm64	arp-scan	1.9.7-2	arp-scan	1.9.7-2	arm64	False
at-spi2-core	2.38.0-4+deb11u1	exact-arm64	at-spi2-core	2.38.0-4+deb11u1	at-spi2-core	2.38.0-4+deb11u1	arm64	False
attr	1:2.4.48-6	exact-arm64	attr	1:2.4.48-6	attr	1:2.4.48-6	arm64	False
ayatana-indicator-application	0.8.0-1	exact-arm64	ayatana-indicator-application	0.8.0-1	ayatana-indicator-application	0.8.0-1	arm64	False
ayatana-indicator-common	0.8.4-1+deb11u2	reuse-all	libayatana-indicator	0.8.4-1+deb11u2	ayatana-indicator-common	0.8.4-1+deb11u2	all	False
base-files	11.1+deb11u7	exact-arm64	base-files	11.1+deb11u7	base-files	11.1+deb11u7	arm64	False
base-passwd	3.5.51	exact-arm64	base-passwd	3.5.51	base-passwd	3.5.51	arm64	False
bash	5.1-2+deb11u1	exact-arm64	bash	5.1-2+deb11u1	bash	5.1-2+deb11u1	arm64	False
bash-completion	1:2.11-2	reuse-all	bash-completion	1:2.11-2	bash-completion	1:2.11-2	all	False
bc	1.07.1-2+b2	exact-arm64	bc	1.07.1-2	bc	1.07.1-2+b2	arm64	False
binutils	2.35.2-2	exact-arm64	binutils	2.35.2-2	binutils	2.35.2-2	arm64	False
binutils-common	2.35.2-2	exact-arm64	binutils	2.35.2-2	binutils-common	2.35.2-2	arm64	False
binutils-x86-64-linux-gnu	2.35.2-2	arch-replace	binutils	2.35.2-2	binutils-aarch64-linux-gnu	2.35.2-2	arm64	False
bluez	5.55-3.1	exact-arm64	bluez	5.55-3.1	bluez	5.55-3.1	arm64	False
bluez-obexd	5.55-3.1	exact-arm64	bluez	5.55-3.1	bluez-obexd	5.55-3.1	arm64	False
bsdextrautils	2.36.1-8+deb11u1	exact-arm64	util-linux	2.36.1-8+deb11u1	bsdextrautils	2.36.1-8+deb11u1	arm64	False
bsdutils	1:2.36.1-8+deb11u1	exact-arm64	util-linux	2.36.1-8+deb11u1	bsdutils	1:2.36.1-8+deb11u1	arm64	False
bubblewrap	0.4.1-3	exact-arm64	bubblewrap	0.4.1-3	bubblewrap	0.4.1-3	arm64	False
busybox	1:1.30.1-6+b3	exact-arm64	busybox	1:1.30.1-6	busybox	1:1.30.1-6+b3	arm64	False
bzip2	1.0.8-4	exact-arm64	bzip2	1.0.8-4	bzip2	1.0.8-4	arm64	False
ca-certificates	20210119	reuse-all	ca-certificates	20210119	ca-certificates	20210119	all	False
celluloid	0.20-2+grm3u6	rebuild-arm64	celluloid	0.20-2+grm3u6	celluloid	0.20-2+grm3u6	arm64	True
cheese-common	3.38.0-3	reuse-all	cheese	3.38.0-3	cheese-common	3.38.0-3	all	False
colord	1.4.5-3	exact-arm64	colord	1.4.5-3	colord	1.4.5-3	arm64	False
colord-data	1.4.5-3	reuse-all	colord	1.4.5-3	colord-data	1.4.5-3	all	False
console-setup	1.205	reuse-all	console-setup	1.205	console-setup	1.205	all	False
console-setup-linux	1.205	reuse-all	console-setup	1.205	console-setup-linux	1.205	all	False
coreutils	8.32-4+b1	exact-arm64	coreutils	8.32-4	coreutils	8.32-4	arm64	False
cpio	2.13+dfsg-4	exact-arm64	cpio	2.13+dfsg-4	cpio	2.13+dfsg-4	arm64	False
cpp	4:10.2.1-1	exact-arm64	gcc-defaults	1.190	cpp	4:10.2.1-1	arm64	False
cpp-10	10.2.1-6	exact-arm64	gcc-10	10.2.1-6	cpp-10	10.2.1-6	arm64	False
cracklib-runtime	2.9.6-3.4	exact-arm64	cracklib2	2.9.6-3.4	cracklib-runtime	2.9.6-3.4	arm64	False
cron	3.0pl1-137	exact-arm64	cron	3.0pl1-137	cron	3.0pl1-137	arm64	False
cups	2.3.3op2-3+deb11u2	exact-arm64	cups	2.3.3op2-3+deb11u2	cups	2.3.3op2-3+deb11u2	arm64	False
cups-browsed	1.28.7-1+deb11u2	exact-arm64	cups-filters	1.28.7-1+deb11u2	cups-browsed	1.28.7-1+deb11u2	arm64	False
cups-client	2.3.3op2-3+deb11u2	exact-arm64	cups	2.3.3op2-3+deb11u2	cups-client	2.3.3op2-3+deb11u2	arm64	False
cups-common	2.3.3op2-3+deb11u2	reuse-all	cups	2.3.3op2-3+deb11u2	cups-common	2.3.3op2-3+deb11u2	all	False
cups-core-drivers	2.3.3op2-3+deb11u2	exact-arm64	cups	2.3.3op2-3+deb11u2	cups-core-drivers	2.3.3op2-3+deb11u2	arm64	False
cups-daemon	2.3.3op2-3+deb11u2	exact-arm64	cups	2.3.3op2-3+deb11u2	cups-daemon	2.3.3op2-3+deb11u2	arm64	False
cups-filters	1.28.7-1+deb11u2	exact-arm64	cups-filters	1.28.7-1+deb11u2	cups-filters	1.28.7-1+deb11u2	arm64	False
cups-filters-core-drivers	1.28.7-1+deb11u2	exact-arm64	cups-filters	1.28.7-1+deb11u2	cups-filters-core-drivers	1.28.7-1+deb11u2	arm64	False
cups-ipp-utils	2.3.3op2-3+deb11u2	exact-arm64	cups	2.3.3op2-3+deb11u2	cups-ipp-utils	2.3.3op2-3+deb11u2	arm64	False
cups-pk-helper	0.2.6-1ubuntu3+grm3u1	rebuild-arm64	cups-pk-helper	0.2.6-1ubuntu3+grm3u1	cups-pk-helper	0.2.6-1ubuntu3+grm3u1	arm64	True
cups-ppdc	2.3.3op2-3+deb11u2	exact-arm64	cups	2.3.3op2-3+deb11u2	cups-ppdc	2.3.3op2-3+deb11u2	arm64	False
cups-server-common	2.3.3op2-3+deb11u2	reuse-all	cups	2.3.3op2-3+deb11u2	cups-server-common	2.3.3op2-3+deb11u2	all	False
curl	7.74.0-1.3+deb11u7	exact-arm64	curl	7.74.0-1.3+deb11u7	curl	7.74.0-1.3+deb11u7	arm64	False
dash	0.5.11+git20200708+dd9ef66-5	exact-arm64	dash	0.5.11+git20200708+dd9ef66-5	dash	0.5.11+git20200708+dd9ef66-5	arm64	False
davfs2	1.6.0-1	exact-arm64	davfs2	1.6.0-1	davfs2	1.6.0-1	arm64	False
dbus	1.12.24-0+deb11u1	exact-arm64	dbus	1.12.24-0+deb11u1	dbus	1.12.24-0+deb11u1	arm64	False
dbus-user-session	1.12.24-0+deb11u1	exact-arm64	dbus	1.12.24-0+deb11u1	dbus-user-session	1.12.24-0+deb11u1	arm64	False
dbus-x11	1.12.24-0+deb11u1	exact-arm64	dbus	1.12.24-0+deb11u1	dbus-x11	1.12.24-0+deb11u1	arm64	False
dc	1.07.1-2+b2	exact-arm64	bc	1.07.1-2	dc	1.07.1-2+b2	arm64	False
dconf-gsettings-backend	0.38.0-2	exact-arm64	dconf	0.38.0-2	dconf-gsettings-backend	0.38.0-2	arm64	False
dconf-service	0.38.0-2	exact-arm64	dconf	0.38.0-2	dconf-service	0.38.0-2	arm64	False
dctrl-tools	2.24-3+b1	exact-arm64	dctrl-tools	2.24-3	dctrl-tools	2.24-3	arm64	False
debconf	1.5.77	reuse-all	debconf	1.5.77	debconf	1.5.77	all	False
debconf-i18n	1.5.77	reuse-all	debconf	1.5.77	debconf-i18n	1.5.77	all	False
debian-archive-keyring	2021.1.1+deb11u1	reuse-all	debian-archive-keyring	2021.1.1+deb11u1	debian-archive-keyring	2021.1.1+deb11u1	all	False
debian-system-adjustments	3.2.1+grm3u1	reuse-all	debian-system-adjustments	3.2.1+grm3u1	debian-system-adjustments	3.2.1+grm3u1	all	True
debianutils	4.11.2	exact-arm64	debianutils	4.11.2	debianutils	4.11.2	arm64	False
desktop-base	11.0.3	reuse-all	desktop-base	11.0.3	desktop-base	11.0.3	all	False
desktop-file-utils	0.26-1	exact-arm64	desktop-file-utils	0.26-1	desktop-file-utils	0.26-1	arm64	False
dictionaries-common	1.28.4	reuse-all	dictionaries-common	1.28.4	dictionaries-common	1.28.4	all	False
diffutils	1:3.7-5	exact-arm64	diffutils	1:3.7-5	diffutils	1:3.7-5	arm64	False
dirmngr	2.2.27-2+deb11u2	exact-arm64	gnupg2	2.2.27-2+deb11u2	dirmngr	2.2.27-2+deb11u2	arm64	False
distro-info-data	0.51+deb11u3	reuse-all	distro-info-data	0.51+deb11u3	distro-info-data	0.51+deb11u3	all	False
dmidecode	3.3-2	exact-arm64	dmidecode	3.3-2	dmidecode	3.3-2	arm64	False
dmsetup	2:1.02.175-2.1	exact-arm64	lvm2	2.03.11-2.1	dmsetup	2:1.02.175-2.1	arm64	False
dnsmasq-base	2.85-1	exact-arm64	dnsmasq	2.85-1	dnsmasq-base	2.85-1	arm64	False
dosfstools	4.2-1	exact-arm64	dosfstools	4.2-1	dosfstools	4.2-1	arm64	False
dpkg	1.20.12+grm3u1	rebuild-arm64	dpkg	1.20.12+grm3u1	dpkg	1.20.12+grm3u1	arm64	True
e2fsprogs	1.46.2-2	exact-arm64	e2fsprogs	1.46.2-2	e2fsprogs	1.46.2-2	arm64	False
ecryptfs-utils	111-5	exact-arm64	ecryptfs-utils	111-5	ecryptfs-utils	111-5	arm64	False
eject	2.36.1-8+deb11u1	exact-arm64	util-linux	2.36.1-8+deb11u1	eject	2.36.1-8+deb11u1	arm64	False
emacsen-common	3.0.4	reuse-all	emacsen-common	3.0.4	emacsen-common	3.0.4	all	False
eog	3.38.2-1+grm3u4	rebuild-arm64	eog	3.38.2-1+grm3u4	eog	3.38.2-1+grm3u4	arm64	True
evolution-data-server-common	3.38.3-1+deb11u2	reuse-all	evolution-data-server	3.38.3-1+deb11u2	evolution-data-server-common	3.38.3-1+deb11u2	all	False
exfat-fuse	1.3.0-2	exact-arm64	fuse-exfat	1.3.0-2	exfat-fuse	1.3.0-2	arm64	False
exfat-utils	1.3.0-2	exact-arm64	exfat-utils	1.3.0-2	exfat-utils	1.3.0-2	arm64	False
faba-icon-theme	4.3-1	reuse-all	faba-icon-theme	4.3-1	faba-icon-theme	4.3-1	all	False
faenza-icon-theme	1.3.1-1.1	reuse-all	faenza-icon-theme	1.3.1-1.1	faenza-icon-theme	1.3.1-1.1	all	False
fdisk	2.36.1-8+deb11u1	exact-arm64	util-linux	2.36.1-8+deb11u1	fdisk	2.36.1-8+deb11u1	arm64	False
file	1:5.39-3	exact-arm64	file	1:5.39-3	file	1:5.39-3	arm64	False
file-roller	3.38.1-1+grm3u3	rebuild-arm64	file-roller	3.38.1-1+grm3u3	file-roller	3.38.1-1+grm3u3	arm64	True
findutils	4.8.0-1	exact-arm64	findutils	4.8.0-1	findutils	4.8.0-1	arm64	False
firmware-amd-graphics	20210315-3	reuse-all	firmware-nonfree	20210315-3	firmware-amd-graphics	20210315-3	all	False
firmware-atheros	20210315-3	reuse-all	firmware-nonfree	20210315-3	firmware-atheros	20210315-3	all	False
firmware-bnx2	20210315-3	reuse-all	firmware-nonfree	20210315-3	firmware-bnx2	20210315-3	all	False
firmware-bnx2x	20210315-3	reuse-all	firmware-nonfree	20210315-3	firmware-bnx2x	20210315-3	all	False
firmware-brcm80211	20210315-3	reuse-all	firmware-nonfree	20210315-3	firmware-brcm80211	20210315-3	all	False
firmware-cavium	20210315-3	reuse-all	firmware-nonfree	20210315-3	firmware-cavium	20210315-3	all	False
firmware-intel-sound	20210315-3	reuse-all	firmware-nonfree	20210315-3	firmware-intel-sound	20210315-3	all	False
firmware-intelwimax	20210315-3	reuse-all	firmware-nonfree	20210315-3	firmware-intelwimax	20210315-3	all	False
firmware-ipw2x00	20210315-3	reuse-all	firmware-nonfree	20210315-3	firmware-ipw2x00	20210315-3	all	False
firmware-ivtv	20210315-3	reuse-all	firmware-nonfree	20210315-3	firmware-ivtv	20210315-3	all	False
firmware-iwlwifi	20210315-3	reuse-all	firmware-nonfree	20210315-3	firmware-iwlwifi	20210315-3	all	False
firmware-libertas	20210315-3	reuse-all	firmware-nonfree	20210315-3	firmware-libertas	20210315-3	all	False
firmware-linux	20210315-3	reuse-all	firmware-nonfree	20210315-3	firmware-linux	20210315-3	all	False
firmware-linux-free	20200122-1	reuse-all	firmware-free	20200122-1	firmware-linux-free	20200122-1	all	False
firmware-linux-nonfree	20210315-3	reuse-all	firmware-nonfree	20210315-3	firmware-linux-nonfree	20210315-3	all	False
firmware-misc-nonfree	20210315-3	reuse-all	firmware-nonfree	20210315-3	firmware-misc-nonfree	20210315-3	all	False
firmware-myricom	20210315-3	reuse-all	firmware-nonfree	20210315-3	firmware-myricom	20210315-3	all	False
firmware-netronome	20210315-3	reuse-all	firmware-nonfree	20210315-3	firmware-netronome	20210315-3	all	False
firmware-netxen	20210315-3	reuse-all	firmware-nonfree	20210315-3	firmware-netxen	20210315-3	all	False
firmware-qcom-media	20210315-3	reuse-all	firmware-nonfree	20210315-3	firmware-qcom-media	20210315-3	all	False
firmware-qcom-soc	20210315-3	reuse-all	firmware-nonfree	20210315-3	firmware-qcom-soc	20210315-3	all	False
firmware-qlogic	20210315-3	reuse-all	firmware-nonfree	20210315-3	firmware-qlogic	20210315-3	all	False
firmware-realtek	20210315-3	reuse-all	firmware-nonfree	20210315-3	firmware-realtek	20210315-3	all	False
firmware-samsung	20210315-3	reuse-all	firmware-nonfree	20210315-3	firmware-samsung	20210315-3	all	False
firmware-siano	20210315-3	reuse-all	firmware-nonfree	20210315-3	firmware-siano	20210315-3	all	False
firmware-sof-signed	1.7-1	reuse-all	firmware-sof	1.7-1	firmware-sof-signed	1.7-1	all	False
firmware-ti-connectivity	20210315-3	reuse-all	firmware-nonfree	20210315-3	firmware-ti-connectivity	20210315-3	all	False
flat-remix-gtk-theme	0.3.0+grm3u1	reuse-all	flat-remix-gtk-theme	0.3.0+grm3u1	flat-remix-gtk-theme	0.3.0+grm3u1	all	True
flatpak	1.10.8-0+deb11u1	exact-arm64	flatpak	1.10.8-0+deb11u1	flatpak	1.10.8-0+deb11u1	arm64	False
fontconfig	2.13.1-4.2	exact-arm64	fontconfig	2.13.1-4.2	fontconfig	2.13.1-4.2	arm64	False
fontconfig-config	2.13.1-4.2	reuse-all	fontconfig	2.13.1-4.2	fontconfig-config	2.13.1-4.2	all	False
fonts-dejavu-core	2.37-2	reuse-all	fonts-dejavu	2.37-2	fonts-dejavu-core	2.37-2	all	False
fonts-nanum	20200506-1	reuse-all	fonts-nanum	20200506-1	fonts-nanum	20200506-1	all	False
fonts-nanum-extra	20200506-1	reuse-all	fonts-nanum	20200506-1	fonts-nanum-extra	20200506-1	all	False
fonts-naver-d2coding	1.3.2-2	reuse-all	fonts-naver-d2coding	1.3.2-2	fonts-naver-d2coding	1.3.2-2	all	False
fonts-noto-cjk	1:20201206-cjk+repack1-1	reuse-all	fonts-noto-cjk	1:20201206-cjk+repack1-1	fonts-noto-cjk	1:20201206-cjk+repack1-1	all	False
fonts-quicksand	0.2016-2.1	reuse-all	fonts-quicksand	0.2016-2.1	fonts-quicksand	0.2016-2.1	all	False
fonts-urw-base35	20200910-1	reuse-all	fonts-urw-base35	20200910-1	fonts-urw-base35	20200910-1	all	False
foomatic-db-compressed-ppds	20200820-1	reuse-all	foomatic-db	20200820-1	foomatic-db-compressed-ppds	20200820-1	all	False
fsarchiver	0.8.6-1	exact-arm64	fsarchiver	0.8.6-1	fsarchiver	0.8.6-1	arm64	False
fuse	2.9.9-5	exact-arm64	fuse	2.9.9-5	fuse	2.9.9-5	arm64	False
gcc-10-base	10.2.1-6	exact-arm64	gcc-10	10.2.1-6	gcc-10-base	10.2.1-6	arm64	False
gcc-9-base	9.3.0-22	exact-arm64	gcc-9	9.3.0-22	gcc-9-base	9.3.0-22	arm64	False
gconf-service	3.2.6-7	exact-arm64	gconf	3.2.6-7	gconf-service	3.2.6-7	arm64	False
gconf2	3.2.6-7	exact-arm64	gconf	3.2.6-7	gconf2	3.2.6-7	arm64	False
gconf2-common	3.2.6-7	reuse-all	gconf	3.2.6-7	gconf2-common	3.2.6-7	all	False
gcr	3.38.1-2	exact-arm64	gcr	3.38.1-2	gcr	3.38.1-2	arm64	False
gdebi	0.9.5.7+nmu5-1+grm3u2	reuse-all	gdebi	0.9.5.7+nmu5-1+grm3u2	gdebi	0.9.5.7+nmu5-1+grm3u2	all	True
gdebi-core	0.9.5.7+nmu5-1+grm3u2	reuse-all	gdebi	0.9.5.7+nmu5-1+grm3u2	gdebi-core	0.9.5.7+nmu5-1+grm3u2	all	True
gdisk	1.0.6-1.1	exact-arm64	gdisk	1.0.6-1.1	gdisk	1.0.6-1.1	arm64	False
gedit	3.38.1-1+grm3u3	rebuild-arm64	gedit	3.38.1-1+grm3u3	gedit	3.38.1-1+grm3u3	arm64	True
gedit-common	3.38.1-1+grm3u3	reuse-all	gedit	3.38.1-1+grm3u3	gedit-common	3.38.1-1+grm3u3	all	True
gettext-base	0.21-4	exact-arm64	gettext	0.21-4	gettext-base	0.21-4	arm64	False
ghostscript	9.53.3~dfsg-7+deb11u5	exact-arm64	ghostscript	9.53.3~dfsg-7+deb11u5	ghostscript	9.53.3~dfsg-7+deb11u5	arm64	False
gir1.2-atk-1.0	2.36.0-2	exact-arm64	atk1.0	2.36.0-2	gir1.2-atk-1.0	2.36.0-2	arm64	False
gir1.2-freedesktop	1.66.1-1+b1	exact-arm64	gobject-introspection	1.66.1-1	gir1.2-freedesktop	1.66.1-1+b1	arm64	False
gir1.2-gdkpixbuf-2.0	2.42.2+dfsg-1+deb11u1	exact-arm64	gdk-pixbuf	2.42.2+dfsg-1+deb11u1	gir1.2-gdkpixbuf-2.0	2.42.2+dfsg-1+deb11u1	arm64	False
gir1.2-gladeui-2.0	3.38.2-2	exact-arm64	glade	3.38.2-2	gir1.2-gladeui-2.0	3.38.2-2	arm64	False
gir1.2-glib-2.0	1.66.1-1+b1	exact-arm64	gobject-introspection	1.66.1-1	gir1.2-glib-2.0	1.66.1-1+b1	arm64	False
gir1.2-gtk-3.0	3.24.24-4+grm3u2	rebuild-arm64	gtk+3.0	3.24.24-4+grm3u2	gir1.2-gtk-3.0	3.24.24-4+grm3u2	arm64	True
gir1.2-gtksource-4	4.8.0-1	exact-arm64	gtksourceview4	4.8.0-1	gir1.2-gtksource-4	4.8.0-1	arm64	False
gir1.2-harfbuzz-0.0	2.7.4-1	exact-arm64	harfbuzz	2.7.4-1	gir1.2-harfbuzz-0.0	2.7.4-1	arm64	False
gir1.2-javascriptcoregtk-4.0	2.40.3-2~deb11u2	exact-arm64	webkit2gtk	2.40.3-2~deb11u2	gir1.2-javascriptcoregtk-4.0	2.40.3-2~deb11u2	arm64	False
gir1.2-keybinder-3.0	0.3.2-1.1	exact-arm64	keybinder-3.0	0.3.2-1.1	gir1.2-keybinder-3.0	0.3.2-1.1	arm64	False
gir1.2-malcontent-0	0.10.0-2	exact-arm64	malcontent	0.10.0-2	gir1.2-malcontent-0	0.10.0-2	arm64	False
gir1.2-notify-0.7	0.7.9-3	exact-arm64	libnotify	0.7.9-3	gir1.2-notify-0.7	0.7.9-3	arm64	False
gir1.2-packagekitglib-1.0	1.2.2-2	exact-arm64	packagekit	1.2.2-2	gir1.2-packagekitglib-1.0	1.2.2-2	arm64	False
gir1.2-pango-1.0	1.46.2-3	exact-arm64	pango1.0	1.46.2-3	gir1.2-pango-1.0	1.46.2-3	arm64	False
gir1.2-peas-1.0	1.28.0-2+b1	exact-arm64	libpeas	1.28.0-2	gir1.2-peas-1.0	1.28.0-2+b1	arm64	False
gir1.2-polkit-1.0	0.105-31+nDeb11u1+grm3u1	rebuild-arm64	policykit-1	0.105-31+nDeb11u1+grm3u1	gir1.2-polkit-1.0	0.105-31+nDeb11u1+grm3u1	arm64	True
gir1.2-soup-2.4	2.72.0-2	exact-arm64	libsoup2.4	2.72.0-2	gir1.2-soup-2.4	2.72.0-2	arm64	False
gir1.2-vte-2.91	0.62.3-1	exact-arm64	vte2.91	0.62.3-1	gir1.2-vte-2.91	0.62.3-1	arm64	False
gir1.2-webkit2-4.0	2.40.3-2~deb11u2	exact-arm64	webkit2gtk	2.40.3-2~deb11u2	gir1.2-webkit2-4.0	2.40.3-2~deb11u2	arm64	False
gir1.2-wnck-3.0	3.36.0-1	exact-arm64	libwnck3	3.36.0-1	gir1.2-wnck-3.0	3.36.0-1	arm64	False
gkbd-capplet	3.26.1-1	exact-arm64	libgnomekbd	3.26.1-1	gkbd-capplet	3.26.1-1	arm64	False
glib-networking	2.66.0-2	exact-arm64	glib-networking	2.66.0-2	glib-networking	2.66.0-2	arm64	False
glib-networking-common	2.66.0-2	reuse-all	glib-networking	2.66.0-2	glib-networking-common	2.66.0-2	all	False
glib-networking-services	2.66.0-2	exact-arm64	glib-networking	2.66.0-2	glib-networking-services	2.66.0-2	arm64	False
glx-alternative-mesa	1.2.1~deb11u1	exact-arm64	glx-alternatives	1.2.1~deb11u1	glx-alternative-mesa	1.2.1~deb11u1	arm64	False
glx-alternative-nvidia	1.2.1~deb11u1	exact-arm64	glx-alternatives	1.2.1~deb11u1	glx-alternative-nvidia	1.2.1~deb11u1	arm64	False
glx-diversions	1.2.1~deb11u1	exact-arm64	glx-alternatives	1.2.1~deb11u1	glx-diversions	1.2.1~deb11u1	arm64	False
gnome-bluetooth	3.34.3-2+grm3u1	rebuild-arm64	gnome-bluetooth	3.34.3-2+grm3u1	gnome-bluetooth	3.34.3-2+grm3u1	arm64	True
gnome-calculator	3.38.2-1	exact-arm64	gnome-calculator	3.38.2-1	gnome-calculator	3.38.2-1	arm64	False
gnome-control-center	1:3.38.4-1+grm3u9	rebuild-arm64	gnome-control-center	1:3.38.4-1+grm3u9	gnome-control-center	1:3.38.4-1+grm3u9	arm64	True
gnome-control-center-data	1:3.38.4-1+grm3u9	reuse-all	gnome-control-center	1:3.38.4-1+grm3u9	gnome-control-center-data	1:3.38.4-1+grm3u9	all	True
gnome-desktop3-data	3.38.5-3	reuse-all	gnome-desktop3	3.38.5-3	gnome-desktop3-data	3.38.5-3	all	False
gnome-flashback-common	3.38.0-2+grm3u2+han3u4	reuse-all	gnome-flashback	3.38.0-2+grm3u2+han3u4	gnome-flashback-common	3.38.0-2+grm3u2+han3u4	all	True
gnome-hwp-support	0.1.6-2	exact-arm64	gnome-hwp-support	0.1.6-2	gnome-hwp-support	0.1.6-2	arm64	False
gnome-icon-theme	3.12.0-3	reuse-all	gnome-icon-theme	3.12.0-3	gnome-icon-theme	3.12.0-3	all	False
gnome-keyring	3.36.0-1	exact-arm64	gnome-keyring	3.36.0-1	gnome-keyring	3.36.0-1	arm64	False
gnome-menus	3.36.0-1	exact-arm64	gnome-menus	3.36.0-1	gnome-menus	3.36.0-1	arm64	False
gnome-mpv	0.20-2+grm3u6	reuse-all	celluloid	0.20-2+grm3u6	gnome-mpv	0.20-2+grm3u6	all	True
gnome-panel	3.38.0-1+grm3u1	rebuild-arm64	gnome-panel	3.38.0-1+grm3u1	gnome-panel	3.38.0-1+grm3u1	arm64	True
gnome-panel-data	3.38.0-1+grm3u1	reuse-all	gnome-panel	3.38.0-1+grm3u1	gnome-panel-data	3.38.0-1+grm3u1	all	True
gnome-screenshot	3.38.0-1+grm3u2	rebuild-arm64	gnome-screenshot	3.38.0-1+grm3u2	gnome-screenshot	3.38.0-1+grm3u2	arm64	True
gnome-session-bin	3.38.0-4	exact-arm64	gnome-session	3.38.0-4	gnome-session-bin	3.38.0-4	arm64	False
gnome-session-canberra	0.30-7	exact-arm64	libcanberra	0.30-7	gnome-session-canberra	0.30-7	arm64	False
gnome-session-common	3.38.0-4	reuse-all	gnome-session	3.38.0-4	gnome-session-common	3.38.0-4	all	False
gnome-session-flashback	3.38.0-2+grm3u2+han3u4	reuse-all	gnome-flashback	3.38.0-2+grm3u2+han3u4	gnome-session-flashback	3.38.0-2+grm3u2+han3u4	all	True
gnome-settings-daemon	3.38.2-1+grm3u1	rebuild-arm64	gnome-settings-daemon	3.38.2-1+grm3u1	gnome-settings-daemon	3.38.2-1+grm3u1	arm64	True
gnome-settings-daemon-common	3.38.2-1+grm3u1	reuse-all	gnome-settings-daemon	3.38.2-1+grm3u1	gnome-settings-daemon-common	3.38.2-1+grm3u1	all	True
gnome-terminal	3.38.3-1	exact-arm64	gnome-terminal	3.38.3-1	gnome-terminal	3.38.3-1	arm64	False
gnome-terminal-data	3.38.3-1	reuse-all	gnome-terminal	3.38.3-1	gnome-terminal-data	3.38.3-1	all	False
gnome-themes-extra	3.28-1	exact-arm64	gnome-themes-extra	3.28-1	gnome-themes-extra	3.28-1	arm64	False
gnome-themes-extra-data	3.28-1	reuse-all	gnome-themes-extra	3.28-1	gnome-themes-extra-data	3.28-1	all	False
gnupg	2.2.27-2+deb11u2	reuse-all	gnupg2	2.2.27-2+deb11u2	gnupg	2.2.27-2+deb11u2	all	False
gnupg-l10n	2.2.27-2+deb11u2	reuse-all	gnupg2	2.2.27-2+deb11u2	gnupg-l10n	2.2.27-2+deb11u2	all	False
gnupg-utils	2.2.27-2+deb11u2	exact-arm64	gnupg2	2.2.27-2+deb11u2	gnupg-utils	2.2.27-2+deb11u2	arm64	False
gooroom-agent-service	0.4.8+grm3u1	reuse-all	gooroom-agent-service	0.4.8+grm3u1	gooroom-agent-service	0.4.8+grm3u1	all	True
gooroom-archive-keyring	20201012+grm3u1	reuse-all	gooroom-archive-keyring	20201012+grm3u1	gooroom-archive-keyring	20201012+grm3u1	all	True
gooroom-artwork-common	1.3.3+grm3u1	reuse-all	gooroom-artwork-common	1.3.3+grm3u1	gooroom-artwork-common	1.3.3+grm3u1	all	True
gooroom-artwork-gnome-flashback	0.4.4+grm3u1	reuse-all	gooroom-artwork-gnome-flashback	0.4.4+grm3u1	gooroom-artwork-gnome-flashback	0.4.4+grm3u1	all	True
gooroom-bootsplash-theme	1.0.0+grm3u1+han3u1	reuse-all	gooroom-bootsplash-theme	1.0.0+grm3u1+han3u1	gooroom-bootsplash-theme	1.0.0+grm3u1+han3u1	all	True
gooroom-browser	3.5.0-1+grm3u3	rebuild-arm64	gooroom-browser	3.5.0-1+grm3u3	gooroom-browser	3.5.0-1+grm3u3	arm64	True
gooroom-browser-l10n	3.5.0-1+grm3u3	reuse-all	gooroom-browser	3.5.0-1+grm3u3	gooroom-browser-l10n	3.5.0-1+grm3u3	all	True
gooroom-client-server-register	1.1.1+han3u1	reuse-all	gooroom-client-server-register	1.1.1+han3u1	gooroom-client-server-register	1.1.1+han3u1	all	True
gooroom-dockbarx	1.3.0+grm3u3	reuse-all	gooroom-dockbarx	1.3.0+grm3u3	gooroom-dockbarx	1.3.0+grm3u3	all	True
gooroom-dockbarx-common	1.3.0+grm3u3	reuse-all	gooroom-dockbarx	1.3.0+grm3u3	gooroom-dockbarx-common	1.3.0+grm3u3	all	True
gooroom-dockbarx-dockx	1.3.0+grm3u3	reuse-all	gooroom-dockbarx	1.3.0+grm3u3	gooroom-dockbarx-dockx	1.3.0+grm3u3	all	True
gooroom-icon-themes	1.3.6+grm3u1+han3u2	reuse-all	gooroom-icon-themes	1.3.6+grm3u1+han3u2	gooroom-icon-themes	1.3.6+grm3u1+han3u2	all	True
gooroom-indicator-applet	0.3.0+grm3u1	rebuild-arm64	gooroom-indicator-applet	0.3.0+grm3u1	gooroom-indicator-applet	0.3.0+grm3u1	arm64	True
gooroom-info	3.3.0+grm3u1	reuse-all	gooroom-info	3.3.0+grm3u1	gooroom-info	3.3.0+grm3u1	all	True
gooroom-libsecurity-extensions	0.1.7+grm3u1	rebuild-arm64	gooroom-libsecurity-extensions	0.1.7+grm3u1	gooroom-libsecurity-extensions	0.1.7+grm3u1	arm64	True
gooroom-logout	0.3.0+grm3u1	rebuild-arm64	gooroom-logout	0.3.0+grm3u1	gooroom-logout	0.3.0+grm3u1	arm64	True
gooroom-notice-applet	0.3.4+grm3u1	rebuild-arm64	gooroom-notice-applet	0.3.4+grm3u1	gooroom-notice-applet	0.3.4+grm3u1	arm64	True
gooroom-notifyd	0.5.0+grm3u1	rebuild-arm64	gooroom-notifyd	0.5.0+grm3u1	gooroom-notifyd	0.5.0+grm3u1	arm64	True
gooroom-security-status-tools	0.3.9+grm3u1	rebuild-arm64	gooroom-security-status-tools	0.3.9+grm3u1	gooroom-security-status-tools	0.3.9+grm3u1	arm64	True
gooroom-security-utils	0.3.7+grm3u1	reuse-all	gooroom-security-utils	0.3.7+grm3u1	gooroom-security-utils	0.3.7+grm3u1	all	True
gooroom-showdesktop-applet	0.2.0+grm3u1	rebuild-arm64	gooroom-showdesktop-applet	0.2.0+grm3u1	gooroom-showdesktop-applet	0.2.0+grm3u1	arm64	True
gooroom-software	3.30.6+5+grm3u6	rebuild-arm64	gooroom-software	3.30.6+5+grm3u6	gooroom-software	3.30.6+5+grm3u6	arm64	True
gooroom-software-common	3.30.6+5+grm3u6	reuse-all	gooroom-software	3.30.6+5+grm3u6	gooroom-software-common	3.30.6+5+grm3u6	all	True
gooroom-software-plugin-flatpak	3.30.6+5+grm3u6	rebuild-arm64	gooroom-software	3.30.6+5+grm3u6	gooroom-software-plugin-flatpak	3.30.6+5+grm3u6	arm64	True
gooroom-translations	20230728+han3u1	reuse-all	gooroom-translations	20230728+han3u1	gooroom-translations	20230728+han3u1	all	True
gooroom-update	1.3.3+grm3u1	reuse-all	gooroom-update	1.3.3+grm3u1	gooroom-update	1.3.3+grm3u1	all	True
gooroom-yelp-adjustments	0.3.10+han3u1	reuse-all	gooroom-yelp-adjustments	0.3.10+han3u1	gooroom-yelp-adjustments	0.3.10+han3u1	all	True
gooroomsystem	1.1.3+grm3u1	reuse-all	gooroomsystem	1.1.3+grm3u1	gooroomsystem	1.1.3+grm3u1	all	True
gpart	1:0.3-8	exact-arm64	gpart	1:0.3-8	gpart	1:0.3-8	arm64	False
gparted	1.2.0-1	exact-arm64	gparted	1.2.0-1	gparted	1.2.0-1	arm64	False
gparted-common	1.2.0-1	reuse-all	gparted	1.2.0-1	gparted-common	1.2.0-1	all	False
gpg	2.2.27-2+deb11u2	exact-arm64	gnupg2	2.2.27-2+deb11u2	gpg	2.2.27-2+deb11u2	arm64	False
gpg-agent	2.2.27-2+deb11u2	exact-arm64	gnupg2	2.2.27-2+deb11u2	gpg-agent	2.2.27-2+deb11u2	arm64	False
gpg-wks-client	2.2.27-2+deb11u2	exact-arm64	gnupg2	2.2.27-2+deb11u2	gpg-wks-client	2.2.27-2+deb11u2	arm64	False
gpg-wks-server	2.2.27-2+deb11u2	exact-arm64	gnupg2	2.2.27-2+deb11u2	gpg-wks-server	2.2.27-2+deb11u2	arm64	False
gpgconf	2.2.27-2+deb11u2	exact-arm64	gnupg2	2.2.27-2+deb11u2	gpgconf	2.2.27-2+deb11u2	arm64	False
gpgsm	2.2.27-2+deb11u2	exact-arm64	gnupg2	2.2.27-2+deb11u2	gpgsm	2.2.27-2+deb11u2	arm64	False
gpgv	2.2.27-2+deb11u2	exact-arm64	gnupg2	2.2.27-2+deb11u2	gpgv	2.2.27-2+deb11u2	arm64	False
grac-device-daemon	1.4.9+grm3u1	reuse-all	gooroom-resource-access-control	1.4.9+grm3u1	grac-device-daemon	1.4.9+grm3u1	all	True
grac-editor	1.4.9+grm3u1	reuse-all	gooroom-resource-access-control	1.4.9+grm3u1	grac-editor	1.4.9+grm3u1	all	True
grep	3.6-1+deb11u1	exact-arm64	grep	3.6-1+deb11u1	grep	3.6-1+deb11u1	arm64	False
groff-base	1.22.4-6	exact-arm64	groff	1.22.4-6	groff-base	1.22.4-6	arm64	False
grub-common	2.06-3~deb11u5	exact-arm64	grub2	2.06-3~deb11u5	grub-common	2.06-3~deb11u5	arm64	False
grub-pc	2.06-3~deb11u5	arch-replace	grub2	2.06-3~deb11u5	grub-efi-arm64	2.06-3~deb11u5	arm64	False
grub-pc-bin	2.06-3~deb11u5	arch-replace	grub2	2.06-3~deb11u5	grub-efi-arm64-bin	2.06-3~deb11u5	arm64	False
grub2-common	2.06-3~deb11u5	exact-arm64	grub2	2.06-3~deb11u5	grub2-common	2.06-3~deb11u5	arm64	False
gsettings-desktop-schemas	3.38.0-2	reuse-all	gsettings-desktop-schemas	3.38.0-2	gsettings-desktop-schemas	3.38.0-2	all	False
gstreamer1.0-clutter-3.0	3.0.27-2	exact-arm64	clutter-gst-3.0	3.0.27-2	gstreamer1.0-clutter-3.0	3.0.27-2	arm64	False
gstreamer1.0-libav	1.18.4-3	exact-arm64	gst-libav1.0	1.18.4-3	gstreamer1.0-libav	1.18.4-3	arm64	False
gstreamer1.0-nice	0.1.16-1	exact-arm64	libnice	0.1.16-1	gstreamer1.0-nice	0.1.16-1	arm64	False
gstreamer1.0-plugins-bad	1.18.4-3+deb11u1	exact-arm64	gst-plugins-bad1.0	1.18.4-3+deb11u1	gstreamer1.0-plugins-bad	1.18.4-3+deb11u1	arm64	False
gstreamer1.0-plugins-base	1.18.4-2+deb11u1	exact-arm64	gst-plugins-base1.0	1.18.4-2+deb11u1	gstreamer1.0-plugins-base	1.18.4-2+deb11u1	arm64	False
gstreamer1.0-plugins-good	1.18.4-2+deb11u2	exact-arm64	gst-plugins-good1.0	1.18.4-2+deb11u2	gstreamer1.0-plugins-good	1.18.4-2+deb11u2	arm64	False
gstreamer1.0-plugins-ugly	1.18.4-2	exact-arm64	gst-plugins-ugly1.0	1.18.4-2	gstreamer1.0-plugins-ugly	1.18.4-2	arm64	False
gstreamer1.0-pulseaudio	1.18.4-2+deb11u2	exact-arm64	gst-plugins-good1.0	1.18.4-2+deb11u2	gstreamer1.0-pulseaudio	1.18.4-2+deb11u2	arm64	False
gstreamer1.0-x	1.18.4-2+deb11u1	exact-arm64	gst-plugins-base1.0	1.18.4-2+deb11u1	gstreamer1.0-x	1.18.4-2+deb11u1	arm64	False
gtk-update-icon-cache	3.24.24-4+grm3u2	rebuild-arm64	gtk+3.0	3.24.24-4+grm3u2	gtk-update-icon-cache	3.24.24-4+grm3u2	arm64	True
gtk2-engines-murrine	0.98.2-3	exact-arm64	gtk2-engines-murrine	0.98.2-3	gtk2-engines-murrine	0.98.2-3	arm64	False
gtk2-engines-pixbuf	2.24.33-2+grm3u1	rebuild-arm64	gtk+2.0	2.24.33-2+grm3u1	gtk2-engines-pixbuf	2.24.33-2+grm3u1	arm64	True
gvfs	1.46.2-1	exact-arm64	gvfs	1.46.2-1	gvfs	1.46.2-1	arm64	False
gvfs-backends	1.46.2-1	exact-arm64	gvfs	1.46.2-1	gvfs-backends	1.46.2-1	arm64	False
gvfs-common	1.46.2-1	reuse-all	gvfs	1.46.2-1	gvfs-common	1.46.2-1	all	False
gvfs-daemons	1.46.2-1	exact-arm64	gvfs	1.46.2-1	gvfs-daemons	1.46.2-1	arm64	False
gvfs-libs	1.46.2-1	exact-arm64	gvfs	1.46.2-1	gvfs-libs	1.46.2-1	arm64	False
gzip	1.10-4+deb11u1	exact-arm64	gzip	1.10-4+deb11u1	gzip	1.10-4+deb11u1	arm64	False
hancom-gooroom-themepack	0.3.3+han3u1	reuse-all	hancom-gooroom-themepack	0.3.3+han3u1	hancom-gooroom-themepack	0.3.3+han3u1	all	True
hancom-toolkit	0.3.3+han3u1	rebuild-arm64	hancom-toolkit	0.3.3+han3u1	hancom-toolkit	0.3.3+han3u1	arm64	True
hancom-viewer-installer	0.2.2+han3u1	rebuild-arm64	hancom-viewer-installer	0.2.2+han3u1	hancom-viewer-installer	0.2.2+han3u1	arm64	True
hancomgrm-adjustments-utils	0.3.3+han3u1	rebuild-arm64	hancomgrm-adjustments-utils	0.3.3+han3u1	hancomgrm-adjustments-utils	0.3.3+han3u1	arm64	True
hicolor-icon-theme	0.17-2	reuse-all	hicolor-icon-theme	0.17-2	hicolor-icon-theme	0.17-2	all	False
hostname	3.23	exact-arm64	hostname	3.23	hostname	3.23	arm64	False
hp-ppd	0.9+nmu1	reuse-all	hp-ppd	0.9+nmu1	hp-ppd	0.9+nmu1	all	False
hpijs-ppds	3.21.2+dfsg1-2	reuse-all	hplip	3.21.2+dfsg1-2	hpijs-ppds	3.21.2+dfsg1-2	all	False
hunspell-en-us	1:2019.10.06-1	reuse-all	scowl	2019.10.06-1	hunspell-en-us	1:2019.10.06-1	all	False
ieee-data	20210605.1	reuse-all	ieee-data	20210605.1	ieee-data	20210605.1	all	False
ifupdown	0.8.36	exact-arm64	ifupdown	0.8.36	ifupdown	0.8.36	arm64	False
im-config	0.46-1+deb11u1	reuse-all	im-config	0.46-1+deb11u1	im-config	0.46-1+deb11u1	all	False
init	1.60	exact-arm64	init-system-helpers	1.60	init	1.60	arm64	False
init-system-helpers	1.60	reuse-all	init-system-helpers	1.60	init-system-helpers	1.60	all	False
initramfs-tools	0.140	reuse-all	initramfs-tools	0.140	initramfs-tools	0.140	all	False
initramfs-tools-core	0.140	reuse-all	initramfs-tools	0.140	initramfs-tools-core	0.140	all	False
insserv	1.21.0-1.1	exact-arm64	insserv	1.21.0-1.1	insserv	1.21.0-1.1	arm64	False
iproute2	5.10.0-4	exact-arm64	iproute2	5.10.0-4	iproute2	5.10.0-4	arm64	False
iptables	1.8.7-1	exact-arm64	iptables	1.8.7-1	iptables	1.8.7-1	arm64	False
iputils-ping	3:20210202-1	exact-arm64	iputils	3:20210202-1	iputils-ping	3:20210202-1	arm64	False
isc-dhcp-client	4.4.1-2.3+deb11u2	exact-arm64	isc-dhcp	4.4.1-2.3+deb11u2	isc-dhcp-client	4.4.1-2.3+deb11u2	arm64	False
isc-dhcp-common	4.4.1-2.3+deb11u2	exact-arm64	isc-dhcp	4.4.1-2.3+deb11u2	isc-dhcp-common	4.4.1-2.3+deb11u2	arm64	False
iso-codes	4.6.0-1	reuse-all	iso-codes	4.6.0-1	iso-codes	4.6.0-1	all	False
isoquery	3.2.4-1+deb11u1	exact-arm64	isoquery	3.2.4-1+deb11u1	isoquery	3.2.4-1+deb11u1	arm64	False
kbd	2.3.0-3	exact-arm64	kbd	2.3.0-3	kbd	2.3.0-3	arm64	False
keyboard-configuration	1.205	reuse-all	console-setup	1.205	keyboard-configuration	1.205	all	False
keyutils	1.6.1-2	exact-arm64	keyutils	1.6.1-2	keyutils	1.6.1-2	arm64	False
klibc-utils	2.0.8-6.1	exact-arm64	klibc	2.0.8-6.1	klibc-utils	2.0.8-6.1	arm64	False
kmod	28-1	exact-arm64	kmod	28-1	kmod	28-1	arm64	False
less	551-2	exact-arm64	less	551-2	less	551-2	arm64	False
liba52-0.7.4	0.7.4-20	exact-arm64	a52dec	0.7.4-20	liba52-0.7.4	0.7.4-20	arm64	False
libaa1	1.4p5-48	exact-arm64	aalib	1.4p5-48	libaa1	1.4p5-48	arm64	False
libaccountsservice0	0.6.55-3+grm3u1	rebuild-arm64	accountsservice	0.6.55-3+grm3u1	libaccountsservice0	0.6.55-3+grm3u1	arm64	True
libacl1	2.2.53-10	exact-arm64	acl	2.2.53-10	libacl1	2.2.53-10	arm64	False
libamtk-5-0	5.2.0-1	exact-arm64	amtk	5.2.0-1	libamtk-5-0	5.2.0-1	arm64	False
libamtk-5-common	5.2.0-1	reuse-all	amtk	5.2.0-1	libamtk-5-common	5.2.0-1	all	False
libaom0	1.0.0.errata1-3	exact-arm64	aom	1.0.0.errata1-3	libaom0	1.0.0.errata1-3	arm64	False
libapparmor1	2.13.6-10	exact-arm64	apparmor	2.13.6-10	libapparmor1	2.13.6-10	arm64	False
libappstream-glib8	0.7.18-1	exact-arm64	appstream-glib	0.7.18-1	libappstream-glib8	0.7.18-1	arm64	False
libappstream4	0.14.4-1	exact-arm64	appstream	0.14.4-1	libappstream4	0.14.4-1	arm64	False
libapt-pkg6.0	2.2.4	exact-arm64	apt	2.2.4	libapt-pkg6.0	2.2.4	arm64	False
libarchive13	3.4.3-2+deb11u1	exact-arm64	libarchive	3.4.3-2+deb11u1	libarchive13	3.4.3-2+deb11u1	arm64	False
libargon2-1	0~20171227-0.2	exact-arm64	argon2	0~20171227-0.2	libargon2-1	0~20171227-0.2	arm64	False
libasound2	1.2.4-1.1	exact-arm64	alsa-lib	1.2.4-1.1	libasound2	1.2.4-1.1	arm64	False
libasound2-data	1.2.4-1.1	reuse-all	alsa-lib	1.2.4-1.1	libasound2-data	1.2.4-1.1	all	False
libasound2-plugins	1.2.2-2	exact-arm64	alsa-plugins	1.2.2-2	libasound2-plugins	1.2.2-2	arm64	False
libaspell15	0.60.8-3	exact-arm64	aspell	0.60.8-3	libaspell15	0.60.8-3	arm64	False
libass9	1:0.15.0-2	exact-arm64	libass	1:0.15.0-2	libass9	1:0.15.0-2	arm64	False
libassuan0	2.5.3-7.1	exact-arm64	libassuan	2.5.3-7.1	libassuan0	2.5.3-7.1	arm64	False
libasyncns0	0.8-6+b2	exact-arm64	libasyncns	0.8-6	libasyncns0	0.8-6+b2	arm64	False
libatasmart4	0.19-5	exact-arm64	libatasmart	0.19-5	libatasmart4	0.19-5	arm64	False
libatk-bridge2.0-0	2.38.0-1	exact-arm64	at-spi2-atk	2.38.0-1	libatk-bridge2.0-0	2.38.0-1	arm64	False
libatk1.0-0	2.36.0-2	exact-arm64	atk1.0	2.36.0-2	libatk1.0-0	2.36.0-2	arm64	False
libatk1.0-data	2.36.0-2	reuse-all	atk1.0	2.36.0-2	libatk1.0-data	2.36.0-2	all	False
libatkmm-1.6-1v5	2.28.0-3	exact-arm64	atkmm1.6	2.28.0-3	libatkmm-1.6-1v5	2.28.0-3	arm64	False
libatomic1	10.2.1-6	exact-arm64	gcc-10	10.2.1-6	libatomic1	10.2.1-6	arm64	False
libatopology2	1.2.4-1.1	exact-arm64	alsa-lib	1.2.4-1.1	libatopology2	1.2.4-1.1	arm64	False
libatspi2.0-0	2.38.0-4+deb11u1	exact-arm64	at-spi2-core	2.38.0-4+deb11u1	libatspi2.0-0	2.38.0-4+deb11u1	arm64	False
libattr1	1:2.4.48-6	exact-arm64	attr	1:2.4.48-6	libattr1	1:2.4.48-6	arm64	False
libaudit-common	1:3.0-2	reuse-all	audit	1:3.0-2	libaudit-common	1:3.0-2	all	False
libaudit1	1:3.0-2	exact-arm64	audit	1:3.0-2	libaudit1	1:3.0-2	arm64	False
libavahi-client3	0.8-5+deb11u2	exact-arm64	avahi	0.8-5+deb11u2	libavahi-client3	0.8-5+deb11u2	arm64	False
libavahi-common-data	0.8-5+deb11u2	exact-arm64	avahi	0.8-5+deb11u2	libavahi-common-data	0.8-5+deb11u2	arm64	False
libavahi-common3	0.8-5+deb11u2	exact-arm64	avahi	0.8-5+deb11u2	libavahi-common3	0.8-5+deb11u2	arm64	False
libavahi-glib1	0.8-5+deb11u2	exact-arm64	avahi	0.8-5+deb11u2	libavahi-glib1	0.8-5+deb11u2	arm64	False
libavc1394-0	0.5.4-5	exact-arm64	libavc1394	0.5.4-5	libavc1394-0	0.5.4-5	arm64	False
libavcodec58	7:4.3.6-0+deb11u1	exact-arm64	ffmpeg	7:4.3.6-0+deb11u1	libavcodec58	7:4.3.6-0+deb11u1	arm64	False
libavdevice58	7:4.3.6-0+deb11u1	exact-arm64	ffmpeg	7:4.3.6-0+deb11u1	libavdevice58	7:4.3.6-0+deb11u1	arm64	False
libavfilter7	7:4.3.6-0+deb11u1	exact-arm64	ffmpeg	7:4.3.6-0+deb11u1	libavfilter7	7:4.3.6-0+deb11u1	arm64	False
libavformat58	7:4.3.6-0+deb11u1	exact-arm64	ffmpeg	7:4.3.6-0+deb11u1	libavformat58	7:4.3.6-0+deb11u1	arm64	False
libavresample4	7:4.3.6-0+deb11u1	exact-arm64	ffmpeg	7:4.3.6-0+deb11u1	libavresample4	7:4.3.6-0+deb11u1	arm64	False
libavutil56	7:4.3.6-0+deb11u1	exact-arm64	ffmpeg	7:4.3.6-0+deb11u1	libavutil56	7:4.3.6-0+deb11u1	arm64	False
libayatana-appindicator3-1	0.5.5-2+deb11u2	exact-arm64	libayatana-appindicator	0.5.5-2+deb11u2	libayatana-appindicator3-1	0.5.5-2+deb11u2	arm64	False
libayatana-ido3-0.4-0	0.8.2-1	exact-arm64	ayatana-ido	0.8.2-1	libayatana-ido3-0.4-0	0.8.2-1	arm64	False
libayatana-indicator3-7	0.8.4-1+deb11u2	exact-arm64	libayatana-indicator	0.8.4-1+deb11u2	libayatana-indicator3-7	0.8.4-1+deb11u2	arm64	False
libb64-0d	1.2-5+b1	exact-arm64	libb64	1.2-5	libb64-0d	1.2-5+b1	arm64	False
libbinutils	2.35.2-2	exact-arm64	binutils	2.35.2-2	libbinutils	2.35.2-2	arm64	False
libblas3	3.9.0-3	exact-arm64	lapack	3.9.0-3	libblas3	3.9.0-3	arm64	False
libblkid1	2.36.1-8+deb11u1	exact-arm64	util-linux	2.36.1-8+deb11u1	libblkid1	2.36.1-8+deb11u1	arm64	False
libblockdev-crypto2	2.25-2	exact-arm64	libblockdev	2.25-2	libblockdev-crypto2	2.25-2	arm64	False
libblockdev-fs2	2.25-2	exact-arm64	libblockdev	2.25-2	libblockdev-fs2	2.25-2	arm64	False
libblockdev-loop2	2.25-2	exact-arm64	libblockdev	2.25-2	libblockdev-loop2	2.25-2	arm64	False
libblockdev-mdraid2	2.25-2	exact-arm64	libblockdev	2.25-2	libblockdev-mdraid2	2.25-2	arm64	False
libblockdev-part-err2	2.25-2	exact-arm64	libblockdev	2.25-2	libblockdev-part-err2	2.25-2	arm64	False
libblockdev-part2	2.25-2	exact-arm64	libblockdev	2.25-2	libblockdev-part2	2.25-2	arm64	False
libblockdev-swap2	2.25-2	exact-arm64	libblockdev	2.25-2	libblockdev-swap2	2.25-2	arm64	False
libblockdev-utils2	2.25-2	exact-arm64	libblockdev	2.25-2	libblockdev-utils2	2.25-2	arm64	False
libblockdev2	2.25-2	exact-arm64	libblockdev	2.25-2	libblockdev2	2.25-2	arm64	False
libbluetooth3	5.55-3.1	exact-arm64	bluez	5.55-3.1	libbluetooth3	5.55-3.1	arm64	False
libbluray2	1:1.2.1-4+deb11u2	exact-arm64	libbluray	1:1.2.1-4+deb11u2	libbluray2	1:1.2.1-4+deb11u2	arm64	False
libboost-iostreams1.74.0	1.74.0-9	exact-arm64	boost1.74	1.74.0-9	libboost-iostreams1.74.0	1.74.0-9	arm64	False
libbpf0	1:0.3-2	exact-arm64	libbpf	0.3-2	libbpf0	1:0.3-2	arm64	False
libbrotli1	1.0.9-2+b2	exact-arm64	brotli	1.0.9-2	libbrotli1	1.0.9-2+b2	arm64	False
libbs2b0	3.1.0+dfsg-2.2+b1	exact-arm64	libbs2b	3.1.0+dfsg-2.2	libbs2b0	3.1.0+dfsg-2.2+b1	arm64	False
libbsd0	0.11.3-1	exact-arm64	libbsd	0.11.3-1	libbsd0	0.11.3-1	arm64	False
libbytesize-common	2.5-1	reuse-all	libbytesize	2.5-1	libbytesize-common	2.5-1	all	False
libbytesize1	2.5-1	exact-arm64	libbytesize	2.5-1	libbytesize1	2.5-1	arm64	False
libbz2-1.0	1.0.8-4	exact-arm64	bzip2	1.0.8-4	libbz2-1.0	1.0.8-4	arm64	False
libc-bin	2.31-13+deb11u6	exact-arm64	glibc	2.31-13+deb11u6	libc-bin	2.31-13+deb11u6	arm64	False
libc-l10n	2.31-13+deb11u6	reuse-all	glibc	2.31-13+deb11u6	libc-l10n	2.31-13+deb11u6	all	False
libc6	2.31-13+deb11u6	exact-arm64	glibc	2.31-13+deb11u6	libc6	2.31-13+deb11u6	arm64	False
libcaca0	0.99.beta19-2.2	exact-arm64	libcaca	0.99.beta19-2.2	libcaca0	0.99.beta19-2.2	arm64	False
libcairo-gobject-perl	1.005-2+b2	exact-arm64	libcairo-gobject-perl	1.005-2	libcairo-gobject-perl	1.005-2+b2	arm64	False
libcairo-gobject2	1.16.0-5	exact-arm64	cairo	1.16.0-5	libcairo-gobject2	1.16.0-5	arm64	False
libcairo-perl	1.109-1	exact-arm64	libcairo-perl	1.109-1	libcairo-perl	1.109-1	arm64	False
libcairo2	1.16.0-5	exact-arm64	cairo	1.16.0-5	libcairo2	1.16.0-5	arm64	False
libcairomm-1.0-1v5	1.12.2-4	exact-arm64	cairomm	1.12.2-4	libcairomm-1.0-1v5	1.12.2-4	arm64	False
libcamel-1.2-62	3.38.3-1+deb11u2	exact-arm64	evolution-data-server	3.38.3-1+deb11u2	libcamel-1.2-62	3.38.3-1+deb11u2	arm64	False
libcanberra-gtk-module	0.30-7	exact-arm64	libcanberra	0.30-7	libcanberra-gtk-module	0.30-7	arm64	False
libcanberra-gtk0	0.30-7	exact-arm64	libcanberra	0.30-7	libcanberra-gtk0	0.30-7	arm64	False
libcanberra-gtk3-0	0.30-7	exact-arm64	libcanberra	0.30-7	libcanberra-gtk3-0	0.30-7	arm64	False
libcanberra-gtk3-module	0.30-7	exact-arm64	libcanberra	0.30-7	libcanberra-gtk3-module	0.30-7	arm64	False
libcanberra-pulse	0.30-7	exact-arm64	libcanberra	0.30-7	libcanberra-pulse	0.30-7	arm64	False
libcanberra0	0.30-7	exact-arm64	libcanberra	0.30-7	libcanberra0	0.30-7	arm64	False
libcap-ng0	0.7.9-2.2+b1	exact-arm64	libcap-ng	0.7.9-2.2	libcap-ng0	0.7.9-2.2+b1	arm64	False
libcap2	1:2.44-1	exact-arm64	libcap2	1:2.44-1	libcap2	1:2.44-1	arm64	False
libcap2-bin	1:2.44-1	exact-arm64	libcap2	1:2.44-1	libcap2-bin	1:2.44-1	arm64	False
libcdio-cdda2	10.2+2.0.0-1+b2	exact-arm64	libcdio-paranoia	10.2+2.0.0-1	libcdio-cdda2	10.2+2.0.0-1+b2	arm64	False
libcdio-paranoia2	10.2+2.0.0-1+b2	exact-arm64	libcdio-paranoia	10.2+2.0.0-1	libcdio-paranoia2	10.2+2.0.0-1+b2	arm64	False
libcdio19	2.1.0-2	exact-arm64	libcdio	2.1.0-2	libcdio19	2.1.0-2	arm64	False
libcdparanoia0	3.10.2+debian-13.1	exact-arm64	cdparanoia	3.10.2+debian-13.1	libcdparanoia0	3.10.2+debian-13.1	arm64	False
libcheese-gtk25	3.38.0-3	exact-arm64	cheese	3.38.0-3	libcheese-gtk25	3.38.0-3	arm64	False
libcheese8	3.38.0-3	exact-arm64	cheese	3.38.0-3	libcheese8	3.38.0-3	arm64	False
libchromaprint1	1.5.0-2	exact-arm64	chromaprint	1.5.0-2	libchromaprint1	1.5.0-2	arm64	False
libclutter-1.0-0	1.26.4+dfsg-2	exact-arm64	clutter-1.0	1.26.4+dfsg-2	libclutter-1.0-0	1.26.4+dfsg-2	arm64	False
libclutter-gst-3.0-0	3.0.27-2	exact-arm64	clutter-gst-3.0	3.0.27-2	libclutter-gst-3.0-0	3.0.27-2	arm64	False
libclutter-gtk-1.0-0	1.8.4-4	exact-arm64	clutter-gtk	1.8.4-4	libclutter-gtk-1.0-0	1.8.4-4	arm64	False
libcodec2-0.9	0.9.2-4	exact-arm64	codec2	0.9.2-4	libcodec2-0.9	0.9.2-4	arm64	False
libcogl-pango20	1.22.8-2	exact-arm64	cogl	1.22.8-2	libcogl-pango20	1.22.8-2	arm64	False
libcogl-path20	1.22.8-2	exact-arm64	cogl	1.22.8-2	libcogl-path20	1.22.8-2	arm64	False
libcogl20	1.22.8-2	exact-arm64	cogl	1.22.8-2	libcogl20	1.22.8-2	arm64	False
libcolord-gtk1	0.1.26-2	exact-arm64	colord-gtk	0.1.26-2	libcolord-gtk1	0.1.26-2	arm64	False
libcolord2	1.4.5-3	exact-arm64	colord	1.4.5-3	libcolord2	1.4.5-3	arm64	False
libcolorhug2	1.4.5-3	exact-arm64	colord	1.4.5-3	libcolorhug2	1.4.5-3	arm64	False
libcom-err2	1.46.2-2	exact-arm64	e2fsprogs	1.46.2-2	libcom-err2	1.46.2-2	arm64	False
libcrack2	2.9.6-3.4	exact-arm64	cracklib2	2.9.6-3.4	libcrack2	2.9.6-3.4	arm64	False
libcrypt1	1:4.4.18-4	exact-arm64	libxcrypt	1:4.4.18-4	libcrypt1	1:4.4.18-4	arm64	False
libcryptsetup12	2:2.3.7-1+deb11u1	exact-arm64	cryptsetup	2:2.3.7-1+deb11u1	libcryptsetup12	2:2.3.7-1+deb11u1	arm64	False
libctf-nobfd0	2.35.2-2	exact-arm64	binutils	2.35.2-2	libctf-nobfd0	2.35.2-2	arm64	False
libctf0	2.35.2-2	exact-arm64	binutils	2.35.2-2	libctf0	2.35.2-2	arm64	False
libcue2	2.2.1-3	exact-arm64	libcue	2.2.1-3	libcue2	2.2.1-3	arm64	False
libcups2	2.3.3op2-3+deb11u2	exact-arm64	cups	2.3.3op2-3+deb11u2	libcups2	2.3.3op2-3+deb11u2	arm64	False
libcupsfilters1	1.28.7-1+deb11u2	exact-arm64	cups-filters	1.28.7-1+deb11u2	libcupsfilters1	1.28.7-1+deb11u2	arm64	False
libcupsimage2	2.3.3op2-3+deb11u2	exact-arm64	cups	2.3.3op2-3+deb11u2	libcupsimage2	2.3.3op2-3+deb11u2	arm64	False
libcurl3-gnutls	7.74.0-1.3+deb11u7	exact-arm64	curl	7.74.0-1.3+deb11u7	libcurl3-gnutls	7.74.0-1.3+deb11u7	arm64	False
libcurl4	7.74.0-1.3+deb11u7	exact-arm64	curl	7.74.0-1.3+deb11u7	libcurl4	7.74.0-1.3+deb11u7	arm64	False
libcwidget4	0.5.18-5	exact-arm64	cwidget	0.5.18-5	libcwidget4	0.5.18-5	arm64	False
libdatrie1	0.2.13-1	exact-arm64	libdatrie	0.2.13-1	libdatrie1	0.2.13-1	arm64	False
libdav1d4	0.7.1-3	exact-arm64	dav1d	0.7.1-3	libdav1d4	0.7.1-3	arm64	False
libdb5.3	5.3.28+dfsg1-0.8	exact-arm64	db5.3	5.3.28+dfsg1-0.8	libdb5.3	5.3.28+dfsg1-0.8	arm64	False
libdbus-1-3	1.12.24-0+deb11u1	exact-arm64	dbus	1.12.24-0+deb11u1	libdbus-1-3	1.12.24-0+deb11u1	arm64	False
libdbus-glib-1-2	0.110-6	exact-arm64	dbus-glib	0.110-6	libdbus-glib-1-2	0.110-6	arm64	False
libdbusmenu-glib4	18.10.20180917~bzr492+repack1-2	exact-arm64	libdbusmenu	18.10.20180917~bzr492+repack1-2	libdbusmenu-glib4	18.10.20180917~bzr492+repack1-2	arm64	False
libdbusmenu-gtk3-4	18.10.20180917~bzr492+repack1-2	exact-arm64	libdbusmenu	18.10.20180917~bzr492+repack1-2	libdbusmenu-gtk3-4	18.10.20180917~bzr492+repack1-2	arm64	False
libdc1394-25	2.2.6-3	exact-arm64	libdc1394	2.2.6-3	libdc1394-25	2.2.6-3	arm64	False
libdca0	0.0.7-2	exact-arm64	libdca	0.0.7-2	libdca0	0.0.7-2	arm64	False
libdconf1	0.38.0-2	exact-arm64	dconf	0.38.0-2	libdconf1	0.38.0-2	arm64	False
libde265-0	1.0.11-0+deb11u1	exact-arm64	libde265	1.0.11-0+deb11u1	libde265-0	1.0.11-0+deb11u1	arm64	False
libdebconfclient0	0.260	exact-arm64	cdebconf	0.260	libdebconfclient0	0.260	arm64	False
libdee-1.0-4	1.2.7+17.10.20170616-6+b1	exact-arm64	dee	1.2.7+17.10.20170616-6	libdee-1.0-4	1.2.7+17.10.20170616-6+b1	arm64	False
libdeflate0	1.7-1	exact-arm64	libdeflate	1.7-1	libdeflate0	1.7-1	arm64	False
libdevmapper1.02.1	2:1.02.175-2.1	exact-arm64	lvm2	2.03.11-2.1	libdevmapper1.02.1	2:1.02.175-2.1	arm64	False
libdns-export1110	1:9.11.19+dfsg-2.1	exact-arm64	bind9-libs	1:9.11.19+dfsg-2.1	libdns-export1110	1:9.11.19+dfsg-2.1	arm64	False
libdouble-conversion3	3.1.5-6.1	exact-arm64	double-conversion	3.1.5-6.1	libdouble-conversion3	3.1.5-6.1	arm64	False
libdpkg-perl	1.20.12+grm3u1	reuse-all	dpkg	1.20.12+grm3u1	libdpkg-perl	1.20.12+grm3u1	all	True
libdrm-amdgpu1	2.4.104-1	exact-arm64	libdrm	2.4.104-1	libdrm-amdgpu1	2.4.104-1	arm64	False
libdrm-common	2.4.104-1	reuse-all	libdrm	2.4.104-1	libdrm-common	2.4.104-1	all	False
libdrm-nouveau2	2.4.104-1	exact-arm64	libdrm	2.4.104-1	libdrm-nouveau2	2.4.104-1	arm64	False
libdrm-radeon1	2.4.104-1	exact-arm64	libdrm	2.4.104-1	libdrm-radeon1	2.4.104-1	arm64	False
libdrm2	2.4.104-1	exact-arm64	libdrm	2.4.104-1	libdrm2	2.4.104-1	arm64	False
libdv4	1.0.0-13	exact-arm64	libdv	1.0.0-13	libdv4	1.0.0-13	arm64	False
libdvdnav4	6.1.0-1+b1	exact-arm64	libdvdnav	6.1.0-1	libdvdnav4	6.1.0-1+b1	arm64	False
libdvdread8	6.1.1-2	exact-arm64	libdvdread	6.1.1-2	libdvdread8	6.1.1-2	arm64	False
libdw1	0.183-1	exact-arm64	elfutils	0.183-1	libdw1	0.183-1	arm64	False
libecal-2.0-1	3.38.3-1+deb11u2	exact-arm64	evolution-data-server	3.38.3-1+deb11u2	libecal-2.0-1	3.38.3-1+deb11u2	arm64	False
libecryptfs1	111-5	exact-arm64	ecryptfs-utils	111-5	libecryptfs1	111-5	arm64	False
libedataserver-1.2-25	3.38.3-1+deb11u2	exact-arm64	evolution-data-server	3.38.3-1+deb11u2	libedataserver-1.2-25	3.38.3-1+deb11u2	arm64	False
libedit2	3.1-20191231-2+b1	exact-arm64	libedit	3.1-20191231-2	libedit2	3.1-20191231-2+b1	arm64	False
libefiboot1	37-6	exact-arm64	efivar	37-6	libefiboot1	37-6	arm64	False
libefivar1	37-6	exact-arm64	efivar	37-6	libefivar1	37-6	arm64	False
libegl-mesa0	20.3.5-1	exact-arm64	mesa	20.3.5-1	libegl-mesa0	20.3.5-1	arm64	False
libegl1	1.3.2-1	exact-arm64	libglvnd	1.3.2-1	libegl1	1.3.2-1	arm64	False
libelf1	0.183-1	exact-arm64	elfutils	0.183-1	libelf1	0.183-1	arm64	False
libenchant-2-2	2.2.15-1	exact-arm64	enchant-2	2.2.15-1	libenchant-2-2	2.2.15-1	arm64	False
libepoxy0	1.5.5-1	exact-arm64	libepoxy	1.5.5-1	libepoxy0	1.5.5-1	arm64	False
libept1.6.0	1.2.1	exact-arm64	libept	1.2.1	libept1.6.0	1.2.1	arm64	False
libestr0	0.1.10-2.1+b1	exact-arm64	libestr	0.1.10-2.1	libestr0	0.1.10-2.1+b1	arm64	False
libevdev2	1.11.0+dfsg-1	exact-arm64	libevdev	1.11.0+dfsg-1	libevdev2	1.11.0+dfsg-1	arm64	False
libevent-2.1-7	2.1.12-stable-1	exact-arm64	libevent	2.1.12-stable-1	libevent-2.1-7	2.1.12-stable-1	arm64	False
libexempi8	2.5.2-1	exact-arm64	exempi	2.5.2-1	libexempi8	2.5.2-1	arm64	False
libexif12	0.6.22-3	exact-arm64	libexif	0.6.22-3	libexif12	0.6.22-3	arm64	False
libexiv2-27	0.27.3-3+deb11u2	exact-arm64	exiv2	0.27.3-3+deb11u2	libexiv2-27	0.27.3-3+deb11u2	arm64	False
libexpat1	2.2.10-2+deb11u5	exact-arm64	expat	2.2.10-2+deb11u5	libexpat1	2.2.10-2+deb11u5	arm64	False
libext2fs2	1.46.2-2	exact-arm64	e2fsprogs	1.46.2-2	libext2fs2	1.46.2-2	arm64	False
libextutils-depends-perl	0.8000-1	reuse-all	libextutils-depends-perl	0.8000-1	libextutils-depends-perl	0.8000-1	all	False
libextutils-pkgconfig-perl	1.16-1.1	reuse-all	libextutils-pkgconfig-perl	1.16-1.1	libextutils-pkgconfig-perl	1.16-1.1	all	False
libfaad2	2.10.0-1	exact-arm64	faad2	2.10.0-1	libfaad2	2.10.0-1	arm64	False
libfastjson4	0.99.9-1	exact-arm64	libfastjson	0.99.9-1	libfastjson4	0.99.9-1	arm64	False
libfdisk1	2.36.1-8+deb11u1	exact-arm64	util-linux	2.36.1-8+deb11u1	libfdisk1	2.36.1-8+deb11u1	arm64	False
libffi7	3.3-6	exact-arm64	libffi	3.3-6	libffi7	3.3-6	arm64	False
libfftw3-double3	3.3.8-2	exact-arm64	fftw3	3.3.8-2	libfftw3-double3	3.3.8-2	arm64	False
libfftw3-single3	3.3.8-2	exact-arm64	fftw3	3.3.8-2	libfftw3-single3	3.3.8-2	arm64	False
libflac8	1.3.3-2+deb11u1	exact-arm64	flac	1.3.3-2+deb11u1	libflac8	1.3.3-2+deb11u1	arm64	False
libflatpak0	1.10.8-0+deb11u1	exact-arm64	flatpak	1.10.8-0+deb11u1	libflatpak0	1.10.8-0+deb11u1	arm64	False
libflite1	2.2-2	exact-arm64	flite	2.2-2	libflite1	2.2-2	arm64	False
libfluidsynth2	2.1.7-1.1	exact-arm64	fluidsynth	2.1.7-1.1	libfluidsynth2	2.1.7-1.1	arm64	False
libfontconfig1	2.13.1-4.2	exact-arm64	fontconfig	2.13.1-4.2	libfontconfig1	2.13.1-4.2	arm64	False
libfontembed1	1.28.7-1+deb11u2	exact-arm64	cups-filters	1.28.7-1+deb11u2	libfontembed1	1.28.7-1+deb11u2	arm64	False
libfontenc1	1:1.1.4-1	exact-arm64	libfontenc	1:1.1.4-1	libfontenc1	1:1.1.4-1	arm64	False
libfreetype6	2.10.4+dfsg-1+deb11u1	exact-arm64	freetype	2.10.4+dfsg-1+deb11u1	libfreetype6	2.10.4+dfsg-1+deb11u1	arm64	False
libfribidi0	1.0.8-2+deb11u1	exact-arm64	fribidi	1.0.8-2+deb11u1	libfribidi0	1.0.8-2+deb11u1	arm64	False
libfuse2	2.9.9-5	exact-arm64	fuse	2.9.9-5	libfuse2	2.9.9-5	arm64	False
libgbm1	20.3.5-1	exact-arm64	mesa	20.3.5-1	libgbm1	20.3.5-1	arm64	False
libgcc-s1	10.2.1-6	exact-arm64	gcc-10	10.2.1-6	libgcc-s1	10.2.1-6	arm64	False
libgck-1-0	3.38.1-2	exact-arm64	gcr	3.38.1-2	libgck-1-0	3.38.1-2	arm64	False
libgconf-2-4	3.2.6-7	exact-arm64	gconf	3.2.6-7	libgconf-2-4	3.2.6-7	arm64	False
libgcr-base-3-1	3.38.1-2	exact-arm64	gcr	3.38.1-2	libgcr-base-3-1	3.38.1-2	arm64	False
libgcr-ui-3-1	3.38.1-2	exact-arm64	gcr	3.38.1-2	libgcr-ui-3-1	3.38.1-2	arm64	False
libgcrypt20	1.8.7-6	exact-arm64	libgcrypt20	1.8.7-6	libgcrypt20	1.8.7-6	arm64	False
libgd3	2.3.0-2	exact-arm64	libgd2	2.3.0-2	libgd3	2.3.0-2	arm64	False
libgdata-common	0.17.13-3	reuse-all	libgdata	0.17.13-3	libgdata-common	0.17.13-3	all	False
libgdata22	0.17.13-3	exact-arm64	libgdata	0.17.13-3	libgdata22	0.17.13-3	arm64	False
libgdbm-compat4	1.19-2	exact-arm64	gdbm	1.19-2	libgdbm-compat4	1.19-2	arm64	False
libgdbm6	1.19-2	exact-arm64	gdbm	1.19-2	libgdbm6	1.19-2	arm64	False
libgdk-pixbuf-2.0-0	2.42.2+dfsg-1+deb11u1	exact-arm64	gdk-pixbuf	2.42.2+dfsg-1+deb11u1	libgdk-pixbuf-2.0-0	2.42.2+dfsg-1+deb11u1	arm64	False
libgdk-pixbuf-xlib-2.0-0	2.40.2-2	exact-arm64	gdk-pixbuf-xlib	2.40.2-2	libgdk-pixbuf-xlib-2.0-0	2.40.2-2	arm64	False
libgdk-pixbuf2.0-0	2.40.2-2	exact-arm64	gdk-pixbuf-xlib	2.40.2-2	libgdk-pixbuf2.0-0	2.40.2-2	arm64	False
libgdk-pixbuf2.0-bin	2.42.2+dfsg-1+deb11u1	exact-arm64	gdk-pixbuf	2.42.2+dfsg-1+deb11u1	libgdk-pixbuf2.0-bin	2.42.2+dfsg-1+deb11u1	arm64	False
libgdk-pixbuf2.0-common	2.42.2+dfsg-1+deb11u1	reuse-all	gdk-pixbuf	2.42.2+dfsg-1+deb11u1	libgdk-pixbuf2.0-common	2.42.2+dfsg-1+deb11u1	all	False
libgdm1	3.38.2.1-1	exact-arm64	gdm3	3.38.2.1-1	libgdm1	3.38.2.1-1	arm64	False
libgee-0.8-2	0.20.4-1	exact-arm64	libgee-0.8	0.20.4-1	libgee-0.8-2	0.20.4-1	arm64	False
libgeoclue-2-0	2.5.7-3	exact-arm64	geoclue-2.0	2.5.7-3	libgeoclue-2-0	2.5.7-3	arm64	False
libgeocode-glib0	3.26.2-2	exact-arm64	geocode-glib	3.26.2-2	libgeocode-glib0	3.26.2-2	arm64	False
libges-1.0-0	1.18.4-2	exact-arm64	gstreamer-editing-services1.0	1.18.4-2	libges-1.0-0	1.18.4-2	arm64	False
libgexiv2-2	0.12.1-1	exact-arm64	gexiv2	0.12.1-1	libgexiv2-2	0.12.1-1	arm64	False
libgfortran5	10.2.1-6	exact-arm64	gcc-10	10.2.1-6	libgfortran5	10.2.1-6	arm64	False
libgif7	5.1.9-2	exact-arm64	giflib	5.1.9-2	libgif7	5.1.9-2	arm64	False
libgirepository-1.0-1	1.66.1-1+b1	exact-arm64	gobject-introspection	1.66.1-1	libgirepository-1.0-1	1.66.1-1+b1	arm64	False
libgjs0g	1.66.2-1	exact-arm64	gjs	1.66.2-1	libgjs0g	1.66.2-1	arm64	False
libgl1	1.3.2-1	exact-arm64	libglvnd	1.3.2-1	libgl1	1.3.2-1	arm64	False
libgl1-mesa-dri	20.3.5-1	exact-arm64	mesa	20.3.5-1	libgl1-mesa-dri	20.3.5-1	arm64	False
libgladeui-2-13	3.38.2-2	exact-arm64	glade	3.38.2-2	libgladeui-2-13	3.38.2-2	arm64	False
libgladeui-common	3.38.2-2	reuse-all	glade	3.38.2-2	libgladeui-common	3.38.2-2	all	False
libglapi-mesa	20.3.5-1	exact-arm64	mesa	20.3.5-1	libglapi-mesa	20.3.5-1	arm64	False
libgles2	1.3.2-1	exact-arm64	libglvnd	1.3.2-1	libgles2	1.3.2-1	arm64	False
libglib-object-introspection-perl	0.049-1+b1	exact-arm64	libglib-object-introspection-perl	0.049-1	libglib-object-introspection-perl	0.049-1+b1	arm64	False
libglib-perl	3:1.329.3-1+b1	exact-arm64	libglib-perl	3:1.329.3-1	libglib-perl	3:1.329.3-1+b1	arm64	False
libglib2.0-0	2.66.8-1	exact-arm64	glib2.0	2.66.8-1	libglib2.0-0	2.66.8-1	arm64	False
libglib2.0-bin	2.66.8-1	exact-arm64	glib2.0	2.66.8-1	libglib2.0-bin	2.66.8-1	arm64	False
libglib2.0-data	2.66.8-1	reuse-all	glib2.0	2.66.8-1	libglib2.0-data	2.66.8-1	all	False
libglibmm-2.4-1v5	2.64.2-2	exact-arm64	glibmm2.4	2.64.2-2	libglibmm-2.4-1v5	2.64.2-2	arm64	False
libglu1-mesa	9.0.1-1	exact-arm64	libglu	9.0.1-1	libglu1-mesa	9.0.1-1	arm64	False
libglvnd0	1.3.2-1	exact-arm64	libglvnd	1.3.2-1	libglvnd0	1.3.2-1	arm64	False
libglx-mesa0	20.3.5-1	exact-arm64	mesa	20.3.5-1	libglx-mesa0	20.3.5-1	arm64	False
libglx0	1.3.2-1	exact-arm64	libglvnd	1.3.2-1	libglx0	1.3.2-1	arm64	False
libgme0	0.6.3-2	exact-arm64	game-music-emu	0.6.3-2	libgme0	0.6.3-2	arm64	False
libgmp10	2:6.2.1+dfsg-1+deb11u1	exact-arm64	gmp	2:6.2.1+dfsg-1+deb11u1	libgmp10	2:6.2.1+dfsg-1+deb11u1	arm64	False
libgnome-autoar-0-0	0.2.4-3	exact-arm64	gnome-autoar	0.2.4-3	libgnome-autoar-0-0	0.2.4-3	arm64	False
libgnome-bluetooth13	3.34.3-2+grm3u1	rebuild-arm64	gnome-bluetooth	3.34.3-2+grm3u1	libgnome-bluetooth13	3.34.3-2+grm3u1	arm64	True
libgnome-desktop-3-19	3.38.5-3	exact-arm64	gnome-desktop3	3.38.5-3	libgnome-desktop-3-19	3.38.5-3	arm64	False
libgnome-menu-3-0	3.36.0-1	exact-arm64	gnome-menus	3.36.0-1	libgnome-menu-3-0	3.36.0-1	arm64	False
libgnome-panel0	3.38.0-1+grm3u1	rebuild-arm64	gnome-panel	3.38.0-1+grm3u1	libgnome-panel0	3.38.0-1+grm3u1	arm64	True
libgnomekbd-common	3.26.1-1	reuse-all	libgnomekbd	3.26.1-1	libgnomekbd-common	3.26.1-1	all	False
libgnomekbd8	3.26.1-1	exact-arm64	libgnomekbd	3.26.1-1	libgnomekbd8	3.26.1-1	arm64	False
libgnutls30	3.7.1-5+deb11u3	exact-arm64	gnutls28	3.7.1-5+deb11u3	libgnutls30	3.7.1-5+deb11u3	arm64	False
libgoa-1.0-0b	3.38.0-3	exact-arm64	gnome-online-accounts	3.38.0-3	libgoa-1.0-0b	3.38.0-3	arm64	False
libgoa-1.0-common	3.38.0-3	reuse-all	gnome-online-accounts	3.38.0-3	libgoa-1.0-common	3.38.0-3	all	False
libgomp1	10.2.1-6	exact-arm64	gcc-10	10.2.1-6	libgomp1	10.2.1-6	arm64	False
libgpg-error0	1.38-2	exact-arm64	libgpg-error	1.38-2	libgpg-error0	1.38-2	arm64	False
libgpgme11	1.14.0-1+b2	exact-arm64	gpgme1.0	1.14.0-1	libgpgme11	1.14.0-1+b2	arm64	False
libgphoto2-6	2.5.27-1	exact-arm64	libgphoto2	2.5.27-1	libgphoto2-6	2.5.27-1	arm64	False
libgphoto2-port12	2.5.27-1	exact-arm64	libgphoto2	2.5.27-1	libgphoto2-port12	2.5.27-1	arm64	False
libgpm2	1.20.7-8	exact-arm64	gpm	1.20.7-8	libgpm2	1.20.7-8	arm64	False
libgraphite2-3	1.3.14-1	exact-arm64	graphite2	1.3.14-1	libgraphite2-3	1.3.14-1	arm64	False
libgs9	9.53.3~dfsg-7+deb11u5	exact-arm64	ghostscript	9.53.3~dfsg-7+deb11u5	libgs9	9.53.3~dfsg-7+deb11u5	arm64	False
libgs9-common	9.53.3~dfsg-7+deb11u5	reuse-all	ghostscript	9.53.3~dfsg-7+deb11u5	libgs9-common	9.53.3~dfsg-7+deb11u5	all	False
libgsf-1-114	1.14.47-1	exact-arm64	libgsf	1.14.47-1	libgsf-1-114	1.14.47-1	arm64	False
libgsf-1-common	1.14.47-1	reuse-all	libgsf	1.14.47-1	libgsf-1-common	1.14.47-1	all	False
libgsm1	1.0.18-2	exact-arm64	libgsm	1.0.18-2	libgsm1	1.0.18-2	arm64	False
libgsound0	1.0.2-5	exact-arm64	gsound	1.0.2-5	libgsound0	1.0.2-5	arm64	False
libgspell-1-2	1.8.4-1	exact-arm64	gspell	1.8.4-1	libgspell-1-2	1.8.4-1	arm64	False
libgspell-1-common	1.8.4-1	reuse-all	gspell	1.8.4-1	libgspell-1-common	1.8.4-1	all	False
libgssapi-krb5-2	1.18.3-6+deb11u3	exact-arm64	krb5	1.18.3-6+deb11u3	libgssapi-krb5-2	1.18.3-6+deb11u3	arm64	False
libgssdp-1.2-0	1.2.3-2	exact-arm64	gssdp	1.2.3-2	libgssdp-1.2-0	1.2.3-2	arm64	False
libgstreamer-gl1.0-0	1.18.4-2+deb11u1	exact-arm64	gst-plugins-base1.0	1.18.4-2+deb11u1	libgstreamer-gl1.0-0	1.18.4-2+deb11u1	arm64	False
libgstreamer-plugins-bad1.0-0	1.18.4-3+deb11u1	exact-arm64	gst-plugins-bad1.0	1.18.4-3+deb11u1	libgstreamer-plugins-bad1.0-0	1.18.4-3+deb11u1	arm64	False
libgstreamer-plugins-base1.0-0	1.18.4-2+deb11u1	exact-arm64	gst-plugins-base1.0	1.18.4-2+deb11u1	libgstreamer-plugins-base1.0-0	1.18.4-2+deb11u1	arm64	False
libgstreamer1.0-0	1.18.4-2.1	exact-arm64	gstreamer1.0	1.18.4-2.1	libgstreamer1.0-0	1.18.4-2.1	arm64	False
libgtk-3-0	3.24.24-4+grm3u2	rebuild-arm64	gtk+3.0	3.24.24-4+grm3u2	libgtk-3-0	3.24.24-4+grm3u2	arm64	True
libgtk-3-bin	3.24.24-4+grm3u2	rebuild-arm64	gtk+3.0	3.24.24-4+grm3u2	libgtk-3-bin	3.24.24-4+grm3u2	arm64	True
libgtk-3-common	3.24.24-4+grm3u2	reuse-all	gtk+3.0	3.24.24-4+grm3u2	libgtk-3-common	3.24.24-4+grm3u2	all	True
libgtk2.0-0	2.24.33-2+grm3u1	rebuild-arm64	gtk+2.0	2.24.33-2+grm3u1	libgtk2.0-0	2.24.33-2+grm3u1	arm64	True
libgtk2.0-common	2.24.33-2+grm3u1	reuse-all	gtk+2.0	2.24.33-2+grm3u1	libgtk2.0-common	2.24.33-2+grm3u1	all	True
libgtk3-perl	0.038-1	reuse-all	libgtk3-perl	0.038-1	libgtk3-perl	0.038-1	all	False
libgtkmm-3.0-1v5	3.24.2-2	exact-arm64	gtkmm3.0	3.24.2-2	libgtkmm-3.0-1v5	3.24.2-2	arm64	False
libgtksourceview-4-0	4.8.0-1	exact-arm64	gtksourceview4	4.8.0-1	libgtksourceview-4-0	4.8.0-1	arm64	False
libgtksourceview-4-common	4.8.0-1	reuse-all	gtksourceview4	4.8.0-1	libgtksourceview-4-common	4.8.0-1	all	False
libgtop-2.0-11	2.40.0-2	exact-arm64	libgtop2	2.40.0-2	libgtop-2.0-11	2.40.0-2	arm64	False
libgtop2-common	2.40.0-2	reuse-all	libgtop2	2.40.0-2	libgtop2-common	2.40.0-2	all	False
libgudev-1.0-0	234-1	exact-arm64	libgudev	234-1	libgudev-1.0-0	234-1	arm64	False
libgupnp-1.2-0	1.2.4-1	exact-arm64	gupnp	1.2.4-1	libgupnp-1.2-0	1.2.4-1	arm64	False
libgupnp-av-1.0-2	0.12.11-2	exact-arm64	gupnp-av	0.12.11-2	libgupnp-av-1.0-2	0.12.11-2	arm64	False
libgupnp-dlna-2.0-3	0.10.5-4	exact-arm64	gupnp-dlna	0.10.5-4	libgupnp-dlna-2.0-3	0.10.5-4	arm64	False
libgupnp-igd-1.0-4	1.2.0-1	exact-arm64	gupnp-igd	1.2.0-1	libgupnp-igd-1.0-4	1.2.0-1	arm64	False
libgusb2	0.3.5-1	exact-arm64	libgusb	0.3.5-1	libgusb2	0.3.5-1	arm64	False
libgutenprint-common	5.3.3-5	reuse-all	gutenprint	5.3.3-5	libgutenprint-common	5.3.3-5	all	False
libgutenprint9	5.3.3-5	exact-arm64	gutenprint	5.3.3-5	libgutenprint9	5.3.3-5	arm64	False
libgweather-3-16	3.36.1-3	exact-arm64	libgweather	3.36.1-3	libgweather-3-16	3.36.1-3	arm64	False
libgweather-common	3.36.1-3	reuse-all	libgweather	3.36.1-3	libgweather-common	3.36.1-3	all	False
libgxps2	0.3.2-1	exact-arm64	libgxps	0.3.2-1	libgxps2	0.3.2-1	arm64	False
libhandy-1-0	1.0.3-2	exact-arm64	libhandy-1	1.0.3-2	libhandy-1-0	1.0.3-2	arm64	False
libhangul-data	0.1.0+git20191003-2	reuse-all	libhangul	0.1.0+git20191003-2	libhangul-data	0.1.0+git20191003-2	all	False
libhangul1	0.1.0+git20191003-2	exact-arm64	libhangul	0.1.0+git20191003-2	libhangul1	0.1.0+git20191003-2	arm64	False
libharfbuzz-icu0	2.7.4-1	exact-arm64	harfbuzz	2.7.4-1	libharfbuzz-icu0	2.7.4-1	arm64	False
libharfbuzz0b	2.7.4-1	exact-arm64	harfbuzz	2.7.4-1	libharfbuzz0b	2.7.4-1	arm64	False
libhogweed6	3.7.3-1	exact-arm64	nettle	3.7.3-1	libhogweed6	3.7.3-1	arm64	False
libhpmud0	3.21.2+dfsg1-2	exact-arm64	hplip	3.21.2+dfsg1-2	libhpmud0	3.21.2+dfsg1-2	arm64	False
libhunspell-1.7-0	1.7.0-3	exact-arm64	hunspell	1.7.0-3	libhunspell-1.7-0	1.7.0-3	arm64	False
libhx32	3.25-2	exact-arm64	libhx	3.25-2	libhx32	3.25-2	arm64	False
libhyphen0	2.8.8-7	exact-arm64	hyphen	2.8.8-7	libhyphen0	2.8.8-7	arm64	False
libibus-1.0-5	1.5.23-2	exact-arm64	ibus	1.5.23-2	libibus-1.0-5	1.5.23-2	arm64	False
libical3	3.0.9-2	exact-arm64	libical3	3.0.9-2	libical3	3.0.9-2	arm64	False
libice6	2:1.0.10-1	exact-arm64	libice	2:1.0.10-1	libice6	2:1.0.10-1	arm64	False
libicu67	67.1-7	exact-arm64	icu	67.1-7	libicu67	67.1-7	arm64	False
libidn11	1.33-3	exact-arm64	libidn	1.33-3	libidn11	1.33-3	arm64	False
libidn2-0	2.3.0-5	exact-arm64	libidn2	2.3.0-5	libidn2-0	2.3.0-5	arm64	False
libiec61883-0	1.2.0-4	exact-arm64	libiec61883	1.2.0-4	libiec61883-0	1.2.0-4	arm64	False
libieee1284-3	0.2.11-14	exact-arm64	libieee1284	0.2.11-14	libieee1284-3	0.2.11-14	arm64	False
libijs-0.35	0.35-15	exact-arm64	ijs	0.35-15	libijs-0.35	0.35-15	arm64	False
libilmbase25	2.5.4-1	exact-arm64	ilmbase	2.5.4-1	libilmbase25	2.5.4-1	arm64	False
libimagequant0	2.12.2-1.1	exact-arm64	libimagequant	2.12.2-1.1	libimagequant0	2.12.2-1.1	arm64	False
libimobiledevice6	1.3.0-6	exact-arm64	libimobiledevice	1.3.0-6	libimobiledevice6	1.3.0-6	arm64	False
libinput-bin	1.16.4-3	exact-arm64	libinput	1.16.4-3	libinput-bin	1.16.4-3	arm64	False
libinput10	1.16.4-3	exact-arm64	libinput	1.16.4-3	libinput10	1.16.4-3	arm64	False
libinstpatch-1.0-2	1.1.6-1	exact-arm64	libinstpatch	1.1.6-1	libinstpatch-1.0-2	1.1.6-1	arm64	False
libip4tc2	1.8.7-1	exact-arm64	iptables	1.8.7-1	libip4tc2	1.8.7-1	arm64	False
libip6tc2	1.8.7-1	exact-arm64	iptables	1.8.7-1	libip6tc2	1.8.7-1	arm64	False
libiptcdata0	1.0.5-2.3	exact-arm64	libiptcdata	1.0.5-2.3	libiptcdata0	1.0.5-2.3	arm64	False
libisc-export1105	1:9.11.19+dfsg-2.1	exact-arm64	bind9-libs	1:9.11.19+dfsg-2.1	libisc-export1105	1:9.11.19+dfsg-2.1	arm64	False
libisl23	0.23-1	exact-arm64	isl	0.23-1	libisl23	0.23-1	arm64	False
libjack-jackd2-0	1.9.17~dfsg-1	exact-arm64	jackd2	1.9.17~dfsg-1	libjack-jackd2-0	1.9.17~dfsg-1	arm64	False
libjansson4	2.13.1-1.1	exact-arm64	jansson	2.13.1-1.1	libjansson4	2.13.1-1.1	arm64	False
libjavascriptcoregtk-4.0-18	2.40.3-2~deb11u2	exact-arm64	webkit2gtk	2.40.3-2~deb11u2	libjavascriptcoregtk-4.0-18	2.40.3-2~deb11u2	arm64	False
libjbig0	2.1-3.1+b2	exact-arm64	jbigkit	2.1-3.1	libjbig0	2.1-3.1+b2	arm64	False
libjbig2dec0	0.19-2	exact-arm64	jbig2dec	0.19-2	libjbig2dec0	0.19-2	arm64	False
libjpeg62-turbo	1:2.0.6-4	exact-arm64	libjpeg-turbo	1:2.0.6-4	libjpeg62-turbo	1:2.0.6-4	arm64	False
libjson-c5	0.15-2	exact-arm64	json-c	0.15-2	libjson-c5	0.15-2	arm64	False
libjson-glib-1.0-0	1.6.2-1	exact-arm64	json-glib	1.6.2-1	libjson-glib-1.0-0	1.6.2-1	arm64	False
libjson-glib-1.0-common	1.6.2-1	reuse-all	json-glib	1.6.2-1	libjson-glib-1.0-common	1.6.2-1	all	False
libjsoncpp24	1.9.4-4	exact-arm64	libjsoncpp	1.9.4-4	libjsoncpp24	1.9.4-4	arm64	False
libk5crypto3	1.18.3-6+deb11u3	exact-arm64	krb5	1.18.3-6+deb11u3	libk5crypto3	1.18.3-6+deb11u3	arm64	False
libkate1	0.4.1-11	exact-arm64	libkate	0.4.1-11	libkate1	0.4.1-11	arm64	False
libkeybinder-3.0-0	0.3.2-1.1	exact-arm64	keybinder-3.0	0.3.2-1.1	libkeybinder-3.0-0	0.3.2-1.1	arm64	False
libkeyutils1	1.6.1-2	exact-arm64	keyutils	1.6.1-2	libkeyutils1	1.6.1-2	arm64	False
libklibc	2.0.8-6.1	exact-arm64	klibc	2.0.8-6.1	libklibc	2.0.8-6.1	arm64	False
libkmod2	28-1	exact-arm64	kmod	28-1	libkmod2	28-1	arm64	False
libkrb5-3	1.18.3-6+deb11u3	exact-arm64	krb5	1.18.3-6+deb11u3	libkrb5-3	1.18.3-6+deb11u3	arm64	False
libkrb5support0	1.18.3-6+deb11u3	exact-arm64	krb5	1.18.3-6+deb11u3	libkrb5support0	1.18.3-6+deb11u3	arm64	False
libksba8	1.5.0-3+deb11u2	exact-arm64	libksba	1.5.0-3+deb11u2	libksba8	1.5.0-3+deb11u2	arm64	False
liblapack3	3.9.0-3	exact-arm64	lapack	3.9.0-3	liblapack3	3.9.0-3	arm64	False
liblcms2-2	2.12~rc1-2	exact-arm64	lcms2	2.12~rc1-2	liblcms2-2	2.12~rc1-2	arm64	False
liblcms2-utils	2.12~rc1-2	exact-arm64	lcms2	2.12~rc1-2	liblcms2-utils	2.12~rc1-2	arm64	False
libldap-2.4-2	2.4.57+dfsg-3+deb11u1	exact-arm64	openldap	2.4.57+dfsg-3+deb11u1	libldap-2.4-2	2.4.57+dfsg-3+deb11u1	arm64	False
libldb2	2:2.2.3-2~deb11u2	exact-arm64	ldb	2:2.2.3-2~deb11u2	libldb2	2:2.2.3-2~deb11u2	arm64	False
liblightdm-gobject-1-0	1.26.0-7+grm3u1	rebuild-arm64	lightdm	1.26.0-7+grm3u1	liblightdm-gobject-1-0	1.26.0-7+grm3u1	arm64	True
liblilv-0-0	0.24.12-2	exact-arm64	lilv	0.24.12-2	liblilv-0-0	0.24.12-2	arm64	False
libllvm11	1:11.0.1-2	exact-arm64	llvm-toolchain-11	1:11.0.1-2	libllvm11	1:11.0.1-2	arm64	False
liblmdb0	0.9.24-1	exact-arm64	lmdb	0.9.24-1	liblmdb0	0.9.24-1	arm64	False
liblocale-gettext-perl	1.07-4+b1	exact-arm64	liblocale-gettext-perl	1.07-4	liblocale-gettext-perl	1.07-4+b1	arm64	False
liblognorm5	2.0.5-1.1	exact-arm64	liblognorm	2.0.5-1.1	liblognorm5	2.0.5-1.1	arm64	False
libltc11	1.3.1-1	exact-arm64	libltc	1.3.1-1	libltc11	1.3.1-1	arm64	False
libltdl7	2.4.6-15	exact-arm64	libtool	2.4.6-15	libltdl7	2.4.6-15	arm64	False
liblua5.2-0	5.2.4-1.1+b3	exact-arm64	lua5.2	5.2.4-1.1	liblua5.2-0	5.2.4-1.1+b3	arm64	False
liblz4-1	1.9.3-2	exact-arm64	lz4	1.9.3-2	liblz4-1	1.9.3-2	arm64	False
liblzma5	5.2.5-2.1~deb11u1	exact-arm64	xz-utils	5.2.5-2.1~deb11u1	liblzma5	5.2.5-2.1~deb11u1	arm64	False
liblzo2-2	2.10-2	exact-arm64	lzo2	2.10-2	liblzo2-2	2.10-2	arm64	False
libmagic-mgc	1:5.39-3	exact-arm64	file	1:5.39-3	libmagic-mgc	1:5.39-3	arm64	False
libmagic1	1:5.39-3	exact-arm64	file	1:5.39-3	libmagic1	1:5.39-3	arm64	False
libmalcontent-0-0	0.10.0-2	exact-arm64	malcontent	0.10.0-2	libmalcontent-0-0	0.10.0-2	arm64	False
libmalcontent-ui-0-0	0.10.0-2	exact-arm64	malcontent	0.10.0-2	libmalcontent-ui-0-0	0.10.0-2	arm64	False
libmanette-0.2-0	0.2.5-1	exact-arm64	libmanette	0.2.5-1	libmanette-0.2-0	0.2.5-1	arm64	False
libmd0	1.0.3-3	exact-arm64	libmd	1.0.3-3	libmd0	1.0.3-3	arm64	False
libmd4c0	0.4.7-2	exact-arm64	md4c	0.4.7-2	libmd4c0	0.4.7-2	arm64	False
libmediaart-2.0-0	1.9.4-3	exact-arm64	libmediaart	1.9.4-3	libmediaart-2.0-0	1.9.4-3	arm64	False
libmetacity3	1:3.38.0-2+grm3u1	rebuild-arm64	metacity	1:3.38.0-2+grm3u1	libmetacity3	1:3.38.0-2+grm3u1	arm64	True
libminizip1	1.1-8+b1	exact-arm64	minizip	1.1-8	libminizip1	1.1-8+b1	arm64	False
libmjpegutils-2.1-0	1:2.1.0+debian-6	exact-arm64	mjpegtools	1:2.1.0+debian-6	libmjpegutils-2.1-0	1:2.1.0+debian-6	arm64	False
libmm-glib0	1.14.12-0.2	exact-arm64	modemmanager	1.14.12-0.2	libmm-glib0	1.14.12-0.2	arm64	False
libmms0	0.6.4-3	exact-arm64	libmms	0.6.4-3	libmms0	0.6.4-3	arm64	False
libmnl0	1.0.4-3	exact-arm64	libmnl	1.0.4-3	libmnl0	1.0.4-3	arm64	False
libmodplug1	1:0.8.9.0-3	exact-arm64	libmodplug	1:0.8.9.0-3	libmodplug1	1:0.8.9.0-3	arm64	False
libmount1	2.36.1-8+deb11u1	exact-arm64	util-linux	2.36.1-8+deb11u1	libmount1	2.36.1-8+deb11u1	arm64	False
libmozjs-78-0	78.4.0-2	exact-arm64	mozjs78	78.4.0-2	libmozjs-78-0	78.4.0-2	arm64	False
libmp3lame0	3.100-3	exact-arm64	lame	3.100-3	libmp3lame0	3.100-3	arm64	False
libmpc3	1.2.0-1	exact-arm64	mpclib3	1.2.0-1	libmpc3	1.2.0-1	arm64	False
libmpcdec6	2:0.1~r495-2	exact-arm64	libmpc	2:0.1~r495-2	libmpcdec6	2:0.1~r495-2	arm64	False
libmpdec3	2.5.1-1	exact-arm64	mpdecimal	2.5.1-1	libmpdec3	2.5.1-1	arm64	False
libmpeg2-4	0.5.1-9	exact-arm64	mpeg2dec	0.5.1-9	libmpeg2-4	0.5.1-9	arm64	False
libmpeg2encpp-2.1-0	1:2.1.0+debian-6	exact-arm64	mjpegtools	1:2.1.0+debian-6	libmpeg2encpp-2.1-0	1:2.1.0+debian-6	arm64	False
libmpfr6	4.1.0-3	exact-arm64	mpfr4	4.1.0-3	libmpfr6	4.1.0-3	arm64	False
libmpg123-0	1.26.4-1	exact-arm64	mpg123	1.26.4-1	libmpg123-0	1.26.4-1	arm64	False
libmplex2-2.1-0	1:2.1.0+debian-6	exact-arm64	mjpegtools	1:2.1.0+debian-6	libmplex2-2.1-0	1:2.1.0+debian-6	arm64	False
libmpv1	0.32.0-3	exact-arm64	mpv	0.32.0-3	libmpv1	0.32.0-3	arm64	False
libmtdev1	1.1.6-1	exact-arm64	mtdev	1.1.6-1	libmtdev1	1.1.6-1	arm64	False
libmtp-common	1.1.17-3	reuse-all	libmtp	1.1.17-3	libmtp-common	1.1.17-3	all	False
libmtp9	1.1.17-3	exact-arm64	libmtp	1.1.17-3	libmtp9	1.1.17-3	arm64	False
libmysofa1	1.2~dfsg0-1	exact-arm64	libmysofa	1.2~dfsg0-1	libmysofa1	1.2~dfsg0-1	arm64	False
libnautilus-extension1a	3.38.2-1+deb11u1+grm3u8	rebuild-arm64	nautilus	3.38.2-1+deb11u1+grm3u8	libnautilus-extension1a	3.38.2-1+deb11u1+grm3u8	arm64	True
libncurses6	6.2+20201114-2+deb11u1	exact-arm64	ncurses	6.2+20201114-2+deb11u1	libncurses6	6.2+20201114-2+deb11u1	arm64	False
libncursesw6	6.2+20201114-2+deb11u1	exact-arm64	ncurses	6.2+20201114-2+deb11u1	libncursesw6	6.2+20201114-2+deb11u1	arm64	False
libndp0	1.6-1+b1	exact-arm64	libndp	1.6-1	libndp0	1.6-1+b1	arm64	False
libneon27	0.31.2-1	exact-arm64	neon27	0.31.2-1	libneon27	0.31.2-1	arm64	False
libnetfilter-conntrack3	1.0.8-3	exact-arm64	libnetfilter-conntrack	1.0.8-3	libnetfilter-conntrack3	1.0.8-3	arm64	False
libnettle8	3.7.3-1	exact-arm64	nettle	3.7.3-1	libnettle8	3.7.3-1	arm64	False
libnewt0.52	0.52.21-4+b3	exact-arm64	newt	0.52.21-4	libnewt0.52	0.52.21-4+b3	arm64	False
libnfnetlink0	1.0.1-3+b1	exact-arm64	libnfnetlink	1.0.1-3	libnfnetlink0	1.0.1-3+b1	arm64	False
libnfs13	4.0.0-1	exact-arm64	libnfs	4.0.0-1	libnfs13	4.0.0-1	arm64	False
libnftables1	0.9.8-3.1+deb11u1	exact-arm64	nftables	0.9.8-3.1+deb11u1	libnftables1	0.9.8-3.1+deb11u1	arm64	False
libnftnl11	1.1.9-1	exact-arm64	libnftnl	1.1.9-1	libnftnl11	1.1.9-1	arm64	False
libnghttp2-14	1.43.0-1	exact-arm64	nghttp2	1.43.0-1	libnghttp2-14	1.43.0-1	arm64	False
libnice10	0.1.16-1	exact-arm64	libnice	0.1.16-1	libnice10	0.1.16-1	arm64	False
libnimf1	2023.06.30+grm3u1	rebuild-arm64	nimf	2023.06.30+grm3u1	libnimf1	2023.06.30+grm3u1	arm64	True
libnl-3-200	3.4.0-1+b1	exact-arm64	libnl3	3.4.0-1	libnl-3-200	3.4.0-1+b1	arm64	False
libnl-genl-3-200	3.4.0-1+b1	exact-arm64	libnl3	3.4.0-1	libnl-genl-3-200	3.4.0-1+b1	arm64	False
libnl-route-3-200	3.4.0-1+b1	exact-arm64	libnl3	3.4.0-1	libnl-route-3-200	3.4.0-1+b1	arm64	False
libnm0	1.30.0-2+grm3u3	rebuild-arm64	network-manager	1.30.0-2+grm3u3	libnm0	1.30.0-2+grm3u3	arm64	True
libnma-common	1.8.30-1+grm3u2	reuse-all	libnma	1.8.30-1+grm3u2	libnma-common	1.8.30-1+grm3u2	all	True
libnma0	1.8.30-1+grm3u2	rebuild-arm64	libnma	1.8.30-1+grm3u2	libnma0	1.8.30-1+grm3u2	arm64	True
libnorm1	1.5.9+dfsg-2	exact-arm64	norm	1.5.9+dfsg-2	libnorm1	1.5.9+dfsg-2	arm64	False
libnotify-bin	0.7.9-3	exact-arm64	libnotify	0.7.9-3	libnotify-bin	0.7.9-3	arm64	False
libnotify4	0.7.9-3	exact-arm64	libnotify	0.7.9-3	libnotify4	0.7.9-3	arm64	False
libnpth0	1.6-3	exact-arm64	npth	1.6-3	libnpth0	1.6-3	arm64	False
libnsl2	1.3.0-2	exact-arm64	libnsl	1.3.0-2	libnsl2	1.3.0-2	arm64	False
libnspr4	2:4.29-1	exact-arm64	nspr	2:4.29-1	libnspr4	2:4.29-1	arm64	False
libnss3	2:3.61-1+deb11u3	exact-arm64	nss	2:3.61-1+deb11u3	libnss3	2:3.61-1+deb11u3	arm64	False
libntfs-3g883	1:2017.3.23AR.3-4+deb11u3	exact-arm64	ntfs-3g	1:2017.3.23AR.3-4+deb11u3	libntfs-3g883	1:2017.3.23AR.3-4+deb11u3	arm64	False
libnuma1	2.0.12-1+b1	exact-arm64	numactl	2.0.12-1	libnuma1	2.0.12-1+b1	arm64	False
libofa0	0.9.3-21	exact-arm64	libofa	0.9.3-21	libofa0	0.9.3-21	arm64	False
libogg0	1.3.4-0.1	exact-arm64	libogg	1.3.4-0.1	libogg0	1.3.4-0.1	arm64	False
libopenal-data	1:1.19.1-2	reuse-all	openal-soft	1:1.19.1-2	libopenal-data	1:1.19.1-2	all	False
libopenal1	1:1.19.1-2	exact-arm64	openal-soft	1:1.19.1-2	libopenal1	1:1.19.1-2	arm64	False
libopencore-amrnb0	0.1.5-1	exact-arm64	opencore-amr	0.1.5-1	libopencore-amrnb0	0.1.5-1	arm64	False
libopencore-amrwb0	0.1.5-1	exact-arm64	opencore-amr	0.1.5-1	libopencore-amrwb0	0.1.5-1	arm64	False
libopenexr25	2.5.4-2+deb11u1	exact-arm64	openexr	2.5.4-2+deb11u1	libopenexr25	2.5.4-2+deb11u1	arm64	False
libopenjp2-7	2.4.0-3	exact-arm64	openjpeg2	2.4.0-3	libopenjp2-7	2.4.0-3	arm64	False
libopenmpt0	0.4.11-1	exact-arm64	libopenmpt	0.4.11-1	libopenmpt0	0.4.11-1	arm64	False
libopenni2-0	2.2.0.33+dfsg-15	exact-arm64	openni2	2.2.0.33+dfsg-15	libopenni2-0	2.2.0.33+dfsg-15	arm64	False
libopus0	1.3.1-0.1	exact-arm64	opus	1.3.1-0.1	libopus0	1.3.1-0.1	arm64	False
liborc-0.4-0	1:0.4.32-1	exact-arm64	orc	1:0.4.32-1	liborc-0.4-0	1:0.4.32-1	arm64	False
libosinfo-1.0-0	1.8.0-1	exact-arm64	libosinfo	1.8.0-1	libosinfo-1.0-0	1.8.0-1	arm64	False
libostree-1-1	2020.8-2+deb11u1	exact-arm64	ostree	2020.8-2+deb11u1	libostree-1-1	2020.8-2+deb11u1	arm64	False
libp11-kit0	0.23.22-1	exact-arm64	p11-kit	0.23.22-1	libp11-kit0	0.23.22-1	arm64	False
libpackagekit-glib2-18	1.2.2-2	exact-arm64	packagekit	1.2.2-2	libpackagekit-glib2-18	1.2.2-2	arm64	False
libpam-gnome-keyring	3.36.0-1	exact-arm64	gnome-keyring	3.36.0-1	libpam-gnome-keyring	3.36.0-1	arm64	False
libpam-modules	1.4.0-9+deb11u1	exact-arm64	pam	1.4.0-9+deb11u1	libpam-modules	1.4.0-9+deb11u1	arm64	False
libpam-modules-bin	1.4.0-9+deb11u1	exact-arm64	pam	1.4.0-9+deb11u1	libpam-modules-bin	1.4.0-9+deb11u1	arm64	False
libpam-mount	2.18-1	exact-arm64	libpam-mount	2.18-1	libpam-mount	2.18-1	arm64	False
libpam-pwquality	1.4.4-1	exact-arm64	libpwquality	1.4.4-1	libpam-pwquality	1.4.4-1	arm64	False
libpam-runtime	1.4.0-9+deb11u1	reuse-all	pam	1.4.0-9+deb11u1	libpam-runtime	1.4.0-9+deb11u1	all	False
libpam-systemd	247.3-7+deb11u4	exact-arm64	systemd	247.3-7+deb11u4	libpam-systemd	247.3-7+deb11u4	arm64	False
libpam0g	1.4.0-9+deb11u1	exact-arm64	pam	1.4.0-9+deb11u1	libpam0g	1.4.0-9+deb11u1	arm64	False
libpango-1.0-0	1.46.2-3	exact-arm64	pango1.0	1.46.2-3	libpango-1.0-0	1.46.2-3	arm64	False
libpangocairo-1.0-0	1.46.2-3	exact-arm64	pango1.0	1.46.2-3	libpangocairo-1.0-0	1.46.2-3	arm64	False
libpangoft2-1.0-0	1.46.2-3	exact-arm64	pango1.0	1.46.2-3	libpangoft2-1.0-0	1.46.2-3	arm64	False
libpangomm-1.4-1v5	2.42.1-1	exact-arm64	pangomm	2.42.1-1	libpangomm-1.4-1v5	2.42.1-1	arm64	False
libpangoxft-1.0-0	1.46.2-3	exact-arm64	pango1.0	1.46.2-3	libpangoxft-1.0-0	1.46.2-3	arm64	False
libpaper1	1.1.28+b1	exact-arm64	libpaper	1.1.28	libpaper1	1.1.28+b1	arm64	False
libparted-fs-resize0	3.4-1	exact-arm64	parted	3.4-1	libparted-fs-resize0	3.4-1	arm64	False
libparted2	3.4-1	exact-arm64	parted	3.4-1	libparted2	3.4-1	arm64	False
libpcap0.8	1.10.0-2	exact-arm64	libpcap	1.10.0-2	libpcap0.8	1.10.0-2	arm64	False
libpci3	1:3.7.0-5	exact-arm64	pciutils	1:3.7.0-5	libpci3	1:3.7.0-5	arm64	False
libpciaccess0	0.16-1	exact-arm64	libpciaccess	0.16-1	libpciaccess0	0.16-1	arm64	False
libpcre2-16-0	10.36-2+deb11u1	exact-arm64	pcre2	10.36-2+deb11u1	libpcre2-16-0	10.36-2+deb11u1	arm64	False
libpcre2-8-0	10.36-2+deb11u1	exact-arm64	pcre2	10.36-2+deb11u1	libpcre2-8-0	10.36-2+deb11u1	arm64	False
libpcre3	2:8.39-13	exact-arm64	pcre3	2:8.39-13	libpcre3	2:8.39-13	arm64	False
libpcsclite1	1.9.1-1	exact-arm64	pcsc-lite	1.9.1-1	libpcsclite1	1.9.1-1	arm64	False
libpeas-1.0-0	1.28.0-2+b1	exact-arm64	libpeas	1.28.0-2	libpeas-1.0-0	1.28.0-2+b1	arm64	False
libpeas-common	1.28.0-2	reuse-all	libpeas	1.28.0-2	libpeas-common	1.28.0-2	all	False
libperl5.32	5.32.1-4+deb11u2	exact-arm64	perl	5.32.1-4+deb11u2	libperl5.32	5.32.1-4+deb11u2	arm64	False
libpgm-5.3-0	5.3.128~dfsg-2	exact-arm64	libpgm	5.3.128~dfsg-2	libpgm-5.3-0	5.3.128~dfsg-2	arm64	False
libpipeline1	1.5.3-1	exact-arm64	libpipeline	1.5.3-1	libpipeline1	1.5.3-1	arm64	False
libpipewire-0.3-0	0.3.19-4	exact-arm64	pipewire	0.3.19-4	libpipewire-0.3-0	0.3.19-4	arm64	False
libpixman-1-0	0.40.0-1.1~deb11u1	exact-arm64	pixman	0.40.0-1.1~deb11u1	libpixman-1-0	0.40.0-1.1~deb11u1	arm64	False
libpkcs11-helper1	1.27-1	exact-arm64	pkcs11-helper	1.27-1	libpkcs11-helper1	1.27-1	arm64	False
libplist3	2.2.0-6	exact-arm64	libplist	2.2.0-6	libplist3	2.2.0-6	arm64	False
libplymouth5	0.9.5-3	exact-arm64	plymouth	0.9.5-3	libplymouth5	0.9.5-3	arm64	False
libpng16-16	1.6.37-3	exact-arm64	libpng1.6	1.6.37-3	libpng16-16	1.6.37-3	arm64	False
libpocketsphinx3	0.8+5prealpha+1-13	exact-arm64	pocketsphinx	0.8+5prealpha+1-13	libpocketsphinx3	0.8+5prealpha+1-13	arm64	False
libpolkit-agent-1-0	0.105-31+nDeb11u1+grm3u1	rebuild-arm64	policykit-1	0.105-31+nDeb11u1+grm3u1	libpolkit-agent-1-0	0.105-31+nDeb11u1+grm3u1	arm64	True
libpolkit-gobject-1-0	0.105-31+nDeb11u1+grm3u1	rebuild-arm64	policykit-1	0.105-31+nDeb11u1+grm3u1	libpolkit-gobject-1-0	0.105-31+nDeb11u1+grm3u1	arm64	True
libpoppler-cpp0v5	20.09.0-3.1+deb11u1	exact-arm64	poppler	20.09.0-3.1+deb11u1	libpoppler-cpp0v5	20.09.0-3.1+deb11u1	arm64	False
libpoppler-glib8	20.09.0-3.1+deb11u1	exact-arm64	poppler	20.09.0-3.1+deb11u1	libpoppler-glib8	20.09.0-3.1+deb11u1	arm64	False
libpoppler102	20.09.0-3.1+deb11u1	exact-arm64	poppler	20.09.0-3.1+deb11u1	libpoppler102	20.09.0-3.1+deb11u1	arm64	False
libpopt0	1.18-2	exact-arm64	popt	1.18-2	libpopt0	1.18-2	arm64	False
libpostproc55	7:4.3.6-0+deb11u1	exact-arm64	ffmpeg	7:4.3.6-0+deb11u1	libpostproc55	7:4.3.6-0+deb11u1	arm64	False
libprocps8	2:3.3.17-5	exact-arm64	procps	2:3.3.17-5	libprocps8	2:3.3.17-5	arm64	False
libproxy1v5	0.4.17-1	exact-arm64	libproxy	0.4.17-1	libproxy1v5	0.4.17-1	arm64	False
libpsl5	0.21.0-1.2	exact-arm64	libpsl	0.21.0-1.2	libpsl5	0.21.0-1.2	arm64	False
libpulse-mainloop-glib0	14.2-2	exact-arm64	pulseaudio	14.2-2	libpulse-mainloop-glib0	14.2-2	arm64	False
libpulse0	14.2-2	exact-arm64	pulseaudio	14.2-2	libpulse0	14.2-2	arm64	False
libpulsedsp	14.2-2	exact-arm64	pulseaudio	14.2-2	libpulsedsp	14.2-2	arm64	False
libpwquality-common	1.4.4-1	reuse-all	libpwquality	1.4.4-1	libpwquality-common	1.4.4-1	all	False
libpwquality-tools	1.4.4-1	exact-arm64	libpwquality	1.4.4-1	libpwquality-tools	1.4.4-1	arm64	False
libpwquality1	1.4.4-1	exact-arm64	libpwquality	1.4.4-1	libpwquality1	1.4.4-1	arm64	False
libpython2.7-minimal	2.7.18-8	exact-arm64	python2.7	2.7.18-8	libpython2.7-minimal	2.7.18-8	arm64	False
libpython2.7-stdlib	2.7.18-8	exact-arm64	python2.7	2.7.18-8	libpython2.7-stdlib	2.7.18-8	arm64	False
libpython3-stdlib	3.9.2-3	exact-arm64	python3-defaults	3.9.2-3	libpython3-stdlib	3.9.2-3	arm64	False
libpython3.9	3.9.2-1	exact-arm64	python3.9	3.9.2-1	libpython3.9	3.9.2-1	arm64	False
libpython3.9-minimal	3.9.2-1	exact-arm64	python3.9	3.9.2-1	libpython3.9-minimal	3.9.2-1	arm64	False
libpython3.9-stdlib	3.9.2-1	exact-arm64	python3.9	3.9.2-1	libpython3.9-stdlib	3.9.2-1	arm64	False
libqpdf28	10.1.0-1	exact-arm64	qpdf	10.1.0-1	libqpdf28	10.1.0-1	arm64	False
libqt5designer5	5.15.2-5	exact-arm64	qttools-opensource-src	5.15.2-5	libqt5designer5	5.15.2-5	arm64	False
libqt5help5	5.15.2-5	exact-arm64	qttools-opensource-src	5.15.2-5	libqt5help5	5.15.2-5	arm64	False
libquvi-0.9-0.9.3	0.9.3-1.3	exact-arm64	libquvi	0.9.3-1.3	libquvi-0.9-0.9.3	0.9.3-1.3	arm64	False
libquvi-scripts-0.9	0.9.20131130-1.2	reuse-all	libquvi-scripts	0.9.20131130-1.2	libquvi-scripts-0.9	0.9.20131130-1.2	all	False
librabbitmq4	0.10.0-1	exact-arm64	librabbitmq	0.10.0-1	librabbitmq4	0.10.0-1	arm64	False
libraw1394-11	2.1.2-2	exact-arm64	libraw1394	2.1.2-2	libraw1394-11	2.1.2-2	arm64	False
libre2-9	20210201+dfsg-1	exact-arm64	re2	20210201+dfsg-1	libre2-9	20210201+dfsg-1	arm64	False
libreadline8	8.1-1	exact-arm64	readline	8.1-1	libreadline8	8.1-1	arm64	False
librest-0.7-0	0.8.1-1.1	exact-arm64	librest	0.8.1-1.1	librest-0.7-0	0.8.1-1.1	arm64	False
librsvg2-2	2.50.3+dfsg-1	exact-arm64	librsvg	2.50.3+dfsg-1	librsvg2-2	2.50.3+dfsg-1	arm64	False
librsvg2-common	2.50.3+dfsg-1	exact-arm64	librsvg	2.50.3+dfsg-1	librsvg2-common	2.50.3+dfsg-1	arm64	False
librtmp1	2.4+20151223.gitfa8646d.1-2+b2	exact-arm64	rtmpdump	2.4+20151223.gitfa8646d.1-2	librtmp1	2.4+20151223.gitfa8646d.1-2+b2	arm64	False
librubberband2	1.9.0-1	exact-arm64	rubberband	1.9.0-1	librubberband2	1.9.0-1	arm64	False
librygel-core-2.6-2	0.40.0-1	exact-arm64	rygel	0.40.0-1	librygel-core-2.6-2	0.40.0-1	arm64	False
librygel-db-2.6-2	0.40.0-1	exact-arm64	rygel	0.40.0-1	librygel-db-2.6-2	0.40.0-1	arm64	False
librygel-renderer-2.6-2	0.40.0-1	exact-arm64	rygel	0.40.0-1	librygel-renderer-2.6-2	0.40.0-1	arm64	False
librygel-server-2.6-2	0.40.0-1	exact-arm64	rygel	0.40.0-1	librygel-server-2.6-2	0.40.0-1	arm64	False
libsamplerate0	0.2.1+ds0-1	exact-arm64	libsamplerate	0.2.1+ds0-1	libsamplerate0	0.2.1+ds0-1	arm64	False
libsane-common	1.0.31-4.1	reuse-all	sane-backends	1.0.31-4.1	libsane-common	1.0.31-4.1	all	False
libsane1	1.0.31-4.1	exact-arm64	sane-backends	1.0.31-4.1	libsane1	1.0.31-4.1	arm64	False
libsasl2-2	2.1.27+dfsg-2.1+deb11u1	exact-arm64	cyrus-sasl2	2.1.27+dfsg-2.1+deb11u1	libsasl2-2	2.1.27+dfsg-2.1+deb11u1	arm64	False
libsasl2-modules-db	2.1.27+dfsg-2.1+deb11u1	exact-arm64	cyrus-sasl2	2.1.27+dfsg-2.1+deb11u1	libsasl2-modules-db	2.1.27+dfsg-2.1+deb11u1	arm64	False
libsbc1	1.5-3	exact-arm64	sbc	1.5-3	libsbc1	1.5-3	arm64	False
libsdl2-2.0-0	2.0.14+dfsg2-3+deb11u1	exact-arm64	libsdl2	2.0.14+dfsg2-3+deb11u1	libsdl2-2.0-0	2.0.14+dfsg2-3+deb11u1	arm64	False
libseccomp2	2.5.1-1+deb11u1	exact-arm64	libseccomp	2.5.1-1+deb11u1	libseccomp2	2.5.1-1+deb11u1	arm64	False
libsecret-1-0	0.20.4-2	exact-arm64	libsecret	0.20.4-2	libsecret-1-0	0.20.4-2	arm64	False
libsecret-common	0.20.4-2	reuse-all	libsecret	0.20.4-2	libsecret-common	0.20.4-2	all	False
libselinux1	3.1-3	exact-arm64	libselinux	3.1-3	libselinux1	3.1-3	arm64	False
libsemanage-common	3.1-1	reuse-all	libsemanage	3.1-1	libsemanage-common	3.1-1	all	False
libsemanage1	3.1-1+b2	exact-arm64	libsemanage	3.1-1	libsemanage1	3.1-1+b2	arm64	False
libsensors-config	1:3.6.0-7	reuse-all	lm-sensors	1:3.6.0-7	libsensors-config	1:3.6.0-7	all	False
libsensors5	1:3.6.0-7	exact-arm64	lm-sensors	1:3.6.0-7	libsensors5	1:3.6.0-7	arm64	False
libsepol1	3.1-1	exact-arm64	libsepol	3.1-1	libsepol1	3.1-1	arm64	False
libserd-0-0	0.30.10-2	exact-arm64	serd	0.30.10-2	libserd-0-0	0.30.10-2	arm64	False
libshine3	3.1.1-2	exact-arm64	shine	3.1.1-2	libshine3	3.1.1-2	arm64	False
libshout3	2.4.5-1+b1	exact-arm64	libshout	2.4.5-1	libshout3	2.4.5-1+b1	arm64	False
libsidplay1v5	1.36.60-1	exact-arm64	libsidplay	1.36.60-1	libsidplay1v5	1.36.60-1	arm64	False
libsigc++-2.0-0v5	2.10.4-2	exact-arm64	libsigc++-2.0	2.10.4-2	libsigc++-2.0-0v5	2.10.4-2	arm64	False
libslang2	2.3.2-5	exact-arm64	slang2	2.3.2-5	libslang2	2.3.2-5	arm64	False
libsm6	2:1.2.3-1	exact-arm64	libsm	2:1.2.3-1	libsm6	2:1.2.3-1	arm64	False
libsmartcols1	2.36.1-8+deb11u1	exact-arm64	util-linux	2.36.1-8+deb11u1	libsmartcols1	2.36.1-8+deb11u1	arm64	False
libsmbclient	2:4.13.13+dfsg-1~deb11u5	exact-arm64	samba	2:4.13.13+dfsg-1~deb11u5	libsmbclient	2:4.13.13+dfsg-1~deb11u5	arm64	False
libsnappy1v5	1.1.8-1	exact-arm64	snappy	1.1.8-1	libsnappy1v5	1.1.8-1	arm64	False
libsndfile1	1.0.31-2	exact-arm64	libsndfile	1.0.31-2	libsndfile1	1.0.31-2	arm64	False
libsndio7.0	1.5.0-3	exact-arm64	sndio	1.5.0-3	libsndio7.0	1.5.0-3	arm64	False
libsnmp-base	5.9+dfsg-4+deb11u1	reuse-all	net-snmp	5.9+dfsg-4+deb11u1	libsnmp-base	5.9+dfsg-4+deb11u1	all	False
libsnmp40	5.9+dfsg-4+deb11u1	exact-arm64	net-snmp	5.9+dfsg-4+deb11u1	libsnmp40	5.9+dfsg-4+deb11u1	arm64	False
libsodium23	1.0.18-1	exact-arm64	libsodium	1.0.18-1	libsodium23	1.0.18-1	arm64	False
libsord-0-0	0.16.8-2	exact-arm64	sord	0.16.8-2	libsord-0-0	0.16.8-2	arm64	False
libsoundtouch1	2.2+ds1-2	exact-arm64	soundtouch	2.2+ds1-2	libsoundtouch1	2.2+ds1-2	arm64	False
libsoup-gnome2.4-1	2.72.0-2	exact-arm64	libsoup2.4	2.72.0-2	libsoup-gnome2.4-1	2.72.0-2	arm64	False
libsoup2.4-1	2.72.0-2	exact-arm64	libsoup2.4	2.72.0-2	libsoup2.4-1	2.72.0-2	arm64	False
libsoxr0	0.1.3-4	exact-arm64	libsoxr	0.1.3-4	libsoxr0	0.1.3-4	arm64	False
libspa-0.2-modules	0.3.19-4	exact-arm64	pipewire	0.3.19-4	libspa-0.2-modules	0.3.19-4	arm64	False
libspandsp2	0.0.6+dfsg-2	exact-arm64	spandsp	0.0.6+dfsg-2	libspandsp2	0.0.6+dfsg-2	arm64	False
libspeex1	1.2~rc1.2-1.1	exact-arm64	speex	1.2~rc1.2-1.1	libspeex1	1.2~rc1.2-1.1	arm64	False
libspeexdsp1	1.2~rc1.2-1.1	exact-arm64	speex	1.2~rc1.2-1.1	libspeexdsp1	1.2~rc1.2-1.1	arm64	False
libsphinxbase3	0.8+5prealpha+1-12	exact-arm64	sphinxbase	0.8+5prealpha+1-12	libsphinxbase3	0.8+5prealpha+1-12	arm64	False
libsqlite3-0	3.34.1-3	exact-arm64	sqlite3	3.34.1-3	libsqlite3-0	3.34.1-3	arm64	False
libsratom-0-0	0.6.8-1	exact-arm64	sratom	0.6.8-1	libsratom-0-0	0.6.8-1	arm64	False
libsrt1.4-gnutls	1.4.2-1.3	exact-arm64	srt	1.4.2-1.3	libsrt1.4-gnutls	1.4.2-1.3	arm64	False
libsrtp2-1	2.3.0-5	exact-arm64	libsrtp2	2.3.0-5	libsrtp2-1	2.3.0-5	arm64	False
libss2	1.46.2-2	exact-arm64	e2fsprogs	1.46.2-2	libss2	1.46.2-2	arm64	False
libssh-gcrypt-4	0.9.7-0+deb11u1	exact-arm64	libssh	0.9.7-0+deb11u1	libssh-gcrypt-4	0.9.7-0+deb11u1	arm64	False
libssh2-1	1.9.0-2	exact-arm64	libssh2	1.9.0-2	libssh2-1	1.9.0-2	arm64	False
libssl1.1	1.1.1n-0+deb11u5	exact-arm64	openssl	1.1.1n-0+deb11u5	libssl1.1	1.1.1n-0+deb11u5	arm64	False
libstartup-notification0	0.12-6+b1	exact-arm64	startup-notification	0.12-6	libstartup-notification0	0.12-6+b1	arm64	False
libstdc++6	10.2.1-6	exact-arm64	gcc-10	10.2.1-6	libstdc++6	10.2.1-6	arm64	False
libstemmer0d	2.1.0-1	exact-arm64	snowball	2.1.0-1	libstemmer0d	2.1.0-1	arm64	False
libswresample3	7:4.3.6-0+deb11u1	exact-arm64	ffmpeg	7:4.3.6-0+deb11u1	libswresample3	7:4.3.6-0+deb11u1	arm64	False
libswscale5	7:4.3.6-0+deb11u1	exact-arm64	ffmpeg	7:4.3.6-0+deb11u1	libswscale5	7:4.3.6-0+deb11u1	arm64	False
libsystemd0	247.3-7+deb11u4	exact-arm64	systemd	247.3-7+deb11u4	libsystemd0	247.3-7+deb11u4	arm64	False
libtag1v5	1.11.1+dfsg.1-3	exact-arm64	taglib	1.11.1+dfsg.1-3	libtag1v5	1.11.1+dfsg.1-3	arm64	False
libtag1v5-vanilla	1.11.1+dfsg.1-3	exact-arm64	taglib	1.11.1+dfsg.1-3	libtag1v5-vanilla	1.11.1+dfsg.1-3	arm64	False
libtalloc2	2.3.1-2+b1	exact-arm64	talloc	2.3.1-2	libtalloc2	2.3.1-2+b1	arm64	False
libtasn1-6	4.16.0-2+deb11u1	exact-arm64	libtasn1-6	4.16.0-2+deb11u1	libtasn1-6	4.16.0-2+deb11u1	arm64	False
libtdb1	1.4.3-1+b1	exact-arm64	tdb	1.4.3-1	libtdb1	1.4.3-1+b1	arm64	False
libteamdctl0	1.31-1	exact-arm64	libteam	1.31-1	libteamdctl0	1.31-1	arm64	False
libtelepathy-glib0	0.24.1-3	exact-arm64	telepathy-glib	0.24.1-3	libtelepathy-glib0	0.24.1-3	arm64	False
libtepl-5-0	5.0.1-2	exact-arm64	tepl	5.0.1-2	libtepl-5-0	5.0.1-2	arm64	False
libtevent0	0.10.2-1	exact-arm64	tevent	0.10.2-1	libtevent0	0.10.2-1	arm64	False
libtext-charwidth-perl	0.04-10+b1	exact-arm64	libtext-charwidth-perl	0.04-10	libtext-charwidth-perl	0.04-10+b1	arm64	False
libtext-iconv-perl	1.7-7+b1	exact-arm64	libtext-iconv-perl	1.7-7	libtext-iconv-perl	1.7-7+b1	arm64	False
libtext-wrapi18n-perl	0.06-9	reuse-all	libtext-wrapi18n-perl	0.06-9	libtext-wrapi18n-perl	0.06-9	all	False
libthai-data	0.1.28-3	reuse-all	libthai	0.1.28-3	libthai-data	0.1.28-3	all	False
libthai0	0.1.28-3	exact-arm64	libthai	0.1.28-3	libthai0	0.1.28-3	arm64	False
libtheora0	1.1.1+dfsg.1-15	exact-arm64	libtheora	1.1.1+dfsg.1-15	libtheora0	1.1.1+dfsg.1-15	arm64	False
libtiff5	4.2.0-1+deb11u4	exact-arm64	tiff	4.2.0-1+deb11u4	libtiff5	4.2.0-1+deb11u4	arm64	False
libtinfo6	6.2+20201114-2+deb11u1	exact-arm64	ncurses	6.2+20201114-2+deb11u1	libtinfo6	6.2+20201114-2+deb11u1	arm64	False
libtirpc-common	1.3.1-1+deb11u1	reuse-all	libtirpc	1.3.1-1+deb11u1	libtirpc-common	1.3.1-1+deb11u1	all	False
libtirpc3	1.3.1-1+deb11u1	exact-arm64	libtirpc	1.3.1-1+deb11u1	libtirpc3	1.3.1-1+deb11u1	arm64	False
libtotem-plparser-common	3.26.5-5	reuse-all	totem-pl-parser	3.26.5-5	libtotem-plparser-common	3.26.5-5	all	False
libtotem-plparser18	3.26.5-5	exact-arm64	totem-pl-parser	3.26.5-5	libtotem-plparser18	3.26.5-5	arm64	False
libtracker-control-2.0-0	2.3.6-2	exact-arm64	tracker	2.3.6-2	libtracker-control-2.0-0	2.3.6-2	arm64	False
libtracker-miner-2.0-0	2.3.6-2	exact-arm64	tracker	2.3.6-2	libtracker-miner-2.0-0	2.3.6-2	arm64	False
libtracker-sparql-2.0-0	2.3.6-2	exact-arm64	tracker	2.3.6-2	libtracker-sparql-2.0-0	2.3.6-2	arm64	False
libtspi1	0.3.14+fixed1-1.2	exact-arm64	trousers	0.3.14+fixed1-1.2	libtspi1	0.3.14+fixed1-1.2	arm64	False
libtumbler-1-0	4.16.0-1	exact-arm64	tumbler	4.16.0-1	libtumbler-1-0	4.16.0-1	arm64	False
libtwolame0	0.4.0-2	exact-arm64	twolame	0.4.0-2	libtwolame0	0.4.0-2	arm64	False
libuchardet0	0.0.7-1	exact-arm64	uchardet	0.0.7-1	libuchardet0	0.0.7-1	arm64	False
libudev1	247.3-7+deb11u4	exact-arm64	systemd	247.3-7+deb11u4	libudev1	247.3-7+deb11u4	arm64	False
libudfread0	1.1.1-1	exact-arm64	libudfread	1.1.1-1	libudfread0	1.1.1-1	arm64	False
libudisks2-0	2.9.2-2+deb11u1	exact-arm64	udisks2	2.9.2-2+deb11u1	libudisks2-0	2.9.2-2+deb11u1	arm64	False
libunistring2	0.9.10-4	exact-arm64	libunistring	0.9.10-4	libunistring2	0.9.10-4	arm64	False
libunwind8	1.3.2-2	exact-arm64	libunwind	1.3.2-2	libunwind8	1.3.2-2	arm64	False
libupower-glib3	0.99.11-2	exact-arm64	upower	0.99.11-2	libupower-glib3	0.99.11-2	arm64	False
libusb-1.0-0	2:1.0.24-3	exact-arm64	libusb-1.0	2:1.0.24-3	libusb-1.0-0	2:1.0.24-3	arm64	False
libusbmuxd6	2.0.2-3	exact-arm64	libusbmuxd	2.0.2-3	libusbmuxd6	2.0.2-3	arm64	False
libuuid1	2.36.1-8+deb11u1	exact-arm64	util-linux	2.36.1-8+deb11u1	libuuid1	2.36.1-8+deb11u1	arm64	False
libv4l-0	1.20.0-2	exact-arm64	v4l-utils	1.20.0-2	libv4l-0	1.20.0-2	arm64	False
libv4lconvert0	1.20.0-2	exact-arm64	v4l-utils	1.20.0-2	libv4lconvert0	1.20.0-2	arm64	False
libva-drm2	2.10.0-1	exact-arm64	libva	2.10.0-1	libva-drm2	2.10.0-1	arm64	False
libva-wayland2	2.10.0-1	exact-arm64	libva	2.10.0-1	libva-wayland2	2.10.0-1	arm64	False
libva-x11-2	2.10.0-1	exact-arm64	libva	2.10.0-1	libva-x11-2	2.10.0-1	arm64	False
libva2	2.10.0-1	exact-arm64	libva	2.10.0-1	libva2	2.10.0-1	arm64	False
libvdpau1	1.4-3	exact-arm64	libvdpau	1.4-3	libvdpau1	1.4-3	arm64	False
libvidstab1.1	1.1.0-2+b1	exact-arm64	libvidstab	1.1.0-2	libvidstab1.1	1.1.0-2+b1	arm64	False
libvisual-0.4-0	0.4.0-17	exact-arm64	libvisual	0.4.0-17	libvisual-0.4-0	0.4.0-17	arm64	False
libvo-aacenc0	0.1.3-2	exact-arm64	vo-aacenc	0.1.3-2	libvo-aacenc0	0.1.3-2	arm64	False
libvo-amrwbenc0	0.1.3-2	exact-arm64	vo-amrwbenc	0.1.3-2	libvo-amrwbenc0	0.1.3-2	arm64	False
libvolume-key1	0.3.12-3.1+b1	exact-arm64	volume-key	0.3.12-3.1	libvolume-key1	0.3.12-3.1+b1	arm64	False
libvorbis0a	1.3.7-1	exact-arm64	libvorbis	1.3.7-1	libvorbis0a	1.3.7-1	arm64	False
libvorbisenc2	1.3.7-1	exact-arm64	libvorbis	1.3.7-1	libvorbisenc2	1.3.7-1	arm64	False
libvorbisfile3	1.3.7-1	exact-arm64	libvorbis	1.3.7-1	libvorbisfile3	1.3.7-1	arm64	False
libvpx6	1.9.0-1	exact-arm64	libvpx	1.9.0-1	libvpx6	1.9.0-1	arm64	False
libvte-2.91-0	0.62.3-1	exact-arm64	vte2.91	0.62.3-1	libvte-2.91-0	0.62.3-1	arm64	False
libvte-2.91-common	0.62.3-1	exact-arm64	vte2.91	0.62.3-1	libvte-2.91-common	0.62.3-1	arm64	False
libvulkan1	1.2.162.0-1	exact-arm64	vulkan-loader	1.2.162.0-1	libvulkan1	1.2.162.0-1	arm64	False
libwacom-common	1.8-2	reuse-all	libwacom	1.8-2	libwacom-common	1.8-2	all	False
libwacom2	1.8-2	exact-arm64	libwacom	1.8-2	libwacom2	1.8-2	arm64	False
libwavpack1	5.4.0-1	exact-arm64	wavpack	5.4.0-1	libwavpack1	5.4.0-1	arm64	False
libwayland-client0	1.18.0-2~exp1.1	exact-arm64	wayland	1.18.0-2~exp1.1	libwayland-client0	1.18.0-2~exp1.1	arm64	False
libwayland-cursor0	1.18.0-2~exp1.1	exact-arm64	wayland	1.18.0-2~exp1.1	libwayland-cursor0	1.18.0-2~exp1.1	arm64	False
libwayland-egl1	1.18.0-2~exp1.1	exact-arm64	wayland	1.18.0-2~exp1.1	libwayland-egl1	1.18.0-2~exp1.1	arm64	False
libwayland-server0	1.18.0-2~exp1.1	exact-arm64	wayland	1.18.0-2~exp1.1	libwayland-server0	1.18.0-2~exp1.1	arm64	False
libwbclient0	2:4.13.13+dfsg-1~deb11u5	exact-arm64	samba	2:4.13.13+dfsg-1~deb11u5	libwbclient0	2:4.13.13+dfsg-1~deb11u5	arm64	False
libwebkit2gtk-4.0-37	2.40.3-2~deb11u2	exact-arm64	webkit2gtk	2.40.3-2~deb11u2	libwebkit2gtk-4.0-37	2.40.3-2~deb11u2	arm64	False
libwebp6	0.6.1-2.1+deb11u1	exact-arm64	libwebp	0.6.1-2.1+deb11u1	libwebp6	0.6.1-2.1+deb11u1	arm64	False
libwebpdemux2	0.6.1-2.1+deb11u1	exact-arm64	libwebp	0.6.1-2.1+deb11u1	libwebpdemux2	0.6.1-2.1+deb11u1	arm64	False
libwebpmux3	0.6.1-2.1+deb11u1	exact-arm64	libwebp	0.6.1-2.1+deb11u1	libwebpmux3	0.6.1-2.1+deb11u1	arm64	False
libwebrtc-audio-processing1	0.3-1+b1	exact-arm64	webrtc-audio-processing	0.3-1	libwebrtc-audio-processing1	0.3-1+b1	arm64	False
libwildmidi2	0.4.3-1	exact-arm64	wildmidi	0.4.3-1	libwildmidi2	0.4.3-1	arm64	False
libwnck-3-0	3.36.0-1	exact-arm64	libwnck3	3.36.0-1	libwnck-3-0	3.36.0-1	arm64	False
libwnck-3-common	3.36.0-1	reuse-all	libwnck3	3.36.0-1	libwnck-3-common	3.36.0-1	all	False
libwoff1	1.0.2-1+b1	exact-arm64	woff2	1.0.2-1	libwoff1	1.0.2-1+b1	arm64	False
libwpe-1.0-1	1.10.0-2	exact-arm64	libwpe	1.10.0-2	libwpe-1.0-1	1.10.0-2	arm64	False
libwpebackend-fdo-1.0-1	1.8.0-1	exact-arm64	wpebackend-fdo	1.8.0-1	libwpebackend-fdo-1.0-1	1.8.0-1	arm64	False
libwrap0	7.6.q-31	exact-arm64	tcp-wrappers	7.6.q-31	libwrap0	7.6.q-31	arm64	False
libx11-6	2:1.7.2-1+deb11u1	exact-arm64	libx11	2:1.7.2-1+deb11u1	libx11-6	2:1.7.2-1+deb11u1	arm64	False
libx11-data	2:1.7.2-1+deb11u1	reuse-all	libx11	2:1.7.2-1+deb11u1	libx11-data	2:1.7.2-1+deb11u1	all	False
libx11-xcb1	2:1.7.2-1+deb11u1	exact-arm64	libx11	2:1.7.2-1+deb11u1	libx11-xcb1	2:1.7.2-1+deb11u1	arm64	False
libx264-160	2:0.160.3011+gitcde9a93-2.1	exact-arm64	x264	2:0.160.3011+gitcde9a93-2.1	libx264-160	2:0.160.3011+gitcde9a93-2.1	arm64	False
libx265-192	3.4-2	exact-arm64	x265	3.4-2	libx265-192	3.4-2	arm64	False
libxapian30	1.4.18-3+deb11u1	exact-arm64	xapian-core	1.4.18-3+deb11u1	libxapian30	1.4.18-3+deb11u1	arm64	False
libxau6	1:1.0.9-1	exact-arm64	libxau	1:1.0.9-1	libxau6	1:1.0.9-1	arm64	False
libxaw7	2:1.0.13-1.1	exact-arm64	libxaw	2:1.0.13-1.1	libxaw7	2:1.0.13-1.1	arm64	False
libxcb-dri2-0	1.14-3	exact-arm64	libxcb	1.14-3	libxcb-dri2-0	1.14-3	arm64	False
libxcb-dri3-0	1.14-3	exact-arm64	libxcb	1.14-3	libxcb-dri3-0	1.14-3	arm64	False
libxcb-glx0	1.14-3	exact-arm64	libxcb	1.14-3	libxcb-glx0	1.14-3	arm64	False
libxcb-icccm4	0.4.1-1.1	exact-arm64	xcb-util-wm	0.4.1-1.1	libxcb-icccm4	0.4.1-1.1	arm64	False
libxcb-image0	0.4.0-1+b3	exact-arm64	xcb-util-image	0.4.0-1	libxcb-image0	0.4.0-1+b3	arm64	False
libxcb-keysyms1	0.4.0-1+b2	exact-arm64	xcb-util-keysyms	0.4.0-1	libxcb-keysyms1	0.4.0-1+b2	arm64	False
libxcb-present0	1.14-3	exact-arm64	libxcb	1.14-3	libxcb-present0	1.14-3	arm64	False
libxcb-randr0	1.14-3	exact-arm64	libxcb	1.14-3	libxcb-randr0	1.14-3	arm64	False
libxcb-render-util0	0.3.9-1+b1	exact-arm64	xcb-util-renderutil	0.3.9-1	libxcb-render-util0	0.3.9-1+b1	arm64	False
libxcb-render0	1.14-3	exact-arm64	libxcb	1.14-3	libxcb-render0	1.14-3	arm64	False
libxcb-shape0	1.14-3	exact-arm64	libxcb	1.14-3	libxcb-shape0	1.14-3	arm64	False
libxcb-shm0	1.14-3	exact-arm64	libxcb	1.14-3	libxcb-shm0	1.14-3	arm64	False
libxcb-sync1	1.14-3	exact-arm64	libxcb	1.14-3	libxcb-sync1	1.14-3	arm64	False
libxcb-util1	0.4.0-1+b1	exact-arm64	xcb-util	0.4.0-1	libxcb-util1	0.4.0-1+b1	arm64	False
libxcb-xfixes0	1.14-3	exact-arm64	libxcb	1.14-3	libxcb-xfixes0	1.14-3	arm64	False
libxcb-xinerama0	1.14-3	exact-arm64	libxcb	1.14-3	libxcb-xinerama0	1.14-3	arm64	False
libxcb-xinput0	1.14-3	exact-arm64	libxcb	1.14-3	libxcb-xinput0	1.14-3	arm64	False
libxcb-xkb1	1.14-3	exact-arm64	libxcb	1.14-3	libxcb-xkb1	1.14-3	arm64	False
libxcb1	1.14-3	exact-arm64	libxcb	1.14-3	libxcb1	1.14-3	arm64	False
libxcomposite1	1:0.4.5-1	exact-arm64	libxcomposite	1:0.4.5-1	libxcomposite1	1:0.4.5-1	arm64	False
libxcursor1	1:1.2.0-2	exact-arm64	libxcursor	1:1.2.0-2	libxcursor1	1:1.2.0-2	arm64	False
libxdamage1	1:1.1.5-2	exact-arm64	libxdamage	1:1.1.5-2	libxdamage1	1:1.1.5-2	arm64	False
libxdmcp6	1:1.1.2-3	exact-arm64	libxdmcp	1:1.1.2-3	libxdmcp6	1:1.1.2-3	arm64	False
libxext6	2:1.3.3-1.1	exact-arm64	libxext	2:1.3.3-1.1	libxext6	2:1.3.3-1.1	arm64	False
libxfixes3	1:5.0.3-2	exact-arm64	libxfixes	1:5.0.3-2	libxfixes3	1:5.0.3-2	arm64	False
libxfont2	1:2.0.4-1	exact-arm64	libxfont	1:2.0.4-1	libxfont2	1:2.0.4-1	arm64	False
libxft2	2.3.2-2	exact-arm64	xft	2.3.2-2	libxft2	2.3.2-2	arm64	False
libxi6	2:1.7.10-1	exact-arm64	libxi	2:1.7.10-1	libxi6	2:1.7.10-1	arm64	False
libxinerama1	2:1.1.4-2	exact-arm64	libxinerama	2:1.1.4-2	libxinerama1	2:1.1.4-2	arm64	False
libxkbcommon-x11-0	1.0.3-2	exact-arm64	libxkbcommon	1.0.3-2	libxkbcommon-x11-0	1.0.3-2	arm64	False
libxkbcommon0	1.0.3-2	exact-arm64	libxkbcommon	1.0.3-2	libxkbcommon0	1.0.3-2	arm64	False
libxkbfile1	1:1.1.0-1	exact-arm64	libxkbfile	1:1.1.0-1	libxkbfile1	1:1.1.0-1	arm64	False
libxkbregistry0	1.0.3-2	exact-arm64	libxkbcommon	1.0.3-2	libxkbregistry0	1.0.3-2	arm64	False
libxklavier16	5.4-4	exact-arm64	libxklavier	5.4-4	libxklavier16	5.4-4	arm64	False
libxml2	2.9.10+dfsg-6.7+deb11u4	exact-arm64	libxml2	2.9.10+dfsg-6.7+deb11u4	libxml2	2.9.10+dfsg-6.7+deb11u4	arm64	False
libxmu6	2:1.1.2-2+b3	exact-arm64	libxmu	2:1.1.2-2	libxmu6	2:1.1.2-2+b3	arm64	False
libxmuu1	2:1.1.2-2+b3	exact-arm64	libxmu	2:1.1.2-2	libxmuu1	2:1.1.2-2+b3	arm64	False
libxnvctrl0	470.141.03-1~deb11u1	exact-arm64	nvidia-settings	470.141.03-1~deb11u1	libxnvctrl0	470.141.03-1~deb11u1	arm64	False
libxpm4	1:3.5.12-1.1~deb11u1	exact-arm64	libxpm	1:3.5.12-1.1~deb11u1	libxpm4	1:3.5.12-1.1~deb11u1	arm64	False
libxpresent1	1.0.0-2+b10	exact-arm64	libxpresent	1.0.0-2	libxpresent1	1.0.0-2+b10	arm64	False
libxrandr2	2:1.5.1-1	exact-arm64	libxrandr	2:1.5.1-1	libxrandr2	2:1.5.1-1	arm64	False
libxrender1	1:0.9.10-1	exact-arm64	libxrender	1:0.9.10-1	libxrender1	1:0.9.10-1	arm64	False
libxres1	2:1.2.0-4	exact-arm64	libxres	2:1.2.0-4	libxres1	2:1.2.0-4	arm64	False
libxshmfence1	1.3-1	exact-arm64	libxshmfence	1.3-1	libxshmfence1	1.3-1	arm64	False
libxslt1.1	1.1.34-4+deb11u1	exact-arm64	libxslt	1.1.34-4+deb11u1	libxslt1.1	1.1.34-4+deb11u1	arm64	False
libxss1	1:1.2.3-1	exact-arm64	libxss	1:1.2.3-1	libxss1	1:1.2.3-1	arm64	False
libxt6	1:1.2.0-1	exact-arm64	libxt	1:1.2.0-1	libxt6	1:1.2.0-1	arm64	False
libxtables12	1.8.7-1	exact-arm64	iptables	1.8.7-1	libxtables12	1.8.7-1	arm64	False
libxtst6	2:1.2.3-1	exact-arm64	libxtst	2:1.2.3-1	libxtst6	2:1.2.3-1	arm64	False
libxv1	2:1.0.11-1	exact-arm64	libxv	2:1.0.11-1	libxv1	2:1.0.11-1	arm64	False
libxvidcore4	2:1.3.7-1	exact-arm64	xvidcore	2:1.3.7-1	libxvidcore4	2:1.3.7-1	arm64	False
libxvmc1	2:1.0.12-2	exact-arm64	libxvmc	2:1.0.12-2	libxvmc1	2:1.0.12-2	arm64	False
libxxf86dga1	2:1.1.4-1+b3	exact-arm64	libxxf86dga	2:1.1.4-1	libxxf86dga1	2:1.1.4-1+b3	arm64	False
libxxf86vm1	1:1.1.4-1+b2	exact-arm64	libxxf86vm	1:1.1.4-1	libxxf86vm1	1:1.1.4-1+b2	arm64	False
libxxhash0	0.8.0-2	exact-arm64	xxhash	0.8.0-2	libxxhash0	0.8.0-2	arm64	False
libyaml-0-2	0.2.2-1	exact-arm64	libyaml	0.2.2-1	libyaml-0-2	0.2.2-1	arm64	False
libyelp0	3.38.3-1+han3u3	rebuild-arm64	yelp	3.38.3-1+han3u3	libyelp0	3.38.3-1+han3u3	arm64	True
libz3-4	4.8.10-1	exact-arm64	z3	4.8.10-1	libz3-4	4.8.10-1	arm64	False
libzbar0	0.23.90-1	exact-arm64	zbar	0.23.90-1	libzbar0	0.23.90-1	arm64	False
libzeitgeist-2.0-0	1.0.3-4	exact-arm64	zeitgeist	1.0.3-4	libzeitgeist-2.0-0	1.0.3-4	arm64	False
libzmq5	4.3.4-1	exact-arm64	zeromq3	4.3.4-1	libzmq5	4.3.4-1	arm64	False
libzstd1	1.4.8+dfsg-2.1	exact-arm64	libzstd	1.4.8+dfsg-2.1	libzstd1	1.4.8+dfsg-2.1	arm64	False
libzvbi-common	0.2.35-18	reuse-all	zvbi	0.2.35-18	libzvbi-common	0.2.35-18	all	False
libzvbi0	0.2.35-18	exact-arm64	zvbi	0.2.35-18	libzvbi0	0.2.35-18	arm64	False
lightdm	1.26.0-7+grm3u1	rebuild-arm64	lightdm	1.26.0-7+grm3u1	lightdm	1.26.0-7+grm3u1	arm64	True
linux-base	4.6	reuse-all	linux-base	4.6	linux-base	4.6	all	False
live-boot	1:20210208	reuse-all	live-boot	1:20210208	live-boot	1:20210208	all	False
live-boot-initramfs-tools	1:20210208	reuse-all	live-boot	1:20210208	live-boot-initramfs-tools	1:20210208	all	False
live-config	11.0.3+grm3u1	reuse-all	live-config	11.0.3+grm3u1	live-config	11.0.3+grm3u1	all	True
live-config-systemd	11.0.3+grm3u1	reuse-all	live-config	11.0.3+grm3u1	live-config-systemd	11.0.3+grm3u1	all	True
live-installer	2023.06.30+han3u1	reuse-all	live-installer	2023.06.30+han3u1	live-installer	2023.06.30+han3u1	all	True
live-tools	1:20190831	reuse-all	live-tools	1:20190831	live-tools	1:20190831	all	False
locales	2.31-13+deb11u6	reuse-all	glibc	2.31-13+deb11u6	locales	2.31-13+deb11u6	all	False
login	1:4.8.1-1	exact-arm64	shadow	1:4.8.1-1	login	1:4.8.1-1	arm64	False
logrotate	3.18.0-2+deb11u1	exact-arm64	logrotate	3.18.0-2+deb11u1	logrotate	3.18.0-2+deb11u1	arm64	False
logsave	1.46.2-2	exact-arm64	e2fsprogs	1.46.2-2	logsave	1.46.2-2	arm64	False
lsb-base	11.1.0	reuse-all	lsb	11.1.0	lsb-base	11.1.0	all	False
lsb-release	11.1.0	reuse-all	lsb	11.1.0	lsb-release	11.1.0	all	False
lsof	4.93.2+dfsg-1.1	exact-arm64	lsof	4.93.2+dfsg-1.1	lsof	4.93.2+dfsg-1.1	arm64	False
lua-bitop	1.0.2-5	exact-arm64	lua-bitop	1.0.2-5	lua-bitop	1.0.2-5	arm64	False
lua-expat	1.3.0-4+b1	exact-arm64	lua-expat	1.3.0-4	lua-expat	1.3.0-4+b1	arm64	False
lua-json	1.3.4-2	reuse-all	lua-json	1.3.4-2	lua-json	1.3.4-2	all	False
lua-lpeg	1.0.2-1	exact-arm64	lua-lpeg	1.0.2-1	lua-lpeg	1.0.2-1	arm64	False
lua-socket	3.0~rc1+git+ac3201d-4	exact-arm64	luasocket	3.0~rc1+git+ac3201d-4	lua-socket	3.0~rc1+git+ac3201d-4	arm64	False
mailcap	3.69	reuse-all	mailcap	3.69	mailcap	3.69	all	False
malcontent	0.10.0-2	reuse-all	malcontent	0.10.0-2	malcontent	0.10.0-2	all	False
malcontent-gui	0.10.0-2	exact-arm64	malcontent	0.10.0-2	malcontent-gui	0.10.0-2	arm64	False
man-db	2.9.4-2	exact-arm64	man-db	2.9.4-2	man-db	2.9.4-2	arm64	False
mawk	1.3.4.20200120-2	exact-arm64	mawk	1.3.4.20200120-2	mawk	1.3.4.20200120-2	arm64	False
mdadm	4.1-11	exact-arm64	mdadm	4.1-11	mdadm	4.1-11	arm64	False
media-types	4.0.0	reuse-all	media-types	4.0.0	media-types	4.0.0	all	False
menu	2.1.48	exact-arm64	menu	2.1.48	menu	2.1.48	arm64	False
metacity	1:3.38.0-2+grm3u1	rebuild-arm64	metacity	1:3.38.0-2+grm3u1	metacity	1:3.38.0-2+grm3u1	arm64	True
metacity-common	1:3.38.0-2+grm3u1	reuse-all	metacity	1:3.38.0-2+grm3u1	metacity-common	1:3.38.0-2+grm3u1	all	True
mime-support	3.66	reuse-all	mime-support	3.66	mime-support	3.66	all	False
moka-icon-theme	5.4.0.3-1	reuse-all	moka-icon-theme	5.4.0.3-1	moka-icon-theme	5.4.0.3-1	all	False
mount	2.36.1-8+deb11u1	exact-arm64	util-linux	2.36.1-8+deb11u1	mount	2.36.1-8+deb11u1	arm64	False
mousetweaks	3.32.0-3+grm3u1	rebuild-arm64	mousetweaks	3.32.0-3+grm3u1	mousetweaks	3.32.0-3+grm3u1	arm64	True
nano	5.4-2+deb11u2	exact-arm64	nano	5.4-2+deb11u2	nano	5.4-2+deb11u2	arm64	False
nautilus	3.38.2-1+deb11u1+grm3u8	rebuild-arm64	nautilus	3.38.2-1+deb11u1+grm3u8	nautilus	3.38.2-1+deb11u1+grm3u8	arm64	True
nautilus-data	3.38.2-1+deb11u1+grm3u8	reuse-all	nautilus	3.38.2-1+deb11u1+grm3u8	nautilus-data	3.38.2-1+deb11u1+grm3u8	all	True
ncurses-base	6.2+20201114-2+deb11u1	reuse-all	ncurses	6.2+20201114-2+deb11u1	ncurses-base	6.2+20201114-2+deb11u1	all	False
ncurses-bin	6.2+20201114-2+deb11u1	exact-arm64	ncurses	6.2+20201114-2+deb11u1	ncurses-bin	6.2+20201114-2+deb11u1	arm64	False
netbase	6.3	reuse-all	netbase	6.3	netbase	6.3	all	False
network-manager	1.30.0-2+grm3u3	rebuild-arm64	network-manager	1.30.0-2+grm3u3	network-manager	1.30.0-2+grm3u3	arm64	True
network-manager-gnome	1.20.0-3+grm3u4	rebuild-arm64	network-manager-applet	1.20.0-3+grm3u4	network-manager-gnome	1.20.0-3+grm3u4	arm64	True
network-manager-openvpn	1.8.12-2	exact-arm64	network-manager-openvpn	1.8.12-2	network-manager-openvpn	1.8.12-2	arm64	False
network-manager-openvpn-gnome	1.8.12-2	exact-arm64	network-manager-openvpn	1.8.12-2	network-manager-openvpn-gnome	1.8.12-2	arm64	False
nftables	0.9.8-3.1+deb11u1	exact-arm64	nftables	0.9.8-3.1+deb11u1	nftables	0.9.8-3.1+deb11u1	arm64	False
nimf	2023.06.30+grm3u1	rebuild-arm64	nimf	2023.06.30+grm3u1	nimf	2023.06.30+grm3u1	arm64	True
nimf-libhangul	2023.06.30+grm3u1	rebuild-arm64	nimf	2023.06.30+grm3u1	nimf-libhangul	2023.06.30+grm3u1	arm64	True
ntfs-3g	1:2017.3.23AR.3-4+deb11u3	exact-arm64	ntfs-3g	1:2017.3.23AR.3-4+deb11u3	ntfs-3g	1:2017.3.23AR.3-4+deb11u3	arm64	False
numix-icon-theme	0~20190920-1	reuse-all	numix-icon-theme	0~20190920-1	numix-icon-theme	0~20190920-1	all	False
numix-icon-theme-circle	20.09.19-1	reuse-all	numix-icon-theme-circle	20.09.19-1	numix-icon-theme-circle	20.09.19-1	all	False
nvidia-installer-cleanup	20151021+13	exact-arm64	nvidia-support	20151021+13	nvidia-installer-cleanup	20151021+13	arm64	False
nvidia-kernel-common	20151021+13	exact-arm64	nvidia-support	20151021+13	nvidia-kernel-common	20151021+13	arm64	False
nvidia-modprobe	470.182.03-1	exact-arm64	nvidia-modprobe	470.182.03-1	nvidia-modprobe	470.182.03-1	arm64	False
nvidia-tesla-470-alternative	470.182.03-1~deb11u1	exact-arm64	nvidia-graphics-drivers-tesla-470	470.182.03-1~deb11u1	nvidia-tesla-470-alternative	470.182.03-1~deb11u1	arm64	False
nvidia-tesla-470-kernel-support	470.182.03-1~deb11u1	exact-arm64	nvidia-graphics-drivers-tesla-470	470.182.03-1~deb11u1	nvidia-tesla-470-kernel-support	470.182.03-1~deb11u1	arm64	False
ocl-icd-libopencl1	2.2.14-2	exact-arm64	ocl-icd	2.2.14-2	ocl-icd-libopencl1	2.2.14-2	arm64	False
openprinting-ppds	20200820-1	reuse-all	foomatic-db	20200820-1	openprinting-ppds	20200820-1	all	False
openssl	1.1.1n-0+deb11u5	exact-arm64	openssl	1.1.1n-0+deb11u5	openssl	1.1.1n-0+deb11u5	arm64	False
openvpn	2.5.1-3	exact-arm64	openvpn	2.5.1-3	openvpn	2.5.1-3	arm64	False
os-prober	1.79	exact-arm64	os-prober	1.79	os-prober	1.79	arm64	False
osinfo-db	0.20210215-1	reuse-all	osinfo-db	0.20210215-1	osinfo-db	0.20210215-1	all	False
p11-kit	0.23.22-1	exact-arm64	p11-kit	0.23.22-1	p11-kit	0.23.22-1	arm64	False
p11-kit-modules	0.23.22-1	exact-arm64	p11-kit	0.23.22-1	p11-kit-modules	0.23.22-1	arm64	False
p7zip	16.02+dfsg-8+grm3u1	rebuild-arm64	p7zip	16.02+dfsg-8+grm3u1	p7zip	16.02+dfsg-8+grm3u1	arm64	True
p7zip-full	16.02+dfsg-8+grm3u1	rebuild-arm64	p7zip	16.02+dfsg-8+grm3u1	p7zip-full	16.02+dfsg-8+grm3u1	arm64	True
packagekit	1.2.2-2	exact-arm64	packagekit	1.2.2-2	packagekit	1.2.2-2	arm64	False
packagekit-tools	1.2.2-2	exact-arm64	packagekit	1.2.2-2	packagekit-tools	1.2.2-2	arm64	False
pam-gooroom	0.4.3+grm3u1	rebuild-arm64	pam-gooroom	0.4.3+grm3u1	pam-gooroom	0.4.3+grm3u1	arm64	True
papirus-icon-theme	20210201-1	reuse-all	papirus-icon-theme	20210201-1	papirus-icon-theme	20210201-1	all	False
parted	3.4-1	exact-arm64	parted	3.4-1	parted	3.4-1	arm64	False
passwd	1:4.8.1-1	exact-arm64	shadow	1:4.8.1-1	passwd	1:4.8.1-1	arm64	False
pci.ids	0.0~2021.02.08-1	reuse-all	pci.ids	0.0~2021.02.08-1	pci.ids	0.0~2021.02.08-1	all	False
perl	5.32.1-4+deb11u2	exact-arm64	perl	5.32.1-4+deb11u2	perl	5.32.1-4+deb11u2	arm64	False
perl-base	5.32.1-4+deb11u2	exact-arm64	perl	5.32.1-4+deb11u2	perl-base	5.32.1-4+deb11u2	arm64	False
perl-modules-5.32	5.32.1-4+deb11u2	reuse-all	perl	5.32.1-4+deb11u2	perl-modules-5.32	5.32.1-4+deb11u2	all	False
pinentry-curses	1.1.0-4	exact-arm64	pinentry	1.1.0-4	pinentry-curses	1.1.0-4	arm64	False
pinentry-gnome3	1.1.0-4	exact-arm64	pinentry	1.1.0-4	pinentry-gnome3	1.1.0-4	arm64	False
pkg-config	0.29.2-1	exact-arm64	pkg-config	0.29.2-1	pkg-config	0.29.2-1	arm64	False
plymouth	0.9.5-3	exact-arm64	plymouth	0.9.5-3	plymouth	0.9.5-3	arm64	False
policykit-1	0.105-31+nDeb11u1+grm3u1	rebuild-arm64	policykit-1	0.105-31+nDeb11u1+grm3u1	policykit-1	0.105-31+nDeb11u1+grm3u1	arm64	True
poppler-data	0.4.10-1	reuse-all	poppler-data	0.4.10-1	poppler-data	0.4.10-1	all	False
poppler-utils	20.09.0-3.1+deb11u1	exact-arm64	poppler	20.09.0-3.1+deb11u1	poppler-utils	20.09.0-3.1+deb11u1	arm64	False
printer-driver-all	0.20200223	reuse-all	printing-metas	0.20200223	printer-driver-all	0.20200223	all	False
printer-driver-brlaser	6-1	exact-arm64	brlaser	6-1	printer-driver-brlaser	6-1	arm64	False
printer-driver-c2050	0.3b-8	exact-arm64	c2050	0.3b-8	printer-driver-c2050	0.3b-8	arm64	False
printer-driver-c2esp	27-8	exact-arm64	c2esp	27-8	printer-driver-c2esp	27-8	arm64	False
printer-driver-cjet	0.8.9-8	exact-arm64	cjet	0.8.9-8	printer-driver-cjet	0.8.9-8	arm64	False
printer-driver-dymo	1.4.0-9	exact-arm64	dymo-cups-drivers	1.4.0-9	printer-driver-dymo	1.4.0-9	arm64	False
printer-driver-escpr	1.7.8-1	exact-arm64	epson-inkjet-printer-escpr	1.7.8-1	printer-driver-escpr	1.7.8-1	arm64	False
printer-driver-foo2zjs	20200505dfsg0-1	exact-arm64	foo2zjs	20200505dfsg0-1	printer-driver-foo2zjs	20200505dfsg0-1	arm64	False
printer-driver-foo2zjs-common	20200505dfsg0-1	reuse-all	foo2zjs	20200505dfsg0-1	printer-driver-foo2zjs-common	20200505dfsg0-1	all	False
printer-driver-gutenprint	5.3.3-5	exact-arm64	gutenprint	5.3.3-5	printer-driver-gutenprint	5.3.3-5	arm64	False
printer-driver-hpcups	3.21.2+dfsg1-2	exact-arm64	hplip	3.21.2+dfsg1-2	printer-driver-hpcups	3.21.2+dfsg1-2	arm64	False
printer-driver-hpijs	3.21.2+dfsg1-2	exact-arm64	hplip	3.21.2+dfsg1-2	printer-driver-hpijs	3.21.2+dfsg1-2	arm64	False
printer-driver-m2300w	0.51-14	exact-arm64	m2300w	0.51-14	printer-driver-m2300w	0.51-14	arm64	False
printer-driver-min12xxw	0.0.9-11	exact-arm64	min12xxw	0.0.9-11	printer-driver-min12xxw	0.0.9-11	arm64	False
printer-driver-pnm2ppa	1.13-10	exact-arm64	pnm2ppa	1.13-10	printer-driver-pnm2ppa	1.13-10	arm64	False
printer-driver-postscript-hp	3.21.2+dfsg1-2	exact-arm64	hplip	3.21.2+dfsg1-2	printer-driver-postscript-hp	3.21.2+dfsg1-2	arm64	False
printer-driver-ptouch	1.5.1-2	exact-arm64	ptouch-driver	1.5.1-2	printer-driver-ptouch	1.5.1-2	arm64	False
printer-driver-pxljr	1.4+repack0-5	exact-arm64	pxljr	1.4+repack0-5	printer-driver-pxljr	1.4+repack0-5	arm64	False
printer-driver-sag-gdi	0.1-7	reuse-all	rastertosag-gdi	0.1-7	printer-driver-sag-gdi	0.1-7	all	False
printer-driver-splix	2.0.0+svn315-7	exact-arm64	splix	2.0.0+svn315-7	printer-driver-splix	2.0.0+svn315-7	arm64	False
procps	2:3.3.17-5	exact-arm64	procps	2:3.3.17-5	procps	2:3.3.17-5	arm64	False
psmisc	23.4-2	exact-arm64	psmisc	23.4-2	psmisc	23.4-2	arm64	False
pulseaudio	14.2-2	exact-arm64	pulseaudio	14.2-2	pulseaudio	14.2-2	arm64	False
pulseaudio-module-bluetooth	14.2-2	exact-arm64	pulseaudio	14.2-2	pulseaudio-module-bluetooth	14.2-2	arm64	False
pulseaudio-utils	14.2-2	exact-arm64	pulseaudio	14.2-2	pulseaudio-utils	14.2-2	arm64	False
python-apt-common	2.2.1	reuse-all	python-apt	2.2.1	python-apt-common	2.2.1	all	False
python2.7	2.7.18-8	exact-arm64	python2.7	2.7.18-8	python2.7	2.7.18-8	arm64	False
python2.7-minimal	2.7.18-8	exact-arm64	python2.7	2.7.18-8	python2.7-minimal	2.7.18-8	arm64	False
python3	3.9.2-3	exact-arm64	python3-defaults	3.9.2-3	python3	3.9.2-3	arm64	False
python3-apt	2.2.1	exact-arm64	python-apt	2.2.1	python3-apt	2.2.1	arm64	False
python3-cairo	1.16.2-4+b2	exact-arm64	pycairo	1.16.2-4	python3-cairo	1.16.2-4+b2	arm64	False
python3-certifi	2020.6.20-1	reuse-all	python-certifi	2020.6.20-1	python3-certifi	2020.6.20-1	all	False
python3-cffi-backend	1.14.5-1	exact-arm64	python-cffi	1.14.5-1	python3-cffi-backend	1.14.5-1	arm64	False
python3-chardet	4.0.0-1	reuse-all	chardet	4.0.0-1	python3-chardet	4.0.0-1	all	False
python3-configobj	5.0.6-4	reuse-all	configobj	5.0.6-4	python3-configobj	5.0.6-4	all	False
python3-cryptography	3.3.2-1	exact-arm64	python-cryptography	3.3.2-1	python3-cryptography	3.3.2-1	arm64	False
python3-cups	2.0.1-4+b1	exact-arm64	python-cups	2.0.1-4	python3-cups	2.0.1-4+b1	arm64	False
python3-cupshelpers	1.5.14-1+grm3u1	reuse-all	system-config-printer	1.5.14-1+grm3u1	python3-cupshelpers	1.5.14-1+grm3u1	all	True
python3-dbus	1.2.16-5	exact-arm64	dbus-python	1.2.16-5	python3-dbus	1.2.16-5	arm64	False
python3-debian	0.1.39	reuse-all	python-debian	0.1.39	python3-debian	0.1.39	all	False
python3-distro	1.5.0-1	reuse-all	python-distro	1.5.0-1	python3-distro	1.5.0-1	all	False
python3-distutils	3.9.2-1	reuse-all	python3-stdlib-extensions	3.9.2-1	python3-distutils	3.9.2-1	all	False
python3-dns	3.2.1-1	reuse-all	py3dns	3.2.1-1	python3-dns	3.2.1-1	all	False
python3-gi	3.38.0-2	exact-arm64	pygobject	3.38.0-2	python3-gi	3.38.0-2	arm64	False
python3-gi-cairo	3.38.0-2	exact-arm64	pygobject	3.38.0-2	python3-gi-cairo	3.38.0-2	arm64	False
python3-gnupg	0.4.6-1	reuse-all	python-gnupg	0.4.6-1	python3-gnupg	0.4.6-1	all	False
python3-httplib2	0.18.1-3	reuse-all	python-httplib2	0.18.1-3	python3-httplib2	0.18.1-3	all	False
python3-idna	2.10-1	reuse-all	python-idna	2.10-1	python3-idna	2.10-1	all	False
python3-iptables	1.0.0-1+b2	exact-arm64	python-iptables	1.0.0-1	python3-iptables	1.0.0-1+b2	arm64	False
python3-ldb	2:2.2.3-2~deb11u2	exact-arm64	ldb	2:2.2.3-2~deb11u2	python3-ldb	2:2.2.3-2~deb11u2	arm64	False
python3-lib2to3	3.9.2-1	reuse-all	python3-stdlib-extensions	3.9.2-1	python3-lib2to3	3.9.2-1	all	False
python3-minimal	3.9.2-3	exact-arm64	python3-defaults	3.9.2-3	python3-minimal	3.9.2-3	arm64	False
python3-netifaces	0.10.9-0.2+b3	exact-arm64	netifaces	0.10.9-0.2	python3-netifaces	0.10.9-0.2+b3	arm64	False
python3-numpy	1:1.19.5-1	exact-arm64	numpy	1:1.19.5-1	python3-numpy	1:1.19.5-1	arm64	False
python3-openssl	20.0.1-1	reuse-all	pyopenssl	20.0.1-1	python3-openssl	20.0.1-1	all	False
python3-parted	3.11.7-0.1+b1	exact-arm64	pyparted	3.11.7-0.1	python3-parted	3.11.7-0.1+b1	arm64	False
python3-pil	8.1.2+dfsg-0.3+deb11u1	exact-arm64	pillow	8.1.2+dfsg-0.3+deb11u1	python3-pil	8.1.2+dfsg-0.3+deb11u1	arm64	False
python3-pkg-resources	52.0.0-4	reuse-all	setuptools	52.0.0-4	python3-pkg-resources	52.0.0-4	all	False
python3-psutil	5.8.0-1	exact-arm64	python-psutil	5.8.0-1	python3-psutil	5.8.0-1	arm64	False
python3-pwquality	1.4.4-1	exact-arm64	libpwquality	1.4.4-1	python3-pwquality	1.4.4-1	arm64	False
python3-pyinotify	0.9.6-1.3	reuse-all	pyinotify	0.9.6-1.3	python3-pyinotify	0.9.6-1.3	all	False
python3-pyqt5	5.15.2+dfsg-3	exact-arm64	pyqt5	5.15.2+dfsg-3	python3-pyqt5	5.15.2+dfsg-3	arm64	False
python3-pyqt5.sip	12.8.1-1+b2	exact-arm64	pyqt5-sip	12.8.1-1	python3-pyqt5.sip	12.8.1-1+b2	arm64	False
python3-pyudev	0.22.0-2	reuse-all	pyudev	0.22.0-2	python3-pyudev	0.22.0-2	all	False
python3-requests	2.25.1+dfsg-2	reuse-all	requests	2.25.1+dfsg-2	python3-requests	2.25.1+dfsg-2	all	False
python3-simplejson	3.17.2-1	exact-arm64	simplejson	3.17.2-1	python3-simplejson	3.17.2-1	arm64	False
python3-six	1.16.0-2	reuse-all	six	1.16.0-2	python3-six	1.16.0-2	all	False
python3-systemd	234-3+b4	exact-arm64	python-systemd	234-3	python3-systemd	234-3+b4	arm64	False
python3-talloc	2.3.1-2+b1	exact-arm64	talloc	2.3.1-2	python3-talloc	2.3.1-2+b1	arm64	False
python3-urllib3	1.26.5-1~exp1	reuse-all	python-urllib3	1.26.5-1~exp1	python3-urllib3	1.26.5-1~exp1	all	False
python3-xdg	0.27-2	reuse-all	pyxdg	0.27-2	python3-xdg	0.27-2	all	False
python3-xlib	0.29-1	reuse-all	python-xlib	0.29-1	python3-xlib	0.29-1	all	False
python3-zeitgeist	1.0.3-4	reuse-all	zeitgeist	1.0.3-4	python3-zeitgeist	1.0.3-4	all	False
python3.9	3.9.2-1	exact-arm64	python3.9	3.9.2-1	python3.9	3.9.2-1	arm64	False
python3.9-minimal	3.9.2-1	exact-arm64	python3.9	3.9.2-1	python3.9-minimal	3.9.2-1	arm64	False
readline-common	8.1-1	reuse-all	readline	8.1-1	readline-common	8.1-1	all	False
rsync	3.2.3-4+deb11u1	exact-arm64	rsync	3.2.3-4+deb11u1	rsync	3.2.3-4+deb11u1	arm64	False
rsyslog	8.2102.0-2+deb11u1	exact-arm64	rsyslog	8.2102.0-2+deb11u1	rsyslog	8.2102.0-2+deb11u1	arm64	False
rygel	0.40.0-1	exact-arm64	rygel	0.40.0-1	rygel	0.40.0-1	arm64	False
samba-libs	2:4.13.13+dfsg-1~deb11u5	exact-arm64	samba	2:4.13.13+dfsg-1~deb11u5	samba-libs	2:4.13.13+dfsg-1~deb11u5	arm64	False
sed	4.7-1	exact-arm64	sed	4.7-1	sed	4.7-1	arm64	False
sensible-utils	0.0.14	reuse-all	sensible-utils	0.0.14	sensible-utils	0.0.14	all	False
shared-mime-info	2.0-1	exact-arm64	shared-mime-info	2.0-1	shared-mime-info	2.0-1	arm64	False
sound-theme-freedesktop	0.8-2	reuse-all	sound-theme-freedesktop	0.8-2	sound-theme-freedesktop	0.8-2	all	False
ssl-cert	1.1.0+nmu1	reuse-all	ssl-cert	1.1.0+nmu1	ssl-cert	1.1.0+nmu1	all	False
startpar	0.64-3	exact-arm64	startpar	0.64-3	startpar	0.64-3	arm64	False
streamer	3.107-1	exact-arm64	xawtv	3.107-1	streamer	3.107-1	arm64	False
sudo	1.9.5p2-3+deb11u1	exact-arm64	sudo	1.9.5p2-3+deb11u1	sudo	1.9.5p2-3+deb11u1	arm64	False
synaptic	0.90.2+grm3u3	rebuild-arm64	synaptic	0.90.2+grm3u3	synaptic	0.90.2+grm3u3	arm64	True
system-config-printer	1.5.14-1+grm3u1	reuse-all	system-config-printer	1.5.14-1+grm3u1	system-config-printer	1.5.14-1+grm3u1	all	True
system-config-printer-common	1.5.14-1+grm3u1	reuse-all	system-config-printer	1.5.14-1+grm3u1	system-config-printer-common	1.5.14-1+grm3u1	all	True
systemd	247.3-7+deb11u4	exact-arm64	systemd	247.3-7+deb11u4	systemd	247.3-7+deb11u4	arm64	False
systemd-sysv	247.3-7+deb11u4	exact-arm64	systemd	247.3-7+deb11u4	systemd-sysv	247.3-7+deb11u4	arm64	False
systemd-timesyncd	247.3-7+deb11u4	exact-arm64	systemd	247.3-7+deb11u4	systemd-timesyncd	247.3-7+deb11u4	arm64	False
sysv-rc	2.96-7+deb11u1	reuse-all	sysvinit	2.96-7+deb11u1	sysv-rc	2.96-7+deb11u1	all	False
sysvinit-utils	2.96-7+deb11u1	exact-arm64	sysvinit	2.96-7+deb11u1	sysvinit-utils	2.96-7+deb11u1	arm64	False
tar	1.34+dfsg-1	exact-arm64	tar	1.34+dfsg-1	tar	1.34+dfsg-1	arm64	False
tasksel	3.68+deb11u1	reuse-all	tasksel	3.68+deb11u1	tasksel	3.68+deb11u1	all	False
tasksel-data	3.68+deb11u1	reuse-all	tasksel	3.68+deb11u1	tasksel-data	3.68+deb11u1	all	False
timgm6mb-soundfont	1.3-5	reuse-all	timgm6mb-soundfont	1.3-5	timgm6mb-soundfont	1.3-5	all	False
tracker	2.3.6-2	exact-arm64	tracker	2.3.6-2	tracker	2.3.6-2	arm64	False
tracker-extract	2.3.5-2.1	exact-arm64	tracker-miners	2.3.5-2.1	tracker-extract	2.3.5-2.1	arm64	False
tracker-miner-fs	2.3.5-2.1	exact-arm64	tracker-miners	2.3.5-2.1	tracker-miner-fs	2.3.5-2.1	arm64	False
tumbler	4.16.0-1	exact-arm64	tumbler	4.16.0-1	tumbler	4.16.0-1	arm64	False
tumbler-common	4.16.0-1	reuse-all	tumbler	4.16.0-1	tumbler-common	4.16.0-1	all	False
tzdata	2021a-1+deb11u10	reuse-all	tzdata	2021a-1+deb11u10	tzdata	2021a-1+deb11u10	all	False
ucf	3.0043	reuse-all	ucf	3.0043	ucf	3.0043	all	False
udev	247.3-7+deb11u4	exact-arm64	systemd	247.3-7+deb11u4	udev	247.3-7+deb11u4	arm64	False
udisks2	2.9.2-2+deb11u1	exact-arm64	udisks2	2.9.2-2+deb11u1	udisks2	2.9.2-2+deb11u1	arm64	False
unzip	6.0-26+deb11u1	exact-arm64	unzip	6.0-26+deb11u1	unzip	6.0-26+deb11u1	arm64	False
update-glx	1.2.1~deb11u1	exact-arm64	glx-alternatives	1.2.1~deb11u1	update-glx	1.2.1~deb11u1	arm64	False
upower	0.99.11-2	exact-arm64	upower	0.99.11-2	upower	0.99.11-2	arm64	False
usb.ids	2023.01.16-0+deb11u1	reuse-all	usb.ids	2023.01.16-0+deb11u1	usb.ids	2023.01.16-0+deb11u1	all	False
user-setup	1.88	reuse-all	user-setup	1.88	user-setup	1.88	all	False
util-linux	2.36.1-8+deb11u1	exact-arm64	util-linux	2.36.1-8+deb11u1	util-linux	2.36.1-8+deb11u1	arm64	False
vim-common	2:8.2.2434-3+deb11u1	reuse-all	vim	2:8.2.2434-3+deb11u1	vim-common	2:8.2.2434-3+deb11u1	all	False
vim-tiny	2:8.2.2434-3+deb11u1	exact-arm64	vim	2:8.2.2434-3+deb11u1	vim-tiny	2:8.2.2434-3+deb11u1	arm64	False
wget	1.21-1+deb11u1	exact-arm64	wget	1.21-1+deb11u1	wget	1.21-1+deb11u1	arm64	False
whiptail	0.52.21-4+b3	exact-arm64	newt	0.52.21-4	whiptail	0.52.21-4+b3	arm64	False
wpasupplicant	2:2.9.0-21	exact-arm64	wpa	2:2.9.0-21	wpasupplicant	2:2.9.0-21	arm64	False
x11-apps	7.7+8	exact-arm64	x11-apps	7.7+8	x11-apps	7.7+8	arm64	False
x11-common	1:7.7+22	reuse-all	xorg	1:7.7+22	x11-common	1:7.7+22	all	False
x11-session-utils	7.7+4	exact-arm64	x11-session-utils	7.7+4	x11-session-utils	7.7+4	arm64	False
x11-utils	7.7+5	exact-arm64	x11-utils	7.7+5	x11-utils	7.7+5	arm64	False
x11-xkb-utils	7.7+5	exact-arm64	x11-xkb-utils	7.7+5	x11-xkb-utils	7.7+5	arm64	False
x11-xserver-utils	7.7+8	exact-arm64	x11-xserver-utils	7.7+8	x11-xserver-utils	7.7+8	arm64	False
xauth	1:1.1-1	exact-arm64	xauth	1:1.1-1	xauth	1:1.1-1	arm64	False
xawtv-plugins	3.107-1	exact-arm64	xawtv	3.107-1	xawtv-plugins	3.107-1	arm64	False
xbase-clients	1:7.7+22	reuse-all	xorg	1:7.7+22	xbase-clients	1:7.7+22	all	False
xdg-dbus-proxy	0.1.2-2	exact-arm64	xdg-dbus-proxy	0.1.2-2	xdg-dbus-proxy	0.1.2-2	arm64	False
xdg-desktop-portal	1.8.1-1	exact-arm64	xdg-desktop-portal	1.8.1-1	xdg-desktop-portal	1.8.1-1	arm64	False
xdg-desktop-portal-gtk	1.8.0-1	exact-arm64	xdg-desktop-portal-gtk	1.8.0-1	xdg-desktop-portal-gtk	1.8.0-1	arm64	False
xdg-user-dirs	0.17-2	exact-arm64	xdg-user-dirs	0.17-2	xdg-user-dirs	0.17-2	arm64	False
xdg-utils	1.1.3-4.1	reuse-all	xdg-utils	1.1.3-4.1	xdg-utils	1.1.3-4.1	all	False
xfonts-encodings	1:1.0.4-2.1	reuse-all	xfonts-encodings	1:1.0.4-2.1	xfonts-encodings	1:1.0.4-2.1	all	False
xfonts-utils	1:7.7+6	exact-arm64	xfonts-utils	1:7.7+6	xfonts-utils	1:7.7+6	arm64	False
xinit	1.4.0-1	exact-arm64	xinit	1.4.0-1	xinit	1.4.0-1	arm64	False
xkb-data	2.29-2	reuse-all	xkeyboard-config	2.29-2	xkb-data	2.29-2	all	False
xserver-common	2:1.20.11-1+deb11u6	reuse-all	xorg-server	2:1.20.11-1+deb11u6	xserver-common	2:1.20.11-1+deb11u6	all	False
xserver-xorg	1:7.7+22	exact-arm64	xorg	1:7.7+22	xserver-xorg	1:7.7+22	arm64	False
xserver-xorg-core	2:1.20.11-1+deb11u6	exact-arm64	xorg-server	2:1.20.11-1+deb11u6	xserver-xorg-core	2:1.20.11-1+deb11u6	arm64	False
xserver-xorg-input-all	1:7.7+22	exact-arm64	xorg	1:7.7+22	xserver-xorg-input-all	1:7.7+22	arm64	False
xserver-xorg-input-libinput	0.30.0-1	exact-arm64	xserver-xorg-input-libinput	0.30.0-1	xserver-xorg-input-libinput	0.30.0-1	arm64	False
xserver-xorg-input-wacom	0.34.99.1-1+b1	exact-arm64	xf86-input-wacom	0.34.99.1-1	xserver-xorg-input-wacom	0.34.99.1-1	arm64	False
xserver-xorg-legacy	2:1.20.11-1+deb11u6	exact-arm64	xorg-server	2:1.20.11-1+deb11u6	xserver-xorg-legacy	2:1.20.11-1+deb11u6	arm64	False
xserver-xorg-video-all	1:7.7+22	exact-arm64	xorg	1:7.7+22	xserver-xorg-video-all	1:7.7+22	arm64	False
xserver-xorg-video-amdgpu	19.1.0-2	exact-arm64	xserver-xorg-video-amdgpu	19.1.0-2	xserver-xorg-video-amdgpu	19.1.0-2	arm64	False
xserver-xorg-video-ati	1:19.1.0-2	exact-arm64	xserver-xorg-video-ati	1:19.1.0-2	xserver-xorg-video-ati	1:19.1.0-2	arm64	False
xserver-xorg-video-fbdev	1:0.5.0-1	exact-arm64	xserver-xorg-video-fbdev	1:0.5.0-1	xserver-xorg-video-fbdev	1:0.5.0-1	arm64	False
xserver-xorg-video-nouveau	1:1.0.17-1	exact-arm64	xserver-xorg-video-nouveau	1:1.0.17-1	xserver-xorg-video-nouveau	1:1.0.17-1	arm64	False
xserver-xorg-video-qxl	0.1.5+git20200331-1	exact-arm64	xserver-xorg-video-qxl	0.1.5+git20200331-1	xserver-xorg-video-qxl	0.1.5+git20200331-1	arm64	False
xserver-xorg-video-radeon	1:19.1.0-2	exact-arm64	xserver-xorg-video-ati	1:19.1.0-2	xserver-xorg-video-radeon	1:19.1.0-2	arm64	False
xserver-xorg-video-vesa	1:2.5.0-1	exact-arm64	xserver-xorg-video-vesa	1:2.5.0-1	xserver-xorg-video-vesa	1:2.5.0-1	arm64	False
xutils	1:7.7+22	reuse-all	xorg	1:7.7+22	xutils	1:7.7+22	all	False
xwayland	2:1.20.11-1+deb11u6	exact-arm64	xorg-server	2:1.20.11-1+deb11u6	xwayland	2:1.20.11-1+deb11u6	arm64	False
xxd	2:8.2.2434-3+deb11u1	exact-arm64	vim	2:8.2.2434-3+deb11u1	xxd	2:8.2.2434-3+deb11u1	arm64	False
xz-utils	5.2.5-2.1~deb11u1	exact-arm64	xz-utils	5.2.5-2.1~deb11u1	xz-utils	5.2.5-2.1~deb11u1	arm64	False
yelp	3.38.3-1+han3u3	rebuild-arm64	yelp	3.38.3-1+han3u3	yelp	3.38.3-1+han3u3	arm64	True
yelp-xsl	3.38.3-1	reuse-all	yelp-xsl	3.38.3-1	yelp-xsl	3.38.3-1	all	False
zeitgeist	1.0.3-4	reuse-all	zeitgeist	1.0.3-4	zeitgeist	1.0.3-4	all	False
zeitgeist-core	1.0.3-4	exact-arm64	zeitgeist	1.0.3-4	zeitgeist-core	1.0.3-4	arm64	False
zeitgeist-datahub	1.0.3-4	exact-arm64	zeitgeist	1.0.3-4	zeitgeist-datahub	1.0.3-4	arm64	False
zenity	3.32.0-6	exact-arm64	zenity	3.32.0-6	zenity	3.32.0-6	arm64	False
zenity-common	3.32.0-6	reuse-all	zenity	3.32.0-6	zenity-common	3.32.0-6	all	False
zip	3.0-12	exact-arm64	zip	3.0-12	zip	3.0-12	arm64	False
zlib1g	1:1.2.11.dfsg-2+deb11u2	exact-arm64	zlib	1:1.2.11.dfsg-2+deb11u2	zlib1g	1:1.2.11.dfsg-2+deb11u2	arm64	False
