lib/modules/5.10.0-23-arm64/kernel/fs/hfs/hfs.ko	ELF 64-bit LSB relocatable, ARM aarch64, version 1 (SYSV), BuildID[sha1]=2d21816b3e0e76979af985212c76d9ab2d5bf693, not stripped
lib/modules/5.10.0-23-arm64/kernel/fs/orangefs/orangefs.ko	ELF 64-bit LSB relocatable, ARM aarch64, version 1 (SYSV), BuildID[sha1]=2bf824306e1cf711f22fda7836b6d3011bc4015c, not stripped
lib/modules/5.10.0-23-arm64/kernel/fs/cifs/cifs.ko	ELF 64-bit LSB relocatable, ARM aarch64, version 1 (SYSV), BuildID[sha1]=b40e7709e63e92df2b34eaa8d2d94d8ddc7ff30c, not stripped
lib/modules/5.10.0-23-arm64/kernel/fs/befs/befs.ko	ELF 64-bit LSB relocatable, ARM aarch64, version 1 (SYSV), BuildID[sha1]=9311b121c32de6f18482f6adbdf2482658828a48, not stripped
lib/modules/5.10.0-23-arm64/kernel/fs/coda/coda.ko	ELF 64-bit LSB relocatable, ARM aarch64, version 1 (SYSV), BuildID[sha1]=857bf542a71a653778c4363f7d91f954e8803889, not stripped
lib/modules/5.10.0-23-arm64/kernel/fs/fscache/fscache.ko	ELF 64-bit LSB relocatable, ARM aarch64, version 1 (SYSV), BuildID[sha1]=2ca3a06a10bf6e067466826095a803cf8dd8e732, not stripped
lib/modules/5.10.0-23-arm64/kernel/fs/minix/minix.ko	ELF 64-bit LSB relocatable, ARM aarch64, version 1 (SYSV), BuildID[sha1]=c43a7d93a42eda4b7732e54d4eb9532916bcad2a, not stripped
lib/modules/5.10.0-23-arm64/kernel/fs/zonefs/zonefs.ko	ELF 64-bit LSB relocatable, ARM aarch64, version 1 (SYSV), BuildID[sha1]=ffb3052e31418c4892b9fe85e22df34e5810873f, not stripped
lib/modules/5.10.0-23-arm64/kernel/fs/nilfs2/nilfs2.ko	ELF 64-bit LSB relocatable, ARM aarch64, version 1 (SYSV), BuildID[sha1]=ec18a8de002e7afd5ac856083ad954a8a4ace7bd, not stripped
lib/modules/5.10.0-23-arm64/kernel/fs/nls/nls_utf8.ko	ELF 64-bit LSB relocatable, ARM aarch64, version 1 (SYSV), BuildID[sha1]=a6ebc20d70f18a32cccae102cbe6f50f57817fe3, not stripped
lib/modules/5.10.0-23-arm64/kernel/fs/nls/mac-iceland.ko	ELF 64-bit LSB relocatable, ARM aarch64, version 1 (SYSV), BuildID[sha1]=00f3250c5cd5408f7fe337b2fe3252f12f839ee5, not stripped
lib/modules/5.10.0-23-arm64/kernel/fs/nls/nls_koi8-r.ko	ELF 64-bit LSB relocatable, ARM aarch64, version 1 (SYSV), BuildID[sha1]=3ff69a0eee468daeb42872bcad1c998318ced10a, not stripped
lib/modules/5.10.0-23-arm64/kernel/fs/nls/mac-turkish.ko	ELF 64-bit LSB relocatable, ARM aarch64, version 1 (SYSV), BuildID[sha1]=5e13ddb2d1daf955a11e04f2077807fc46f587c8, not stripped
lib/modules/5.10.0-23-arm64/kernel/fs/nls/nls_cp855.ko	ELF 64-bit LSB relocatable, ARM aarch64, version 1 (SYSV), BuildID[sha1]=eefc924232fa85bf5b8806dc7cd26707e85ee9cf, not stripped
lib/modules/5.10.0-23-arm64/kernel/fs/nls/nls_cp950.ko	ELF 64-bit LSB relocatable, ARM aarch64, version 1 (SYSV), BuildID[sha1]=420b351bb89cfc2186009e61915922b063c95f0f, not stripped
lib/modules/5.10.0-23-arm64/kernel/fs/nls/nls_cp936.ko	ELF 64-bit LSB relocatable, ARM aarch64, version 1 (SYSV), BuildID[sha1]=66c590f88d2e5cfdcec0916811f11c0ed6715e5f, not stripped
lib/modules/5.10.0-23-arm64/kernel/fs/nls/nls_cp932.ko	ELF 64-bit LSB relocatable, ARM aarch64, version 1 (SYSV), BuildID[sha1]=b2c763d03ac512db648648579f27344774a41e67, not stripped
lib/modules/5.10.0-23-arm64/kernel/fs/nls/mac-greek.ko	ELF 64-bit LSB relocatable, ARM aarch64, version 1 (SYSV), BuildID[sha1]=23d3d7a6c8b1b74135d21b27572c4ced5fcfbc9a, not stripped
lib/modules/5.10.0-23-arm64/kernel/fs/nls/nls_iso8859-14.ko	ELF 64-bit LSB relocatable, ARM aarch64, version 1 (SYSV), BuildID[sha1]=48726137517f06e871f42c8bd519022938be148f, not stripped
lib/modules/5.10.0-23-arm64/kernel/fs/nls/nls_cp866.ko	ELF 64-bit LSB relocatable, ARM aarch64, version 1 (SYSV), BuildID[sha1]=fdedc14b6f5772f534856375e333f493d551cccc, not stripped
lib/modules/5.10.0-23-arm64/kernel/fs/nls/nls_cp874.ko	ELF 64-bit LSB relocatable, ARM aarch64, version 1 (SYSV), BuildID[sha1]=055b4646de36d2d013c805a22e7c48fc024b4e37, not stripped
lib/modules/5.10.0-23-arm64/kernel/fs/nls/nls_cp869.ko	ELF 64-bit LSB relocatable, ARM aarch64, version 1 (SYSV), BuildID[sha1]=8f52aec030f7ca7ad23a9bfc3e9220f03334ff3e, not stripped
lib/modules/5.10.0-23-arm64/kernel/fs/nls/nls_cp852.ko	ELF 64-bit LSB relocatable, ARM aarch64, version 1 (SYSV), BuildID[sha1]=6b8760bf4484874c716c46c9fb6f870c3117dcc2, not stripped
lib/modules/5.10.0-23-arm64/kernel/fs/nls/nls_cp437.ko	ELF 64-bit LSB relocatable, ARM aarch64, version 1 (SYSV), BuildID[sha1]=588a7a48f5912891fb5bba85cd92587bb529660c, not stripped
lib/modules/5.10.0-23-arm64/kernel/fs/nls/nls_cp860.ko	ELF 64-bit LSB relocatable, ARM aarch64, version 1 (SYSV), BuildID[sha1]=61ae64b9fad6ce61744f2ce4a34390c3b49f9dc6, not stripped
lib/modules/5.10.0-23-arm64/kernel/fs/nls/nls_cp1250.ko	ELF 64-bit LSB relocatable, ARM aarch64, version 1 (SYSV), BuildID[sha1]=ee0eae8d828cbbf3a9d2f8eb512838ea26db7b01, not stripped
lib/modules/5.10.0-23-arm64/kernel/fs/nls/mac-romanian.ko	ELF 64-bit LSB relocatable, ARM aarch64, version 1 (SYSV), BuildID[sha1]=91b50e039d6ca4811f46814feca0bd4c8d4fe5f7, not stripped
lib/modules/5.10.0-23-arm64/kernel/fs/nls/nls_cp850.ko	ELF 64-bit LSB relocatable, ARM aarch64, version 1 (SYSV), BuildID[sha1]=d3882f7f9fcdfd47daf9f83742d43ebba1a04b1e, not stripped
lib/modules/5.10.0-23-arm64/kernel/fs/nls/nls_cp949.ko	ELF 64-bit LSB relocatable, ARM aarch64, version 1 (SYSV), BuildID[sha1]=0eae5c45bfa4dec24e413f1c07bd072d6be4e90f, not stripped
lib/modules/5.10.0-23-arm64/kernel/fs/nls/nls_iso8859-3.ko	ELF 64-bit LSB relocatable, ARM aarch64, version 1 (SYSV), BuildID[sha1]=8dc4ff6bce2aaae3a028b4f81b867ef8fd1b9942, not stripped
lib/modules/5.10.0-23-arm64/kernel/fs/nls/nls_cp737.ko	ELF 64-bit LSB relocatable, ARM aarch64, version 1 (SYSV), BuildID[sha1]=e043fcfa504e5e76cbc273b7470904be1dbd7516, not stripped
lib/modules/5.10.0-23-arm64/kernel/fs/nls/nls_iso8859-7.ko	ELF 64-bit LSB relocatable, ARM aarch64, version 1 (SYSV), BuildID[sha1]=16c376e2e2a6b751d0412f81278120c1e5c319c1, not stripped
lib/modules/5.10.0-23-arm64/kernel/fs/nls/mac-celtic.ko	ELF 64-bit LSB relocatable, ARM aarch64, version 1 (SYSV), BuildID[sha1]=7aa9a722fa88a851b63b60ee47527420b6a763af, not stripped
lib/modules/5.10.0-23-arm64/kernel/fs/nls/nls_cp775.ko	ELF 64-bit LSB relocatable, ARM aarch64, version 1 (SYSV), BuildID[sha1]=021bae20fa1a30dc594dea0b5502193927b1ddd9, not stripped
lib/modules/5.10.0-23-arm64/kernel/fs/nls/nls_cp1251.ko	ELF 64-bit LSB relocatable, ARM aarch64, version 1 (SYSV), BuildID[sha1]=7e7d421095e12aabe615b829d687cf488d2d359d, not stripped
lib/modules/5.10.0-23-arm64/kernel/fs/nls/nls_cp1255.ko	ELF 64-bit LSB relocatable, ARM aarch64, version 1 (SYSV), BuildID[sha1]=0ccfa66cc426e827bf364867bb68441f4b8c2078, not stripped
lib/modules/5.10.0-23-arm64/kernel/fs/nls/nls_cp865.ko	ELF 64-bit LSB relocatable, ARM aarch64, version 1 (SYSV), BuildID[sha1]=5aa6eec00ad1eaa49f405c6fc3c99b22d3d4d596, not stripped
lib/modules/5.10.0-23-arm64/kernel/fs/nls/mac-roman.ko	ELF 64-bit LSB relocatable, ARM aarch64, version 1 (SYSV), BuildID[sha1]=38d9213be67761d5a43390385f8c122bf9701fcf, not stripped
lib/modules/5.10.0-23-arm64/kernel/fs/nls/nls_cp862.ko	ELF 64-bit LSB relocatable, ARM aarch64, version 1 (SYSV), BuildID[sha1]=c9b9e1a652f32bebaf99abd4fe4388c3c4d161a0, not stripped
lib/modules/5.10.0-23-arm64/kernel/fs/nls/mac-cyrillic.ko	ELF 64-bit LSB relocatable, ARM aarch64, version 1 (SYSV), BuildID[sha1]=2c1eef6005d403a47d6885621e98dc9a8324a8b9, not stripped
lib/modules/5.10.0-23-arm64/kernel/fs/nls/nls_iso8859-5.ko	ELF 64-bit LSB relocatable, ARM aarch64, version 1 (SYSV), BuildID[sha1]=61853f6855ef86e90ae5ed65935b4e513615ba09, not stripped
lib/modules/5.10.0-23-arm64/kernel/fs/nls/mac-gaelic.ko	ELF 64-bit LSB relocatable, ARM aarch64, version 1 (SYSV), BuildID[sha1]=e0d9290bfb50f42a940b658de60a503f41aec12c, not stripped
lib/modules/5.10.0-23-arm64/kernel/fs/nls/nls_euc-jp.ko	ELF 64-bit LSB relocatable, ARM aarch64, version 1 (SYSV), BuildID[sha1]=655fe5a431b00867b30c565404b2dc2a83b2dc75, not stripped
lib/modules/5.10.0-23-arm64/kernel/fs/nls/nls_ascii.ko	ELF 64-bit LSB relocatable, ARM aarch64, version 1 (SYSV), BuildID[sha1]=545f5e322b7a1a5ec9652303ff6c6738cbb765a8, not stripped
lib/modules/5.10.0-23-arm64/kernel/fs/nls/nls_cp861.ko	ELF 64-bit LSB relocatable, ARM aarch64, version 1 (SYSV), BuildID[sha1]=ca67dc4b2f4ed9c3551aea19673bae3c661373df, not stripped
lib/modules/5.10.0-23-arm64/kernel/fs/nls/nls_iso8859-1.ko	ELF 64-bit LSB relocatable, ARM aarch64, version 1 (SYSV), BuildID[sha1]=7c046d77ee5e891afc53fb1b7313c87bc0232226, not stripped
lib/modules/5.10.0-23-arm64/kernel/fs/nls/nls_iso8859-13.ko	ELF 64-bit LSB relocatable, ARM aarch64, version 1 (SYSV), BuildID[sha1]=ffe040e4e845d97b0662959f43468f745df5c50c, not stripped
lib/modules/5.10.0-23-arm64/kernel/fs/nls/mac-centeuro.ko	ELF 64-bit LSB relocatable, ARM aarch64, version 1 (SYSV), BuildID[sha1]=2fda06cda2539b297f4f74a1c4b81093516257db, not stripped
lib/modules/5.10.0-23-arm64/kernel/fs/nls/mac-croatian.ko	ELF 64-bit LSB relocatable, ARM aarch64, version 1 (SYSV), BuildID[sha1]=7c5b8191fe85468c770c0836a49c5fbdc96af227, not stripped
lib/modules/5.10.0-23-arm64/kernel/fs/nls/nls_cp857.ko	ELF 64-bit LSB relocatable, ARM aarch64, version 1 (SYSV), BuildID[sha1]=eab0ed805ce81477e613b65139ddf054fcc73496, not stripped
lib/modules/5.10.0-23-arm64/kernel/fs/nls/nls_iso8859-6.ko	ELF 64-bit LSB relocatable, ARM aarch64, version 1 (SYSV), BuildID[sha1]=0307b6f60d28d4796103a968d309c981824a20dd, not stripped
lib/modules/5.10.0-23-arm64/kernel/fs/nls/nls_koi8-u.ko	ELF 64-bit LSB relocatable, ARM aarch64, version 1 (SYSV), BuildID[sha1]=aa1f6f0f34b05ffeda5d02ab3e7d8ffa80b90067, not stripped
lib/modules/5.10.0-23-arm64/kernel/fs/nls/nls_iso8859-15.ko	ELF 64-bit LSB relocatable, ARM aarch64, version 1 (SYSV), BuildID[sha1]=22d12c76e1c5028c105c1213d2de12a3031fbfff, not stripped
lib/modules/5.10.0-23-arm64/kernel/fs/nls/nls_iso8859-9.ko	ELF 64-bit LSB relocatable, ARM aarch64, version 1 (SYSV), BuildID[sha1]=a845cf21344b56300847e11b0b2837f782daf9d3, not stripped
lib/modules/5.10.0-23-arm64/kernel/fs/nls/mac-inuit.ko	ELF 64-bit LSB relocatable, ARM aarch64, version 1 (SYSV), BuildID[sha1]=c7453746f0eeeaf21e13639ee13557ad9ffcf56f, not stripped
lib/modules/5.10.0-23-arm64/kernel/fs/nls/nls_cp863.ko	ELF 64-bit LSB relocatable, ARM aarch64, version 1 (SYSV), BuildID[sha1]=b598e785eb52a92b9c5bf839ab2db0b1f882eb7f, not stripped
lib/modules/5.10.0-23-arm64/kernel/fs/nls/nls_iso8859-4.ko	ELF 64-bit LSB relocatable, ARM aarch64, version 1 (SYSV), BuildID[sha1]=8900476a5a218ad233fc58298ff1812f45326c1a, not stripped
lib/modules/5.10.0-23-arm64/kernel/fs/nls/nls_cp864.ko	ELF 64-bit LSB relocatable, ARM aarch64, version 1 (SYSV), BuildID[sha1]=2c63dc8b69de7c639d9c15c866889e42b0dae225, not stripped
lib/modules/5.10.0-23-arm64/kernel/fs/nls/nls_iso8859-2.ko	ELF 64-bit LSB relocatable, ARM aarch64, version 1 (SYSV), BuildID[sha1]=806a89fb58b8fc54b4f7e9a1e5e98cd8ccfd0ed9, not stripped
lib/modules/5.10.0-23-arm64/kernel/fs/nls/nls_koi8-ru.ko	ELF 64-bit LSB relocatable, ARM aarch64, version 1 (SYSV), BuildID[sha1]=b2fbf2d5a9f3a1b3b469dd9cc6c4e001271f6bd9, not stripped
lib/modules/5.10.0-23-arm64/kernel/fs/adfs/adfs.ko	ELF 64-bit LSB relocatable, ARM aarch64, version 1 (SYSV), BuildID[sha1]=523e0a6ef1658333f34b6a554dc98fc4c5f1d114, not stripped
lib/modules/5.10.0-23-arm64/kernel/fs/reiserfs/reiserfs.ko	ELF 64-bit LSB relocatable, ARM aarch64, version 1 (SYSV), BuildID[sha1]=4fcf3799572070f766af6a75cb5072ed4612b832, not stripped
lib/modules/5.10.0-23-arm64/kernel/fs/squashfs/squashfs.ko	ELF 64-bit LSB relocatable, ARM aarch64, version 1 (SYSV), BuildID[sha1]=8724da80173de2ccae3c8227398d5917c5448fbe, not stripped
lib/modules/5.10.0-23-arm64/kernel/fs/jffs2/jffs2.ko	ELF 64-bit LSB relocatable, ARM aarch64, version 1 (SYSV), BuildID[sha1]=035ee3a8859b037f0d4cf61cfa32f8c492a32bd1, not stripped
lib/modules/5.10.0-23-arm64/kernel/fs/bfs/bfs.ko	ELF 64-bit LSB relocatable, ARM aarch64, version 1 (SYSV), BuildID[sha1]=28929cb6ef15c8aa9467ae97b83c974219e0572f, not stripped
lib/modules/5.10.0-23-arm64/kernel/fs/ceph/ceph.ko	ELF 64-bit LSB relocatable, ARM aarch64, version 1 (SYSV), BuildID[sha1]=55db86b04efe86eb394de0bdb69e54d8f5d46701, not stripped
lib/modules/5.10.0-23-arm64/kernel/fs/configfs/configfs.ko	ELF 64-bit LSB relocatable, ARM aarch64, version 1 (SYSV), BuildID[sha1]=e0b540e9c5bb86035db181c07da653bd4e73c175, not stripped
lib/modules/5.10.0-23-arm64/kernel/fs/qnx6/qnx6.ko	ELF 64-bit LSB relocatable, ARM aarch64, version 1 (SYSV), BuildID[sha1]=e5b27c10e4130b6f151d8c2607bad1f5918a98c3, not stripped
lib/modules/5.10.0-23-arm64/kernel/fs/fuse/fuse.ko	ELF 64-bit LSB relocatable, ARM aarch64, version 1 (SYSV), BuildID[sha1]=51b657c98072230b34bad5f959e8578033e91f20, not stripped
lib/modules/5.10.0-23-arm64/kernel/fs/fuse/cuse.ko	ELF 64-bit LSB relocatable, ARM aarch64, version 1 (SYSV), BuildID[sha1]=9918bb5b3340c10d98dc7d37cbd4332a7f6018d7, not stripped
lib/modules/5.10.0-23-arm64/kernel/fs/fuse/virtiofs.ko	ELF 64-bit LSB relocatable, ARM aarch64, version 1 (SYSV), BuildID[sha1]=871286924cdaa034a02091d2980ad533468a33a0, not stripped
lib/modules/5.10.0-23-arm64/kernel/fs/fat/vfat.ko	ELF 64-bit LSB relocatable, ARM aarch64, version 1 (SYSV), BuildID[sha1]=b34db369cf55d3257d41000ffe6a129b31afbbec, not stripped
lib/modules/5.10.0-23-arm64/kernel/fs/fat/msdos.ko	ELF 64-bit LSB relocatable, ARM aarch64, version 1 (SYSV), BuildID[sha1]=cd7e33ccab373f5ae1c688dad6613987e690b9d5, not stripped
lib/modules/5.10.0-23-arm64/kernel/fs/fat/fat.ko	ELF 64-bit LSB relocatable, ARM aarch64, version 1 (SYSV), BuildID[sha1]=11e4404f286e4be691e65be8765058e733b7580f, not stripped
lib/modules/5.10.0-23-arm64/kernel/fs/mbcache.ko	ELF 64-bit LSB relocatable, ARM aarch64, version 1 (SYSV), BuildID[sha1]=3e4f58c3ce04ea85c8a9b673ee265d8d1a81d936, not stripped
lib/modules/5.10.0-23-arm64/kernel/fs/f2fs/f2fs.ko	ELF 64-bit LSB relocatable, ARM aarch64, version 1 (SYSV), BuildID[sha1]=031b9f7b456f9026f481869a2a4575d5b63c3fd1, not stripped
lib/modules/5.10.0-23-arm64/kernel/fs/nfs/filelayout/nfs_layout_nfsv41_files.ko	ELF 64-bit LSB relocatable, ARM aarch64, version 1 (SYSV), BuildID[sha1]=3269f11b49537e9ffe9b52f55dfbc1f60d217baa, not stripped
lib/modules/5.10.0-23-arm64/kernel/fs/nfs/blocklayout/blocklayoutdriver.ko	ELF 64-bit LSB relocatable, ARM aarch64, version 1 (SYSV), BuildID[sha1]=06f6ec8f769e33d3735283e71c910d06676e5b05, not stripped
lib/modules/5.10.0-23-arm64/kernel/fs/nfs/nfsv3.ko	ELF 64-bit LSB relocatable, ARM aarch64, version 1 (SYSV), BuildID[sha1]=db8e9481d0dc0a03ac9c2fb13231d4d80a28b14e, not stripped
lib/modules/5.10.0-23-arm64/kernel/fs/nfs/flexfilelayout/nfs_layout_flexfiles.ko	ELF 64-bit LSB relocatable, ARM aarch64, version 1 (SYSV), BuildID[sha1]=f843111c325e0150d310e2245f095a0b2786c598, not stripped
lib/modules/5.10.0-23-arm64/kernel/fs/nfs/nfsv2.ko	ELF 64-bit LSB relocatable, ARM aarch64, version 1 (SYSV), BuildID[sha1]=83f5af10793f170d18a93fb7b11b8b9818e66214, not stripped
lib/modules/5.10.0-23-arm64/kernel/fs/nfs/nfsv4.ko	ELF 64-bit LSB relocatable, ARM aarch64, version 1 (SYSV), BuildID[sha1]=ce4e6d853bf186de47a2900b6ccb2f5ae2b22af3, not stripped
lib/modules/5.10.0-23-arm64/kernel/fs/nfs/nfs.ko	ELF 64-bit LSB relocatable, ARM aarch64, version 1 (SYSV), BuildID[sha1]=88b3d12d8eef7ad574b44d7405a0a0cf4b0b89f4, not stripped
lib/modules/5.10.0-23-arm64/kernel/fs/ecryptfs/ecryptfs.ko	ELF 64-bit LSB relocatable, ARM aarch64, version 1 (SYSV), BuildID[sha1]=7507a611e4038bf3f938d1a82d9c257d93c9a41b, not stripped
lib/modules/5.10.0-23-arm64/kernel/fs/affs/affs.ko	ELF 64-bit LSB relocatable, ARM aarch64, version 1 (SYSV), BuildID[sha1]=23ba1c6f818c8f34996db2e3205180424d0434e6, not stripped
lib/modules/5.10.0-23-arm64/kernel/fs/hpfs/hpfs.ko	ELF 64-bit LSB relocatable, ARM aarch64, version 1 (SYSV), BuildID[sha1]=3652ae47319cb8e96b592e8812a8c6a3d8704c92, not stripped
lib/modules/5.10.0-23-arm64/kernel/fs/erofs/erofs.ko	ELF 64-bit LSB relocatable, ARM aarch64, version 1 (SYSV), BuildID[sha1]=ef7a336cb2b71770f1fff13f366acea98d981f61, not stripped
lib/modules/5.10.0-23-arm64/kernel/fs/pstore/ramoops.ko	ELF 64-bit LSB relocatable, ARM aarch64, version 1 (SYSV), BuildID[sha1]=3fc1ac95b6dd6d9ee63fd34eb2161ecafbeeb5fa, not stripped
lib/modules/5.10.0-23-arm64/kernel/fs/cachefiles/cachefiles.ko	ELF 64-bit LSB relocatable, ARM aarch64, version 1 (SYSV), BuildID[sha1]=dfa0485ac0346a89e226fdc7e2e2d3c09d85e8e1, not stripped
lib/modules/5.10.0-23-arm64/kernel/fs/overlayfs/overlay.ko	ELF 64-bit LSB relocatable, ARM aarch64, version 1 (SYSV), BuildID[sha1]=7501892594eefb3307c10f02193d76ee26386064, not stripped
lib/modules/5.10.0-23-arm64/kernel/fs/qnx4/qnx4.ko	ELF 64-bit LSB relocatable, ARM aarch64, version 1 (SYSV), BuildID[sha1]=5f9d30d0b3d00c4da78a92551d43d5bf8f1d7d46, not stripped
lib/modules/5.10.0-23-arm64/kernel/fs/hfsplus/hfsplus.ko	ELF 64-bit LSB relocatable, ARM aarch64, version 1 (SYSV), BuildID[sha1]=10e72728aebd25524708efaa21d222e212aa650e, not stripped
lib/modules/5.10.0-23-arm64/kernel/fs/quota/quota_v1.ko	ELF 64-bit LSB relocatable, ARM aarch64, version 1 (SYSV), BuildID[sha1]=01b972bc2a2f60c7e531b9d5e068bb3b8b28fd33, not stripped
lib/modules/5.10.0-23-arm64/kernel/fs/quota/quota_v2.ko	ELF 64-bit LSB relocatable, ARM aarch64, version 1 (SYSV), BuildID[sha1]=d1d997771e4d3bd2d1f403169f430ca7ee6269bf, not stripped
lib/modules/5.10.0-23-arm64/kernel/fs/quota/quota_tree.ko	ELF 64-bit LSB relocatable, ARM aarch64, version 1 (SYSV), BuildID[sha1]=11b51be7429bd41997ecd68299f2180a072533c7, not stripped
lib/modules/5.10.0-23-arm64/kernel/fs/btrfs/btrfs.ko	ELF 64-bit LSB relocatable, ARM aarch64, version 1 (SYSV), BuildID[sha1]=c27cb61b113d85311d6acf5d1b5a171c13b5928a, not stripped
lib/modules/5.10.0-23-arm64/kernel/fs/sysv/sysv.ko	ELF 64-bit LSB relocatable, ARM aarch64, version 1 (SYSV), BuildID[sha1]=59d1abe4a693a05d4a3855d9cb4607a9ec779475, not stripped
lib/modules/5.10.0-23-arm64/kernel/fs/efs/efs.ko	ELF 64-bit LSB relocatable, ARM aarch64, version 1 (SYSV), BuildID[sha1]=682dacdd19f27f10319e6e874e30f632071f14a1, not stripped
lib/modules/5.10.0-23-arm64/kernel/fs/autofs/autofs4.ko	ELF 64-bit LSB relocatable, ARM aarch64, version 1 (SYSV), BuildID[sha1]=e3b1578616e2bc9ca5b754860adb59b0546e2ff5, not stripped
lib/modules/5.10.0-23-arm64/kernel/fs/isofs/isofs.ko	ELF 64-bit LSB relocatable, ARM aarch64, version 1 (SYSV), BuildID[sha1]=6c070d50167ee800a2fcafe5114a82f2f31c46ed, not stripped
lib/modules/5.10.0-23-arm64/kernel/fs/9p/9p.ko	ELF 64-bit LSB relocatable, ARM aarch64, version 1 (SYSV), BuildID[sha1]=c872de7d5188bafd83f7a9aea70428c0da83c6a3, not stripped
lib/modules/5.10.0-23-arm64/kernel/fs/ocfs2/dlmfs/ocfs2_dlmfs.ko	ELF 64-bit LSB relocatable, ARM aarch64, version 1 (SYSV), BuildID[sha1]=bb31810c6785ec9bd36ccbba4b9c6a744025e0ca, not stripped
lib/modules/5.10.0-23-arm64/kernel/fs/ocfs2/ocfs2_stack_user.ko	ELF 64-bit LSB relocatable, ARM aarch64, version 1 (SYSV), BuildID[sha1]=061ac292261774be2d97793248fd7d8f9fac8ef5, not stripped
lib/modules/5.10.0-23-arm64/kernel/fs/ocfs2/ocfs2_stack_o2cb.ko	ELF 64-bit LSB relocatable, ARM aarch64, version 1 (SYSV), BuildID[sha1]=8aeed710124627691dca33cf3502b8288dfc33ee, not stripped
lib/modules/5.10.0-23-arm64/kernel/fs/ocfs2/ocfs2_stackglue.ko	ELF 64-bit LSB relocatable, ARM aarch64, version 1 (SYSV), BuildID[sha1]=2f47c47c7b5cae98119782551713319da6482a34, not stripped
lib/modules/5.10.0-23-arm64/kernel/fs/ocfs2/cluster/ocfs2_nodemanager.ko	ELF 64-bit LSB relocatable, ARM aarch64, version 1 (SYSV), BuildID[sha1]=e23b9fe5af0f98e5450adcf734e312e273fa4c76, not stripped
lib/modules/5.10.0-23-arm64/kernel/fs/ocfs2/ocfs2.ko	ELF 64-bit LSB relocatable, ARM aarch64, version 1 (SYSV), BuildID[sha1]=116a087a67c6a58136ee6f6cb72dd8ea4485ba09, not stripped
lib/modules/5.10.0-23-arm64/kernel/fs/ocfs2/dlm/ocfs2_dlm.ko	ELF 64-bit LSB relocatable, ARM aarch64, version 1 (SYSV), BuildID[sha1]=0c70e95943870bb8ffc711b514d4a235be13b075, not stripped
lib/modules/5.10.0-23-arm64/kernel/fs/gfs2/gfs2.ko	ELF 64-bit LSB relocatable, ARM aarch64, version 1 (SYSV), BuildID[sha1]=626914ac678945a8cd78062a2eb558862964e1d2, not stripped
lib/modules/5.10.0-23-arm64/kernel/fs/binfmt_misc.ko	ELF 64-bit LSB relocatable, ARM aarch64, version 1 (SYSV), BuildID[sha1]=fab44d402de46ae7602e95d2ba417199b82b0aa0, not stripped
lib/modules/5.10.0-23-arm64/kernel/fs/omfs/omfs.ko	ELF 64-bit LSB relocatable, ARM aarch64, version 1 (SYSV), BuildID[sha1]=2fce168acb2f344efcf8b909b0239632f57ecd19, not stripped
lib/modules/5.10.0-23-arm64/kernel/fs/ubifs/ubifs.ko	ELF 64-bit LSB relocatable, ARM aarch64, version 1 (SYSV), BuildID[sha1]=f2f1765039bc950668730dd580a87d942f180860, not stripped
lib/modules/5.10.0-23-arm64/kernel/fs/lockd/lockd.ko	ELF 64-bit LSB relocatable, ARM aarch64, version 1 (SYSV), BuildID[sha1]=0eb893bfc2fb8224d70651096c31785fc5cf8861, not stripped
lib/modules/5.10.0-23-arm64/kernel/fs/romfs/romfs.ko	ELF 64-bit LSB relocatable, ARM aarch64, version 1 (SYSV), BuildID[sha1]=61bab7f176f7342f00f485c723fb8816172fc9a8, not stripped
lib/modules/5.10.0-23-arm64/kernel/fs/jbd2/jbd2.ko	ELF 64-bit LSB relocatable, ARM aarch64, version 1 (SYSV), BuildID[sha1]=d5ef645734f2f057793f78d6a234258b3deac659, not stripped
lib/modules/5.10.0-23-arm64/kernel/fs/efivarfs/efivarfs.ko	ELF 64-bit LSB relocatable, ARM aarch64, version 1 (SYSV), BuildID[sha1]=0a54b727cb4bca46f67f707c8daf54f87e6f1b49, not stripped
lib/modules/5.10.0-23-arm64/kernel/fs/ufs/ufs.ko	ELF 64-bit LSB relocatable, ARM aarch64, version 1 (SYSV), BuildID[sha1]=f821c93cb314cd5b1203b3850aaf3434fc5b674f, not stripped
lib/modules/5.10.0-23-arm64/kernel/fs/xfs/xfs.ko	ELF 64-bit LSB relocatable, ARM aarch64, version 1 (SYSV), BuildID[sha1]=22d9f9de899b19bf7c90e8cb465cb859d5995acc, not stripped
lib/modules/5.10.0-23-arm64/kernel/fs/ext4/ext4.ko	ELF 64-bit LSB relocatable, ARM aarch64, version 1 (SYSV), BuildID[sha1]=8116606136c49a5bc64a0a7b1f958c0bb263f66e, not stripped
lib/modules/5.10.0-23-arm64/kernel/fs/freevxfs/freevxfs.ko	ELF 64-bit LSB relocatable, ARM aarch64, version 1 (SYSV), BuildID[sha1]=e9a4006deaa09685db1ed4b387a7d459665d0895, not stripped
lib/modules/5.10.0-23-arm64/kernel/fs/jfs/jfs.ko	ELF 64-bit LSB relocatable, ARM aarch64, version 1 (SYSV), BuildID[sha1]=81cfe6b039cf02d635cc291d17040318b67e69f0, not stripped
lib/modules/5.10.0-23-arm64/kernel/fs/dlm/dlm.ko	ELF 64-bit LSB relocatable, ARM aarch64, version 1 (SYSV), BuildID[sha1]=e2c0f195d65da83756b3defaaa0ea5e30b763917, not stripped
lib/modules/5.10.0-23-arm64/kernel/fs/nfs_common/nfs_ssc.ko	ELF 64-bit LSB relocatable, ARM aarch64, version 1 (SYSV), BuildID[sha1]=ebdd7f68d00b7c5f5eddab5394cef61bea8e3480, not stripped
lib/modules/5.10.0-23-arm64/kernel/fs/nfs_common/grace.ko	ELF 64-bit LSB relocatable, ARM aarch64, version 1 (SYSV), BuildID[sha1]=091fe6b08c492be401c1a537be64e07c68f12f73, not stripped
lib/modules/5.10.0-23-arm64/kernel/fs/nfs_common/nfs_acl.ko	ELF 64-bit LSB relocatable, ARM aarch64, version 1 (SYSV), BuildID[sha1]=839457a4d3c2c5b4609c0c04ad28bb7504c2d80b, not stripped
lib/modules/5.10.0-23-arm64/kernel/fs/exfat/exfat.ko	ELF 64-bit LSB relocatable, ARM aarch64, version 1 (SYSV), BuildID[sha1]=3d5b06704fa49c59c26f7d292fbf0c080b19baad, not stripped
lib/modules/5.10.0-23-arm64/kernel/fs/udf/udf.ko	ELF 64-bit LSB relocatable, ARM aarch64, version 1 (SYSV), BuildID[sha1]=9690d45cb78869d26f8fce36083b8bcacd7cdd55, not stripped
lib/modules/5.10.0-23-arm64/kernel/fs/nfsd/nfsd.ko	ELF 64-bit LSB relocatable, ARM aarch64, version 1 (SYSV), BuildID[sha1]=29dafe64940bdf65d110b3cee81bebeb659d52bb, not stripped
lib/modules/5.10.0-23-arm64/kernel/fs/afs/kafs.ko	ELF 64-bit LSB relocatable, ARM aarch64, version 1 (SYSV), BuildID[sha1]=54b277f94b7a9a535f76c914c30136d81a0b41d5, not stripped
lib/modules/5.10.0-23-arm64/kernel/arch/arm64/lib/xor-neon.ko	ELF 64-bit LSB relocatable, ARM aarch64, version 1 (SYSV), BuildID[sha1]=db714e3a24dd40c2ec9a2983c0d8b868a46200e1, not stripped
lib/modules/5.10.0-23-arm64/kernel/arch/arm64/crypto/poly1305-neon.ko	ELF 64-bit LSB relocatable, ARM aarch64, version 1 (SYSV), BuildID[sha1]=ae23da061ef0b4a3ef26deb096274ccea652adbb, not stripped
lib/modules/5.10.0-23-arm64/kernel/arch/arm64/crypto/aes-ce-ccm.ko	ELF 64-bit LSB relocatable, ARM aarch64, version 1 (SYSV), BuildID[sha1]=e0c23e6254d4105d11d963fd56247964bb6217f9, not stripped
lib/modules/5.10.0-23-arm64/kernel/arch/arm64/crypto/chacha-neon.ko	ELF 64-bit LSB relocatable, ARM aarch64, version 1 (SYSV), BuildID[sha1]=b01b03b72c82fb2d69ce6d428a875f538e040907, not stripped
lib/modules/5.10.0-23-arm64/kernel/arch/arm64/crypto/sha1-ce.ko	ELF 64-bit LSB relocatable, ARM aarch64, version 1 (SYSV), BuildID[sha1]=e59c9db522588f8ef9b66e6587f50bab171f7f8e, not stripped
lib/modules/5.10.0-23-arm64/kernel/arch/arm64/crypto/ghash-ce.ko	ELF 64-bit LSB relocatable, ARM aarch64, version 1 (SYSV), BuildID[sha1]=4565dbe23f36790ae8eccfc8e0249ae0505fff15, not stripped
lib/modules/5.10.0-23-arm64/kernel/arch/arm64/crypto/sha2-ce.ko	ELF 64-bit LSB relocatable, ARM aarch64, version 1 (SYSV), BuildID[sha1]=a1ba5fd4ee7d08d20ccdd602fab7381bdbc9469d, not stripped
lib/modules/5.10.0-23-arm64/kernel/arch/arm64/crypto/aes-ce-cipher.ko	ELF 64-bit LSB relocatable, ARM aarch64, version 1 (SYSV), BuildID[sha1]=c6098fe442673e9d7c0b547b391c3291c5426af4, not stripped
lib/modules/5.10.0-23-arm64/kernel/arch/arm64/crypto/nhpoly1305-neon.ko	ELF 64-bit LSB relocatable, ARM aarch64, version 1 (SYSV), BuildID[sha1]=4679fecff5e4d1b594705e3e40804b26a9a5e18f, not stripped
lib/modules/5.10.0-23-arm64/kernel/arch/arm64/crypto/sha512-ce.ko	ELF 64-bit LSB relocatable, ARM aarch64, version 1 (SYSV), BuildID[sha1]=bf4ce574579b9756e4295ba6ab87b5f05a7506af, not stripped
lib/modules/5.10.0-23-arm64/kernel/arch/arm64/crypto/sha256-arm64.ko	ELF 64-bit LSB relocatable, ARM aarch64, version 1 (SYSV), BuildID[sha1]=e40be4706edaad3a9f59a95d8a34feed35ab014d, not stripped
lib/modules/5.10.0-23-arm64/kernel/arch/arm64/crypto/sha3-ce.ko	ELF 64-bit LSB relocatable, ARM aarch64, version 1 (SYSV), BuildID[sha1]=df269e29e77ead022c7306e64bc18f2208926dff, not stripped
lib/modules/5.10.0-23-arm64/kernel/arch/arm64/crypto/aes-neon-blk.ko	ELF 64-bit LSB relocatable, ARM aarch64, version 1 (SYSV), BuildID[sha1]=b7a780212cbd9e6bee3656196b3d5b48a9805893, not stripped
lib/modules/5.10.0-23-arm64/kernel/arch/arm64/crypto/aes-neon-bs.ko	ELF 64-bit LSB relocatable, ARM aarch64, version 1 (SYSV), BuildID[sha1]=eec87bf2d9c327d8cdd3ec2006e12f14bfed2f5d, not stripped
lib/modules/5.10.0-23-arm64/kernel/arch/arm64/crypto/sha512-arm64.ko	ELF 64-bit LSB relocatable, ARM aarch64, version 1 (SYSV), BuildID[sha1]=23119fc7b53a81342637962175438e6107b52851, not stripped
lib/modules/5.10.0-23-arm64/kernel/arch/arm64/crypto/aes-arm64.ko	ELF 64-bit LSB relocatable, ARM aarch64, version 1 (SYSV), BuildID[sha1]=de2b39a1f4bd07735aac4a1d0454d2a37c225a7d, not stripped
lib/modules/5.10.0-23-arm64/kernel/arch/arm64/crypto/crct10dif-ce.ko	ELF 64-bit LSB relocatable, ARM aarch64, version 1 (SYSV), BuildID[sha1]=a15bffad68c58f3e855beb454ce9b41c3f3879b5, not stripped
lib/modules/5.10.0-23-arm64/kernel/arch/arm64/crypto/aes-ce-blk.ko	ELF 64-bit LSB relocatable, ARM aarch64, version 1 (SYSV), BuildID[sha1]=9e7b54e4d5534c0f8e4e9ebbc6dce9d3b57219df, not stripped
lib/modules/5.10.0-23-arm64/kernel/sound/pci/snd-ad1889.ko	ELF 64-bit LSB relocatable, ARM aarch64, version 1 (SYSV), BuildID[sha1]=177b4b5c206c17dd6a19983a0cbeb109c40c8b45, not stripped
lib/modules/5.10.0-23-arm64/kernel/sound/pci/echoaudio/snd-indigodj.ko	ELF 64-bit LSB relocatable, ARM aarch64, version 1 (SYSV), BuildID[sha1]=98a02f865c8b93df58c1453ce2ebff0d9ebe619d, not stripped
lib/modules/5.10.0-23-arm64/kernel/sound/pci/echoaudio/snd-mona.ko	ELF 64-bit LSB relocatable, ARM aarch64, version 1 (SYSV), BuildID[sha1]=e9225caf15556e5d2a728938900a3f49b0b35bf1, not stripped
lib/modules/5.10.0-23-arm64/kernel/sound/pci/echoaudio/snd-gina20.ko	ELF 64-bit LSB relocatable, ARM aarch64, version 1 (SYSV), BuildID[sha1]=4fed3bf7a4e69255a6946e19e77d4015f924140e, not stripped
lib/modules/5.10.0-23-arm64/kernel/sound/pci/echoaudio/snd-indigoiox.ko	ELF 64-bit LSB relocatable, ARM aarch64, version 1 (SYSV), BuildID[sha1]=aa404d94093110a14da178f663b9d87c8485575e, not stripped
lib/modules/5.10.0-23-arm64/kernel/sound/pci/echoaudio/snd-mia.ko	ELF 64-bit LSB relocatable, ARM aarch64, version 1 (SYSV), BuildID[sha1]=4b9708eba1cda2c646eeed81984674778f805ca2, not stripped
lib/modules/5.10.0-23-arm64/kernel/sound/pci/echoaudio/snd-layla24.ko	ELF 64-bit LSB relocatable, ARM aarch64, version 1 (SYSV), BuildID[sha1]=13f8afb1b72bae3117e61517e923f0a7ce3f90cf, not stripped
lib/modules/5.10.0-23-arm64/kernel/sound/pci/echoaudio/snd-echo3g.ko	ELF 64-bit LSB relocatable, ARM aarch64, version 1 (SYSV), BuildID[sha1]=43e50868737da343db1e251fcba6611e1198c939, not stripped
lib/modules/5.10.0-23-arm64/kernel/sound/pci/echoaudio/snd-indigodjx.ko	ELF 64-bit LSB relocatable, ARM aarch64, version 1 (SYSV), BuildID[sha1]=c24e615d0230cde93286c6cfbb77353379a75113, not stripped
lib/modules/5.10.0-23-arm64/kernel/sound/pci/echoaudio/snd-darla24.ko	ELF 64-bit LSB relocatable, ARM aarch64, version 1 (SYSV), BuildID[sha1]=47ddee0c37119cd048e38ef02ad630a6b7f9e82b, not stripped
lib/modules/5.10.0-23-arm64/kernel/sound/pci/echoaudio/snd-gina24.ko	ELF 64-bit LSB relocatable, ARM aarch64, version 1 (SYSV), BuildID[sha1]=8c649a391ddac79910486b44134dc958a05942d5, not stripped
lib/modules/5.10.0-23-arm64/kernel/sound/pci/echoaudio/snd-layla20.ko	ELF 64-bit LSB relocatable, ARM aarch64, version 1 (SYSV), BuildID[sha1]=242cf165c4e07155971700e9ec1852d05089e3f2, not stripped
lib/modules/5.10.0-23-arm64/kernel/sound/pci/echoaudio/snd-indigo.ko	ELF 64-bit LSB relocatable, ARM aarch64, version 1 (SYSV), BuildID[sha1]=837d6862b80abfffed1bff470d1b7dea3b8d21f2, not stripped
lib/modules/5.10.0-23-arm64/kernel/sound/pci/echoaudio/snd-indigoio.ko	ELF 64-bit LSB relocatable, ARM aarch64, version 1 (SYSV), BuildID[sha1]=bfa7e6db9d116667502dd637c4f15006938b7250, not stripped
lib/modules/5.10.0-23-arm64/kernel/sound/pci/echoaudio/snd-darla20.ko	ELF 64-bit LSB relocatable, ARM aarch64, version 1 (SYSV), BuildID[sha1]=c4d3d75875860e368866d1b6c280677c968753f1, not stripped
lib/modules/5.10.0-23-arm64/kernel/sound/pci/oxygen/snd-virtuoso.ko	ELF 64-bit LSB relocatable, ARM aarch64, version 1 (SYSV), BuildID[sha1]=226fe2a32bb4e8f005528b081afe32aa51c34b4b, not stripped
lib/modules/5.10.0-23-arm64/kernel/sound/pci/oxygen/snd-oxygen.ko	ELF 64-bit LSB relocatable, ARM aarch64, version 1 (SYSV), BuildID[sha1]=ef0c3157b414af39993f33089ab2ba9c2af0ba89, not stripped
lib/modules/5.10.0-23-arm64/kernel/sound/pci/oxygen/snd-oxygen-lib.ko	ELF 64-bit LSB relocatable, ARM aarch64, version 1 (SYSV), BuildID[sha1]=d5ae8b2195c0dd3e2a47a713cb5be4c48636d99c, not stripped
lib/modules/5.10.0-23-arm64/kernel/sound/pci/pcxhr/snd-pcxhr.ko	ELF 64-bit LSB relocatable, ARM aarch64, version 1 (SYSV), BuildID[sha1]=e699800a00511c5e252025d6dd97025f03fa3a60, not stripped
lib/modules/5.10.0-23-arm64/kernel/sound/pci/hda/snd-hda-codec-generic.ko	ELF 64-bit LSB relocatable, ARM aarch64, version 1 (SYSV), BuildID[sha1]=0c346666e517f7507ed258083225499a7dca69f3, not stripped
lib/modules/5.10.0-23-arm64/kernel/sound/pci/hda/snd-hda-codec-ca0132.ko	ELF 64-bit LSB relocatable, ARM aarch64, version 1 (SYSV), BuildID[sha1]=09fa7f23587ae6d4cd0e654fc36e919d4c902358, not stripped
lib/modules/5.10.0-23-arm64/kernel/sound/pci/hda/snd-hda-codec-analog.ko	ELF 64-bit LSB relocatable, ARM aarch64, version 1 (SYSV), BuildID[sha1]=076df2b057d5d5a27bc7d2d0c66208eed703f93a, not stripped
lib/modules/5.10.0-23-arm64/kernel/sound/pci/hda/snd-hda-codec.ko	ELF 64-bit LSB relocatable, ARM aarch64, version 1 (SYSV), BuildID[sha1]=507070c01fee01fe9d444013ce07ba80eef797b6, not stripped
lib/modules/5.10.0-23-arm64/kernel/sound/pci/hda/snd-hda-intel.ko	ELF 64-bit LSB relocatable, ARM aarch64, version 1 (SYSV), BuildID[sha1]=c6a0cbd2b32df792dbaba3c238e981e950618b18, not stripped
lib/modules/5.10.0-23-arm64/kernel/sound/pci/hda/snd-hda-codec-cmedia.ko	ELF 64-bit LSB relocatable, ARM aarch64, version 1 (SYSV), BuildID[sha1]=1271221b148f1d3bdd0e3703834e8e2f017ba4ac, not stripped
lib/modules/5.10.0-23-arm64/kernel/sound/pci/hda/snd-hda-codec-idt.ko	ELF 64-bit LSB relocatable, ARM aarch64, version 1 (SYSV), BuildID[sha1]=d21aa9fad8616b5d40334f2e43d343735ec39fcc, not stripped
lib/modules/5.10.0-23-arm64/kernel/sound/pci/hda/snd-hda-codec-hdmi.ko	ELF 64-bit LSB relocatable, ARM aarch64, version 1 (SYSV), BuildID[sha1]=ea4e32485183c00b46c9ccfeffc55324b2ccad7f, not stripped
lib/modules/5.10.0-23-arm64/kernel/sound/pci/hda/snd-hda-tegra.ko	ELF 64-bit LSB relocatable, ARM aarch64, version 1 (SYSV), BuildID[sha1]=fe6d7ecc5e922254fa36eee364087a73c82c6ad5, not stripped
lib/modules/5.10.0-23-arm64/kernel/sound/pci/hda/snd-hda-codec-conexant.ko	ELF 64-bit LSB relocatable, ARM aarch64, version 1 (SYSV), BuildID[sha1]=ff7fe26666d931cb01e6c8f3de9b653aae0ba5dc, not stripped
lib/modules/5.10.0-23-arm64/kernel/sound/pci/hda/snd-hda-codec-via.ko	ELF 64-bit LSB relocatable, ARM aarch64, version 1 (SYSV), BuildID[sha1]=7092ff44a4725c6e3213d5e95467cba61a2089d8, not stripped
lib/modules/5.10.0-23-arm64/kernel/sound/pci/hda/snd-hda-codec-realtek.ko	ELF 64-bit LSB relocatable, ARM aarch64, version 1 (SYSV), BuildID[sha1]=ceea48f192c8370a63315a7b679ef5d1a62deeb6, not stripped
lib/modules/5.10.0-23-arm64/kernel/sound/pci/hda/snd-hda-codec-ca0110.ko	ELF 64-bit LSB relocatable, ARM aarch64, version 1 (SYSV), BuildID[sha1]=d73cf9263876de87596095ad087aa31f5b83d6de, not stripped
lib/modules/5.10.0-23-arm64/kernel/sound/pci/hda/snd-hda-codec-si3054.ko	ELF 64-bit LSB relocatable, ARM aarch64, version 1 (SYSV), BuildID[sha1]=8d194d8e8563be9103c6327e6e5a27d6f503b73a, not stripped
lib/modules/5.10.0-23-arm64/kernel/sound/pci/hda/snd-hda-codec-cirrus.ko	ELF 64-bit LSB relocatable, ARM aarch64, version 1 (SYSV), BuildID[sha1]=512dcb39ed94521fb6f573583a878f2768a5b908, not stripped
lib/modules/5.10.0-23-arm64/kernel/sound/pci/riptide/snd-riptide.ko	ELF 64-bit LSB relocatable, ARM aarch64, version 1 (SYSV), BuildID[sha1]=5d70f175427523d9bd13f168f342cbd9e9d7a464, not stripped
lib/modules/5.10.0-23-arm64/kernel/sound/pci/lola/snd-lola.ko	ELF 64-bit LSB relocatable, ARM aarch64, version 1 (SYSV), BuildID[sha1]=08883b1e6680cc2b6905fa8a771716239f00aaa0, not stripped
lib/modules/5.10.0-23-arm64/kernel/sound/pci/rme9652/snd-hdspm.ko	ELF 64-bit LSB relocatable, ARM aarch64, version 1 (SYSV), BuildID[sha1]=b49b83d47948ff574cb5306c307acdb893febcf3, not stripped
lib/modules/5.10.0-23-arm64/kernel/sound/pci/lx6464es/snd-lx6464es.ko	ELF 64-bit LSB relocatable, ARM aarch64, version 1 (SYSV), BuildID[sha1]=531667c968edcd9b7f8fae115a34f5f92cdea42b, not stripped
lib/modules/5.10.0-23-arm64/kernel/sound/pci/ctxfi/snd-ctxfi.ko	ELF 64-bit LSB relocatable, ARM aarch64, version 1 (SYSV), BuildID[sha1]=d0abefbdb6c272997791f1a1ed5867b0700ef834, not stripped
lib/modules/5.10.0-23-arm64/kernel/sound/pci/ac97/snd-ac97-codec.ko	ELF 64-bit LSB relocatable, ARM aarch64, version 1 (SYSV), BuildID[sha1]=e936134e7a7b8f8d1a5ddaa7aa6e3f44373514a2, not stripped
lib/modules/5.10.0-23-arm64/kernel/sound/pci/snd-als300.ko	ELF 64-bit LSB relocatable, ARM aarch64, version 1 (SYSV), BuildID[sha1]=3929cbba4cc177917a96894cbe1faeffed41b716, not stripped
lib/modules/5.10.0-23-arm64/kernel/sound/core/snd-seq-device.ko	ELF 64-bit LSB relocatable, ARM aarch64, version 1 (SYSV), BuildID[sha1]=f2b09dc1d78ff5ce77a2fdc7c6bb08c19bb56ffe, not stripped
lib/modules/5.10.0-23-arm64/kernel/sound/core/snd-timer.ko	ELF 64-bit LSB relocatable, ARM aarch64, version 1 (SYSV), BuildID[sha1]=6f6336d4d2b8aae6677e0b9e80f44edcf48607c2, not stripped
lib/modules/5.10.0-23-arm64/kernel/sound/core/snd-hrtimer.ko	ELF 64-bit LSB relocatable, ARM aarch64, version 1 (SYSV), BuildID[sha1]=66fcf408edcde0b95b9761a57b5334251682e356, not stripped
lib/modules/5.10.0-23-arm64/kernel/sound/core/seq/snd-seq-midi.ko	ELF 64-bit LSB relocatable, ARM aarch64, version 1 (SYSV), BuildID[sha1]=b605dd560fb1d494b1690969f465423339ccd69e, not stripped
lib/modules/5.10.0-23-arm64/kernel/sound/core/seq/snd-seq-midi-emul.ko	ELF 64-bit LSB relocatable, ARM aarch64, version 1 (SYSV), BuildID[sha1]=1ccc6c8334ea43543e19fe474967197ede3591c4, not stripped
lib/modules/5.10.0-23-arm64/kernel/sound/core/seq/snd-seq.ko	ELF 64-bit LSB relocatable, ARM aarch64, version 1 (SYSV), BuildID[sha1]=a51cb36690fce8f13b3ea886955067d8baccb4ea, not stripped
lib/modules/5.10.0-23-arm64/kernel/sound/core/seq/snd-seq-midi-event.ko	ELF 64-bit LSB relocatable, ARM aarch64, version 1 (SYSV), BuildID[sha1]=944ce93414183c01a22c645a5dba45ee27eba64a, not stripped
lib/modules/5.10.0-23-arm64/kernel/sound/core/seq/snd-seq-dummy.ko	ELF 64-bit LSB relocatable, ARM aarch64, version 1 (SYSV), BuildID[sha1]=a6cede554e4820df11d7cd677b5ec3c8f83672bc, not stripped
lib/modules/5.10.0-23-arm64/kernel/sound/core/oss/snd-pcm-oss.ko	ELF 64-bit LSB relocatable, ARM aarch64, version 1 (SYSV), BuildID[sha1]=d6533d9de33a7994b4b6ba2313c3fc38c9ff311c, not stripped
lib/modules/5.10.0-23-arm64/kernel/sound/core/oss/snd-mixer-oss.ko	ELF 64-bit LSB relocatable, ARM aarch64, version 1 (SYSV), BuildID[sha1]=df30717c32bae0616b4adf7e63f3b6b0e2eb3a1b, not stripped
lib/modules/5.10.0-23-arm64/kernel/sound/core/snd.ko	ELF 64-bit LSB relocatable, ARM aarch64, version 1 (SYSV), BuildID[sha1]=2508e36ec23441497630d20f557f0b8a812da618, not stripped
lib/modules/5.10.0-23-arm64/kernel/sound/core/snd-hwdep.ko	ELF 64-bit LSB relocatable, ARM aarch64, version 1 (SYSV), BuildID[sha1]=46363422d7e2b347f2c9fe5a3d9f3468d5151c1a, not stripped
lib/modules/5.10.0-23-arm64/kernel/sound/core/snd-pcm-dmaengine.ko	ELF 64-bit LSB relocatable, ARM aarch64, version 1 (SYSV), BuildID[sha1]=1cbaae5be4ec03e7bf2c6b303b2a162b21d7ac91, not stripped
lib/modules/5.10.0-23-arm64/kernel/sound/core/snd-pcm.ko	ELF 64-bit LSB relocatable, ARM aarch64, version 1 (SYSV), BuildID[sha1]=9e6e6461e58e4585df8802748ee7a2aea44895bc, not stripped
lib/modules/5.10.0-23-arm64/kernel/sound/core/snd-rawmidi.ko	ELF 64-bit LSB relocatable, ARM aarch64, version 1 (SYSV), BuildID[sha1]=a0ea9e4d72949c8f79094e3738977e6fb4238761, not stripped
lib/modules/5.10.0-23-arm64/kernel/sound/hda/snd-intel-dspcfg.ko	ELF 64-bit LSB relocatable, ARM aarch64, version 1 (SYSV), BuildID[sha1]=242e3db0bbe96da822abdb6f9ca5e273f9d73695, not stripped
lib/modules/5.10.0-23-arm64/kernel/sound/hda/snd-hda-core.ko	ELF 64-bit LSB relocatable, ARM aarch64, version 1 (SYSV), BuildID[sha1]=cef8b33f792c02f733e6d318f3f5b12b158fe7c3, not stripped
lib/modules/5.10.0-23-arm64/kernel/sound/firewire/fireworks/snd-fireworks.ko	ELF 64-bit LSB relocatable, ARM aarch64, version 1 (SYSV), BuildID[sha1]=b7ea8b4b5a1eb5bda9b863b2073ccdd1e382701a, not stripped
lib/modules/5.10.0-23-arm64/kernel/sound/firewire/dice/snd-dice.ko	ELF 64-bit LSB relocatable, ARM aarch64, version 1 (SYSV), BuildID[sha1]=eab4ec2ca05db8907beb3d4804e6aad073d75fe0, not stripped
lib/modules/5.10.0-23-arm64/kernel/sound/firewire/bebob/snd-bebob.ko	ELF 64-bit LSB relocatable, ARM aarch64, version 1 (SYSV), BuildID[sha1]=ae3534930996ed08bc4e1cef8c3a930ed6fc3b9e, not stripped
lib/modules/5.10.0-23-arm64/kernel/sound/firewire/motu/snd-firewire-motu.ko	ELF 64-bit LSB relocatable, ARM aarch64, version 1 (SYSV), BuildID[sha1]=226af0a174cdc5c77deab0bff9e3282bec5f7452, not stripped
lib/modules/5.10.0-23-arm64/kernel/sound/firewire/snd-firewire-lib.ko	ELF 64-bit LSB relocatable, ARM aarch64, version 1 (SYSV), BuildID[sha1]=c08a99149a448da2229cc28789ced4df17cb967d, not stripped
lib/modules/5.10.0-23-arm64/kernel/sound/firewire/snd-isight.ko	ELF 64-bit LSB relocatable, ARM aarch64, version 1 (SYSV), BuildID[sha1]=a73a4669184dcc952a5307f2912e7e8c1bb802fa, not stripped
lib/modules/5.10.0-23-arm64/kernel/sound/firewire/oxfw/snd-oxfw.ko	ELF 64-bit LSB relocatable, ARM aarch64, version 1 (SYSV), BuildID[sha1]=564563f3d0fdff7345af086c79eef1470a2daa68, not stripped
lib/modules/5.10.0-23-arm64/kernel/sound/firewire/digi00x/snd-firewire-digi00x.ko	ELF 64-bit LSB relocatable, ARM aarch64, version 1 (SYSV), BuildID[sha1]=d41d18f19bd41968accf294182d0cdf03b950566, not stripped
lib/modules/5.10.0-23-arm64/kernel/sound/firewire/fireface/snd-fireface.ko	ELF 64-bit LSB relocatable, ARM aarch64, version 1 (SYSV), BuildID[sha1]=ef2bd0b0c9d3ef711b07c5f27e3186d419a2f23a, not stripped
lib/modules/5.10.0-23-arm64/kernel/sound/firewire/tascam/snd-firewire-tascam.ko	ELF 64-bit LSB relocatable, ARM aarch64, version 1 (SYSV), BuildID[sha1]=6e028955512ec3f6169e091edc58ca46b616cfc2, not stripped
lib/modules/5.10.0-23-arm64/kernel/sound/drivers/mpu401/snd-mpu401-uart.ko	ELF 64-bit LSB relocatable, ARM aarch64, version 1 (SYSV), BuildID[sha1]=9b1e62e933f1e6a868cfaab86176307baa7d3fe4, not stripped
lib/modules/5.10.0-23-arm64/kernel/sound/drivers/opl3/snd-opl3-lib.ko	ELF 64-bit LSB relocatable, ARM aarch64, version 1 (SYSV), BuildID[sha1]=9cde53d412d877cf4224767bc49f21cdff920040, not stripped
lib/modules/5.10.0-23-arm64/kernel/sound/drivers/opl3/snd-opl3-synth.ko	ELF 64-bit LSB relocatable, ARM aarch64, version 1 (SYSV), BuildID[sha1]=c958fdc9294bbeb6b818f5057b8fef204a0274bc, not stripped
lib/modules/5.10.0-23-arm64/kernel/sound/drivers/snd-aloop.ko	ELF 64-bit LSB relocatable, ARM aarch64, version 1 (SYSV), BuildID[sha1]=44d6cdda63ed8298b8d42100c4f34d411b6be76e, not stripped
lib/modules/5.10.0-23-arm64/kernel/sound/drivers/snd-mts64.ko	ELF 64-bit LSB relocatable, ARM aarch64, version 1 (SYSV), BuildID[sha1]=4432407025a1f2a624074304f24e553c697ad277, not stripped
lib/modules/5.10.0-23-arm64/kernel/sound/drivers/snd-portman2x4.ko	ELF 64-bit LSB relocatable, ARM aarch64, version 1 (SYSV), BuildID[sha1]=912f0a5f20614f9518cefa8a50fbdb2a1c6af458, not stripped
lib/modules/5.10.0-23-arm64/kernel/sound/usb/misc/snd-ua101.ko	ELF 64-bit LSB relocatable, ARM aarch64, version 1 (SYSV), BuildID[sha1]=522424b3df5efe94152fa457ccc88749224a7136, not stripped
lib/modules/5.10.0-23-arm64/kernel/sound/usb/snd-usbmidi-lib.ko	ELF 64-bit LSB relocatable, ARM aarch64, version 1 (SYSV), BuildID[sha1]=420c2d138ab5e889eb8594704804a963f8d6b567, not stripped
lib/modules/5.10.0-23-arm64/kernel/sound/usb/caiaq/snd-usb-caiaq.ko	ELF 64-bit LSB relocatable, ARM aarch64, version 1 (SYSV), BuildID[sha1]=9dfd58b94da7ff3b63a7d86ff676677e32a5d542, not stripped
lib/modules/5.10.0-23-arm64/kernel/sound/usb/bcd2000/snd-bcd2000.ko	ELF 64-bit LSB relocatable, ARM aarch64, version 1 (SYSV), BuildID[sha1]=155462c9bf7b8091e715b84f3c8ccbdf323c3f2a, not stripped
lib/modules/5.10.0-23-arm64/kernel/sound/usb/snd-usb-audio.ko	ELF 64-bit LSB relocatable, ARM aarch64, version 1 (SYSV), BuildID[sha1]=443387c45648c65b036858bedd95c35549df180a, not stripped
lib/modules/5.10.0-23-arm64/kernel/sound/usb/6fire/snd-usb-6fire.ko	ELF 64-bit LSB relocatable, ARM aarch64, version 1 (SYSV), BuildID[sha1]=89cbe5d919bd278fc12eeb6e23544b6f96f33db2, not stripped
lib/modules/5.10.0-23-arm64/kernel/sound/usb/line6/snd-usb-podhd.ko	ELF 64-bit LSB relocatable, ARM aarch64, version 1 (SYSV), BuildID[sha1]=716d1b10afec656d0cc32001186945629d6ce542, not stripped
lib/modules/5.10.0-23-arm64/kernel/sound/usb/line6/snd-usb-pod.ko	ELF 64-bit LSB relocatable, ARM aarch64, version 1 (SYSV), BuildID[sha1]=6924f94ef38c3b8f4866de164f621d3ccb881b29, not stripped
lib/modules/5.10.0-23-arm64/kernel/sound/usb/line6/snd-usb-toneport.ko	ELF 64-bit LSB relocatable, ARM aarch64, version 1 (SYSV), BuildID[sha1]=72dd1e3dcb88df37eed09bf594f85a387429aacd, not stripped
lib/modules/5.10.0-23-arm64/kernel/sound/usb/line6/snd-usb-line6.ko	ELF 64-bit LSB relocatable, ARM aarch64, version 1 (SYSV), BuildID[sha1]=976208439bcfa1321eebd57637736661b22f521a, not stripped
lib/modules/5.10.0-23-arm64/kernel/sound/usb/line6/snd-usb-variax.ko	ELF 64-bit LSB relocatable, ARM aarch64, version 1 (SYSV), BuildID[sha1]=42b1a4e57ec2f6ea073d9918e064ccc8ea30206f, not stripped
lib/modules/5.10.0-23-arm64/kernel/sound/usb/hiface/snd-usb-hiface.ko	ELF 64-bit LSB relocatable, ARM aarch64, version 1 (SYSV), BuildID[sha1]=9868739323757be89f888796eb503c5f73ba0d2a, not stripped
lib/modules/5.10.0-23-arm64/kernel/sound/xen/snd_xen_front.ko	ELF 64-bit LSB relocatable, ARM aarch64, version 1 (SYSV), BuildID[sha1]=cdd4f056634a3fe3aa70bb8dd70589f06372a0d3, not stripped
lib/modules/5.10.0-23-arm64/kernel/sound/soundcore.ko	ELF 64-bit LSB relocatable, ARM aarch64, version 1 (SYSV), BuildID[sha1]=cafede31cf18ed0353b04c4a70bc5f2a08b34382, not stripped
lib/modules/5.10.0-23-arm64/kernel/sound/soc/snd-soc-core.ko	ELF 64-bit LSB relocatable, ARM aarch64, version 1 (SYSV), BuildID[sha1]=ae6eefcd413088a4d19f44ef95f4c69ec73c38c0, not stripped
lib/modules/5.10.0-23-arm64/kernel/sound/soc/rockchip/snd-soc-rockchip-i2s.ko	ELF 64-bit LSB relocatable, ARM aarch64, version 1 (SYSV), BuildID[sha1]=253a2b3ee8832bfda9316c8038f08197b7572b39, not stripped
lib/modules/5.10.0-23-arm64/kernel/sound/soc/rockchip/snd-soc-rockchip-pcm.ko	ELF 64-bit LSB relocatable, ARM aarch64, version 1 (SYSV), BuildID[sha1]=ec34a4c5e52eaac8f052158d2c1d3d7249672041, not stripped
lib/modules/5.10.0-23-arm64/kernel/sound/soc/rockchip/snd-soc-rockchip-rt5645.ko	ELF 64-bit LSB relocatable, ARM aarch64, version 1 (SYSV), BuildID[sha1]=5b218cabf9a7f40b9a7769f755763a7f002a948b, not stripped
lib/modules/5.10.0-23-arm64/kernel/sound/soc/rockchip/snd-soc-rk3399-gru-sound.ko	ELF 64-bit LSB relocatable, ARM aarch64, version 1 (SYSV), BuildID[sha1]=22b32470d032d53fc902e4a43a631d308f274ea2, not stripped
lib/modules/5.10.0-23-arm64/kernel/sound/soc/rockchip/snd-soc-rockchip-spdif.ko	ELF 64-bit LSB relocatable, ARM aarch64, version 1 (SYSV), BuildID[sha1]=487d6ffe315df94fb4d91e74430f7d460695f9bf, not stripped
lib/modules/5.10.0-23-arm64/kernel/sound/soc/sunxi/sun50i-codec-analog.ko	ELF 64-bit LSB relocatable, ARM aarch64, version 1 (SYSV), BuildID[sha1]=52c2d6cc30365cc249823f19dde4bf381752679f, not stripped
lib/modules/5.10.0-23-arm64/kernel/sound/soc/sunxi/sun8i-adda-pr-regmap.ko	ELF 64-bit LSB relocatable, ARM aarch64, version 1 (SYSV), BuildID[sha1]=09513a8f3e3429e4d15b559fcd89e9f9d6401831, not stripped
lib/modules/5.10.0-23-arm64/kernel/sound/soc/sunxi/sun4i-i2s.ko	ELF 64-bit LSB relocatable, ARM aarch64, version 1 (SYSV), BuildID[sha1]=04fce0f6b0567ec63ef0d7831ec8a01319892eca, not stripped
lib/modules/5.10.0-23-arm64/kernel/sound/soc/sunxi/sun8i-codec.ko	ELF 64-bit LSB relocatable, ARM aarch64, version 1 (SYSV), BuildID[sha1]=b10ff80145e12e2b2bc81f932e0a850345418cc0, not stripped
lib/modules/5.10.0-23-arm64/kernel/sound/soc/fsl/snd-soc-fsl-sai.ko	ELF 64-bit LSB relocatable, ARM aarch64, version 1 (SYSV), BuildID[sha1]=8c0e76b9c1396adf2d4dd941a052d22394187aae, not stripped
lib/modules/5.10.0-23-arm64/kernel/sound/soc/qcom/snd-soc-lpass-cpu.ko	ELF 64-bit LSB relocatable, ARM aarch64, version 1 (SYSV), BuildID[sha1]=60f27ac0b488ded690ad4467a39193b47c917979, not stripped
lib/modules/5.10.0-23-arm64/kernel/sound/soc/qcom/snd-soc-lpass-apq8016.ko	ELF 64-bit LSB relocatable, ARM aarch64, version 1 (SYSV), BuildID[sha1]=1b3daaf07221184f745ed3dcef2c8cb7bce481e0, not stripped
lib/modules/5.10.0-23-arm64/kernel/sound/soc/qcom/snd-soc-qcom-common.ko	ELF 64-bit LSB relocatable, ARM aarch64, version 1 (SYSV), BuildID[sha1]=49412cc32a1204400536a57184b8061a4a459613, not stripped
lib/modules/5.10.0-23-arm64/kernel/sound/soc/qcom/snd-soc-lpass-platform.ko	ELF 64-bit LSB relocatable, ARM aarch64, version 1 (SYSV), BuildID[sha1]=851872031e203a700e9c651e7241928cdf225133, not stripped
lib/modules/5.10.0-23-arm64/kernel/sound/soc/qcom/snd-soc-apq8016-sbc.ko	ELF 64-bit LSB relocatable, ARM aarch64, version 1 (SYSV), BuildID[sha1]=daae9368986bc1b7abedfecad23762e8d67bd86c, not stripped
lib/modules/5.10.0-23-arm64/kernel/sound/soc/codecs/snd-soc-rt5640.ko	ELF 64-bit LSB relocatable, ARM aarch64, version 1 (SYSV), BuildID[sha1]=a253759b713aa308c1de6f311c4d9936c9915af9, not stripped
lib/modules/5.10.0-23-arm64/kernel/sound/soc/codecs/snd-soc-tlv320aic23-i2c.ko	ELF 64-bit LSB relocatable, ARM aarch64, version 1 (SYSV), BuildID[sha1]=488996490660ff5ec8f5b3618351d2d3293b2177, not stripped
lib/modules/5.10.0-23-arm64/kernel/sound/soc/codecs/snd-soc-rt5677.ko	ELF 64-bit LSB relocatable, ARM aarch64, version 1 (SYSV), BuildID[sha1]=81ef4f88a8b6a6a1005355548d0baa7b40881867, not stripped
lib/modules/5.10.0-23-arm64/kernel/sound/soc/codecs/snd-soc-rt5677-spi.ko	ELF 64-bit LSB relocatable, ARM aarch64, version 1 (SYSV), BuildID[sha1]=82387d7afda350d9b204ec4ca3593a2f50f7914f, not stripped
lib/modules/5.10.0-23-arm64/kernel/sound/soc/codecs/snd-soc-rt715.ko	ELF 64-bit LSB relocatable, ARM aarch64, version 1 (SYSV), BuildID[sha1]=0d3c9cb71bce1f19633ab1e5c410e6dd4ce53dd9, not stripped
lib/modules/5.10.0-23-arm64/kernel/sound/soc/codecs/snd-soc-wm8904.ko	ELF 64-bit LSB relocatable, ARM aarch64, version 1 (SYSV), BuildID[sha1]=94faaaa1467347df0faf9a3818d2330117311b00, not stripped
lib/modules/5.10.0-23-arm64/kernel/sound/soc/codecs/snd-soc-dmic.ko	ELF 64-bit LSB relocatable, ARM aarch64, version 1 (SYSV), BuildID[sha1]=ecec054e418c3e7b41d0b0d1055b276325979592, not stripped
lib/modules/5.10.0-23-arm64/kernel/sound/soc/codecs/snd-soc-rt5514-spi.ko	ELF 64-bit LSB relocatable, ARM aarch64, version 1 (SYSV), BuildID[sha1]=f77e03d9ae8777719ac08247aa54d998a20a2080, not stripped
lib/modules/5.10.0-23-arm64/kernel/sound/soc/codecs/snd-soc-da7219.ko	ELF 64-bit LSB relocatable, ARM aarch64, version 1 (SYSV), BuildID[sha1]=3c235e35e60ac2d7241be3664a52c9f257b7c19f, not stripped
lib/modules/5.10.0-23-arm64/kernel/sound/soc/codecs/snd-soc-rt5682.ko	ELF 64-bit LSB relocatable, ARM aarch64, version 1 (SYSV), BuildID[sha1]=7834fdfbc1ecd6f94a9ffc1fd70718bebb6b5f61, not stripped
lib/modules/5.10.0-23-arm64/kernel/sound/soc/codecs/snd-soc-wm8753.ko	ELF 64-bit LSB relocatable, ARM aarch64, version 1 (SYSV), BuildID[sha1]=83fb414da878a00ccde3383a49456e704f208900, not stripped
lib/modules/5.10.0-23-arm64/kernel/sound/soc/codecs/snd-soc-rt1308-sdw.ko	ELF 64-bit LSB relocatable, ARM aarch64, version 1 (SYSV), BuildID[sha1]=5190abb54c0e7d81f6b55e75692c648cf519fdb2, not stripped
lib/modules/5.10.0-23-arm64/kernel/sound/soc/codecs/snd-soc-rt5514.ko	ELF 64-bit LSB relocatable, ARM aarch64, version 1 (SYSV), BuildID[sha1]=1d2233500af61bc907b055962fc915778c834fb1, not stripped
lib/modules/5.10.0-23-arm64/kernel/sound/soc/codecs/snd-soc-rl6231.ko	ELF 64-bit LSB relocatable, ARM aarch64, version 1 (SYSV), BuildID[sha1]=93524aa24ac6a8616358b4e78d5af150bd4e079e, not stripped
lib/modules/5.10.0-23-arm64/kernel/sound/soc/codecs/snd-soc-rt5682-sdw.ko	ELF 64-bit LSB relocatable, ARM aarch64, version 1 (SYSV), BuildID[sha1]=32160991b659aaf680cc3a3b9efd8a2b01042901, not stripped
lib/modules/5.10.0-23-arm64/kernel/sound/soc/codecs/snd-soc-max98373-sdw.ko	ELF 64-bit LSB relocatable, ARM aarch64, version 1 (SYSV), BuildID[sha1]=7d27553de9c35d78b07c00a942dd0ebb346d6b42, not stripped
lib/modules/5.10.0-23-arm64/kernel/sound/soc/codecs/snd-soc-tlv320aic23.ko	ELF 64-bit LSB relocatable, ARM aarch64, version 1 (SYSV), BuildID[sha1]=3acd85159da1ec5c81cb0cc4639dbc54f3360400, not stripped
lib/modules/5.10.0-23-arm64/kernel/sound/soc/codecs/snd-soc-alc5632.ko	ELF 64-bit LSB relocatable, ARM aarch64, version 1 (SYSV), BuildID[sha1]=907316e7e5136da552b78e82d2eddca915b0f0c2, not stripped
lib/modules/5.10.0-23-arm64/kernel/sound/soc/codecs/snd-soc-simple-amplifier.ko	ELF 64-bit LSB relocatable, ARM aarch64, version 1 (SYSV), BuildID[sha1]=f5888dcf32bc15b511a61b3191037a5b11379087, not stripped
lib/modules/5.10.0-23-arm64/kernel/sound/soc/codecs/snd-soc-es8316.ko	ELF 64-bit LSB relocatable, ARM aarch64, version 1 (SYSV), BuildID[sha1]=8c7ee65fa3a3b2a6748e8fd537d21910ea93fb7f, not stripped
lib/modules/5.10.0-23-arm64/kernel/sound/soc/codecs/snd-soc-rt711.ko	ELF 64-bit LSB relocatable, ARM aarch64, version 1 (SYSV), BuildID[sha1]=1878dd480ec8d7991051466bd8eaff07142860fd, not stripped
lib/modules/5.10.0-23-arm64/kernel/sound/soc/codecs/snd-soc-hdmi-codec.ko	ELF 64-bit LSB relocatable, ARM aarch64, version 1 (SYSV), BuildID[sha1]=214966990349574f073bba8877d902126dc06362, not stripped
lib/modules/5.10.0-23-arm64/kernel/sound/soc/codecs/snd-soc-rt5645.ko	ELF 64-bit LSB relocatable, ARM aarch64, version 1 (SYSV), BuildID[sha1]=749c73c48e5f17661da816ff12af086573bb259c, not stripped
lib/modules/5.10.0-23-arm64/kernel/sound/soc/codecs/snd-soc-max98090.ko	ELF 64-bit LSB relocatable, ARM aarch64, version 1 (SYSV), BuildID[sha1]=6fc95834c2f1469d5bf144b5f17b6e8046a73f2f, not stripped
lib/modules/5.10.0-23-arm64/kernel/sound/soc/codecs/snd-soc-wm8903.ko	ELF 64-bit LSB relocatable, ARM aarch64, version 1 (SYSV), BuildID[sha1]=e4f8eb0e34607b156c357bd5e84b50d8d5cf01ab, not stripped
lib/modules/5.10.0-23-arm64/kernel/sound/soc/codecs/snd-soc-rt700.ko	ELF 64-bit LSB relocatable, ARM aarch64, version 1 (SYSV), BuildID[sha1]=9497d52d0202891ccdd6d5ee1a008b718a79b90f, not stripped
lib/modules/5.10.0-23-arm64/kernel/sound/soc/codecs/snd-soc-max98373.ko	ELF 64-bit LSB relocatable, ARM aarch64, version 1 (SYSV), BuildID[sha1]=ba3dadfb7e322ac1f215695f32140740533fab0b, not stripped
lib/modules/5.10.0-23-arm64/kernel/sound/soc/codecs/snd-soc-max98357a.ko	ELF 64-bit LSB relocatable, ARM aarch64, version 1 (SYSV), BuildID[sha1]=48e26863c80707cb432a2c750d2db59c2a5c7fc9, not stripped
lib/modules/5.10.0-23-arm64/kernel/sound/soc/generic/snd-soc-simple-card.ko	ELF 64-bit LSB relocatable, ARM aarch64, version 1 (SYSV), BuildID[sha1]=029a84353c01296b188d23e72c4cd158f2433f41, not stripped
lib/modules/5.10.0-23-arm64/kernel/sound/soc/generic/snd-soc-simple-card-utils.ko	ELF 64-bit LSB relocatable, ARM aarch64, version 1 (SYSV), BuildID[sha1]=fa9689399b267e8be7b0b24da2efe17f221f1aaa, not stripped
lib/modules/5.10.0-23-arm64/kernel/sound/soc/hisilicon/hi6210-i2s.ko	ELF 64-bit LSB relocatable, ARM aarch64, version 1 (SYSV), BuildID[sha1]=40c361b2810eea6caf4081247d3b4a45d099a6ac, not stripped
lib/modules/5.10.0-23-arm64/kernel/sound/soc/bcm/snd-soc-bcm2835-i2s.ko	ELF 64-bit LSB relocatable, ARM aarch64, version 1 (SYSV), BuildID[sha1]=36394c83c1f8b4b5bf06d84121fed49b50d6bfdd, not stripped
lib/modules/5.10.0-23-arm64/kernel/sound/soc/tegra/snd-soc-tegra20-spdif.ko	ELF 64-bit LSB relocatable, ARM aarch64, version 1 (SYSV), BuildID[sha1]=2455555248daab355f42b00391509f7268da7e54, not stripped
lib/modules/5.10.0-23-arm64/kernel/sound/soc/tegra/snd-soc-tegra-trimslice.ko	ELF 64-bit LSB relocatable, ARM aarch64, version 1 (SYSV), BuildID[sha1]=c0b09628a913810637e18371c6940189d539dcb3, not stripped
lib/modules/5.10.0-23-arm64/kernel/sound/soc/tegra/snd-soc-tegra-wm8753.ko	ELF 64-bit LSB relocatable, ARM aarch64, version 1 (SYSV), BuildID[sha1]=177f5820cda6e830a558bdf32cc15f8fd427eed9, not stripped
lib/modules/5.10.0-23-arm64/kernel/sound/soc/tegra/snd-soc-tegra-max98090.ko	ELF 64-bit LSB relocatable, ARM aarch64, version 1 (SYSV), BuildID[sha1]=2b44b501d2f8af95da83c8d68dd7479fd405e4b5, not stripped
lib/modules/5.10.0-23-arm64/kernel/sound/soc/tegra/snd-soc-tegra-utils.ko	ELF 64-bit LSB relocatable, ARM aarch64, version 1 (SYSV), BuildID[sha1]=5d6fa52b4940e9e227d5d190dae7c23af1549b4e, not stripped
lib/modules/5.10.0-23-arm64/kernel/sound/soc/tegra/snd-soc-tegra-rt5640.ko	ELF 64-bit LSB relocatable, ARM aarch64, version 1 (SYSV), BuildID[sha1]=683ebe0829e87eb28f552ede0e687a0699e78c4f, not stripped
lib/modules/5.10.0-23-arm64/kernel/sound/soc/tegra/snd-soc-tegra-pcm.ko	ELF 64-bit LSB relocatable, ARM aarch64, version 1 (SYSV), BuildID[sha1]=97cc77bedcebcd0d3754e55d3f09d500f56c6e36, not stripped
lib/modules/5.10.0-23-arm64/kernel/sound/soc/tegra/snd-soc-tegra-wm8903.ko	ELF 64-bit LSB relocatable, ARM aarch64, version 1 (SYSV), BuildID[sha1]=1ede875fda023a198ba02c73cbf46f1745c7e86b, not stripped
lib/modules/5.10.0-23-arm64/kernel/sound/soc/tegra/snd-soc-tegra-alc5632.ko	ELF 64-bit LSB relocatable, ARM aarch64, version 1 (SYSV), BuildID[sha1]=c20c97c6cc099ef3a946a1f8bb68e8e5e1777193, not stripped
lib/modules/5.10.0-23-arm64/kernel/sound/soc/tegra/snd-soc-tegra-rt5677.ko	ELF 64-bit LSB relocatable, ARM aarch64, version 1 (SYSV), BuildID[sha1]=2983596d8cd4dd2217e40969c81808b499255322, not stripped
lib/modules/5.10.0-23-arm64/kernel/sound/ac97_bus.ko	ELF 64-bit LSB relocatable, ARM aarch64, version 1 (SYSV), BuildID[sha1]=5c936a9813f80db5b82a701a89a70dbdadca1b6a, not stripped
lib/modules/5.10.0-23-arm64/kernel/lib/pm-notifier-error-inject.ko	ELF 64-bit LSB relocatable, ARM aarch64, version 1 (SYSV), BuildID[sha1]=32109ac050c3dc69851f4a90e5ddf5417519439f, not stripped
lib/modules/5.10.0-23-arm64/kernel/lib/math/cordic.ko	ELF 64-bit LSB relocatable, ARM aarch64, version 1 (SYSV), BuildID[sha1]=99b70df88ab32f47960635d1710c098147c743a0, not stripped
lib/modules/5.10.0-23-arm64/kernel/lib/crc8.ko	ELF 64-bit LSB relocatable, ARM aarch64, version 1 (SYSV), BuildID[sha1]=d7f59dd7ecfc48d7cb36551611ace587fca6a902, not stripped
lib/modules/5.10.0-23-arm64/kernel/lib/crc-t10dif.ko	ELF 64-bit LSB relocatable, ARM aarch64, version 1 (SYSV), BuildID[sha1]=a0a9024ac1dbe38983eaafbad05b047d70319df8, not stripped
lib/modules/5.10.0-23-arm64/kernel/lib/crc16.ko	ELF 64-bit LSB relocatable, ARM aarch64, version 1 (SYSV), BuildID[sha1]=f3be8827becfa49f0f8bb6c1aa413e4c9f92daf2, not stripped
lib/modules/5.10.0-23-arm64/kernel/lib/lz4/lz4hc_compress.ko	ELF 64-bit LSB relocatable, ARM aarch64, version 1 (SYSV), BuildID[sha1]=dc118ba8197cdfcfbc2bea851e84900ed285ec0e, not stripped
lib/modules/5.10.0-23-arm64/kernel/lib/test_firmware.ko	ELF 64-bit LSB relocatable, ARM aarch64, version 1 (SYSV), BuildID[sha1]=e16b1d9f3cf4aafd9e819206cc98751719279aba, not stripped
lib/modules/5.10.0-23-arm64/kernel/lib/crc7.ko	ELF 64-bit LSB relocatable, ARM aarch64, version 1 (SYSV), BuildID[sha1]=7855648abe3edefa1d746c18600202958eaacdbe, not stripped
lib/modules/5.10.0-23-arm64/kernel/lib/test_static_keys.ko	ELF 64-bit LSB relocatable, ARM aarch64, version 1 (SYSV), BuildID[sha1]=f63c1f1cbfde5b7ddecd20c47be48f6030d002aa, not stripped
lib/modules/5.10.0-23-arm64/kernel/lib/ts_bm.ko	ELF 64-bit LSB relocatable, ARM aarch64, version 1 (SYSV), BuildID[sha1]=70eec7618fed016086903d9f35cfaa788ab868ca, not stripped
lib/modules/5.10.0-23-arm64/kernel/lib/crc-itu-t.ko	ELF 64-bit LSB relocatable, ARM aarch64, version 1 (SYSV), BuildID[sha1]=f78b0f7ae72f17e10e3b21abe4fbf16d1fd9252b, not stripped
lib/modules/5.10.0-23-arm64/kernel/lib/crypto/libcurve25519.ko	ELF 64-bit LSB relocatable, ARM aarch64, version 1 (SYSV), BuildID[sha1]=b9f4e88ffd65d5eff0415b1a59af6fa711bd6f6b, not stripped
lib/modules/5.10.0-23-arm64/kernel/lib/crypto/libarc4.ko	ELF 64-bit LSB relocatable, ARM aarch64, version 1 (SYSV), BuildID[sha1]=385f5b41f7d2af7ff8f598a400021a3e05e53de8, not stripped
lib/modules/5.10.0-23-arm64/kernel/lib/crypto/libcurve25519-generic.ko	ELF 64-bit LSB relocatable, ARM aarch64, version 1 (SYSV), BuildID[sha1]=e0ae5b4ac691f1a15a1e9b3b3913e380408548fa, not stripped
lib/modules/5.10.0-23-arm64/kernel/lib/crypto/libchacha20poly1305.ko	ELF 64-bit LSB relocatable, ARM aarch64, version 1 (SYSV), BuildID[sha1]=c884b95746191e33ed0681bef5dfb34dd9f0994d, not stripped
lib/modules/5.10.0-23-arm64/kernel/lib/crypto/libaes.ko	ELF 64-bit LSB relocatable, ARM aarch64, version 1 (SYSV), BuildID[sha1]=90971b168b40463d0c1c3083b640db0e5dcb78b1, not stripped
lib/modules/5.10.0-23-arm64/kernel/lib/crypto/libchacha.ko	ELF 64-bit LSB relocatable, ARM aarch64, version 1 (SYSV), BuildID[sha1]=0c782edd15a88c0a24f802249900c35e89e236fa, not stripped
lib/modules/5.10.0-23-arm64/kernel/lib/crypto/libpoly1305.ko	ELF 64-bit LSB relocatable, ARM aarch64, version 1 (SYSV), BuildID[sha1]=90f823a32feb64c79c12abae3cb0e7ca6dff397b, not stripped
lib/modules/5.10.0-23-arm64/kernel/lib/crypto/libdes.ko	ELF 64-bit LSB relocatable, ARM aarch64, version 1 (SYSV), BuildID[sha1]=66552f2e22ba76d3adbc05a70c8cb0738bd0083a, not stripped
lib/modules/5.10.0-23-arm64/kernel/lib/lru_cache.ko	ELF 64-bit LSB relocatable, ARM aarch64, version 1 (SYSV), BuildID[sha1]=8fa345fc1b38d0bccc44cd8e66568933797ea1df, not stripped
lib/modules/5.10.0-23-arm64/kernel/lib/test_static_key_base.ko	ELF 64-bit LSB relocatable, ARM aarch64, version 1 (SYSV), BuildID[sha1]=334c1a356f35261d2545f43a88c3098182870b2e, not stripped
lib/modules/5.10.0-23-arm64/kernel/lib/reed_solomon/reed_solomon.ko	ELF 64-bit LSB relocatable, ARM aarch64, version 1 (SYSV), BuildID[sha1]=947866eaca775140f71b1bc0f1c2ab043a2f1140, not stripped
lib/modules/5.10.0-23-arm64/kernel/lib/ts_kmp.ko	ELF 64-bit LSB relocatable, ARM aarch64, version 1 (SYSV), BuildID[sha1]=abe34baf993a7a1b6b4bb332fe248d91beab64d4, not stripped
lib/modules/5.10.0-23-arm64/kernel/lib/raid6/raid6_pq.ko	ELF 64-bit LSB relocatable, ARM aarch64, version 1 (SYSV), BuildID[sha1]=e24c44ccace1e93f4ba6e34488b384a31bc3b0ef, not stripped
lib/modules/5.10.0-23-arm64/kernel/lib/crc64.ko	ELF 64-bit LSB relocatable, ARM aarch64, version 1 (SYSV), BuildID[sha1]=69453eb9e21671c9a96f4727a9ff8d4626cd9252, not stripped
lib/modules/5.10.0-23-arm64/kernel/lib/libcrc32c.ko	ELF 64-bit LSB relocatable, ARM aarch64, version 1 (SYSV), BuildID[sha1]=091381f24c8ee44459280d34194bb6a857dbc17a, not stripped
lib/modules/5.10.0-23-arm64/kernel/lib/ts_fsm.ko	ELF 64-bit LSB relocatable, ARM aarch64, version 1 (SYSV), BuildID[sha1]=9e60fc9a1040e4ef996aa288743ba3b977e71a8c, not stripped
lib/modules/5.10.0-23-arm64/kernel/lib/test_user_copy.ko	ELF 64-bit LSB relocatable, ARM aarch64, version 1 (SYSV), BuildID[sha1]=9e98c00e126634dbf3b79174d6a34abca36b04d8, not stripped
lib/modules/5.10.0-23-arm64/kernel/lib/memory-notifier-error-inject.ko	ELF 64-bit LSB relocatable, ARM aarch64, version 1 (SYSV), BuildID[sha1]=92976101f9d12cd322aca41b83decf7cdfc98a26, not stripped
lib/modules/5.10.0-23-arm64/kernel/lib/notifier-error-inject.ko	ELF 64-bit LSB relocatable, ARM aarch64, version 1 (SYSV), BuildID[sha1]=30a0529340d98628fd1361582690e15da9d1c57e, not stripped
lib/modules/5.10.0-23-arm64/kernel/lib/test_bpf.ko	ELF 64-bit LSB relocatable, ARM aarch64, version 1 (SYSV), BuildID[sha1]=143e4f919daf35df106b244e5700023bce3643a4, not stripped
lib/modules/5.10.0-23-arm64/kernel/crypto/aes_ti.ko	ELF 64-bit LSB relocatable, ARM aarch64, version 1 (SYSV), BuildID[sha1]=2fbccdc437cd0b33deb5200e7c621e13bdf71720, not stripped
lib/modules/5.10.0-23-arm64/kernel/crypto/crypto_simd.ko	ELF 64-bit LSB relocatable, ARM aarch64, version 1 (SYSV), BuildID[sha1]=82d5207f4d822abc990e3b1a51e482c684bdef5e, not stripped
lib/modules/5.10.0-23-arm64/kernel/crypto/cbc.ko	ELF 64-bit LSB relocatable, ARM aarch64, version 1 (SYSV), BuildID[sha1]=d9fc92df72396f13baa67a5e9001978a4212a0a2, not stripped
lib/modules/5.10.0-23-arm64/kernel/crypto/asymmetric_keys/pkcs8_key_parser.ko	ELF 64-bit LSB relocatable, ARM aarch64, version 1 (SYSV), BuildID[sha1]=5e41f5e4f6696c92374a11346f740f545a18445d, not stripped
lib/modules/5.10.0-23-arm64/kernel/crypto/crct10dif_generic.ko	ELF 64-bit LSB relocatable, ARM aarch64, version 1 (SYSV), BuildID[sha1]=0bff1affe0cbc3732151dc38988d88a63aac93e0, not stripped
lib/modules/5.10.0-23-arm64/kernel/crypto/cast5_generic.ko	ELF 64-bit LSB relocatable, ARM aarch64, version 1 (SYSV), BuildID[sha1]=772bcb07cdded7d8b9223db6adc330fcdfea7d48, not stripped
lib/modules/5.10.0-23-arm64/kernel/crypto/aes_generic.ko	ELF 64-bit LSB relocatable, ARM aarch64, version 1 (SYSV), BuildID[sha1]=883810dccb8882817cf5411eecb877252f6c0ae9, not stripped
lib/modules/5.10.0-23-arm64/kernel/crypto/md4.ko	ELF 64-bit LSB relocatable, ARM aarch64, version 1 (SYSV), BuildID[sha1]=3dcafc5877924d6db48bd3a304e03a150adc93da, not stripped
lib/modules/5.10.0-23-arm64/kernel/crypto/nhpoly1305.ko	ELF 64-bit LSB relocatable, ARM aarch64, version 1 (SYSV), BuildID[sha1]=e5872c5e5f5f23f386f03bfda823159059955bde, not stripped
lib/modules/5.10.0-23-arm64/kernel/crypto/xor.ko	ELF 64-bit LSB relocatable, ARM aarch64, version 1 (SYSV), BuildID[sha1]=d2c07f134ec29d4f704aff9edb6202c31485d114, not stripped
lib/modules/5.10.0-23-arm64/kernel/crypto/authencesn.ko	ELF 64-bit LSB relocatable, ARM aarch64, version 1 (SYSV), BuildID[sha1]=6922d4682e33a527abb8c1b5fcf0a749eac0f8b0, not stripped
lib/modules/5.10.0-23-arm64/kernel/crypto/poly1305_generic.ko	ELF 64-bit LSB relocatable, ARM aarch64, version 1 (SYSV), BuildID[sha1]=8066a662133f7d3636ef55f13d65238b1e82a01e, not stripped
lib/modules/5.10.0-23-arm64/kernel/crypto/algif_rng.ko	ELF 64-bit LSB relocatable, ARM aarch64, version 1 (SYSV), BuildID[sha1]=2d82d56eb9da512aee9ff05d22416b81c8a7495f, not stripped
lib/modules/5.10.0-23-arm64/kernel/crypto/pcbc.ko	ELF 64-bit LSB relocatable, ARM aarch64, version 1 (SYSV), BuildID[sha1]=e8e1e470687907f749ff70f57a90fad0e920f81e, not stripped
lib/modules/5.10.0-23-arm64/kernel/crypto/rmd256.ko	ELF 64-bit LSB relocatable, ARM aarch64, version 1 (SYSV), BuildID[sha1]=35e0b8fd60686082b0e525ede371b03d267e030c, not stripped
lib/modules/5.10.0-23-arm64/kernel/crypto/xcbc.ko	ELF 64-bit LSB relocatable, ARM aarch64, version 1 (SYSV), BuildID[sha1]=4590edf75e76a55ef62e3cb90b481180291507d0, not stripped
lib/modules/5.10.0-23-arm64/kernel/crypto/lz4hc.ko	ELF 64-bit LSB relocatable, ARM aarch64, version 1 (SYSV), BuildID[sha1]=735b317098428560f95fb7a5830b027717c7088d, not stripped
lib/modules/5.10.0-23-arm64/kernel/crypto/rmd128.ko	ELF 64-bit LSB relocatable, ARM aarch64, version 1 (SYSV), BuildID[sha1]=e8d1da778aa4ff2ca744f9a75d61c856eab150c1, not stripped
lib/modules/5.10.0-23-arm64/kernel/crypto/af_alg.ko	ELF 64-bit LSB relocatable, ARM aarch64, version 1 (SYSV), BuildID[sha1]=17086c8668fc0247c9fc9b57adcd7c5a150c815e, not stripped
lib/modules/5.10.0-23-arm64/kernel/crypto/gf128mul.ko	ELF 64-bit LSB relocatable, ARM aarch64, version 1 (SYSV), BuildID[sha1]=955fa06eb8115e444a62a769a61f0acb42cd7ddc, not stripped
lib/modules/5.10.0-23-arm64/kernel/crypto/essiv.ko	ELF 64-bit LSB relocatable, ARM aarch64, version 1 (SYSV), BuildID[sha1]=550bbc69c3677868c65f2d4d42d2b2e27814699a, not stripped
lib/modules/5.10.0-23-arm64/kernel/crypto/michael_mic.ko	ELF 64-bit LSB relocatable, ARM aarch64, version 1 (SYSV), BuildID[sha1]=1a288e66d840865610df57b9e6467f1ec09cf4de, not stripped
lib/modules/5.10.0-23-arm64/kernel/crypto/ecdh_generic.ko	ELF 64-bit LSB relocatable, ARM aarch64, version 1 (SYSV), BuildID[sha1]=9674e57e5fa017b5709400d436e811792f6baec7, not stripped
lib/modules/5.10.0-23-arm64/kernel/crypto/twofish_common.ko	ELF 64-bit LSB relocatable, ARM aarch64, version 1 (SYSV), BuildID[sha1]=7d641ab7f09944ee9767091aa50ae5363e04cfc7, not stripped
lib/modules/5.10.0-23-arm64/kernel/crypto/rmd160.ko	ELF 64-bit LSB relocatable, ARM aarch64, version 1 (SYSV), BuildID[sha1]=a8be375b41ee7eca1b9efafc5d19f63014a58b2a, not stripped
lib/modules/5.10.0-23-arm64/kernel/crypto/lz4.ko	ELF 64-bit LSB relocatable, ARM aarch64, version 1 (SYSV), BuildID[sha1]=5d40b2505a646892ef409b7130f402cf97960878, not stripped
lib/modules/5.10.0-23-arm64/kernel/crypto/des_generic.ko	ELF 64-bit LSB relocatable, ARM aarch64, version 1 (SYSV), BuildID[sha1]=c1f5c42a5d29769594189e465168e9c5ad1be1b8, not stripped
lib/modules/5.10.0-23-arm64/kernel/crypto/pcrypt.ko	ELF 64-bit LSB relocatable, ARM aarch64, version 1 (SYSV), BuildID[sha1]=96bf8986b47a2317cdbde8302d9f9a9d135d2e54, not stripped
lib/modules/5.10.0-23-arm64/kernel/crypto/cast6_generic.ko	ELF 64-bit LSB relocatable, ARM aarch64, version 1 (SYSV), BuildID[sha1]=92f52aaac87272a05283995bc8a4489c0bb8facd, not stripped
lib/modules/5.10.0-23-arm64/kernel/crypto/chacha20poly1305.ko	ELF 64-bit LSB relocatable, ARM aarch64, version 1 (SYSV), BuildID[sha1]=9978664a15a996a573bce5d5ac2f42cb8b8f828d, not stripped
lib/modules/5.10.0-23-arm64/kernel/crypto/gcm.ko	ELF 64-bit LSB relocatable, ARM aarch64, version 1 (SYSV), BuildID[sha1]=0bd0f4cc43509763454f310fea0043a6ba5c9274, not stripped
lib/modules/5.10.0-23-arm64/kernel/crypto/drbg.ko	ELF 64-bit LSB relocatable, ARM aarch64, version 1 (SYSV), BuildID[sha1]=455242ce6602b75db3feabc6219ebe68136c6afd, not stripped
lib/modules/5.10.0-23-arm64/kernel/crypto/blake2s_generic.ko	ELF 64-bit LSB relocatable, ARM aarch64, version 1 (SYSV), BuildID[sha1]=774069b3be9496cb20a70f3e01568f22c6440226, not stripped
lib/modules/5.10.0-23-arm64/kernel/crypto/zstd.ko	ELF 64-bit LSB relocatable, ARM aarch64, version 1 (SYSV), BuildID[sha1]=c5bfe8b9dca858b17ff0fd9a893a13a44e217512, not stripped
lib/modules/5.10.0-23-arm64/kernel/crypto/ofb.ko	ELF 64-bit LSB relocatable, ARM aarch64, version 1 (SYSV), BuildID[sha1]=82dca807c800cf0ff281656dde8f5195ec673564, not stripped
lib/modules/5.10.0-23-arm64/kernel/crypto/crc32_generic.ko	ELF 64-bit LSB relocatable, ARM aarch64, version 1 (SYSV), BuildID[sha1]=6087612846c66ed9a0d86b565aaa7cbf3c750d43, not stripped
lib/modules/5.10.0-23-arm64/kernel/crypto/xts.ko	ELF 64-bit LSB relocatable, ARM aarch64, version 1 (SYSV), BuildID[sha1]=f074ef2f0cd76baf9abeb35d767b5c7a3144b6eb, not stripped
lib/modules/5.10.0-23-arm64/kernel/crypto/salsa20_generic.ko	ELF 64-bit LSB relocatable, ARM aarch64, version 1 (SYSV), BuildID[sha1]=6163f55a4b76995089c19bddd6495530d79ff0af, not stripped
lib/modules/5.10.0-23-arm64/kernel/crypto/twofish_generic.ko	ELF 64-bit LSB relocatable, ARM aarch64, version 1 (SYSV), BuildID[sha1]=1040a25745fdd6b07db0cf49577b0d82ee8afdd2, not stripped
lib/modules/5.10.0-23-arm64/kernel/crypto/sha512_generic.ko	ELF 64-bit LSB relocatable, ARM aarch64, version 1 (SYSV), BuildID[sha1]=a880355dffa90a2d878f52c53e26ef6b380b8787, not stripped
lib/modules/5.10.0-23-arm64/kernel/crypto/cast_common.ko	ELF 64-bit LSB relocatable, ARM aarch64, version 1 (SYSV), BuildID[sha1]=c4a76374c27f77f26a21e71054e715e3aff827c9, not stripped
lib/modules/5.10.0-23-arm64/kernel/crypto/serpent_generic.ko	ELF 64-bit LSB relocatable, ARM aarch64, version 1 (SYSV), BuildID[sha1]=969a3c2f35119162011ea1e1c757d9b7e3e35212, not stripped
lib/modules/5.10.0-23-arm64/kernel/crypto/seqiv.ko	ELF 64-bit LSB relocatable, ARM aarch64, version 1 (SYSV), BuildID[sha1]=e26c7984f0ea41b73828bfe24bbb77a7c27afe6f, not stripped
lib/modules/5.10.0-23-arm64/kernel/crypto/blowfish_generic.ko	ELF 64-bit LSB relocatable, ARM aarch64, version 1 (SYSV), BuildID[sha1]=735e52bd8c6febeb68d42d6593c17dd3607714c7, not stripped
lib/modules/5.10.0-23-arm64/kernel/crypto/fcrypt.ko	ELF 64-bit LSB relocatable, ARM aarch64, version 1 (SYSV), BuildID[sha1]=da974559e22c07c3979b10ba9db26e77c8870610, not stripped
lib/modules/5.10.0-23-arm64/kernel/crypto/algif_hash.ko	ELF 64-bit LSB relocatable, ARM aarch64, version 1 (SYSV), BuildID[sha1]=89826e0d0e57069ef3f45876f1a2ed7c1c2bea51, not stripped
lib/modules/5.10.0-23-arm64/kernel/crypto/crypto_user.ko	ELF 64-bit LSB relocatable, ARM aarch64, version 1 (SYSV), BuildID[sha1]=869bd06abe7168b13a248dc1944799279411de8c, not stripped
lib/modules/5.10.0-23-arm64/kernel/crypto/streebog_generic.ko	ELF 64-bit LSB relocatable, ARM aarch64, version 1 (SYSV), BuildID[sha1]=d96da3522e4eb03f0877d1a47c19d2fde99859f7, not stripped
lib/modules/5.10.0-23-arm64/kernel/crypto/cryptd.ko	ELF 64-bit LSB relocatable, ARM aarch64, version 1 (SYSV), BuildID[sha1]=bb4ec15112df474c018abd90303c0d3fe1d70b6d, not stripped
lib/modules/5.10.0-23-arm64/kernel/crypto/algif_skcipher.ko	ELF 64-bit LSB relocatable, ARM aarch64, version 1 (SYSV), BuildID[sha1]=66fcc40eb8f92b490a5e2452e867eb8050724aa2, not stripped
lib/modules/5.10.0-23-arm64/kernel/crypto/camellia_generic.ko	ELF 64-bit LSB relocatable, ARM aarch64, version 1 (SYSV), BuildID[sha1]=0fee3bd739d2899a517b76598b9af667f00232b2, not stripped
lib/modules/5.10.0-23-arm64/kernel/crypto/ecc.ko	ELF 64-bit LSB relocatable, ARM aarch64, version 1 (SYSV), BuildID[sha1]=e23620117eaed50bea243d57a70b167ad04b10d4, not stripped
lib/modules/5.10.0-23-arm64/kernel/crypto/authenc.ko	ELF 64-bit LSB relocatable, ARM aarch64, version 1 (SYSV), BuildID[sha1]=b9a408f6489e56d1db83a1bdb9fb885a109f9e14, not stripped
lib/modules/5.10.0-23-arm64/kernel/crypto/blake2b_generic.ko	ELF 64-bit LSB relocatable, ARM aarch64, version 1 (SYSV), BuildID[sha1]=a3e918b1721f7ba7d1f07c7eaa8ceeb74a691ff7, not stripped
lib/modules/5.10.0-23-arm64/kernel/crypto/blowfish_common.ko	ELF 64-bit LSB relocatable, ARM aarch64, version 1 (SYSV), BuildID[sha1]=c7dd5982fa856ec7bc56a2a520dc98c71f85b560, not stripped
lib/modules/5.10.0-23-arm64/kernel/crypto/tcrypt.ko	ELF 64-bit LSB relocatable, ARM aarch64, version 1 (SYSV), BuildID[sha1]=9502600b80b1da1163584b3f50759e3d60746659, not stripped
lib/modules/5.10.0-23-arm64/kernel/crypto/ctr.ko	ELF 64-bit LSB relocatable, ARM aarch64, version 1 (SYSV), BuildID[sha1]=a174a0316d7b03f61ee01ca88d9653d283a10340, not stripped
lib/modules/5.10.0-23-arm64/kernel/crypto/cmac.ko	ELF 64-bit LSB relocatable, ARM aarch64, version 1 (SYSV), BuildID[sha1]=cc530487cd44498503b965a0443fc7625108ba11, not stripped
lib/modules/5.10.0-23-arm64/kernel/crypto/chacha_generic.ko	ELF 64-bit LSB relocatable, ARM aarch64, version 1 (SYSV), BuildID[sha1]=6570986dad34790858069b87c5792ebfa975a8e6, not stripped
lib/modules/5.10.0-23-arm64/kernel/crypto/ghash-generic.ko	ELF 64-bit LSB relocatable, ARM aarch64, version 1 (SYSV), BuildID[sha1]=1cde314f09dd0bc560a9c6f7f2f809e4d1c2dc8c, not stripped
lib/modules/5.10.0-23-arm64/kernel/crypto/xxhash_generic.ko	ELF 64-bit LSB relocatable, ARM aarch64, version 1 (SYSV), BuildID[sha1]=9849be6e5724dd100de801ea7cd29fd1ca322c04, not stripped
lib/modules/5.10.0-23-arm64/kernel/crypto/ccm.ko	ELF 64-bit LSB relocatable, ARM aarch64, version 1 (SYSV), BuildID[sha1]=7cbff44deda441c9ddc422d0ab7062ca583d15b4, not stripped
lib/modules/5.10.0-23-arm64/kernel/crypto/curve25519-generic.ko	ELF 64-bit LSB relocatable, ARM aarch64, version 1 (SYSV), BuildID[sha1]=a7125ae77f7fec9b6c7ac07e02b388cb6772bc61, not stripped
lib/modules/5.10.0-23-arm64/kernel/crypto/wp512.ko	ELF 64-bit LSB relocatable, ARM aarch64, version 1 (SYSV), BuildID[sha1]=9eea09cd1ec72a1a9a9b8a8e9ae73b0045770321, not stripped
lib/modules/5.10.0-23-arm64/kernel/crypto/algif_aead.ko	ELF 64-bit LSB relocatable, ARM aarch64, version 1 (SYSV), BuildID[sha1]=4a0b31bf7cc2636653da8cb492834aceb92cdc42, not stripped
lib/modules/5.10.0-23-arm64/kernel/crypto/jitterentropy_rng.ko	ELF 64-bit LSB relocatable, ARM aarch64, version 1 (SYSV), BuildID[sha1]=9d143917787e8ffe073803d9de7ec5cd04b2b3da, not stripped
lib/modules/5.10.0-23-arm64/kernel/crypto/vmac.ko	ELF 64-bit LSB relocatable, ARM aarch64, version 1 (SYSV), BuildID[sha1]=fa41b7ebf42c052fa5a17349396ea9d68bf69998, not stripped
lib/modules/5.10.0-23-arm64/kernel/crypto/cts.ko	ELF 64-bit LSB relocatable, ARM aarch64, version 1 (SYSV), BuildID[sha1]=b0c0c6cd3a13a69d5fd938f74c7a1058938f88c3, not stripped
lib/modules/5.10.0-23-arm64/kernel/crypto/async_tx/async_tx.ko	ELF 64-bit LSB relocatable, ARM aarch64, version 1 (SYSV), BuildID[sha1]=fe88fca2cbd88f200ee8d13d4c6dcf322bacbb00, not stripped
lib/modules/5.10.0-23-arm64/kernel/crypto/async_tx/async_raid6_recov.ko	ELF 64-bit LSB relocatable, ARM aarch64, version 1 (SYSV), BuildID[sha1]=a420d51ea8c2328fba8baa9fb6ebc9684a2bd0a7, not stripped
lib/modules/5.10.0-23-arm64/kernel/crypto/async_tx/async_xor.ko	ELF 64-bit LSB relocatable, ARM aarch64, version 1 (SYSV), BuildID[sha1]=edafb0bc6e6f16348c30aa8c2c6009873dac0f61, not stripped
lib/modules/5.10.0-23-arm64/kernel/crypto/async_tx/async_pq.ko	ELF 64-bit LSB relocatable, ARM aarch64, version 1 (SYSV), BuildID[sha1]=e21b218274a9d88e876fd0a32e88b22c9c83ec08, not stripped
lib/modules/5.10.0-23-arm64/kernel/crypto/async_tx/async_memcpy.ko	ELF 64-bit LSB relocatable, ARM aarch64, version 1 (SYSV), BuildID[sha1]=6ccf4eab8ac0d3157b1cea0a15549ab45518fe1c, not stripped
lib/modules/5.10.0-23-arm64/kernel/crypto/echainiv.ko	ELF 64-bit LSB relocatable, ARM aarch64, version 1 (SYSV), BuildID[sha1]=fc3a9a27a8726bd26da30f85948f89fe8c3d340f, not stripped
lib/modules/5.10.0-23-arm64/kernel/crypto/lrw.ko	ELF 64-bit LSB relocatable, ARM aarch64, version 1 (SYSV), BuildID[sha1]=d2a2ad7087a8a696e5d0ce50e8a5caae9be9665a, not stripped
lib/modules/5.10.0-23-arm64/kernel/crypto/crc32c_generic.ko	ELF 64-bit LSB relocatable, ARM aarch64, version 1 (SYSV), BuildID[sha1]=71ad0015164d91aef5f06cc5e178ef727a37fe9e, not stripped
lib/modules/5.10.0-23-arm64/kernel/crypto/rmd320.ko	ELF 64-bit LSB relocatable, ARM aarch64, version 1 (SYSV), BuildID[sha1]=90a93b94e30edd2d9b7119a696f9299be1f7cf30, not stripped
lib/modules/5.10.0-23-arm64/kernel/crypto/aegis128.ko	ELF 64-bit LSB relocatable, ARM aarch64, version 1 (SYSV), BuildID[sha1]=61d21b915ecdf1b8a46e8a19cfa0010d81b683ad, not stripped
lib/modules/5.10.0-23-arm64/kernel/crypto/crct10dif_common.ko	ELF 64-bit LSB relocatable, ARM aarch64, version 1 (SYSV), BuildID[sha1]=2b4b9a7e5259bbf1b8c049fa6c6314b738730349, not stripped
lib/modules/5.10.0-23-arm64/kernel/crypto/ansi_cprng.ko	ELF 64-bit LSB relocatable, ARM aarch64, version 1 (SYSV), BuildID[sha1]=4e4191cff298ed8ac586a95df7a2814bc73d9af4, not stripped
lib/modules/5.10.0-23-arm64/kernel/crypto/tgr192.ko	ELF 64-bit LSB relocatable, ARM aarch64, version 1 (SYSV), BuildID[sha1]=766bbe96221205e774b3f3c13ad6009af1a096ab, not stripped
lib/modules/5.10.0-23-arm64/kernel/crypto/crypto_engine.ko	ELF 64-bit LSB relocatable, ARM aarch64, version 1 (SYSV), BuildID[sha1]=a8c4e76a6fb7d0e81bdeb9157b88116a8d0a0d9b, not stripped
lib/modules/5.10.0-23-arm64/kernel/crypto/keywrap.ko	ELF 64-bit LSB relocatable, ARM aarch64, version 1 (SYSV), BuildID[sha1]=d514f8afd2934ac6da01163a5e34ee025e4f7dd0, not stripped
lib/modules/5.10.0-23-arm64/kernel/crypto/ecb.ko	ELF 64-bit LSB relocatable, ARM aarch64, version 1 (SYSV), BuildID[sha1]=fbd599fc37c9ee09466dcb2f080f8b5aa01a6fc9, not stripped
lib/modules/5.10.0-23-arm64/kernel/crypto/cfb.ko	ELF 64-bit LSB relocatable, ARM aarch64, version 1 (SYSV), BuildID[sha1]=cf7d4068c29aa4d8c9ac521fa0fa76f1a360d32d, not stripped
lib/modules/5.10.0-23-arm64/kernel/crypto/adiantum.ko	ELF 64-bit LSB relocatable, ARM aarch64, version 1 (SYSV), BuildID[sha1]=abb8a9010ebe5ae0f040232471bc8164866048bd, not stripped
lib/modules/5.10.0-23-arm64/kernel/crypto/ecrdsa_generic.ko	ELF 64-bit LSB relocatable, ARM aarch64, version 1 (SYSV), BuildID[sha1]=79b1ac211074361cc42ffdfb4b8c669e6886b7cf, not stripped
lib/modules/5.10.0-23-arm64/kernel/crypto/sha3_generic.ko	ELF 64-bit LSB relocatable, ARM aarch64, version 1 (SYSV), BuildID[sha1]=938d3ef325934538c74328742add5c84671b502a, not stripped
lib/modules/5.10.0-23-arm64/kernel/drivers/soundwire/soundwire-qcom.ko	ELF 64-bit LSB relocatable, ARM aarch64, version 1 (SYSV), BuildID[sha1]=377f1bfd59edc5161717d27ab94b1ab8dd841ddf, not stripped
lib/modules/5.10.0-23-arm64/kernel/drivers/soundwire/soundwire-bus.ko	ELF 64-bit LSB relocatable, ARM aarch64, version 1 (SYSV), BuildID[sha1]=c3dd945f4daa3d7f78c48ea0d8a03e6d934e9fc8, not stripped
lib/modules/5.10.0-23-arm64/kernel/drivers/soundwire/soundwire-cadence.ko	ELF 64-bit LSB relocatable, ARM aarch64, version 1 (SYSV), BuildID[sha1]=c7110a665ff5d7b7810d373d0ca2409ece469042, not stripped
lib/modules/5.10.0-23-arm64/kernel/drivers/soundwire/soundwire-intel.ko	ELF 64-bit LSB relocatable, ARM aarch64, version 1 (SYSV), BuildID[sha1]=0868eb0d6dfb2ecf9976b4039100cffb56d04430, not stripped
lib/modules/5.10.0-23-arm64/kernel/drivers/soundwire/soundwire-generic-allocation.ko	ELF 64-bit LSB relocatable, ARM aarch64, version 1 (SYSV), BuildID[sha1]=01711badde3bb1aad787fb1c13d76d8cda540842, not stripped
lib/modules/5.10.0-23-arm64/kernel/drivers/hid/hid-roccat-common.ko	ELF 64-bit LSB relocatable, ARM aarch64, version 1 (SYSV), BuildID[sha1]=c3bba53ec1c00a49f28e1c21c6f0962d8be7e951, not stripped
lib/modules/5.10.0-23-arm64/kernel/drivers/hid/hid-tivo.ko	ELF 64-bit LSB relocatable, ARM aarch64, version 1 (SYSV), BuildID[sha1]=8b2c095635d0fa65e5bc08a21558781b63fe4deb, not stripped
lib/modules/5.10.0-23-arm64/kernel/drivers/hid/hid-ezkey.ko	ELF 64-bit LSB relocatable, ARM aarch64, version 1 (SYSV), BuildID[sha1]=08f16250d04421462eb12bda3ed119507381e597, not stripped
lib/modules/5.10.0-23-arm64/kernel/drivers/hid/hid-petalynx.ko	ELF 64-bit LSB relocatable, ARM aarch64, version 1 (SYSV), BuildID[sha1]=ade4c39468238e87bab3e733e55e01228b5a7fb5, not stripped
lib/modules/5.10.0-23-arm64/kernel/drivers/hid/hid-accutouch.ko	ELF 64-bit LSB relocatable, ARM aarch64, version 1 (SYSV), BuildID[sha1]=a7ec21b251c12b051eb30c6d26784034db792097, not stripped
lib/modules/5.10.0-23-arm64/kernel/drivers/hid/hid-steam.ko	ELF 64-bit LSB relocatable, ARM aarch64, version 1 (SYSV), BuildID[sha1]=6b8c7b8216e6994b1c048fb0791632b1c1a5bae4, not stripped
lib/modules/5.10.0-23-arm64/kernel/drivers/hid/hid-holtek-mouse.ko	ELF 64-bit LSB relocatable, ARM aarch64, version 1 (SYSV), BuildID[sha1]=eb93858f01cfec756a183e062f44873798ca41bd, not stripped
lib/modules/5.10.0-23-arm64/kernel/drivers/hid/hid-roccat-arvo.ko	ELF 64-bit LSB relocatable, ARM aarch64, version 1 (SYSV), BuildID[sha1]=a4909d98951e2991c5b5d96faab9dc4151f8eb03, not stripped
lib/modules/5.10.0-23-arm64/kernel/drivers/hid/hid-logitech-hidpp.ko	ELF 64-bit LSB relocatable, ARM aarch64, version 1 (SYSV), BuildID[sha1]=fd886a7b780790a82a9a32b0906cd6d692485bd3, not stripped
lib/modules/5.10.0-23-arm64/kernel/drivers/hid/hid-apple.ko	ELF 64-bit LSB relocatable, ARM aarch64, version 1 (SYSV), BuildID[sha1]=a32f1685e4e251b9859f916f23a9430925c73df3, not stripped
lib/modules/5.10.0-23-arm64/kernel/drivers/hid/hid-sjoy.ko	ELF 64-bit LSB relocatable, ARM aarch64, version 1 (SYSV), BuildID[sha1]=f6b0e1f40fba96af9095b28793125f4a9238385c, not stripped
lib/modules/5.10.0-23-arm64/kernel/drivers/hid/hid-roccat-konepure.ko	ELF 64-bit LSB relocatable, ARM aarch64, version 1 (SYSV), BuildID[sha1]=efcbee247cd867bb60cffd4f221b5fb353113219, not stripped
lib/modules/5.10.0-23-arm64/kernel/drivers/hid/hid-saitek.ko	ELF 64-bit LSB relocatable, ARM aarch64, version 1 (SYSV), BuildID[sha1]=bfc255707c8de526be5093fc308c88c729fec1c6, not stripped
lib/modules/5.10.0-23-arm64/kernel/drivers/hid/hid-kye.ko	ELF 64-bit LSB relocatable, ARM aarch64, version 1 (SYSV), BuildID[sha1]=5b999276c0cd4458a0d43c61e6e79e3f078b5d30, not stripped
lib/modules/5.10.0-23-arm64/kernel/drivers/hid/hid-macally.ko	ELF 64-bit LSB relocatable, ARM aarch64, version 1 (SYSV), BuildID[sha1]=f32b7d20b67dc47e5a2150542690daa33c5924ff, not stripped
lib/modules/5.10.0-23-arm64/kernel/drivers/hid/hid-rmi.ko	ELF 64-bit LSB relocatable, ARM aarch64, version 1 (SYSV), BuildID[sha1]=b2e99e9f649096822ba4764d62cb454ba6a2bc4b, not stripped
lib/modules/5.10.0-23-arm64/kernel/drivers/hid/hid-asus.ko	ELF 64-bit LSB relocatable, ARM aarch64, version 1 (SYSV), BuildID[sha1]=37361206829b61c7787249a95c5a0fe523458d33, not stripped
lib/modules/5.10.0-23-arm64/kernel/drivers/hid/hid-generic.ko	ELF 64-bit LSB relocatable, ARM aarch64, version 1 (SYSV), BuildID[sha1]=4524e07fde2e8e65bf055a51cc63fbc2611548d1, not stripped
lib/modules/5.10.0-23-arm64/kernel/drivers/hid/hid-plantronics.ko	ELF 64-bit LSB relocatable, ARM aarch64, version 1 (SYSV), BuildID[sha1]=36397442e0c32694c2d273543f94503acf37ead7, not stripped
lib/modules/5.10.0-23-arm64/kernel/drivers/hid/hid-gfrm.ko	ELF 64-bit LSB relocatable, ARM aarch64, version 1 (SYSV), BuildID[sha1]=c4bc3b80ba6c2ce9b0314e7a21a99b9778028dc1, not stripped
lib/modules/5.10.0-23-arm64/kernel/drivers/hid/hid-roccat-lua.ko	ELF 64-bit LSB relocatable, ARM aarch64, version 1 (SYSV), BuildID[sha1]=8fdb3500e16006185d49b6990c08697a0dead9dc, not stripped
lib/modules/5.10.0-23-arm64/kernel/drivers/hid/hid-samsung.ko	ELF 64-bit LSB relocatable, ARM aarch64, version 1 (SYSV), BuildID[sha1]=8a5188a4c4c367c897caef22dade74d8e9e7b4bb, not stripped
lib/modules/5.10.0-23-arm64/kernel/drivers/hid/hid-ortek.ko	ELF 64-bit LSB relocatable, ARM aarch64, version 1 (SYSV), BuildID[sha1]=95a442fb98eb0ce89b2fd4e29c9dd24168b13d92, not stripped
lib/modules/5.10.0-23-arm64/kernel/drivers/hid/i2c-hid/i2c-hid.ko	ELF 64-bit LSB relocatable, ARM aarch64, version 1 (SYSV), BuildID[sha1]=f1902d5d71ce2008b7d2955540c562e12e1657dc, not stripped
lib/modules/5.10.0-23-arm64/kernel/drivers/hid/hid-gt683r.ko	ELF 64-bit LSB relocatable, ARM aarch64, version 1 (SYSV), BuildID[sha1]=6b3cc6df5f1e312d4e3f57c1c53356529d55e8a4, not stripped
lib/modules/5.10.0-23-arm64/kernel/drivers/hid/hid-belkin.ko	ELF 64-bit LSB relocatable, ARM aarch64, version 1 (SYSV), BuildID[sha1]=9d56b063934952e8bc7afe3aaa350f60ecb966e6, not stripped
lib/modules/5.10.0-23-arm64/kernel/drivers/hid/hid-icade.ko	ELF 64-bit LSB relocatable, ARM aarch64, version 1 (SYSV), BuildID[sha1]=375d101bb500f75f00e1bdd6bf22e8aab94f3715, not stripped
lib/modules/5.10.0-23-arm64/kernel/drivers/hid/hid-u2fzero.ko	ELF 64-bit LSB relocatable, ARM aarch64, version 1 (SYSV), BuildID[sha1]=d327cc035a8823743853a144fe677742ebaff8cc, not stripped
lib/modules/5.10.0-23-arm64/kernel/drivers/hid/hid-elan.ko	ELF 64-bit LSB relocatable, ARM aarch64, version 1 (SYSV), BuildID[sha1]=ddb5ea906d3e57f6f60f475f640c0e60cfb9d75a, not stripped
lib/modules/5.10.0-23-arm64/kernel/drivers/hid/hid-waltop.ko	ELF 64-bit LSB relocatable, ARM aarch64, version 1 (SYSV), BuildID[sha1]=1d1f3de20afa274b1c9e29c718415bf3c3a4c565, not stripped
lib/modules/5.10.0-23-arm64/kernel/drivers/hid/wacom.ko	ELF 64-bit LSB relocatable, ARM aarch64, version 1 (SYSV), BuildID[sha1]=51cc4091ca8c9d6a36587cd3d688820e63340023, not stripped
lib/modules/5.10.0-23-arm64/kernel/drivers/hid/hid-roccat-isku.ko	ELF 64-bit LSB relocatable, ARM aarch64, version 1 (SYSV), BuildID[sha1]=ca0f9d9e33f8c04dd42a1f0cb2187515769671e5, not stripped
lib/modules/5.10.0-23-arm64/kernel/drivers/hid/hid-logitech-dj.ko	ELF 64-bit LSB relocatable, ARM aarch64, version 1 (SYSV), BuildID[sha1]=5a9743723965154d0a6f89c16eec56d6e729b90a, not stripped
lib/modules/5.10.0-23-arm64/kernel/drivers/hid/hid-uclogic.ko	ELF 64-bit LSB relocatable, ARM aarch64, version 1 (SYSV), BuildID[sha1]=ba745ef602c9992d6069938a1592745da61b7ecc, not stripped
lib/modules/5.10.0-23-arm64/kernel/drivers/hid/hid-penmount.ko	ELF 64-bit LSB relocatable, ARM aarch64, version 1 (SYSV), BuildID[sha1]=387dcab26b2b671d9f77971fb2585a32eb483f49, not stripped
lib/modules/5.10.0-23-arm64/kernel/drivers/hid/hid-lenovo.ko	ELF 64-bit LSB relocatable, ARM aarch64, version 1 (SYSV), BuildID[sha1]=099608b0385265c3fcf3a48e1bedf4a40fbf1efb, not stripped
lib/modules/5.10.0-23-arm64/kernel/drivers/hid/hid-zydacron.ko	ELF 64-bit LSB relocatable, ARM aarch64, version 1 (SYSV), BuildID[sha1]=d65f4d1e20692b23c5b8d8864a18b72dcd92082b, not stripped
lib/modules/5.10.0-23-arm64/kernel/drivers/hid/hid-steelseries.ko	ELF 64-bit LSB relocatable, ARM aarch64, version 1 (SYSV), BuildID[sha1]=c00b44f2eedbc60b41775f363539bfda6836584f, not stripped
lib/modules/5.10.0-23-arm64/kernel/drivers/hid/hid-jabra.ko	ELF 64-bit LSB relocatable, ARM aarch64, version 1 (SYSV), BuildID[sha1]=24f2864f11fe17a3d499af4d3a7fb62f09a5cb78, not stripped
lib/modules/5.10.0-23-arm64/kernel/drivers/hid/hid-roccat-ryos.ko	ELF 64-bit LSB relocatable, ARM aarch64, version 1 (SYSV), BuildID[sha1]=e47463b99fc9e3efc56170b5acc4b8ec9d641810, not stripped
lib/modules/5.10.0-23-arm64/kernel/drivers/hid/hid-mf.ko	ELF 64-bit LSB relocatable, ARM aarch64, version 1 (SYSV), BuildID[sha1]=c86bb0d1191fc9294bc256cd5d17b2ba9d93f3ac, not stripped
lib/modules/5.10.0-23-arm64/kernel/drivers/hid/hid-gaff.ko	ELF 64-bit LSB relocatable, ARM aarch64, version 1 (SYSV), BuildID[sha1]=400749e136c5e32e4d50f7c2019bb75c74bb1aa6, not stripped
lib/modules/5.10.0-23-arm64/kernel/drivers/hid/hid-keytouch.ko	ELF 64-bit LSB relocatable, ARM aarch64, version 1 (SYSV), BuildID[sha1]=77608a78ea38e26d938344e4045d1c59bde013cd, not stripped
lib/modules/5.10.0-23-arm64/kernel/drivers/hid/hid-axff.ko	ELF 64-bit LSB relocatable, ARM aarch64, version 1 (SYSV), BuildID[sha1]=67d4cb145d16ff1fbabb0419eb0cb0218c87878d, not stripped
lib/modules/5.10.0-23-arm64/kernel/drivers/hid/hid-lcpower.ko	ELF 64-bit LSB relocatable, ARM aarch64, version 1 (SYSV), BuildID[sha1]=c28c9dafc64b32004e497f054cdff86eb41f31fa, not stripped
lib/modules/5.10.0-23-arm64/kernel/drivers/hid/hid-betopff.ko	ELF 64-bit LSB relocatable, ARM aarch64, version 1 (SYSV), BuildID[sha1]=ad16407a299fee5781ba6a294e3501952230661c, not stripped
lib/modules/5.10.0-23-arm64/kernel/drivers/hid/hid-cp2112.ko	ELF 64-bit LSB relocatable, ARM aarch64, version 1 (SYSV), BuildID[sha1]=ab57eeba7a2a91fa55a807713160d6a9421df05b, not stripped
lib/modules/5.10.0-23-arm64/kernel/drivers/hid/hid-aureal.ko	ELF 64-bit LSB relocatable, ARM aarch64, version 1 (SYSV), BuildID[sha1]=e5211357e60cdbb1939aaaccd2c4430e91246413, not stripped
lib/modules/5.10.0-23-arm64/kernel/drivers/hid/hid-dr.ko	ELF 64-bit LSB relocatable, ARM aarch64, version 1 (SYSV), BuildID[sha1]=0e89c5fdce553dabb911eb257ddfaf695819c827, not stripped
lib/modules/5.10.0-23-arm64/kernel/drivers/hid/hid-udraw-ps3.ko	ELF 64-bit LSB relocatable, ARM aarch64, version 1 (SYSV), BuildID[sha1]=8b0d04f88e326514731f7b87f52432715c47229c, not stripped
lib/modules/5.10.0-23-arm64/kernel/drivers/hid/hid-a4tech.ko	ELF 64-bit LSB relocatable, ARM aarch64, version 1 (SYSV), BuildID[sha1]=3535d8b353c162a11c8cc2ee561ed2dfc77b35fc, not stripped
lib/modules/5.10.0-23-arm64/kernel/drivers/hid/hid-topseed.ko	ELF 64-bit LSB relocatable, ARM aarch64, version 1 (SYSV), BuildID[sha1]=3c83bbd79059528d7e6d4eca7e613fbca72d712e, not stripped
lib/modules/5.10.0-23-arm64/kernel/drivers/hid/hid-elecom.ko	ELF 64-bit LSB relocatable, ARM aarch64, version 1 (SYSV), BuildID[sha1]=d4c30230b279d386578e95b461a68279434447c6, not stripped
lib/modules/5.10.0-23-arm64/kernel/drivers/hid/hid-corsair.ko	ELF 64-bit LSB relocatable, ARM aarch64, version 1 (SYSV), BuildID[sha1]=d6501cc14e316d2ed74399dfb241a0e2ceb45548, not stripped
lib/modules/5.10.0-23-arm64/kernel/drivers/hid/hid-roccat-kovaplus.ko	ELF 64-bit LSB relocatable, ARM aarch64, version 1 (SYSV), BuildID[sha1]=dffa25a0ec1992e130270a5ca8f61daa9c9350f2, not stripped
lib/modules/5.10.0-23-arm64/kernel/drivers/hid/hid-alps.ko	ELF 64-bit LSB relocatable, ARM aarch64, version 1 (SYSV), BuildID[sha1]=26671bda45801326a9eb6291bcc96e88e898fe27, not stripped
lib/modules/5.10.0-23-arm64/kernel/drivers/hid/hid-emsff.ko	ELF 64-bit LSB relocatable, ARM aarch64, version 1 (SYSV), BuildID[sha1]=77f4a7900b4ebbfd6b3bedcbbd91590902cab0b3, not stripped
lib/modules/5.10.0-23-arm64/kernel/drivers/hid/usbhid/usbhid.ko	ELF 64-bit LSB relocatable, ARM aarch64, version 1 (SYSV), BuildID[sha1]=b5ced62303e2000000f23deeda08dded8a33c644, not stripped
lib/modules/5.10.0-23-arm64/kernel/drivers/hid/hid-primax.ko	ELF 64-bit LSB relocatable, ARM aarch64, version 1 (SYSV), BuildID[sha1]=050cb41fdc99b982d5f24a393ccbf33620ae1d25, not stripped
lib/modules/5.10.0-23-arm64/kernel/drivers/hid/hid-holtekff.ko	ELF 64-bit LSB relocatable, ARM aarch64, version 1 (SYSV), BuildID[sha1]=6465f506a48ed5b9b164bdef5f4213a8d9f0a287, not stripped
lib/modules/5.10.0-23-arm64/kernel/drivers/hid/hid-speedlink.ko	ELF 64-bit LSB relocatable, ARM aarch64, version 1 (SYSV), BuildID[sha1]=257c0c0ef82c1161a3b8c0dcde95aa21116e967d, not stripped
lib/modules/5.10.0-23-arm64/kernel/drivers/hid/hid-sony.ko	ELF 64-bit LSB relocatable, ARM aarch64, version 1 (SYSV), BuildID[sha1]=e0300844ea786102a6ee27e71fb522b07f7ccdaa, not stripped
lib/modules/5.10.0-23-arm64/kernel/drivers/hid/hid-holtek-kbd.ko	ELF 64-bit LSB relocatable, ARM aarch64, version 1 (SYSV), BuildID[sha1]=aed07850fff9836dfc5d7ed67305305990710ccf, not stripped
lib/modules/5.10.0-23-arm64/kernel/drivers/hid/hid-zpff.ko	ELF 64-bit LSB relocatable, ARM aarch64, version 1 (SYSV), BuildID[sha1]=7853c8fd53b3a29febd5b4acaf3161f2a6390261, not stripped
lib/modules/5.10.0-23-arm64/kernel/drivers/hid/hid-cougar.ko	ELF 64-bit LSB relocatable, ARM aarch64, version 1 (SYSV), BuildID[sha1]=f7d1069703e6de13ea6973c46808234cb5c48f23, not stripped
lib/modules/5.10.0-23-arm64/kernel/drivers/hid/hid-bigbenff.ko	ELF 64-bit LSB relocatable, ARM aarch64, version 1 (SYSV), BuildID[sha1]=515be93cfc42e38a278b181563777a4697dd655f, not stripped
lib/modules/5.10.0-23-arm64/kernel/drivers/hid/hid-wiimote.ko	ELF 64-bit LSB relocatable, ARM aarch64, version 1 (SYSV), BuildID[sha1]=133753082a53d69acbfe04f3718d367e54b4283e, not stripped
lib/modules/5.10.0-23-arm64/kernel/drivers/hid/hid-multitouch.ko	ELF 64-bit LSB relocatable, ARM aarch64, version 1 (SYSV), BuildID[sha1]=6f847ce88ee1241019bea6eb9502b0bcb2840402, not stripped
lib/modules/5.10.0-23-arm64/kernel/drivers/hid/hid-viewsonic.ko	ELF 64-bit LSB relocatable, ARM aarch64, version 1 (SYSV), BuildID[sha1]=86b70d6393cf46fed62869c8b753ff2d82722930, not stripped
lib/modules/5.10.0-23-arm64/kernel/drivers/hid/hid-xinmo.ko	ELF 64-bit LSB relocatable, ARM aarch64, version 1 (SYSV), BuildID[sha1]=fba81da69a30f38b8250e54cab49f97596d7847a, not stripped
lib/modules/5.10.0-23-arm64/kernel/drivers/hid/hid-elo.ko	ELF 64-bit LSB relocatable, ARM aarch64, version 1 (SYSV), BuildID[sha1]=1d23de3a26b32efd2d4d80ac8d49bf77bf0b81d8, not stripped
lib/modules/5.10.0-23-arm64/kernel/drivers/hid/hid-ite.ko	ELF 64-bit LSB relocatable, ARM aarch64, version 1 (SYSV), BuildID[sha1]=8909fa976bc8932515bca597fb50c8b9a520f2de, not stripped
lib/modules/5.10.0-23-arm64/kernel/drivers/hid/hid-roccat-kone.ko	ELF 64-bit LSB relocatable, ARM aarch64, version 1 (SYSV), BuildID[sha1]=1a7a1268c6bb68256fbbdf2d7275790f3b667b47, not stripped
lib/modules/5.10.0-23-arm64/kernel/drivers/hid/hid-cypress.ko	ELF 64-bit LSB relocatable, ARM aarch64, version 1 (SYSV), BuildID[sha1]=ffaa45c39f4000f9aa4b3452e05849b449d7c692, not stripped
lib/modules/5.10.0-23-arm64/kernel/drivers/hid/hid-gembird.ko	ELF 64-bit LSB relocatable, ARM aarch64, version 1 (SYSV), BuildID[sha1]=e4ae849c77abe93b930e556d22ec35774edb9b20, not stripped
lib/modules/5.10.0-23-arm64/kernel/drivers/hid/hid-pl.ko	ELF 64-bit LSB relocatable, ARM aarch64, version 1 (SYSV), BuildID[sha1]=aabe907937b7ae05e75c328d7e0f4f6e444e519a, not stripped
lib/modules/5.10.0-23-arm64/kernel/drivers/hid/hid-maltron.ko	ELF 64-bit LSB relocatable, ARM aarch64, version 1 (SYSV), BuildID[sha1]=0f93ec383e33bcce3f78c96cf6b79c7db223bdda, not stripped
lib/modules/5.10.0-23-arm64/kernel/drivers/hid/hid-picolcd.ko	ELF 64-bit LSB relocatable, ARM aarch64, version 1 (SYSV), BuildID[sha1]=69d30ad3787888e2527ac4eaa0c1cc639efe0aad, not stripped
lib/modules/5.10.0-23-arm64/kernel/drivers/hid/hid-roccat-koneplus.ko	ELF 64-bit LSB relocatable, ARM aarch64, version 1 (SYSV), BuildID[sha1]=72578025d7f3d10e6b27cb9d78c3dc6ea46095b5, not stripped
lib/modules/5.10.0-23-arm64/kernel/drivers/hid/hid-lg-g15.ko	ELF 64-bit LSB relocatable, ARM aarch64, version 1 (SYSV), BuildID[sha1]=4219e561af71dd06ad23118a8dc22bbbbb914852, not stripped
lib/modules/5.10.0-23-arm64/kernel/drivers/hid/uhid.ko	ELF 64-bit LSB relocatable, ARM aarch64, version 1 (SYSV), BuildID[sha1]=d192bf8a3009a6a9d01235094fd327e07dd2c614, not stripped
lib/modules/5.10.0-23-arm64/kernel/drivers/hid/hid-kensington.ko	ELF 64-bit LSB relocatable, ARM aarch64, version 1 (SYSV), BuildID[sha1]=0619a7be2502a2d99281c60c49baa006f0e6e747, not stripped
lib/modules/5.10.0-23-arm64/kernel/drivers/hid/hid-ntrig.ko	ELF 64-bit LSB relocatable, ARM aarch64, version 1 (SYSV), BuildID[sha1]=2cfe4279d9b76672bfe769d65318b87152095b41, not stripped
lib/modules/5.10.0-23-arm64/kernel/drivers/hid/hid-sensor-custom.ko	ELF 64-bit LSB relocatable, ARM aarch64, version 1 (SYSV), BuildID[sha1]=964a6056deab678e633c75330ac02cc82bf6e309, not stripped
lib/modules/5.10.0-23-arm64/kernel/drivers/hid/hid-nti.ko	ELF 64-bit LSB relocatable, ARM aarch64, version 1 (SYSV), BuildID[sha1]=5096ad3350a393ee8e3043c8cd40baa5cb07231e, not stripped
lib/modules/5.10.0-23-arm64/kernel/drivers/hid/hid-chicony.ko	ELF 64-bit LSB relocatable, ARM aarch64, version 1 (SYSV), BuildID[sha1]=d533ff4e4d2a9874a5581f275ed0a4ca50d020c0, not stripped
lib/modules/5.10.0-23-arm64/kernel/drivers/hid/hid-sunplus.ko	ELF 64-bit LSB relocatable, ARM aarch64, version 1 (SYSV), BuildID[sha1]=aaed21b7901184fb391c14b22e608cdfc358823d, not stripped
lib/modules/5.10.0-23-arm64/kernel/drivers/hid/hid-roccat.ko	ELF 64-bit LSB relocatable, ARM aarch64, version 1 (SYSV), BuildID[sha1]=545a308bededacfa8b80c94e98424dfc89fdefc4, not stripped
lib/modules/5.10.0-23-arm64/kernel/drivers/hid/hid-retrode.ko	ELF 64-bit LSB relocatable, ARM aarch64, version 1 (SYSV), BuildID[sha1]=fcf581f9ad8cf961fbc42ede4ef18b87f56ad6bd, not stripped
lib/modules/5.10.0-23-arm64/kernel/drivers/hid/hid-cmedia.ko	ELF 64-bit LSB relocatable, ARM aarch64, version 1 (SYSV), BuildID[sha1]=2fafc395e3e9dec371d70d350d872d8a2ac36d4a, not stripped
lib/modules/5.10.0-23-arm64/kernel/drivers/hid/hid-sensor-hub.ko	ELF 64-bit LSB relocatable, ARM aarch64, version 1 (SYSV), BuildID[sha1]=07a3c8f788342b19e9079e92d03532d9812869a4, not stripped
lib/modules/5.10.0-23-arm64/kernel/drivers/hid/hid-monterey.ko	ELF 64-bit LSB relocatable, ARM aarch64, version 1 (SYSV), BuildID[sha1]=7e4a14e1e2162004df3f996f64556112db7cf20b, not stripped
lib/modules/5.10.0-23-arm64/kernel/drivers/hid/hid-redragon.ko	ELF 64-bit LSB relocatable, ARM aarch64, version 1 (SYSV), BuildID[sha1]=679cbe22f85f61d05e1b47775332429698763612, not stripped
lib/modules/5.10.0-23-arm64/kernel/drivers/hid/hid-tmff.ko	ELF 64-bit LSB relocatable, ARM aarch64, version 1 (SYSV), BuildID[sha1]=d1626f50ccae13e4fed27661c567580519caf6f5, not stripped
lib/modules/5.10.0-23-arm64/kernel/drivers/hid/hid-microsoft.ko	ELF 64-bit LSB relocatable, ARM aarch64, version 1 (SYSV), BuildID[sha1]=fc53e2b79bed35f5d2f8b95a62c12fd894efc410, not stripped
lib/modules/5.10.0-23-arm64/kernel/drivers/hid/hid-roccat-savu.ko	ELF 64-bit LSB relocatable, ARM aarch64, version 1 (SYSV), BuildID[sha1]=5f6099460ecf7acb402d4825affd0e9615ba9def, not stripped
lib/modules/5.10.0-23-arm64/kernel/drivers/hid/hid-led.ko	ELF 64-bit LSB relocatable, ARM aarch64, version 1 (SYSV), BuildID[sha1]=31575d2a397c14ceb970fbc61428733563c10ef3, not stripped
lib/modules/5.10.0-23-arm64/kernel/drivers/hid/hid-cherry.ko	ELF 64-bit LSB relocatable, ARM aarch64, version 1 (SYSV), BuildID[sha1]=d2c372e0586e5795038bb3efc7dc32abe6cce630, not stripped
lib/modules/5.10.0-23-arm64/kernel/drivers/hid/hid-gyration.ko	ELF 64-bit LSB relocatable, ARM aarch64, version 1 (SYSV), BuildID[sha1]=7890aab483ef0a2c6cba3b5cf6e129ac99434811, not stripped
lib/modules/5.10.0-23-arm64/kernel/drivers/hid/hid-logitech.ko	ELF 64-bit LSB relocatable, ARM aarch64, version 1 (SYSV), BuildID[sha1]=3fce02c1ec3e62518aca2cc4a6b436bec474f297, not stripped
lib/modules/5.10.0-23-arm64/kernel/drivers/hid/hid-twinhan.ko	ELF 64-bit LSB relocatable, ARM aarch64, version 1 (SYSV), BuildID[sha1]=db659b90bd609618742c8cc13470cc0b4ff889f4, not stripped
lib/modules/5.10.0-23-arm64/kernel/drivers/hid/hid.ko	ELF 64-bit LSB relocatable, ARM aarch64, version 1 (SYSV), BuildID[sha1]=9e22557b5e1f09716b69c700fa7f3f2c45d8061d, not stripped
lib/modules/5.10.0-23-arm64/kernel/drivers/hid/hid-prodikeys.ko	ELF 64-bit LSB relocatable, ARM aarch64, version 1 (SYSV), BuildID[sha1]=2a6286a089b5aa6e8e888e0d0a4056e86fde3832, not stripped
lib/modules/5.10.0-23-arm64/kernel/drivers/hid/hid-roccat-pyra.ko	ELF 64-bit LSB relocatable, ARM aarch64, version 1 (SYSV), BuildID[sha1]=146d3e6e5070570057e0eaa16b3e352a9002b517, not stripped
lib/modules/5.10.0-23-arm64/kernel/drivers/hid/hid-magicmouse.ko	ELF 64-bit LSB relocatable, ARM aarch64, version 1 (SYSV), BuildID[sha1]=c3d6ad4def6448b7ef67c4a40cd2be558665a435, not stripped
lib/modules/5.10.0-23-arm64/kernel/drivers/media/pci/ddbridge/ddbridge.ko	ELF 64-bit LSB relocatable, ARM aarch64, version 1 (SYSV), BuildID[sha1]=25844ec3ecf5b1668e4f9c96324aa0fd754705f7, not stripped
lib/modules/5.10.0-23-arm64/kernel/drivers/media/pci/ddbridge/ddbridge-dummy-fe.ko	ELF 64-bit LSB relocatable, ARM aarch64, version 1 (SYSV), BuildID[sha1]=1d00275234e18d654df1ae5f751cb01e02a93be4, not stripped
lib/modules/5.10.0-23-arm64/kernel/drivers/media/pci/ngene/ngene.ko	ELF 64-bit LSB relocatable, ARM aarch64, version 1 (SYSV), BuildID[sha1]=514f97c816bcf17c2e59d83038588630c86ee0ee, not stripped
lib/modules/5.10.0-23-arm64/kernel/drivers/media/pci/mantis/mantis_core.ko	ELF 64-bit LSB relocatable, ARM aarch64, version 1 (SYSV), BuildID[sha1]=6be7317c6d193287a8057b52a7bce9b02518100d, not stripped
lib/modules/5.10.0-23-arm64/kernel/drivers/media/pci/mantis/mantis.ko	ELF 64-bit LSB relocatable, ARM aarch64, version 1 (SYSV), BuildID[sha1]=61e5a782fa94e0448c0a7a1bdfa5250bf5434385, not stripped
lib/modules/5.10.0-23-arm64/kernel/drivers/media/pci/mantis/hopper.ko	ELF 64-bit LSB relocatable, ARM aarch64, version 1 (SYSV), BuildID[sha1]=017ec58d724445d9a5d01103fa94a8c0ecf3d200, not stripped
lib/modules/5.10.0-23-arm64/kernel/drivers/media/pci/ivtv/ivtvfb.ko	ELF 64-bit LSB relocatable, ARM aarch64, version 1 (SYSV), BuildID[sha1]=0bfe6b8b5bd351de90fcd3983d34bcee7f20bd15, not stripped
lib/modules/5.10.0-23-arm64/kernel/drivers/media/pci/ivtv/ivtv-alsa.ko	ELF 64-bit LSB relocatable, ARM aarch64, version 1 (SYSV), BuildID[sha1]=f2c03b3f3b74971c53478203bdf688a08bcbcb89, not stripped
lib/modules/5.10.0-23-arm64/kernel/drivers/media/pci/ivtv/ivtv.ko	ELF 64-bit LSB relocatable, ARM aarch64, version 1 (SYSV), BuildID[sha1]=e18c2cc5205b0a26814a9df5839b1abfd9dc5a5a, not stripped
lib/modules/5.10.0-23-arm64/kernel/drivers/media/pci/saa7146/hexium_gemini.ko	ELF 64-bit LSB relocatable, ARM aarch64, version 1 (SYSV), BuildID[sha1]=80c693ae8007a98324d1940b733c2307fd48de6f, not stripped
lib/modules/5.10.0-23-arm64/kernel/drivers/media/pci/saa7146/mxb.ko	ELF 64-bit LSB relocatable, ARM aarch64, version 1 (SYSV), BuildID[sha1]=7ed923d540ce635e7dbfaa70d093e583ab4c5622, not stripped
lib/modules/5.10.0-23-arm64/kernel/drivers/media/pci/saa7146/hexium_orion.ko	ELF 64-bit LSB relocatable, ARM aarch64, version 1 (SYSV), BuildID[sha1]=3a22a3803fc1f6c5346d62d1c2a8565047d87a3b, not stripped
lib/modules/5.10.0-23-arm64/kernel/drivers/media/pci/pluto2/pluto2.ko	ELF 64-bit LSB relocatable, ARM aarch64, version 1 (SYSV), BuildID[sha1]=a7a0dcd6cb3ed6dc252d83a83bc1cf89992f32c1, not stripped
lib/modules/5.10.0-23-arm64/kernel/drivers/media/pci/saa7164/saa7164.ko	ELF 64-bit LSB relocatable, ARM aarch64, version 1 (SYSV), BuildID[sha1]=406071c57e0279f86670f1cfdb33a69deaaf6606, not stripped
lib/modules/5.10.0-23-arm64/kernel/drivers/media/pci/smipcie/smipcie.ko	ELF 64-bit LSB relocatable, ARM aarch64, version 1 (SYSV), BuildID[sha1]=d24d92bb133651ddbf57f853fe61fd97a14a99d8, not stripped
lib/modules/5.10.0-23-arm64/kernel/drivers/media/pci/tw5864/tw5864.ko	ELF 64-bit LSB relocatable, ARM aarch64, version 1 (SYSV), BuildID[sha1]=44868071cf5cb30e9692945b7c7df36cb7b29101, not stripped
lib/modules/5.10.0-23-arm64/kernel/drivers/media/pci/dt3155/dt3155.ko	ELF 64-bit LSB relocatable, ARM aarch64, version 1 (SYSV), BuildID[sha1]=9c5df61ff53a9d2829051819d7a9eb9605eda869, not stripped
lib/modules/5.10.0-23-arm64/kernel/drivers/media/pci/saa7134/saa7134.ko	ELF 64-bit LSB relocatable, ARM aarch64, version 1 (SYSV), BuildID[sha1]=6f70979d38b341bd6896151946923f76dafd01a8, not stripped
lib/modules/5.10.0-23-arm64/kernel/drivers/media/pci/saa7134/saa7134-dvb.ko	ELF 64-bit LSB relocatable, ARM aarch64, version 1 (SYSV), BuildID[sha1]=1c983bcf2e4112cbb636ae819d1e270a74605492, not stripped
lib/modules/5.10.0-23-arm64/kernel/drivers/media/pci/saa7134/saa7134-empress.ko	ELF 64-bit LSB relocatable, ARM aarch64, version 1 (SYSV), BuildID[sha1]=aaf0cf8ff2b1bbf3c4c0c5574195fc0e21012965, not stripped
lib/modules/5.10.0-23-arm64/kernel/drivers/media/pci/saa7134/saa7134-alsa.ko	ELF 64-bit LSB relocatable, ARM aarch64, version 1 (SYSV), BuildID[sha1]=dd2b37ab43ed995f0d33c6ec89fab611709669a2, not stripped
lib/modules/5.10.0-23-arm64/kernel/drivers/media/pci/bt8xx/dst.ko	ELF 64-bit LSB relocatable, ARM aarch64, version 1 (SYSV), BuildID[sha1]=75e5a27fb7a89c4cc60687b654bef81d6c4973fc, not stripped
lib/modules/5.10.0-23-arm64/kernel/drivers/media/pci/bt8xx/dst_ca.ko	ELF 64-bit LSB relocatable, ARM aarch64, version 1 (SYSV), BuildID[sha1]=70f7abb9e28fbee02e8be6069c71c926f57a2435, not stripped
lib/modules/5.10.0-23-arm64/kernel/drivers/media/pci/bt8xx/dvb-bt8xx.ko	ELF 64-bit LSB relocatable, ARM aarch64, version 1 (SYSV), BuildID[sha1]=470bbd3b2cfba5ca8ccee37041513fe269c8e2fb, not stripped
lib/modules/5.10.0-23-arm64/kernel/drivers/media/pci/bt8xx/bttv.ko	ELF 64-bit LSB relocatable, ARM aarch64, version 1 (SYSV), BuildID[sha1]=6436c493426df7c86c2c26ef8e86b8d5effcfa5d, not stripped
lib/modules/5.10.0-23-arm64/kernel/drivers/media/pci/bt8xx/bt878.ko	ELF 64-bit LSB relocatable, ARM aarch64, version 1 (SYSV), BuildID[sha1]=7625094ed8761719bc96e8b2701f40d8fdaedea4, not stripped
lib/modules/5.10.0-23-arm64/kernel/drivers/media/pci/tw686x/tw686x.ko	ELF 64-bit LSB relocatable, ARM aarch64, version 1 (SYSV), BuildID[sha1]=4d20c4ba8374a42acb19d05a7eafea1c9742a8a0, not stripped
lib/modules/5.10.0-23-arm64/kernel/drivers/media/pci/pt1/earth-pt1.ko	ELF 64-bit LSB relocatable, ARM aarch64, version 1 (SYSV), BuildID[sha1]=13a986c7c300570f955d22c144d751c1b53b83dc, not stripped
lib/modules/5.10.0-23-arm64/kernel/drivers/media/pci/b2c2/b2c2-flexcop-pci.ko	ELF 64-bit LSB relocatable, ARM aarch64, version 1 (SYSV), BuildID[sha1]=364704193af39fa4de1a5fee3f3dfaa80504236b, not stripped
lib/modules/5.10.0-23-arm64/kernel/drivers/media/pci/dm1105/dm1105.ko	ELF 64-bit LSB relocatable, ARM aarch64, version 1 (SYSV), BuildID[sha1]=3c4caa72877de05320edf4bef0fcd7a125b49ff5, not stripped
lib/modules/5.10.0-23-arm64/kernel/drivers/media/pci/cx23885/cx23885.ko	ELF 64-bit LSB relocatable, ARM aarch64, version 1 (SYSV), BuildID[sha1]=002104c7360e81c14a604f3b3b5bedcdc04a364e, not stripped
lib/modules/5.10.0-23-arm64/kernel/drivers/media/pci/cx23885/altera-ci.ko	ELF 64-bit LSB relocatable, ARM aarch64, version 1 (SYSV), BuildID[sha1]=3ac2606e782619afa4685776c64d5e10adc1de0b, not stripped
lib/modules/5.10.0-23-arm64/kernel/drivers/media/pci/cx18/cx18.ko	ELF 64-bit LSB relocatable, ARM aarch64, version 1 (SYSV), BuildID[sha1]=88ae77ca21a1262dc1269a43841503ff34ef0b93, not stripped
lib/modules/5.10.0-23-arm64/kernel/drivers/media/pci/cx18/cx18-alsa.ko	ELF 64-bit LSB relocatable, ARM aarch64, version 1 (SYSV), BuildID[sha1]=2727c05bb551876516324845de998958e4b2bdff, not stripped
lib/modules/5.10.0-23-arm64/kernel/drivers/media/pci/pt3/earth-pt3.ko	ELF 64-bit LSB relocatable, ARM aarch64, version 1 (SYSV), BuildID[sha1]=5845e678e8102aac4307933f7fab0e174c284ac5, not stripped
lib/modules/5.10.0-23-arm64/kernel/drivers/media/pci/cx88/cx8800.ko	ELF 64-bit LSB relocatable, ARM aarch64, version 1 (SYSV), BuildID[sha1]=8aa146f91ae5fbbae2baef0e403199fea6723484, not stripped
lib/modules/5.10.0-23-arm64/kernel/drivers/media/pci/cx88/cx88-dvb.ko	ELF 64-bit LSB relocatable, ARM aarch64, version 1 (SYSV), BuildID[sha1]=6428d32eb1027e1d712a657fb21dc79084e65012, not stripped
lib/modules/5.10.0-23-arm64/kernel/drivers/media/pci/cx88/cx8802.ko	ELF 64-bit LSB relocatable, ARM aarch64, version 1 (SYSV), BuildID[sha1]=ce45440b0518f14ec6cfaa413838694db4436415, not stripped
lib/modules/5.10.0-23-arm64/kernel/drivers/media/pci/cx88/cx88xx.ko	ELF 64-bit LSB relocatable, ARM aarch64, version 1 (SYSV), BuildID[sha1]=01e56790271ee41be3718a641e4e46d5231957af, not stripped
lib/modules/5.10.0-23-arm64/kernel/drivers/media/pci/cx88/cx88-vp3054-i2c.ko	ELF 64-bit LSB relocatable, ARM aarch64, version 1 (SYSV), BuildID[sha1]=f41a9089c5171b0cf611037f4662f093bce9fdc2, not stripped
lib/modules/5.10.0-23-arm64/kernel/drivers/media/pci/cx88/cx88-blackbird.ko	ELF 64-bit LSB relocatable, ARM aarch64, version 1 (SYSV), BuildID[sha1]=4a59588a1a40e03ba5e6dcde3a4e40e65180f720, not stripped
lib/modules/5.10.0-23-arm64/kernel/drivers/media/pci/cx88/cx88-alsa.ko	ELF 64-bit LSB relocatable, ARM aarch64, version 1 (SYSV), BuildID[sha1]=865892691340c9c4810b131545645ec19a6f5994, not stripped
lib/modules/5.10.0-23-arm64/kernel/drivers/media/pci/ttpci/budget.ko	ELF 64-bit LSB relocatable, ARM aarch64, version 1 (SYSV), BuildID[sha1]=13ab928118fda0a9d971f74c96c7a72902651634, not stripped
lib/modules/5.10.0-23-arm64/kernel/drivers/media/pci/ttpci/budget-core.ko	ELF 64-bit LSB relocatable, ARM aarch64, version 1 (SYSV), BuildID[sha1]=fdb74f90f0a13aec25a86d510fb60b0576a4a3c1, not stripped
lib/modules/5.10.0-23-arm64/kernel/drivers/media/pci/ttpci/budget-av.ko	ELF 64-bit LSB relocatable, ARM aarch64, version 1 (SYSV), BuildID[sha1]=8898ebe11757694e2004e001c49fb7b564dc604f, not stripped
lib/modules/5.10.0-23-arm64/kernel/drivers/media/pci/ttpci/dvb-ttpci.ko	ELF 64-bit LSB relocatable, ARM aarch64, version 1 (SYSV), BuildID[sha1]=7b6f89551193a453ad269e73358e336158a5aed5, not stripped
lib/modules/5.10.0-23-arm64/kernel/drivers/media/pci/ttpci/budget-ci.ko	ELF 64-bit LSB relocatable, ARM aarch64, version 1 (SYSV), BuildID[sha1]=ea895d05f7f4335e41e677699c54a7febd7b4ed4, not stripped
lib/modules/5.10.0-23-arm64/kernel/drivers/media/pci/ttpci/ttpci-eeprom.ko	ELF 64-bit LSB relocatable, ARM aarch64, version 1 (SYSV), BuildID[sha1]=0f967d7ac5af3382e7e8bc4752daa4e7cccf756e, not stripped
lib/modules/5.10.0-23-arm64/kernel/drivers/media/pci/ttpci/budget-patch.ko	ELF 64-bit LSB relocatable, ARM aarch64, version 1 (SYSV), BuildID[sha1]=ed9d1fe86144a055e60cc5baf1cebd486c94ffc7, not stripped
lib/modules/5.10.0-23-arm64/kernel/drivers/media/pci/solo6x10/solo6x10.ko	ELF 64-bit LSB relocatable, ARM aarch64, version 1 (SYSV), BuildID[sha1]=1f03160f76fc4189630f21f490be9f5c3f7924fc, not stripped
lib/modules/5.10.0-23-arm64/kernel/drivers/media/pci/netup_unidvb/netup-unidvb.ko	ELF 64-bit LSB relocatable, ARM aarch64, version 1 (SYSV), BuildID[sha1]=63847a3d21e4f04c0a19b43cd374217059810ac4, not stripped
lib/modules/5.10.0-23-arm64/kernel/drivers/media/pci/tw68/tw68.ko	ELF 64-bit LSB relocatable, ARM aarch64, version 1 (SYSV), BuildID[sha1]=41c4967bd74077b210e8282520d930e70f1a52f2, not stripped
lib/modules/5.10.0-23-arm64/kernel/drivers/media/dvb-core/dvb-core.ko	ELF 64-bit LSB relocatable, ARM aarch64, version 1 (SYSV), BuildID[sha1]=e7e61bc5996ff12e9091093d5117a11387336120, not stripped
lib/modules/5.10.0-23-arm64/kernel/drivers/media/platform/marvell-ccic/cafe_ccic.ko	ELF 64-bit LSB relocatable, ARM aarch64, version 1 (SYSV), BuildID[sha1]=43a69fcbadd70cde89dd686373726db86289f709, not stripped
lib/modules/5.10.0-23-arm64/kernel/drivers/media/platform/marvell-ccic/mcam-core.ko	ELF 64-bit LSB relocatable, ARM aarch64, version 1 (SYSV), BuildID[sha1]=4291842e69103857915966a4f0e1b9ce21bce33b, not stripped
lib/modules/5.10.0-23-arm64/kernel/drivers/media/platform/qcom/venus/venus-dec.ko	ELF 64-bit LSB relocatable, ARM aarch64, version 1 (SYSV), BuildID[sha1]=66c70ed72abfeeccd20ee8a8030cd2d9f7ee7b43, not stripped
lib/modules/5.10.0-23-arm64/kernel/drivers/media/platform/qcom/venus/venus-enc.ko	ELF 64-bit LSB relocatable, ARM aarch64, version 1 (SYSV), BuildID[sha1]=7a85a35edd4d29a4b69e093fc8de25c0dbe06586, not stripped
lib/modules/5.10.0-23-arm64/kernel/drivers/media/platform/qcom/venus/venus-core.ko	ELF 64-bit LSB relocatable, ARM aarch64, version 1 (SYSV), BuildID[sha1]=6ac36de2ea498902470f9efc853a01728aa38b55, not stripped
lib/modules/5.10.0-23-arm64/kernel/drivers/media/mc/mc.ko	ELF 64-bit LSB relocatable, ARM aarch64, version 1 (SYSV), BuildID[sha1]=e5a50cddc578deeae073f1c5d56a7cb05b9028f8, not stripped
lib/modules/5.10.0-23-arm64/kernel/drivers/media/radio/radio-ma901.ko	ELF 64-bit LSB relocatable, ARM aarch64, version 1 (SYSV), BuildID[sha1]=d6f41ac47c6afae7b5e6d97bfc16368240cb3c18, not stripped
lib/modules/5.10.0-23-arm64/kernel/drivers/media/radio/tea575x.ko	ELF 64-bit LSB relocatable, ARM aarch64, version 1 (SYSV), BuildID[sha1]=490a9062e689f0204fb02258a6f1143fd21c7fd2, not stripped
lib/modules/5.10.0-23-arm64/kernel/drivers/media/radio/radio-raremono.ko	ELF 64-bit LSB relocatable, ARM aarch64, version 1 (SYSV), BuildID[sha1]=c2b8dcf33d652d8eb472e011c26e3a9964c17cef, not stripped
lib/modules/5.10.0-23-arm64/kernel/drivers/media/radio/si470x/radio-si470x-usb.ko	ELF 64-bit LSB relocatable, ARM aarch64, version 1 (SYSV), BuildID[sha1]=61a593789831cc7b6a3fb797aec566f906fc6bca, not stripped
lib/modules/5.10.0-23-arm64/kernel/drivers/media/radio/si470x/radio-si470x-common.ko	ELF 64-bit LSB relocatable, ARM aarch64, version 1 (SYSV), BuildID[sha1]=46e7036b78ed2ea0d825236859dbbd108a81ecc2, not stripped
lib/modules/5.10.0-23-arm64/kernel/drivers/media/radio/radio-keene.ko	ELF 64-bit LSB relocatable, ARM aarch64, version 1 (SYSV), BuildID[sha1]=beae71dde2a467ec2d957ac17c93970e9172b970, not stripped
lib/modules/5.10.0-23-arm64/kernel/drivers/media/radio/shark2.ko	ELF 64-bit LSB relocatable, ARM aarch64, version 1 (SYSV), BuildID[sha1]=c7a74486bf9768a92072771bd5f32758f360891b, not stripped
lib/modules/5.10.0-23-arm64/kernel/drivers/media/radio/radio-shark.ko	ELF 64-bit LSB relocatable, ARM aarch64, version 1 (SYSV), BuildID[sha1]=f6e9b3b1ee70a9a845f1829a351ce4a551a3c0f1, not stripped
lib/modules/5.10.0-23-arm64/kernel/drivers/media/radio/radio-mr800.ko	ELF 64-bit LSB relocatable, ARM aarch64, version 1 (SYSV), BuildID[sha1]=fe867e0e25ca77d84de2b929eb34200293a9b9fd, not stripped
lib/modules/5.10.0-23-arm64/kernel/drivers/media/tuners/msi001.ko	ELF 64-bit LSB relocatable, ARM aarch64, version 1 (SYSV), BuildID[sha1]=db5bb67daf0059ee0bcd2936baffd3364d56ed74, not stripped
lib/modules/5.10.0-23-arm64/kernel/drivers/media/tuners/qm1d1b0004.ko	ELF 64-bit LSB relocatable, ARM aarch64, version 1 (SYSV), BuildID[sha1]=0c763ff7cba5814a996d8faba3d0c4a478edc400, not stripped
lib/modules/5.10.0-23-arm64/kernel/drivers/media/tuners/fc0013.ko	ELF 64-bit LSB relocatable, ARM aarch64, version 1 (SYSV), BuildID[sha1]=5d9d43057984689750440f5cc5b320c149861877, not stripped
lib/modules/5.10.0-23-arm64/kernel/drivers/media/tuners/tea5767.ko	ELF 64-bit LSB relocatable, ARM aarch64, version 1 (SYSV), BuildID[sha1]=6f19e115cc7ebc5295f94f921e9d0029612e5440, not stripped
lib/modules/5.10.0-23-arm64/kernel/drivers/media/tuners/tda18250.ko	ELF 64-bit LSB relocatable, ARM aarch64, version 1 (SYSV), BuildID[sha1]=ed95df0578f792da3cab82145a365363933107d4, not stripped
lib/modules/5.10.0-23-arm64/kernel/drivers/media/tuners/mt2266.ko	ELF 64-bit LSB relocatable, ARM aarch64, version 1 (SYSV), BuildID[sha1]=92fba2fd520eaf1585d85f207eb4a6d56b2767f9, not stripped
lib/modules/5.10.0-23-arm64/kernel/drivers/media/tuners/xc5000.ko	ELF 64-bit LSB relocatable, ARM aarch64, version 1 (SYSV), BuildID[sha1]=ddf6b61b39e6e7099d4b20871a464f7069ed9aac, not stripped
lib/modules/5.10.0-23-arm64/kernel/drivers/media/tuners/fc0011.ko	ELF 64-bit LSB relocatable, ARM aarch64, version 1 (SYSV), BuildID[sha1]=ff29b86736f98ebb9c569d9c53e09d33342d6bd5, not stripped
lib/modules/5.10.0-23-arm64/kernel/drivers/media/tuners/fc2580.ko	ELF 64-bit LSB relocatable, ARM aarch64, version 1 (SYSV), BuildID[sha1]=bf0508673ff4de33d59f86aa7cc3b14bb8d90f6b, not stripped
lib/modules/5.10.0-23-arm64/kernel/drivers/media/tuners/r820t.ko	ELF 64-bit LSB relocatable, ARM aarch64, version 1 (SYSV), BuildID[sha1]=5037f6d83b82aa48c0f859936203ebedb3fc20ae, not stripped
lib/modules/5.10.0-23-arm64/kernel/drivers/media/tuners/mxl301rf.ko	ELF 64-bit LSB relocatable, ARM aarch64, version 1 (SYSV), BuildID[sha1]=f846e5fab7cd51866ff87fbc2b7df98072a7a250, not stripped
lib/modules/5.10.0-23-arm64/kernel/drivers/media/tuners/mxl5007t.ko	ELF 64-bit LSB relocatable, ARM aarch64, version 1 (SYSV), BuildID[sha1]=27ce0dcb83e80c55f8e533c31e259bf59fd12eb7, not stripped
lib/modules/5.10.0-23-arm64/kernel/drivers/media/tuners/qm1d1c0042.ko	ELF 64-bit LSB relocatable, ARM aarch64, version 1 (SYSV), BuildID[sha1]=e1694b1e3c590c5d2c7e2064bd2642176a0deacc, not stripped
lib/modules/5.10.0-23-arm64/kernel/drivers/media/tuners/tea5761.ko	ELF 64-bit LSB relocatable, ARM aarch64, version 1 (SYSV), BuildID[sha1]=32213ef10e8f8468cb9f3060f0b745b3a8dbc4b2, not stripped
lib/modules/5.10.0-23-arm64/kernel/drivers/media/tuners/tuner-simple.ko	ELF 64-bit LSB relocatable, ARM aarch64, version 1 (SYSV), BuildID[sha1]=b2e2fdf33a637d369ce53976e19fc09027d7e3de, not stripped
lib/modules/5.10.0-23-arm64/kernel/drivers/media/tuners/qt1010.ko	ELF 64-bit LSB relocatable, ARM aarch64, version 1 (SYSV), BuildID[sha1]=6de48df755a0987316304095ce16c4e7a6df960d, not stripped
lib/modules/5.10.0-23-arm64/kernel/drivers/media/tuners/tda18218.ko	ELF 64-bit LSB relocatable, ARM aarch64, version 1 (SYSV), BuildID[sha1]=ae53ef812dd0152c6b20af611c443796d3404517, not stripped
lib/modules/5.10.0-23-arm64/kernel/drivers/media/tuners/max2165.ko	ELF 64-bit LSB relocatable, ARM aarch64, version 1 (SYSV), BuildID[sha1]=e79f1207616195207b6fdff67141cba7c6c73f28, not stripped
lib/modules/5.10.0-23-arm64/kernel/drivers/media/tuners/it913x.ko	ELF 64-bit LSB relocatable, ARM aarch64, version 1 (SYSV), BuildID[sha1]=70892938dd63aa8b558b0b97a468378998a762e0, not stripped
lib/modules/5.10.0-23-arm64/kernel/drivers/media/tuners/tda18271.ko	ELF 64-bit LSB relocatable, ARM aarch64, version 1 (SYSV), BuildID[sha1]=410a6b9be71b50a3e28a70fc40b9d288e9ede103, not stripped
lib/modules/5.10.0-23-arm64/kernel/drivers/media/tuners/tda9887.ko	ELF 64-bit LSB relocatable, ARM aarch64, version 1 (SYSV), BuildID[sha1]=e9b616c76f29b64d94b840ac65a3df2f32ac4a3d, not stripped
lib/modules/5.10.0-23-arm64/kernel/drivers/media/tuners/tda18212.ko	ELF 64-bit LSB relocatable, ARM aarch64, version 1 (SYSV), BuildID[sha1]=95c0ebed0b76f6c43d2a23487c474bb7bd80862c, not stripped
lib/modules/5.10.0-23-arm64/kernel/drivers/media/tuners/mxl5005s.ko	ELF 64-bit LSB relocatable, ARM aarch64, version 1 (SYSV), BuildID[sha1]=264146ae772d43e99e9b3589e9cab55ccee56d7d, not stripped
lib/modules/5.10.0-23-arm64/kernel/drivers/media/tuners/mt2131.ko	ELF 64-bit LSB relocatable, ARM aarch64, version 1 (SYSV), BuildID[sha1]=140202d4c0ac03ff4b467e2702344a46a4493b70, not stripped
lib/modules/5.10.0-23-arm64/kernel/drivers/media/tuners/tda8290.ko	ELF 64-bit LSB relocatable, ARM aarch64, version 1 (SYSV), BuildID[sha1]=ecb6b648b579bc8c1fcb1bae7f1723d1b5cc8175, not stripped
lib/modules/5.10.0-23-arm64/kernel/drivers/media/tuners/tuner-xc2028.ko	ELF 64-bit LSB relocatable, ARM aarch64, version 1 (SYSV), BuildID[sha1]=aa93556728a87532c646e6ad0044ebda7667a1b5, not stripped
lib/modules/5.10.0-23-arm64/kernel/drivers/media/tuners/mt20xx.ko	ELF 64-bit LSB relocatable, ARM aarch64, version 1 (SYSV), BuildID[sha1]=9d20333b054acdfb0568bdfa14b81f12073864f8, not stripped
lib/modules/5.10.0-23-arm64/kernel/drivers/media/tuners/m88rs6000t.ko	ELF 64-bit LSB relocatable, ARM aarch64, version 1 (SYSV), BuildID[sha1]=deb61c6f382460cc285de26ba79cfbfc42edd866, not stripped
lib/modules/5.10.0-23-arm64/kernel/drivers/media/tuners/mt2063.ko	ELF 64-bit LSB relocatable, ARM aarch64, version 1 (SYSV), BuildID[sha1]=a265d5d8b40dab56ec13bf9d5b1fe905e5e1b403, not stripped
lib/modules/5.10.0-23-arm64/kernel/drivers/media/tuners/fc0012.ko	ELF 64-bit LSB relocatable, ARM aarch64, version 1 (SYSV), BuildID[sha1]=819ac05dae6db15a1c571751ec7a87d43886e888, not stripped
lib/modules/5.10.0-23-arm64/kernel/drivers/media/tuners/tda827x.ko	ELF 64-bit LSB relocatable, ARM aarch64, version 1 (SYSV), BuildID[sha1]=7fd772b0638ccfdf6bd95c70f2055aaf25253098, not stripped
lib/modules/5.10.0-23-arm64/kernel/drivers/media/tuners/e4000.ko	ELF 64-bit LSB relocatable, ARM aarch64, version 1 (SYSV), BuildID[sha1]=3405e6e7fdb957fa12754ff36be0728e22b3f09b, not stripped
lib/modules/5.10.0-23-arm64/kernel/drivers/media/tuners/xc4000.ko	ELF 64-bit LSB relocatable, ARM aarch64, version 1 (SYSV), BuildID[sha1]=a6cf5dc003713c82e70c493d3ebbadd43ef16d84, not stripped
lib/modules/5.10.0-23-arm64/kernel/drivers/media/tuners/mc44s803.ko	ELF 64-bit LSB relocatable, ARM aarch64, version 1 (SYSV), BuildID[sha1]=518ea3304a59a8979522adc18253350901223d8e, not stripped
lib/modules/5.10.0-23-arm64/kernel/drivers/media/tuners/tuner-types.ko	ELF 64-bit LSB relocatable, ARM aarch64, version 1 (SYSV), BuildID[sha1]=db204aafb91781cafa2b78ebbcfc7a6041627a90, not stripped
lib/modules/5.10.0-23-arm64/kernel/drivers/media/tuners/si2157.ko	ELF 64-bit LSB relocatable, ARM aarch64, version 1 (SYSV), BuildID[sha1]=2b65ca2116d09c309bb15de3a9c3b3c4451643eb, not stripped
lib/modules/5.10.0-23-arm64/kernel/drivers/media/tuners/mt2060.ko	ELF 64-bit LSB relocatable, ARM aarch64, version 1 (SYSV), BuildID[sha1]=3134c1c17110caa264d93129cf5ab67f65bd32b3, not stripped
lib/modules/5.10.0-23-arm64/kernel/drivers/media/tuners/tua9001.ko	ELF 64-bit LSB relocatable, ARM aarch64, version 1 (SYSV), BuildID[sha1]=f0ac116dac817b1bd6202a3abe92055d1800ae0e, not stripped
lib/modules/5.10.0-23-arm64/kernel/drivers/media/firewire/firedtv.ko	ELF 64-bit LSB relocatable, ARM aarch64, version 1 (SYSV), BuildID[sha1]=bce2dd8bfcc6d2e219b6fbd6c44f3f9465d3ff28, not stripped
lib/modules/5.10.0-23-arm64/kernel/drivers/media/rc/ir-sanyo-decoder.ko	ELF 64-bit LSB relocatable, ARM aarch64, version 1 (SYSV), BuildID[sha1]=aa59154b547bcda3ac78022e20d11080af2fc700, not stripped
lib/modules/5.10.0-23-arm64/kernel/drivers/media/rc/meson-ir.ko	ELF 64-bit LSB relocatable, ARM aarch64, version 1 (SYSV), BuildID[sha1]=be6e8919e83b7195d706d9d5f596b463f450a7da, not stripped
lib/modules/5.10.0-23-arm64/kernel/drivers/media/rc/ir-rc5-decoder.ko	ELF 64-bit LSB relocatable, ARM aarch64, version 1 (SYSV), BuildID[sha1]=52685de15f98f1a835f0a2d28076ad5468b7244a, not stripped
lib/modules/5.10.0-23-arm64/kernel/drivers/media/rc/ir-mce_kbd-decoder.ko	ELF 64-bit LSB relocatable, ARM aarch64, version 1 (SYSV), BuildID[sha1]=1e1ec23f92b22c9ad882ba7819717b87680e524a, not stripped
lib/modules/5.10.0-23-arm64/kernel/drivers/media/rc/rc-core.ko	ELF 64-bit LSB relocatable, ARM aarch64, version 1 (SYSV), BuildID[sha1]=2bfc12fa21940f70ce3bc4365853a71b1a602379, not stripped
lib/modules/5.10.0-23-arm64/kernel/drivers/media/rc/ati_remote.ko	ELF 64-bit LSB relocatable, ARM aarch64, version 1 (SYSV), BuildID[sha1]=334aa7d718ea79b4558684f08e9ddd30bee0e6c6, not stripped
lib/modules/5.10.0-23-arm64/kernel/drivers/media/rc/ttusbir.ko	ELF 64-bit LSB relocatable, ARM aarch64, version 1 (SYSV), BuildID[sha1]=29a384c94e3911fc1c7fdcb5b7bfadb26b3b630e, not stripped
lib/modules/5.10.0-23-arm64/kernel/drivers/media/rc/iguanair.ko	ELF 64-bit LSB relocatable, ARM aarch64, version 1 (SYSV), BuildID[sha1]=a0ee4b62e885231efe25ff2f0a624fd69defa631, not stripped
lib/modules/5.10.0-23-arm64/kernel/drivers/media/rc/mceusb.ko	ELF 64-bit LSB relocatable, ARM aarch64, version 1 (SYSV), BuildID[sha1]=29f13b1c3e081b5f671d9913f141d65cd01f228d, not stripped
lib/modules/5.10.0-23-arm64/kernel/drivers/media/rc/ir-jvc-decoder.ko	ELF 64-bit LSB relocatable, ARM aarch64, version 1 (SYSV), BuildID[sha1]=d931b57ecf28efd85a1081cecdb9a59c0842cc00, not stripped
lib/modules/5.10.0-23-arm64/kernel/drivers/media/rc/ir-rc6-decoder.ko	ELF 64-bit LSB relocatable, ARM aarch64, version 1 (SYSV), BuildID[sha1]=21b89d90998da4b037a3b05f83e3bb73b5744052, not stripped
lib/modules/5.10.0-23-arm64/kernel/drivers/media/rc/ir-xmp-decoder.ko	ELF 64-bit LSB relocatable, ARM aarch64, version 1 (SYSV), BuildID[sha1]=a9d84184d49095ad301881454288a08f760e3347, not stripped
lib/modules/5.10.0-23-arm64/kernel/drivers/media/rc/streamzap.ko	ELF 64-bit LSB relocatable, ARM aarch64, version 1 (SYSV), BuildID[sha1]=e829d873870f5078b056abb1395d8e2afacd2887, not stripped
lib/modules/5.10.0-23-arm64/kernel/drivers/media/rc/ir-nec-decoder.ko	ELF 64-bit LSB relocatable, ARM aarch64, version 1 (SYSV), BuildID[sha1]=79290c87e92b3672f786959fce8c2b5977d1e4c7, not stripped
lib/modules/5.10.0-23-arm64/kernel/drivers/media/rc/redrat3.ko	ELF 64-bit LSB relocatable, ARM aarch64, version 1 (SYSV), BuildID[sha1]=e831a5a3f7ff5be49305599f3d93af03af07537f, not stripped
lib/modules/5.10.0-23-arm64/kernel/drivers/media/rc/imon_raw.ko	ELF 64-bit LSB relocatable, ARM aarch64, version 1 (SYSV), BuildID[sha1]=6c0fb4835af1da54f0fc440b75fea53f694a171c, not stripped
lib/modules/5.10.0-23-arm64/kernel/drivers/media/rc/ir-sharp-decoder.ko	ELF 64-bit LSB relocatable, ARM aarch64, version 1 (SYSV), BuildID[sha1]=65e05f629418537208673ca06c19d892e88dc2e5, not stripped
lib/modules/5.10.0-23-arm64/kernel/drivers/media/rc/ene_ir.ko	ELF 64-bit LSB relocatable, ARM aarch64, version 1 (SYSV), BuildID[sha1]=297a0fb84a476f8df8b2e8f2606f0fa2e7411bfc, not stripped
lib/modules/5.10.0-23-arm64/kernel/drivers/media/rc/imon.ko	ELF 64-bit LSB relocatable, ARM aarch64, version 1 (SYSV), BuildID[sha1]=5077cca6655fc9b87c26519d49c59cc48742c8ba, not stripped
lib/modules/5.10.0-23-arm64/kernel/drivers/media/rc/ir-imon-decoder.ko	ELF 64-bit LSB relocatable, ARM aarch64, version 1 (SYSV), BuildID[sha1]=efeb233030fabcf1774e3bf11566615451231a00, not stripped
lib/modules/5.10.0-23-arm64/kernel/drivers/media/rc/rc-loopback.ko	ELF 64-bit LSB relocatable, ARM aarch64, version 1 (SYSV), BuildID[sha1]=b7e60a97e9c8a2b818ef50bf88ca683ada4c86b1, not stripped
lib/modules/5.10.0-23-arm64/kernel/drivers/media/rc/igorplugusb.ko	ELF 64-bit LSB relocatable, ARM aarch64, version 1 (SYSV), BuildID[sha1]=e1d73488a8f682a16aa1b5e5b14bb52411fc0c41, not stripped
lib/modules/5.10.0-23-arm64/kernel/drivers/media/rc/keymaps/rc-flydvb.ko	ELF 64-bit LSB relocatable, ARM aarch64, version 1 (SYSV), BuildID[sha1]=b7046a9c829f12a22b79f21a07f0a4bb877322c4, not stripped
lib/modules/5.10.0-23-arm64/kernel/drivers/media/rc/keymaps/rc-d680-dmb.ko	ELF 64-bit LSB relocatable, ARM aarch64, version 1 (SYSV), BuildID[sha1]=532d59c058ceb040eaa47304e48075be5390f9bd, not stripped
lib/modules/5.10.0-23-arm64/kernel/drivers/media/rc/keymaps/rc-anysee.ko	ELF 64-bit LSB relocatable, ARM aarch64, version 1 (SYSV), BuildID[sha1]=58f712e2b6ba465f1073b3f67de6d640326925c6, not stripped
lib/modules/5.10.0-23-arm64/kernel/drivers/media/rc/keymaps/rc-astrometa-t2hybrid.ko	ELF 64-bit LSB relocatable, ARM aarch64, version 1 (SYSV), BuildID[sha1]=ac69f5f4a7d68efeab10c4ff7886a4336d586308, not stripped
lib/modules/5.10.0-23-arm64/kernel/drivers/media/rc/keymaps/rc-digittrade.ko	ELF 64-bit LSB relocatable, ARM aarch64, version 1 (SYSV), BuildID[sha1]=9ed2849c1c89be7312f0a27327bed9712de59c3b, not stripped
lib/modules/5.10.0-23-arm64/kernel/drivers/media/rc/keymaps/rc-asus-pc39.ko	ELF 64-bit LSB relocatable, ARM aarch64, version 1 (SYSV), BuildID[sha1]=c7f6643feb0a1637662eb2ed130fd63ee755fb72, not stripped
lib/modules/5.10.0-23-arm64/kernel/drivers/media/rc/keymaps/rc-videomate-m1f.ko	ELF 64-bit LSB relocatable, ARM aarch64, version 1 (SYSV), BuildID[sha1]=c5b888610eea6f15708441392c7a5bb33722a839, not stripped
lib/modules/5.10.0-23-arm64/kernel/drivers/media/rc/keymaps/rc-tango.ko	ELF 64-bit LSB relocatable, ARM aarch64, version 1 (SYSV), BuildID[sha1]=210bedb74023eee9acb685c718b2a259e1fe1b15, not stripped
lib/modules/5.10.0-23-arm64/kernel/drivers/media/rc/keymaps/rc-pixelview-mk12.ko	ELF 64-bit LSB relocatable, ARM aarch64, version 1 (SYSV), BuildID[sha1]=0032a8ba7d8093e47e0c4aa6f33c2361a4d95307, not stripped
lib/modules/5.10.0-23-arm64/kernel/drivers/media/rc/keymaps/rc-geekbox.ko	ELF 64-bit LSB relocatable, ARM aarch64, version 1 (SYSV), BuildID[sha1]=083fe06813419692a7680bfcf4ad5adc6e386475, not stripped
lib/modules/5.10.0-23-arm64/kernel/drivers/media/rc/keymaps/rc-digitalnow-tinytwin.ko	ELF 64-bit LSB relocatable, ARM aarch64, version 1 (SYSV), BuildID[sha1]=a761bf9849afe24afddce8d81671c9efaba6c54b, not stripped
lib/modules/5.10.0-23-arm64/kernel/drivers/media/rc/keymaps/rc-trekstor.ko	ELF 64-bit LSB relocatable, ARM aarch64, version 1 (SYSV), BuildID[sha1]=09f5435265602fd985e58099abaed84886b834e8, not stripped
lib/modules/5.10.0-23-arm64/kernel/drivers/media/rc/keymaps/rc-total-media-in-hand.ko	ELF 64-bit LSB relocatable, ARM aarch64, version 1 (SYSV), BuildID[sha1]=0a9c3299ad0bd01edc780b6d3689cd8083736af0, not stripped
lib/modules/5.10.0-23-arm64/kernel/drivers/media/rc/keymaps/rc-apac-viewcomp.ko	ELF 64-bit LSB relocatable, ARM aarch64, version 1 (SYSV), BuildID[sha1]=e1d5c8587b68594d50fc6037b50473756d5cf81d, not stripped
lib/modules/5.10.0-23-arm64/kernel/drivers/media/rc/keymaps/rc-it913x-v2.ko	ELF 64-bit LSB relocatable, ARM aarch64, version 1 (SYSV), BuildID[sha1]=5ac2fb9fa1e5d2de79b840f49e34a7a47bab79d2, not stripped
lib/modules/5.10.0-23-arm64/kernel/drivers/media/rc/keymaps/rc-terratec-slim.ko	ELF 64-bit LSB relocatable, ARM aarch64, version 1 (SYSV), BuildID[sha1]=5acb4ce6e22efd25bb8740b23299c066b836713a, not stripped
lib/modules/5.10.0-23-arm64/kernel/drivers/media/rc/keymaps/rc-medion-x10.ko	ELF 64-bit LSB relocatable, ARM aarch64, version 1 (SYSV), BuildID[sha1]=532930710365bfa533c557975ffc53da2f78443e, not stripped
lib/modules/5.10.0-23-arm64/kernel/drivers/media/rc/keymaps/rc-terratec-slim-2.ko	ELF 64-bit LSB relocatable, ARM aarch64, version 1 (SYSV), BuildID[sha1]=7149294433f23997e86f3f2d009e91d8021c3c53, not stripped
lib/modules/5.10.0-23-arm64/kernel/drivers/media/rc/keymaps/rc-kworld-pc150u.ko	ELF 64-bit LSB relocatable, ARM aarch64, version 1 (SYSV), BuildID[sha1]=e16bee261cb8ad3e55c28c5e05b77fc7c3704b61, not stripped
lib/modules/5.10.0-23-arm64/kernel/drivers/media/rc/keymaps/rc-proteus-2309.ko	ELF 64-bit LSB relocatable, ARM aarch64, version 1 (SYSV), BuildID[sha1]=573f65fbf8b560462d3ea557d5540ad324cb3871, not stripped
lib/modules/5.10.0-23-arm64/kernel/drivers/media/rc/keymaps/rc-real-audio-220-32-keys.ko	ELF 64-bit LSB relocatable, ARM aarch64, version 1 (SYSV), BuildID[sha1]=5627c983a27e5d21998ffe984bd751a8a6ac6d73, not stripped
lib/modules/5.10.0-23-arm64/kernel/drivers/media/rc/keymaps/rc-avermedia-m733a-rm-k6.ko	ELF 64-bit LSB relocatable, ARM aarch64, version 1 (SYSV), BuildID[sha1]=47f09d44045f7236360d24a2941e3aaf80f8d81e, not stripped
lib/modules/5.10.0-23-arm64/kernel/drivers/media/rc/keymaps/rc-gadmei-rm008z.ko	ELF 64-bit LSB relocatable, ARM aarch64, version 1 (SYSV), BuildID[sha1]=eda913b3951f9a548c8050f0db28181dfac95532, not stripped
lib/modules/5.10.0-23-arm64/kernel/drivers/media/rc/keymaps/rc-dib0700-nec.ko	ELF 64-bit LSB relocatable, ARM aarch64, version 1 (SYSV), BuildID[sha1]=18495b6eefb07a3dc9a411a93af91ca7db5b80d3, not stripped
lib/modules/5.10.0-23-arm64/kernel/drivers/media/rc/keymaps/rc-dntv-live-dvb-t.ko	ELF 64-bit LSB relocatable, ARM aarch64, version 1 (SYSV), BuildID[sha1]=bb174991e00dc970d3be4abb0e090dc9fb080ec4, not stripped
lib/modules/5.10.0-23-arm64/kernel/drivers/media/rc/keymaps/rc-terratec-cinergy-xs.ko	ELF 64-bit LSB relocatable, ARM aarch64, version 1 (SYSV), BuildID[sha1]=eb7bddda5fd8c2d491b4aca729a07c7ddfd4daed, not stripped
lib/modules/5.10.0-23-arm64/kernel/drivers/media/rc/keymaps/rc-leadtek-y04g0051.ko	ELF 64-bit LSB relocatable, ARM aarch64, version 1 (SYSV), BuildID[sha1]=2e2bae6a1afbc4400c1476d5840b80f0676f6331, not stripped
lib/modules/5.10.0-23-arm64/kernel/drivers/media/rc/keymaps/rc-dvico-portable.ko	ELF 64-bit LSB relocatable, ARM aarch64, version 1 (SYSV), BuildID[sha1]=c368425d8e53f56190f769d18ae62a00337d15d3, not stripped
lib/modules/5.10.0-23-arm64/kernel/drivers/media/rc/keymaps/rc-twinhan1027.ko	ELF 64-bit LSB relocatable, ARM aarch64, version 1 (SYSV), BuildID[sha1]=3876c89854e4000be61fd266e9c62fbd9b47917c, not stripped
lib/modules/5.10.0-23-arm64/kernel/drivers/media/rc/keymaps/rc-videostrong-kii-pro.ko	ELF 64-bit LSB relocatable, ARM aarch64, version 1 (SYSV), BuildID[sha1]=718c80baf7e63cbd8c56672d52eef840394960a7, not stripped
lib/modules/5.10.0-23-arm64/kernel/drivers/media/rc/keymaps/rc-avermedia-a16d.ko	ELF 64-bit LSB relocatable, ARM aarch64, version 1 (SYSV), BuildID[sha1]=4873d13c7cb7b9a84d9c0e2c53a712a64ebd6085, not stripped
lib/modules/5.10.0-23-arm64/kernel/drivers/media/rc/keymaps/rc-wetek-hub.ko	ELF 64-bit LSB relocatable, ARM aarch64, version 1 (SYSV), BuildID[sha1]=7b11f9caa5668badb212c7d9a3513d6f8c7fc8ea, not stripped
lib/modules/5.10.0-23-arm64/kernel/drivers/media/rc/keymaps/rc-hisi-poplar.ko	ELF 64-bit LSB relocatable, ARM aarch64, version 1 (SYSV), BuildID[sha1]=567f2555545c3ec52f7be1f8a56befd535ae8fa7, not stripped
lib/modules/5.10.0-23-arm64/kernel/drivers/media/rc/keymaps/rc-hisi-tv-demo.ko	ELF 64-bit LSB relocatable, ARM aarch64, version 1 (SYSV), BuildID[sha1]=ee8e7339bd42e33c8f8ba8cc7b6290a8c18de224, not stripped
lib/modules/5.10.0-23-arm64/kernel/drivers/media/rc/keymaps/rc-avermedia.ko	ELF 64-bit LSB relocatable, ARM aarch64, version 1 (SYSV), BuildID[sha1]=4ef9d09af5033cd5ad6a035587495f0738b33e7e, not stripped
lib/modules/5.10.0-23-arm64/kernel/drivers/media/rc/keymaps/rc-dib0700-rc5.ko	ELF 64-bit LSB relocatable, ARM aarch64, version 1 (SYSV), BuildID[sha1]=af986f71e0934d0e675a1eafa6562858a8566896, not stripped
lib/modules/5.10.0-23-arm64/kernel/drivers/media/rc/keymaps/rc-lme2510.ko	ELF 64-bit LSB relocatable, ARM aarch64, version 1 (SYSV), BuildID[sha1]=1460a49e46a2c5cee59983d3a95d959e8c044289, not stripped
lib/modules/5.10.0-23-arm64/kernel/drivers/media/rc/keymaps/rc-total-media-in-hand-02.ko	ELF 64-bit LSB relocatable, ARM aarch64, version 1 (SYSV), BuildID[sha1]=932d2c6c5019f3e08965b030f36c24b0f8e2ee5f, not stripped
lib/modules/5.10.0-23-arm64/kernel/drivers/media/rc/keymaps/rc-dvbsky.ko	ELF 64-bit LSB relocatable, ARM aarch64, version 1 (SYSV), BuildID[sha1]=2c26b1ff1d4589061a088174f696c4701e495fcb, not stripped
lib/modules/5.10.0-23-arm64/kernel/drivers/media/rc/keymaps/rc-odroid.ko	ELF 64-bit LSB relocatable, ARM aarch64, version 1 (SYSV), BuildID[sha1]=3f7ba701d8bf3dd16b7c30c8f4fba42c92d999d1, not stripped
lib/modules/5.10.0-23-arm64/kernel/drivers/media/rc/keymaps/rc-delock-61959.ko	ELF 64-bit LSB relocatable, ARM aarch64, version 1 (SYSV), BuildID[sha1]=1782f42878005cca6be14d0bb2cf6bab5c6e63f3, not stripped
lib/modules/5.10.0-23-arm64/kernel/drivers/media/rc/keymaps/rc-avermedia-dvbt.ko	ELF 64-bit LSB relocatable, ARM aarch64, version 1 (SYSV), BuildID[sha1]=f772c91ddfbaef02a85eb47f8e1bdb8ca7376d50, not stripped
lib/modules/5.10.0-23-arm64/kernel/drivers/media/rc/keymaps/rc-pinnacle-color.ko	ELF 64-bit LSB relocatable, ARM aarch64, version 1 (SYSV), BuildID[sha1]=2e3d1a84f94ec4306bdcdaabc048175574779785, not stripped
lib/modules/5.10.0-23-arm64/kernel/drivers/media/rc/keymaps/rc-gotview7135.ko	ELF 64-bit LSB relocatable, ARM aarch64, version 1 (SYSV), BuildID[sha1]=64b1822fe82070e937800faac549cde91d883824, not stripped
lib/modules/5.10.0-23-arm64/kernel/drivers/media/rc/keymaps/rc-budget-ci-old.ko	ELF 64-bit LSB relocatable, ARM aarch64, version 1 (SYSV), BuildID[sha1]=50ad5195eb2d63ad8d1f84d562b61df4b906a6ec, not stripped
lib/modules/5.10.0-23-arm64/kernel/drivers/media/rc/keymaps/rc-vega-s9x.ko	ELF 64-bit LSB relocatable, ARM aarch64, version 1 (SYSV), BuildID[sha1]=52b15b253539413fd3337367e497c6863e80dd81, not stripped
lib/modules/5.10.0-23-arm64/kernel/drivers/media/rc/keymaps/rc-imon-pad.ko	ELF 64-bit LSB relocatable, ARM aarch64, version 1 (SYSV), BuildID[sha1]=b133e05cccc47fcde9277a8f153f6c852309014a, not stripped
lib/modules/5.10.0-23-arm64/kernel/drivers/media/rc/keymaps/rc-xbox-dvd.ko	ELF 64-bit LSB relocatable, ARM aarch64, version 1 (SYSV), BuildID[sha1]=8ecfe3f75bf63417135ded319bf36838caec7591, not stripped
lib/modules/5.10.0-23-arm64/kernel/drivers/media/rc/keymaps/rc-medion-x10-digitainer.ko	ELF 64-bit LSB relocatable, ARM aarch64, version 1 (SYSV), BuildID[sha1]=879161bd639d477b83543e6d5dd28b51c563047f, not stripped
lib/modules/5.10.0-23-arm64/kernel/drivers/media/rc/keymaps/rc-imon-mce.ko	ELF 64-bit LSB relocatable, ARM aarch64, version 1 (SYSV), BuildID[sha1]=39a89a7f20216c0c88bb9d06a4582e7602355078, not stripped
lib/modules/5.10.0-23-arm64/kernel/drivers/media/rc/keymaps/rc-terratec-cinergy-s2-hd.ko	ELF 64-bit LSB relocatable, ARM aarch64, version 1 (SYSV), BuildID[sha1]=3649d03112c77234163b107901cc046a31b48365, not stripped
lib/modules/5.10.0-23-arm64/kernel/drivers/media/rc/keymaps/rc-pixelview-new.ko	ELF 64-bit LSB relocatable, ARM aarch64, version 1 (SYSV), BuildID[sha1]=c1bd7827fce56de4844ece72fd3a95b05f25f075, not stripped
lib/modules/5.10.0-23-arm64/kernel/drivers/media/rc/keymaps/rc-alink-dtu-m.ko	ELF 64-bit LSB relocatable, ARM aarch64, version 1 (SYSV), BuildID[sha1]=cfbf26c5a2c4d1e5e73cf656e36fbf19e070fff4, not stripped
lib/modules/5.10.0-23-arm64/kernel/drivers/media/rc/keymaps/rc-npgtech.ko	ELF 64-bit LSB relocatable, ARM aarch64, version 1 (SYSV), BuildID[sha1]=60430699e18883da79a5a9c3055468f5769b1e6e, not stripped
lib/modules/5.10.0-23-arm64/kernel/drivers/media/rc/keymaps/rc-powercolor-real-angel.ko	ELF 64-bit LSB relocatable, ARM aarch64, version 1 (SYSV), BuildID[sha1]=9cd714a40c6c2765f846d991aa895966aeb32aa0, not stripped
lib/modules/5.10.0-23-arm64/kernel/drivers/media/rc/keymaps/rc-technisat-usb2.ko	ELF 64-bit LSB relocatable, ARM aarch64, version 1 (SYSV), BuildID[sha1]=9b91b60669da242f6880d1cd480eef6162fed603, not stripped
lib/modules/5.10.0-23-arm64/kernel/drivers/media/rc/keymaps/rc-khadas.ko	ELF 64-bit LSB relocatable, ARM aarch64, version 1 (SYSV), BuildID[sha1]=34d01a366900079f4e30a379fbd470c2d4209159, not stripped
lib/modules/5.10.0-23-arm64/kernel/drivers/media/rc/keymaps/rc-msi-tvanywhere-plus.ko	ELF 64-bit LSB relocatable, ARM aarch64, version 1 (SYSV), BuildID[sha1]=893c951b78880a3f2086a8776466b47379e67001, not stripped
lib/modules/5.10.0-23-arm64/kernel/drivers/media/rc/keymaps/rc-x96max.ko	ELF 64-bit LSB relocatable, ARM aarch64, version 1 (SYSV), BuildID[sha1]=127b4a0caa302d9c70eb77a1007b74b891f6616d, not stripped
lib/modules/5.10.0-23-arm64/kernel/drivers/media/rc/keymaps/rc-pixelview-002t.ko	ELF 64-bit LSB relocatable, ARM aarch64, version 1 (SYSV), BuildID[sha1]=2851b2526f594165019226f1455f7e1dc0662f59, not stripped
lib/modules/5.10.0-23-arm64/kernel/drivers/media/rc/keymaps/rc-evga-indtube.ko	ELF 64-bit LSB relocatable, ARM aarch64, version 1 (SYSV), BuildID[sha1]=9a9995a4783e6b607f734053d0567786552532cf, not stripped
lib/modules/5.10.0-23-arm64/kernel/drivers/media/rc/keymaps/rc-msi-digivox-iii.ko	ELF 64-bit LSB relocatable, ARM aarch64, version 1 (SYSV), BuildID[sha1]=95225bb4419ff3525152156643f7101eeabda4cb, not stripped
lib/modules/5.10.0-23-arm64/kernel/drivers/media/rc/keymaps/rc-pctv-sedna.ko	ELF 64-bit LSB relocatable, ARM aarch64, version 1 (SYSV), BuildID[sha1]=b60bf8827698228266f67ec121ed21d2b16b83bc, not stripped
lib/modules/5.10.0-23-arm64/kernel/drivers/media/rc/keymaps/rc-genius-tvgo-a11mce.ko	ELF 64-bit LSB relocatable, ARM aarch64, version 1 (SYSV), BuildID[sha1]=41c9a05611c07a0ab3a7b04372adf096a0b21608, not stripped
lib/modules/5.10.0-23-arm64/kernel/drivers/media/rc/keymaps/rc-tevii-nec.ko	ELF 64-bit LSB relocatable, ARM aarch64, version 1 (SYSV), BuildID[sha1]=6fde4c0902e1c305d1dafc01268fdb598bd8b64a, not stripped
lib/modules/5.10.0-23-arm64/kernel/drivers/media/rc/keymaps/rc-pv951.ko	ELF 64-bit LSB relocatable, ARM aarch64, version 1 (SYSV), BuildID[sha1]=05d81079d51c530fc3757d8812ee8240b86ddec4, not stripped
lib/modules/5.10.0-23-arm64/kernel/drivers/media/rc/keymaps/rc-tbs-nec.ko	ELF 64-bit LSB relocatable, ARM aarch64, version 1 (SYSV), BuildID[sha1]=bb9d4febe8591281b850d837210e19ba4c857e30, not stripped
lib/modules/5.10.0-23-arm64/kernel/drivers/media/rc/keymaps/rc-pinnacle-grey.ko	ELF 64-bit LSB relocatable, ARM aarch64, version 1 (SYSV), BuildID[sha1]=21ad341fdd26840fe7a397c5b484b43856f271d9, not stripped
lib/modules/5.10.0-23-arm64/kernel/drivers/media/rc/keymaps/rc-encore-enltv2.ko	ELF 64-bit LSB relocatable, ARM aarch64, version 1 (SYSV), BuildID[sha1]=9fe70e6ac8093a4307a6b789d771be63a6d9d04c, not stripped
lib/modules/5.10.0-23-arm64/kernel/drivers/media/rc/keymaps/rc-snapstream-firefly.ko	ELF 64-bit LSB relocatable, ARM aarch64, version 1 (SYSV), BuildID[sha1]=63521f533247e90885086ebef86a2b32d56b0875, not stripped
lib/modules/5.10.0-23-arm64/kernel/drivers/media/rc/keymaps/rc-technisat-ts35.ko	ELF 64-bit LSB relocatable, ARM aarch64, version 1 (SYSV), BuildID[sha1]=7ba83cb7e6f0c18a9d990d6e2c4d91b69d3c7419, not stripped
lib/modules/5.10.0-23-arm64/kernel/drivers/media/rc/keymaps/rc-behold.ko	ELF 64-bit LSB relocatable, ARM aarch64, version 1 (SYSV), BuildID[sha1]=b8dadcfa7bc4f302c485ca584b55bd26ad04781b, not stripped
lib/modules/5.10.0-23-arm64/kernel/drivers/media/rc/keymaps/rc-eztv.ko	ELF 64-bit LSB relocatable, ARM aarch64, version 1 (SYSV), BuildID[sha1]=849bd4008d418e35551d41f815cfccfc8b865b95, not stripped
lib/modules/5.10.0-23-arm64/kernel/drivers/media/rc/keymaps/rc-adstech-dvb-t-pci.ko	ELF 64-bit LSB relocatable, ARM aarch64, version 1 (SYSV), BuildID[sha1]=c93cf21f63bdb6a0033afc0af85aeb58c19e5b39, not stripped
lib/modules/5.10.0-23-arm64/kernel/drivers/media/rc/keymaps/rc-fusionhdtv-mce.ko	ELF 64-bit LSB relocatable, ARM aarch64, version 1 (SYSV), BuildID[sha1]=90d71e77c1a842e710fc79f8f440e748584eea87, not stripped
lib/modules/5.10.0-23-arm64/kernel/drivers/media/rc/keymaps/rc-su3000.ko	ELF 64-bit LSB relocatable, ARM aarch64, version 1 (SYSV), BuildID[sha1]=6941275effe0c0ee16c9169dd72fc6850a87e64c, not stripped
lib/modules/5.10.0-23-arm64/kernel/drivers/media/rc/keymaps/rc-ati-tv-wonder-hd-600.ko	ELF 64-bit LSB relocatable, ARM aarch64, version 1 (SYSV), BuildID[sha1]=ce8ee8462b8a3681ff97958152f6ed718fc5cc1a, not stripped
lib/modules/5.10.0-23-arm64/kernel/drivers/media/rc/keymaps/rc-pixelview.ko	ELF 64-bit LSB relocatable, ARM aarch64, version 1 (SYSV), BuildID[sha1]=c115e5ce05cb67e7a9e582f7d7df3ab4d5573f07, not stripped
lib/modules/5.10.0-23-arm64/kernel/drivers/media/rc/keymaps/rc-kworld-plus-tv-analog.ko	ELF 64-bit LSB relocatable, ARM aarch64, version 1 (SYSV), BuildID[sha1]=dd984b62136cf345a692662b04579d44e14254c2, not stripped
lib/modules/5.10.0-23-arm64/kernel/drivers/media/rc/keymaps/rc-nebula.ko	ELF 64-bit LSB relocatable, ARM aarch64, version 1 (SYSV), BuildID[sha1]=f548225bb7d9b80c1a99351f8105482fbab4ffb7, not stripped
lib/modules/5.10.0-23-arm64/kernel/drivers/media/rc/keymaps/rc-msi-digivox-ii.ko	ELF 64-bit LSB relocatable, ARM aarch64, version 1 (SYSV), BuildID[sha1]=4cbee6752943086b675530599d0e6bad65a96cd3, not stripped
lib/modules/5.10.0-23-arm64/kernel/drivers/media/rc/keymaps/rc-winfast-usbii-deluxe.ko	ELF 64-bit LSB relocatable, ARM aarch64, version 1 (SYSV), BuildID[sha1]=dc675da7a845caf3eaa4d6686a6c8862b1a3bde7, not stripped
lib/modules/5.10.0-23-arm64/kernel/drivers/media/rc/keymaps/rc-asus-ps3-100.ko	ELF 64-bit LSB relocatable, ARM aarch64, version 1 (SYSV), BuildID[sha1]=28053209537a86a4719d74f5b03896a05d702c48, not stripped
lib/modules/5.10.0-23-arm64/kernel/drivers/media/rc/keymaps/rc-dm1105-nec.ko	ELF 64-bit LSB relocatable, ARM aarch64, version 1 (SYSV), BuildID[sha1]=5ecabec6aac367ffea0f386412e7990688e25fd9, not stripped
lib/modules/5.10.0-23-arm64/kernel/drivers/media/rc/keymaps/rc-norwood.ko	ELF 64-bit LSB relocatable, ARM aarch64, version 1 (SYSV), BuildID[sha1]=94666126799f16c368fbfe69ce5f9b376faa8ab4, not stripped
lib/modules/5.10.0-23-arm64/kernel/drivers/media/rc/keymaps/rc-imon-rsc.ko	ELF 64-bit LSB relocatable, ARM aarch64, version 1 (SYSV), BuildID[sha1]=6342f9fa2511d7bd920495ee4e4a5574ac35eabe, not stripped
lib/modules/5.10.0-23-arm64/kernel/drivers/media/rc/keymaps/rc-beelink-gs1.ko	ELF 64-bit LSB relocatable, ARM aarch64, version 1 (SYSV), BuildID[sha1]=e80a70d3519c0044dcb1f0fe4f9529c483e54cdc, not stripped
lib/modules/5.10.0-23-arm64/kernel/drivers/media/rc/keymaps/rc-medion-x10-or2x.ko	ELF 64-bit LSB relocatable, ARM aarch64, version 1 (SYSV), BuildID[sha1]=714b27945d67a9b8daa0d97fccc7afce4ac25f8a, not stripped
lib/modules/5.10.0-23-arm64/kernel/drivers/media/rc/keymaps/rc-iodata-bctv7e.ko	ELF 64-bit LSB relocatable, ARM aarch64, version 1 (SYSV), BuildID[sha1]=83d034bfd91f3eab0d9490ecc09d73ab17e0ad31, not stripped
lib/modules/5.10.0-23-arm64/kernel/drivers/media/rc/keymaps/rc-azurewave-ad-tu700.ko	ELF 64-bit LSB relocatable, ARM aarch64, version 1 (SYSV), BuildID[sha1]=88c1244aaf79cba2de4f5bb985705508cd0e8ac5, not stripped
lib/modules/5.10.0-23-arm64/kernel/drivers/media/rc/keymaps/rc-streamzap.ko	ELF 64-bit LSB relocatable, ARM aarch64, version 1 (SYSV), BuildID[sha1]=e8072a358b3f9e06d84a590c3d22b94c3af61ab4, not stripped
lib/modules/5.10.0-23-arm64/kernel/drivers/media/rc/keymaps/rc-videomate-tv-pvr.ko	ELF 64-bit LSB relocatable, ARM aarch64, version 1 (SYSV), BuildID[sha1]=11e8717ac1a5cd916cfbbbc0cc8d447f215d21eb, not stripped
lib/modules/5.10.0-23-arm64/kernel/drivers/media/rc/keymaps/rc-hauppauge.ko	ELF 64-bit LSB relocatable, ARM aarch64, version 1 (SYSV), BuildID[sha1]=ad3ea2a4734e0710f9e5c1ab67cc67330a482d1d, not stripped
lib/modules/5.10.0-23-arm64/kernel/drivers/media/rc/keymaps/rc-cinergy.ko	ELF 64-bit LSB relocatable, ARM aarch64, version 1 (SYSV), BuildID[sha1]=1c6516e14af41507cb978ecdf98cd909080f9c8d, not stripped
lib/modules/5.10.0-23-arm64/kernel/drivers/media/rc/keymaps/rc-em-terratec.ko	ELF 64-bit LSB relocatable, ARM aarch64, version 1 (SYSV), BuildID[sha1]=cfadff535b49b6d34e2cfdcf9fe902331c58ff20, not stripped
lib/modules/5.10.0-23-arm64/kernel/drivers/media/rc/keymaps/rc-reddo.ko	ELF 64-bit LSB relocatable, ARM aarch64, version 1 (SYSV), BuildID[sha1]=99647b69213bda5ab3f9344e96a8c43026096b0e, not stripped
lib/modules/5.10.0-23-arm64/kernel/drivers/media/rc/keymaps/rc-behold-columbus.ko	ELF 64-bit LSB relocatable, ARM aarch64, version 1 (SYSV), BuildID[sha1]=eda1358e1e1c666fc0e3af4989c8fd8b218deea6, not stripped
lib/modules/5.10.0-23-arm64/kernel/drivers/media/rc/keymaps/rc-dvico-mce.ko	ELF 64-bit LSB relocatable, ARM aarch64, version 1 (SYSV), BuildID[sha1]=8a9d372c7114cbae772a2b4b67b1cae8c4bdf63e, not stripped
lib/modules/5.10.0-23-arm64/kernel/drivers/media/rc/keymaps/rc-kaiomy.ko	ELF 64-bit LSB relocatable, ARM aarch64, version 1 (SYSV), BuildID[sha1]=75b80a3efd3d18db49cb2113235991fd7cd97ec4, not stripped
lib/modules/5.10.0-23-arm64/kernel/drivers/media/rc/keymaps/rc-dntv-live-dvbt-pro.ko	ELF 64-bit LSB relocatable, ARM aarch64, version 1 (SYSV), BuildID[sha1]=60098fc1305851ff21304f79742a4e343d18f7c7, not stripped
lib/modules/5.10.0-23-arm64/kernel/drivers/media/rc/keymaps/rc-pinnacle-pctv-hd.ko	ELF 64-bit LSB relocatable, ARM aarch64, version 1 (SYSV), BuildID[sha1]=dcc0edab5d0f2e738470dd23a72d6d7f9599807c, not stripped
lib/modules/5.10.0-23-arm64/kernel/drivers/media/rc/keymaps/rc-flyvideo.ko	ELF 64-bit LSB relocatable, ARM aarch64, version 1 (SYSV), BuildID[sha1]=077660aba5bfd82920ee74957128d04106101eed, not stripped
lib/modules/5.10.0-23-arm64/kernel/drivers/media/rc/keymaps/rc-wetek-play2.ko	ELF 64-bit LSB relocatable, ARM aarch64, version 1 (SYSV), BuildID[sha1]=d807e7a981d0f22e3f71e773b531c16792703a47, not stripped
lib/modules/5.10.0-23-arm64/kernel/drivers/media/rc/keymaps/rc-avermedia-rm-ks.ko	ELF 64-bit LSB relocatable, ARM aarch64, version 1 (SYSV), BuildID[sha1]=8461921f701f504167eb55e2bdfc622e839cf50e, not stripped
lib/modules/5.10.0-23-arm64/kernel/drivers/media/rc/keymaps/rc-dtt200u.ko	ELF 64-bit LSB relocatable, ARM aarch64, version 1 (SYSV), BuildID[sha1]=e52572470dee280752948627c40eb46e8df1d60c, not stripped
lib/modules/5.10.0-23-arm64/kernel/drivers/media/rc/keymaps/rc-tivo.ko	ELF 64-bit LSB relocatable, ARM aarch64, version 1 (SYSV), BuildID[sha1]=55a2395f1d53ce8effa9ea40ca749ee9eb7a5ded, not stripped
lib/modules/5.10.0-23-arm64/kernel/drivers/media/rc/keymaps/rc-winfast.ko	ELF 64-bit LSB relocatable, ARM aarch64, version 1 (SYSV), BuildID[sha1]=678704902a162079e95b380cdd800431a5ae3df5, not stripped
lib/modules/5.10.0-23-arm64/kernel/drivers/media/rc/keymaps/rc-encore-enltv-fm53.ko	ELF 64-bit LSB relocatable, ARM aarch64, version 1 (SYSV), BuildID[sha1]=f5de4405f4f495e0fd32c607316ae68c31bb6c64, not stripped
lib/modules/5.10.0-23-arm64/kernel/drivers/media/rc/keymaps/rc-purpletv.ko	ELF 64-bit LSB relocatable, ARM aarch64, version 1 (SYSV), BuildID[sha1]=1e25579f07f2860a873d70fc20969b83327edafd, not stripped
lib/modules/5.10.0-23-arm64/kernel/drivers/media/rc/keymaps/rc-it913x-v1.ko	ELF 64-bit LSB relocatable, ARM aarch64, version 1 (SYSV), BuildID[sha1]=a7ca2612e088551bde95d846380a853b13c739d8, not stripped
lib/modules/5.10.0-23-arm64/kernel/drivers/media/rc/keymaps/rc-kworld-315u.ko	ELF 64-bit LSB relocatable, ARM aarch64, version 1 (SYSV), BuildID[sha1]=70a13135982a2b263f87c68d67022595ce344546, not stripped
lib/modules/5.10.0-23-arm64/kernel/drivers/media/rc/keymaps/rc-avermedia-cardbus.ko	ELF 64-bit LSB relocatable, ARM aarch64, version 1 (SYSV), BuildID[sha1]=a6d3870efcc58c597843b422b93bd488978e3273, not stripped
lib/modules/5.10.0-23-arm64/kernel/drivers/media/rc/keymaps/rc-tanix-tx3mini.ko	ELF 64-bit LSB relocatable, ARM aarch64, version 1 (SYSV), BuildID[sha1]=7970f7da0321904a3418cc287599866c9bcab4df, not stripped
lib/modules/5.10.0-23-arm64/kernel/drivers/media/rc/keymaps/rc-zx-irdec.ko	ELF 64-bit LSB relocatable, ARM aarch64, version 1 (SYSV), BuildID[sha1]=57edea762adf14d920bfb08a30f0e64c015c1800, not stripped
lib/modules/5.10.0-23-arm64/kernel/drivers/media/rc/keymaps/rc-tanix-tx5max.ko	ELF 64-bit LSB relocatable, ARM aarch64, version 1 (SYSV), BuildID[sha1]=8f65a2e70ca25aae6dd51f0d0db82a5127eb7591, not stripped
lib/modules/5.10.0-23-arm64/kernel/drivers/media/rc/keymaps/rc-avermedia-m135a.ko	ELF 64-bit LSB relocatable, ARM aarch64, version 1 (SYSV), BuildID[sha1]=0d4f9909d2d370b23bd84f755c88d725bf54bd3a, not stripped
lib/modules/5.10.0-23-arm64/kernel/drivers/media/rc/keymaps/rc-rc6-mce.ko	ELF 64-bit LSB relocatable, ARM aarch64, version 1 (SYSV), BuildID[sha1]=96ccf41588c83f5c664943568ff918bf38cb8024, not stripped
lib/modules/5.10.0-23-arm64/kernel/drivers/media/rc/keymaps/rc-msi-tvanywhere.ko	ELF 64-bit LSB relocatable, ARM aarch64, version 1 (SYSV), BuildID[sha1]=dd48ddc239b47ced9c4e8aa987b144971fe087d1, not stripped
lib/modules/5.10.0-23-arm64/kernel/drivers/media/rc/keymaps/rc-manli.ko	ELF 64-bit LSB relocatable, ARM aarch64, version 1 (SYSV), BuildID[sha1]=0996d9e65b386e39dc296e58e47a80f8dd530ab2, not stripped
lib/modules/5.10.0-23-arm64/kernel/drivers/media/rc/keymaps/rc-encore-enltv.ko	ELF 64-bit LSB relocatable, ARM aarch64, version 1 (SYSV), BuildID[sha1]=3ba567d2380a3caa8d643db1f0a9f2d47ac023de, not stripped
lib/modules/5.10.0-23-arm64/kernel/drivers/media/rc/keymaps/rc-ati-x10.ko	ELF 64-bit LSB relocatable, ARM aarch64, version 1 (SYSV), BuildID[sha1]=82fdc4fa2e1598ceb529c0f67855098c1d610764, not stripped
lib/modules/5.10.0-23-arm64/kernel/drivers/media/rc/keymaps/rc-terratec-cinergy-c-pci.ko	ELF 64-bit LSB relocatable, ARM aarch64, version 1 (SYSV), BuildID[sha1]=facc55b15319eb764f27027cae4f1d2987c5f621, not stripped
lib/modules/5.10.0-23-arm64/kernel/drivers/media/rc/keymaps/rc-videomate-s350.ko	ELF 64-bit LSB relocatable, ARM aarch64, version 1 (SYSV), BuildID[sha1]=f696c3760750b54266fe8d8b7c3a16ef2a718d7e, not stripped
lib/modules/5.10.0-23-arm64/kernel/drivers/media/rc/keymaps/rc-twinhan-dtv-cab-ci.ko	ELF 64-bit LSB relocatable, ARM aarch64, version 1 (SYSV), BuildID[sha1]=e4a9174501714fc8b3e9d40670e2bbe948d8a9f2, not stripped
lib/modules/5.10.0-23-arm64/kernel/drivers/media/rc/keymaps/rc-nec-terratec-cinergy-xs.ko	ELF 64-bit LSB relocatable, ARM aarch64, version 1 (SYSV), BuildID[sha1]=105bd544a0d8a4af58f3379287eb43b41de0277b, not stripped
lib/modules/5.10.0-23-arm64/kernel/drivers/media/rc/keymaps/rc-avertv-303.ko	ELF 64-bit LSB relocatable, ARM aarch64, version 1 (SYSV), BuildID[sha1]=746ffbc00c3faee68055bcaf6f0c74ba133ef6f5, not stripped
lib/modules/5.10.0-23-arm64/kernel/drivers/media/rc/keymaps/rc-tt-1500.ko	ELF 64-bit LSB relocatable, ARM aarch64, version 1 (SYSV), BuildID[sha1]=20e2ede1422f2f53ead581a50bbb400ab0b3935b, not stripped
lib/modules/5.10.0-23-arm64/kernel/drivers/media/rc/keymaps/rc-cinergy-1400.ko	ELF 64-bit LSB relocatable, ARM aarch64, version 1 (SYSV), BuildID[sha1]=3d1f7c790031d163487f22566ed5359b75d5cd8f, not stripped
lib/modules/5.10.0-23-arm64/kernel/drivers/media/rc/ir-sony-decoder.ko	ELF 64-bit LSB relocatable, ARM aarch64, version 1 (SYSV), BuildID[sha1]=8079319bf9fe2ce074bf12dfb5911a789dea6709, not stripped
lib/modules/5.10.0-23-arm64/kernel/drivers/media/usb/siano/smsusb.ko	ELF 64-bit LSB relocatable, ARM aarch64, version 1 (SYSV), BuildID[sha1]=4da88d733988d2408754f028380f0ffc20c8a769, not stripped
lib/modules/5.10.0-23-arm64/kernel/drivers/media/usb/cx231xx/cx231xx-dvb.ko	ELF 64-bit LSB relocatable, ARM aarch64, version 1 (SYSV), BuildID[sha1]=5833e82dbd219cd096dc806cbba48d35c2b39dfa, not stripped
lib/modules/5.10.0-23-arm64/kernel/drivers/media/usb/cx231xx/cx231xx.ko	ELF 64-bit LSB relocatable, ARM aarch64, version 1 (SYSV), BuildID[sha1]=484976cc290053170e255c5f85e494c34cd44a01, not stripped
lib/modules/5.10.0-23-arm64/kernel/drivers/media/usb/cx231xx/cx231xx-alsa.ko	ELF 64-bit LSB relocatable, ARM aarch64, version 1 (SYSV), BuildID[sha1]=95dbd12b7b97d3be0388729f99ed15b62b8289ed, not stripped
lib/modules/5.10.0-23-arm64/kernel/drivers/media/usb/dvb-usb-v2/dvb-usb-dvbsky.ko	ELF 64-bit LSB relocatable, ARM aarch64, version 1 (SYSV), BuildID[sha1]=882ade2bd74cae6bd8ab44d94fa5ed1aadb8a91b, not stripped
lib/modules/5.10.0-23-arm64/kernel/drivers/media/usb/dvb-usb-v2/dvb_usb_v2.ko	ELF 64-bit LSB relocatable, ARM aarch64, version 1 (SYSV), BuildID[sha1]=cbfeeb91ff87241b21819801d0a89874bc98bec3, not stripped
lib/modules/5.10.0-23-arm64/kernel/drivers/media/usb/dvb-usb-v2/zd1301.ko	ELF 64-bit LSB relocatable, ARM aarch64, version 1 (SYSV), BuildID[sha1]=9c20f6208420d1669cb26542f6d6cf2c247ebbc9, not stripped
lib/modules/5.10.0-23-arm64/kernel/drivers/media/usb/dvb-usb-v2/dvb-usb-mxl111sf.ko	ELF 64-bit LSB relocatable, ARM aarch64, version 1 (SYSV), BuildID[sha1]=f9fb45a2045e2e21cc5c909468d7870087ec4018, not stripped
lib/modules/5.10.0-23-arm64/kernel/drivers/media/usb/dvb-usb-v2/dvb-usb-anysee.ko	ELF 64-bit LSB relocatable, ARM aarch64, version 1 (SYSV), BuildID[sha1]=d978744f8545b244ca2513b9f717c689e3d99bda, not stripped
lib/modules/5.10.0-23-arm64/kernel/drivers/media/usb/dvb-usb-v2/dvb-usb-lmedm04.ko	ELF 64-bit LSB relocatable, ARM aarch64, version 1 (SYSV), BuildID[sha1]=b66e2434a062841061024b55b1e916fc5c025def, not stripped
lib/modules/5.10.0-23-arm64/kernel/drivers/media/usb/dvb-usb-v2/dvb-usb-af9015.ko	ELF 64-bit LSB relocatable, ARM aarch64, version 1 (SYSV), BuildID[sha1]=0b731ef220a5d40fb1b4ac190efb9ac994346651, not stripped
lib/modules/5.10.0-23-arm64/kernel/drivers/media/usb/dvb-usb-v2/dvb-usb-az6007.ko	ELF 64-bit LSB relocatable, ARM aarch64, version 1 (SYSV), BuildID[sha1]=c30add2fba3b3d500dc5f5c4648c1a0a0657c5e6, not stripped
lib/modules/5.10.0-23-arm64/kernel/drivers/media/usb/dvb-usb-v2/dvb-usb-gl861.ko	ELF 64-bit LSB relocatable, ARM aarch64, version 1 (SYSV), BuildID[sha1]=4a30235da17a46e5d1943d4725e997716b66d308, not stripped
lib/modules/5.10.0-23-arm64/kernel/drivers/media/usb/dvb-usb-v2/mxl111sf-tuner.ko	ELF 64-bit LSB relocatable, ARM aarch64, version 1 (SYSV), BuildID[sha1]=d2adb34c94b27f5cb27f6b014fc73a69c6eb2f8f, not stripped
lib/modules/5.10.0-23-arm64/kernel/drivers/media/usb/dvb-usb-v2/dvb-usb-ec168.ko	ELF 64-bit LSB relocatable, ARM aarch64, version 1 (SYSV), BuildID[sha1]=ce6a901e4c05b64213745445a5047edc21c77486, not stripped
lib/modules/5.10.0-23-arm64/kernel/drivers/media/usb/dvb-usb-v2/dvb-usb-rtl28xxu.ko	ELF 64-bit LSB relocatable, ARM aarch64, version 1 (SYSV), BuildID[sha1]=382f92271277dcf61a91c70fe224163cc0d6d178, not stripped
lib/modules/5.10.0-23-arm64/kernel/drivers/media/usb/dvb-usb-v2/dvb-usb-au6610.ko	ELF 64-bit LSB relocatable, ARM aarch64, version 1 (SYSV), BuildID[sha1]=425c1a11f406eb8b970060d54239421a26c9d7d0, not stripped
lib/modules/5.10.0-23-arm64/kernel/drivers/media/usb/dvb-usb-v2/dvb-usb-af9035.ko	ELF 64-bit LSB relocatable, ARM aarch64, version 1 (SYSV), BuildID[sha1]=9668040b76ed30b77ad73dc290f2e5cfa85481f5, not stripped
lib/modules/5.10.0-23-arm64/kernel/drivers/media/usb/dvb-usb-v2/dvb-usb-ce6230.ko	ELF 64-bit LSB relocatable, ARM aarch64, version 1 (SYSV), BuildID[sha1]=13953292f4b564bc4ab53930c717c29fa57edde6, not stripped
lib/modules/5.10.0-23-arm64/kernel/drivers/media/usb/dvb-usb-v2/mxl111sf-demod.ko	ELF 64-bit LSB relocatable, ARM aarch64, version 1 (SYSV), BuildID[sha1]=d072ab38791824dfd28ca314fa6db199d84ca8bb, not stripped
lib/modules/5.10.0-23-arm64/kernel/drivers/media/usb/cpia2/cpia2.ko	ELF 64-bit LSB relocatable, ARM aarch64, version 1 (SYSV), BuildID[sha1]=4278f603973a1bf312b89935b90f76317aa0988b, not stripped
lib/modules/5.10.0-23-arm64/kernel/drivers/media/usb/zr364xx/zr364xx.ko	ELF 64-bit LSB relocatable, ARM aarch64, version 1 (SYSV), BuildID[sha1]=36b86587a844bc39acea337666c0d500e3f6819a, not stripped
lib/modules/5.10.0-23-arm64/kernel/drivers/media/usb/hackrf/hackrf.ko	ELF 64-bit LSB relocatable, ARM aarch64, version 1 (SYSV), BuildID[sha1]=e3f6ed2a2865efec6c1612b2a5608d9e716ff47f, not stripped
lib/modules/5.10.0-23-arm64/kernel/drivers/media/usb/ttusb-budget/dvb-ttusb-budget.ko	ELF 64-bit LSB relocatable, ARM aarch64, version 1 (SYSV), BuildID[sha1]=ba99d2a14c34b8074839993a68bb7e3f8bff0f5f, not stripped
lib/modules/5.10.0-23-arm64/kernel/drivers/media/usb/hdpvr/hdpvr.ko	ELF 64-bit LSB relocatable, ARM aarch64, version 1 (SYSV), BuildID[sha1]=cf2193b97ba7a19dd0561b992b214128302a008c, not stripped
lib/modules/5.10.0-23-arm64/kernel/drivers/media/usb/au0828/au0828.ko	ELF 64-bit LSB relocatable, ARM aarch64, version 1 (SYSV), BuildID[sha1]=35af8b014aaca88da0a00a740010de5923e2179f, not stripped
lib/modules/5.10.0-23-arm64/kernel/drivers/media/usb/dvb-usb/dvb-usb-gp8psk.ko	ELF 64-bit LSB relocatable, ARM aarch64, version 1 (SYSV), BuildID[sha1]=d402072e16747cf5933aeba81c4d7eb790f3b18c, not stripped
lib/modules/5.10.0-23-arm64/kernel/drivers/media/usb/dvb-usb/dvb-usb-m920x.ko	ELF 64-bit LSB relocatable, ARM aarch64, version 1 (SYSV), BuildID[sha1]=ec8fef71c2dbab12c4e5e9be7b6c054f3b759203, not stripped
lib/modules/5.10.0-23-arm64/kernel/drivers/media/usb/dvb-usb/dvb-usb-a800.ko	ELF 64-bit LSB relocatable, ARM aarch64, version 1 (SYSV), BuildID[sha1]=f55ea3c075d0940947fb0a6009e02eb40156eefa, not stripped
lib/modules/5.10.0-23-arm64/kernel/drivers/media/usb/dvb-usb/dvb-usb-af9005-remote.ko	ELF 64-bit LSB relocatable, ARM aarch64, version 1 (SYSV), BuildID[sha1]=29a4ddc1d98e75d327e81a1f5ef55f033e8574a4, not stripped
lib/modules/5.10.0-23-arm64/kernel/drivers/media/usb/dvb-usb/dvb-usb.ko	ELF 64-bit LSB relocatable, ARM aarch64, version 1 (SYSV), BuildID[sha1]=363c8905f996a7667e34b22a94c2a1cf80b908a5, not stripped
lib/modules/5.10.0-23-arm64/kernel/drivers/media/usb/dvb-usb/dvb-usb-vp702x.ko	ELF 64-bit LSB relocatable, ARM aarch64, version 1 (SYSV), BuildID[sha1]=638614aebeb43b898b66b07610beb3470deb08c9, not stripped
lib/modules/5.10.0-23-arm64/kernel/drivers/media/usb/dvb-usb/dvb-usb-dibusb-mc-common.ko	ELF 64-bit LSB relocatable, ARM aarch64, version 1 (SYSV), BuildID[sha1]=b9bdedc3b9276da7033023bd6e9bbe8d6650fa6f, not stripped
lib/modules/5.10.0-23-arm64/kernel/drivers/media/usb/dvb-usb/dvb-usb-dib0700.ko	ELF 64-bit LSB relocatable, ARM aarch64, version 1 (SYSV), BuildID[sha1]=fd6e4bc5cf1e936fccc062f95ffeebe07ab51c94, not stripped
lib/modules/5.10.0-23-arm64/kernel/drivers/media/usb/dvb-usb/dvb-usb-dw2102.ko	ELF 64-bit LSB relocatable, ARM aarch64, version 1 (SYSV), BuildID[sha1]=c6743e8cc0e7fdf40c24a8cb8298b9506b8b5005, not stripped
lib/modules/5.10.0-23-arm64/kernel/drivers/media/usb/dvb-usb/dvb-usb-dtt200u.ko	ELF 64-bit LSB relocatable, ARM aarch64, version 1 (SYSV), BuildID[sha1]=d51959386626cf6e5ce53872cd875300bfcd70e5, not stripped
lib/modules/5.10.0-23-arm64/kernel/drivers/media/usb/dvb-usb/dvb-usb-nova-t-usb2.ko	ELF 64-bit LSB relocatable, ARM aarch64, version 1 (SYSV), BuildID[sha1]=c12f42250eac575973e82ca61103851ea7f44bae, not stripped
lib/modules/5.10.0-23-arm64/kernel/drivers/media/usb/dvb-usb/dvb-usb-pctv452e.ko	ELF 64-bit LSB relocatable, ARM aarch64, version 1 (SYSV), BuildID[sha1]=fc67a39e511f122a2c9715d4fbe0ed94b221af89, not stripped
lib/modules/5.10.0-23-arm64/kernel/drivers/media/usb/dvb-usb/dvb-usb-cinergyT2.ko	ELF 64-bit LSB relocatable, ARM aarch64, version 1 (SYSV), BuildID[sha1]=f1ec1d66a7a3bfb0910c8a0da8135a15029c02e4, not stripped
lib/modules/5.10.0-23-arm64/kernel/drivers/media/usb/dvb-usb/dvb-usb-technisat-usb2.ko	ELF 64-bit LSB relocatable, ARM aarch64, version 1 (SYSV), BuildID[sha1]=b34bbadb9d697d86d751ca920878c6755ba51594, not stripped
lib/modules/5.10.0-23-arm64/kernel/drivers/media/usb/dvb-usb/dvb-usb-az6027.ko	ELF 64-bit LSB relocatable, ARM aarch64, version 1 (SYSV), BuildID[sha1]=a4c04882fd84c63afa1cbabdab89da480d5837b0, not stripped
lib/modules/5.10.0-23-arm64/kernel/drivers/media/usb/dvb-usb/dvb-usb-dibusb-mb.ko	ELF 64-bit LSB relocatable, ARM aarch64, version 1 (SYSV), BuildID[sha1]=95a612a9c0a03d668c5675c57d052de8d9e87e93, not stripped
lib/modules/5.10.0-23-arm64/kernel/drivers/media/usb/dvb-usb/dvb-usb-dtv5100.ko	ELF 64-bit LSB relocatable, ARM aarch64, version 1 (SYSV), BuildID[sha1]=07540f40143f710750328f829968393de6d9caf3, not stripped
lib/modules/5.10.0-23-arm64/kernel/drivers/media/usb/dvb-usb/dvb-usb-ttusb2.ko	ELF 64-bit LSB relocatable, ARM aarch64, version 1 (SYSV), BuildID[sha1]=0d98aa0ffdd70c95916ddfe58945be718c222d47, not stripped
lib/modules/5.10.0-23-arm64/kernel/drivers/media/usb/dvb-usb/dvb-usb-cxusb.ko	ELF 64-bit LSB relocatable, ARM aarch64, version 1 (SYSV), BuildID[sha1]=605006a093a7d0f4d304836fa809733db91c0ad0, not stripped
lib/modules/5.10.0-23-arm64/kernel/drivers/media/usb/dvb-usb/dvb-usb-umt-010.ko	ELF 64-bit LSB relocatable, ARM aarch64, version 1 (SYSV), BuildID[sha1]=6277861234101b0e6174d43aae192472ad727e2d, not stripped
lib/modules/5.10.0-23-arm64/kernel/drivers/media/usb/dvb-usb/dvb-usb-digitv.ko	ELF 64-bit LSB relocatable, ARM aarch64, version 1 (SYSV), BuildID[sha1]=155b52af392176b6494b317f202fdf24c343351e, not stripped
lib/modules/5.10.0-23-arm64/kernel/drivers/media/usb/dvb-usb/dvb-usb-dibusb-mc.ko	ELF 64-bit LSB relocatable, ARM aarch64, version 1 (SYSV), BuildID[sha1]=05de2f85e54845abfd58f4deb1cff08e5ac65ab7, not stripped
lib/modules/5.10.0-23-arm64/kernel/drivers/media/usb/dvb-usb/dvb-usb-vp7045.ko	ELF 64-bit LSB relocatable, ARM aarch64, version 1 (SYSV), BuildID[sha1]=827a1cb803fc8ee17aa28815404cced701780193, not stripped
lib/modules/5.10.0-23-arm64/kernel/drivers/media/usb/dvb-usb/dvb-usb-af9005.ko	ELF 64-bit LSB relocatable, ARM aarch64, version 1 (SYSV), BuildID[sha1]=cf4364b3c0a56ec5e5a172c00b3b80dbacad2da1, not stripped
lib/modules/5.10.0-23-arm64/kernel/drivers/media/usb/dvb-usb/dvb-usb-opera.ko	ELF 64-bit LSB relocatable, ARM aarch64, version 1 (SYSV), BuildID[sha1]=d4165611bcd0d807a7de634d8c2f0554520d9c71, not stripped
lib/modules/5.10.0-23-arm64/kernel/drivers/media/usb/dvb-usb/dvb-usb-dibusb-common.ko	ELF 64-bit LSB relocatable, ARM aarch64, version 1 (SYSV), BuildID[sha1]=689ebfebe4539b64fef6acebf3417b8bd82993ee, not stripped
lib/modules/5.10.0-23-arm64/kernel/drivers/media/usb/as102/dvb-as102.ko	ELF 64-bit LSB relocatable, ARM aarch64, version 1 (SYSV), BuildID[sha1]=cc55a15ae95e2401b3c3ed2e669a6769cb5c21f2, not stripped
lib/modules/5.10.0-23-arm64/kernel/drivers/media/usb/usbtv/usbtv.ko	ELF 64-bit LSB relocatable, ARM aarch64, version 1 (SYSV), BuildID[sha1]=d21f88218e75c81358aa9d718aaba6e41c375ba7, not stripped
lib/modules/5.10.0-23-arm64/kernel/drivers/media/usb/s2255/s2255drv.ko	ELF 64-bit LSB relocatable, ARM aarch64, version 1 (SYSV), BuildID[sha1]=68ae7c2b34d4c7d7534b8a4528e679ac68a2aa5b, not stripped
lib/modules/5.10.0-23-arm64/kernel/drivers/media/usb/gspca/gspca_finepix.ko	ELF 64-bit LSB relocatable, ARM aarch64, version 1 (SYSV), BuildID[sha1]=5aa761b1cd6a64086a19e348018278bafb7bd52b, not stripped
lib/modules/5.10.0-23-arm64/kernel/drivers/media/usb/gspca/stv06xx/gspca_stv06xx.ko	ELF 64-bit LSB relocatable, ARM aarch64, version 1 (SYSV), BuildID[sha1]=1fa48e579ea762ce730b04942e92552d3e533b9f, not stripped
lib/modules/5.10.0-23-arm64/kernel/drivers/media/usb/gspca/gspca_pac7302.ko	ELF 64-bit LSB relocatable, ARM aarch64, version 1 (SYSV), BuildID[sha1]=0377de57c50747530b2ba180de6ce1055a604d75, not stripped
lib/modules/5.10.0-23-arm64/kernel/drivers/media/usb/gspca/gspca_sn9c2028.ko	ELF 64-bit LSB relocatable, ARM aarch64, version 1 (SYSV), BuildID[sha1]=50b457b04f1da4a10c5b26bf3c86788e86b890ef, not stripped
lib/modules/5.10.0-23-arm64/kernel/drivers/media/usb/gspca/gspca_sq905.ko	ELF 64-bit LSB relocatable, ARM aarch64, version 1 (SYSV), BuildID[sha1]=1b84f24ff96259e6a109b9b17c7d2ad8d1b4561b, not stripped
lib/modules/5.10.0-23-arm64/kernel/drivers/media/usb/gspca/gspca_sonixb.ko	ELF 64-bit LSB relocatable, ARM aarch64, version 1 (SYSV), BuildID[sha1]=296e156a99ec1450582c8705057b1ac9e08c375f, not stripped
lib/modules/5.10.0-23-arm64/kernel/drivers/media/usb/gspca/gspca_topro.ko	ELF 64-bit LSB relocatable, ARM aarch64, version 1 (SYSV), BuildID[sha1]=9f060996e0c6b586990da9473c14ec959113a7af, not stripped
lib/modules/5.10.0-23-arm64/kernel/drivers/media/usb/gspca/gspca_stk1135.ko	ELF 64-bit LSB relocatable, ARM aarch64, version 1 (SYSV), BuildID[sha1]=5b938338bee54c85888e724725c3185a1acfc05d, not stripped
lib/modules/5.10.0-23-arm64/kernel/drivers/media/usb/gspca/gspca_dtcs033.ko	ELF 64-bit LSB relocatable, ARM aarch64, version 1 (SYSV), BuildID[sha1]=18fdde4490b3891d4c32a70bbe7e8ed020059e8a, not stripped
lib/modules/5.10.0-23-arm64/kernel/drivers/media/usb/gspca/gspca_main.ko	ELF 64-bit LSB relocatable, ARM aarch64, version 1 (SYSV), BuildID[sha1]=4af9336b8e6f06f22f1067779f34e2b42884c361, not stripped
lib/modules/5.10.0-23-arm64/kernel/drivers/media/usb/gspca/gspca_konica.ko	ELF 64-bit LSB relocatable, ARM aarch64, version 1 (SYSV), BuildID[sha1]=009169e0f87843ab480de49fa21d0d9ac45ff062, not stripped
lib/modules/5.10.0-23-arm64/kernel/drivers/media/usb/gspca/gspca_pac7311.ko	ELF 64-bit LSB relocatable, ARM aarch64, version 1 (SYSV), BuildID[sha1]=4100b4b2ed7dc7a597904ac5b6fffac2078b7f1c, not stripped
lib/modules/5.10.0-23-arm64/kernel/drivers/media/usb/gspca/gspca_ov534.ko	ELF 64-bit LSB relocatable, ARM aarch64, version 1 (SYSV), BuildID[sha1]=9f984cc6d3aa36ccc6842901670ec318e2b3a2af, not stripped
lib/modules/5.10.0-23-arm64/kernel/drivers/media/usb/gspca/gspca_ov534_9.ko	ELF 64-bit LSB relocatable, ARM aarch64, version 1 (SYSV), BuildID[sha1]=9f011aa36f6febeadfac8003fb20290999faae40, not stripped
lib/modules/5.10.0-23-arm64/kernel/drivers/media/usb/gspca/gspca_stv0680.ko	ELF 64-bit LSB relocatable, ARM aarch64, version 1 (SYSV), BuildID[sha1]=9630a3b3b45624ae34517e14b8ea21f13eb15b31, not stripped
lib/modules/5.10.0-23-arm64/kernel/drivers/media/usb/gspca/gspca_jeilinj.ko	ELF 64-bit LSB relocatable, ARM aarch64, version 1 (SYSV), BuildID[sha1]=904f187e7b715c5ed4b910d74822064a30f13305, not stripped
lib/modules/5.10.0-23-arm64/kernel/drivers/media/usb/gspca/gspca_kinect.ko	ELF 64-bit LSB relocatable, ARM aarch64, version 1 (SYSV), BuildID[sha1]=73ced456a9be7d9d734e4d6359f67be5f71433ee, not stripped
lib/modules/5.10.0-23-arm64/kernel/drivers/media/usb/gspca/gspca_benq.ko	ELF 64-bit LSB relocatable, ARM aarch64, version 1 (SYSV), BuildID[sha1]=ccdbb3ab51d81ae7bbaeb0863c7b7450496da758, not stripped
lib/modules/5.10.0-23-arm64/kernel/drivers/media/usb/gspca/gspca_pac207.ko	ELF 64-bit LSB relocatable, ARM aarch64, version 1 (SYSV), BuildID[sha1]=bf0e3ba49cb467d709c13620688e0f65c2c96c38, not stripped
lib/modules/5.10.0-23-arm64/kernel/drivers/media/usb/gspca/gspca_stk014.ko	ELF 64-bit LSB relocatable, ARM aarch64, version 1 (SYSV), BuildID[sha1]=051fa0eeacbb4c8a8a436c8d11044fcf5660cf68, not stripped
lib/modules/5.10.0-23-arm64/kernel/drivers/media/usb/gspca/gspca_sonixj.ko	ELF 64-bit LSB relocatable, ARM aarch64, version 1 (SYSV), BuildID[sha1]=eb7f490db0b21489b78210dbed319431824fc4c4, not stripped
lib/modules/5.10.0-23-arm64/kernel/drivers/media/usb/gspca/gspca_spca1528.ko	ELF 64-bit LSB relocatable, ARM aarch64, version 1 (SYSV), BuildID[sha1]=feda889c800aebe3c022b60d6361b3a72db5dd5b, not stripped
lib/modules/5.10.0-23-arm64/kernel/drivers/media/usb/gspca/gspca_vc032x.ko	ELF 64-bit LSB relocatable, ARM aarch64, version 1 (SYSV), BuildID[sha1]=912118b65389d1ab5457645a6cb21fc9d27cc68b, not stripped
lib/modules/5.10.0-23-arm64/kernel/drivers/media/usb/gspca/gspca_sq930x.ko	ELF 64-bit LSB relocatable, ARM aarch64, version 1 (SYSV), BuildID[sha1]=e9be98a07f06e1e4544e077bc1a7c09d170090ec, not stripped
lib/modules/5.10.0-23-arm64/kernel/drivers/media/usb/gspca/gspca_touptek.ko	ELF 64-bit LSB relocatable, ARM aarch64, version 1 (SYSV), BuildID[sha1]=69c355b565829f196f1aaa3a91e1e71d4152620a, not stripped
lib/modules/5.10.0-23-arm64/kernel/drivers/media/usb/gspca/gspca_xirlink_cit.ko	ELF 64-bit LSB relocatable, ARM aarch64, version 1 (SYSV), BuildID[sha1]=6322c5ff0c71f189d485a916304488f6e2fe1264, not stripped
lib/modules/5.10.0-23-arm64/kernel/drivers/media/usb/gspca/gl860/gspca_gl860.ko	ELF 64-bit LSB relocatable, ARM aarch64, version 1 (SYSV), BuildID[sha1]=becf68f350fab2fba1979ee5e9b5c696f7eced77, not stripped
lib/modules/5.10.0-23-arm64/kernel/drivers/media/usb/gspca/gspca_ov519.ko	ELF 64-bit LSB relocatable, ARM aarch64, version 1 (SYSV), BuildID[sha1]=3fee5645cb5d37edd036324185757dd2db9e2d4a, not stripped
lib/modules/5.10.0-23-arm64/kernel/drivers/media/usb/gspca/gspca_cpia1.ko	ELF 64-bit LSB relocatable, ARM aarch64, version 1 (SYSV), BuildID[sha1]=957be6cdf51d895d962310e977c9785a2158d7f1, not stripped
lib/modules/5.10.0-23-arm64/kernel/drivers/media/usb/gspca/gspca_sq905c.ko	ELF 64-bit LSB relocatable, ARM aarch64, version 1 (SYSV), BuildID[sha1]=1c327925d1577d68838d0c132228f336baf8d969, not stripped
lib/modules/5.10.0-23-arm64/kernel/drivers/media/usb/gspca/m5602/gspca_m5602.ko	ELF 64-bit LSB relocatable, ARM aarch64, version 1 (SYSV), BuildID[sha1]=345dcc93ea44b0ae0ca0301b4bad554258ff43cd, not stripped
lib/modules/5.10.0-23-arm64/kernel/drivers/media/usb/gspca/gspca_nw80x.ko	ELF 64-bit LSB relocatable, ARM aarch64, version 1 (SYSV), BuildID[sha1]=d3570abcdd50432d9a5a1f4d8930198b74330e71, not stripped
lib/modules/5.10.0-23-arm64/kernel/drivers/media/usb/gspca/gspca_spca500.ko	ELF 64-bit LSB relocatable, ARM aarch64, version 1 (SYSV), BuildID[sha1]=8fa9c64c1603943c99c183e6ac1fb15886bdd7fe, not stripped
lib/modules/5.10.0-23-arm64/kernel/drivers/media/usb/gspca/gspca_t613.ko	ELF 64-bit LSB relocatable, ARM aarch64, version 1 (SYSV), BuildID[sha1]=17db748a78ed3890ed1a12f2dc75bfc7c7ea41fd, not stripped
lib/modules/5.10.0-23-arm64/kernel/drivers/media/usb/gspca/gspca_sn9c20x.ko	ELF 64-bit LSB relocatable, ARM aarch64, version 1 (SYSV), BuildID[sha1]=e6c0c1f7b9e6b93ab81f12a52f7cebc36bb757b0, not stripped
lib/modules/5.10.0-23-arm64/kernel/drivers/media/usb/gspca/gspca_se401.ko	ELF 64-bit LSB relocatable, ARM aarch64, version 1 (SYSV), BuildID[sha1]=7d07c22bb4e994aecb0fcf6341c1f05a3970ab9c, not stripped
lib/modules/5.10.0-23-arm64/kernel/drivers/media/usb/gspca/gspca_zc3xx.ko	ELF 64-bit LSB relocatable, ARM aarch64, version 1 (SYSV), BuildID[sha1]=33850cda2263430c1b1f56646c33138157ad5437, not stripped
lib/modules/5.10.0-23-arm64/kernel/drivers/media/usb/gspca/gspca_vicam.ko	ELF 64-bit LSB relocatable, ARM aarch64, version 1 (SYSV), BuildID[sha1]=d61ca85c28b34bf7a73b1757c2a7767123b9c0bd, not stripped
lib/modules/5.10.0-23-arm64/kernel/drivers/media/usb/gspca/gspca_mars.ko	ELF 64-bit LSB relocatable, ARM aarch64, version 1 (SYSV), BuildID[sha1]=e294d834b4d6d7fd059de2cb2dc4ca86d0b1cce0, not stripped
lib/modules/5.10.0-23-arm64/kernel/drivers/media/usb/gspca/gspca_spca506.ko	ELF 64-bit LSB relocatable, ARM aarch64, version 1 (SYSV), BuildID[sha1]=fd3202fadc2435e9553576b78f1f2b28db906fe3, not stripped
lib/modules/5.10.0-23-arm64/kernel/drivers/media/usb/gspca/gspca_spca508.ko	ELF 64-bit LSB relocatable, ARM aarch64, version 1 (SYSV), BuildID[sha1]=288a7122b3581c30fca9896902ede0c33ea440ca, not stripped
lib/modules/5.10.0-23-arm64/kernel/drivers/media/usb/gspca/gspca_spca501.ko	ELF 64-bit LSB relocatable, ARM aarch64, version 1 (SYSV), BuildID[sha1]=e44491e29f97c384b543cd82915f3430ea3994d7, not stripped
lib/modules/5.10.0-23-arm64/kernel/drivers/media/usb/gspca/gspca_etoms.ko	ELF 64-bit LSB relocatable, ARM aarch64, version 1 (SYSV), BuildID[sha1]=c3c020a01b6f52710e5a24096690f4b546dbdbf1, not stripped
lib/modules/5.10.0-23-arm64/kernel/drivers/media/usb/gspca/gspca_mr97310a.ko	ELF 64-bit LSB relocatable, ARM aarch64, version 1 (SYSV), BuildID[sha1]=69f4ab159569deea4bb9bff6cb577852101aabe3, not stripped
lib/modules/5.10.0-23-arm64/kernel/drivers/media/usb/gspca/gspca_jl2005bcd.ko	ELF 64-bit LSB relocatable, ARM aarch64, version 1 (SYSV), BuildID[sha1]=9afa408e72561fbd9b04d4fe72165444d84dc7a2, not stripped
lib/modules/5.10.0-23-arm64/kernel/drivers/media/usb/gspca/gspca_conex.ko	ELF 64-bit LSB relocatable, ARM aarch64, version 1 (SYSV), BuildID[sha1]=477f6d0f35a5c1607198f5e32372029f02151274, not stripped
lib/modules/5.10.0-23-arm64/kernel/drivers/media/usb/gspca/gspca_spca561.ko	ELF 64-bit LSB relocatable, ARM aarch64, version 1 (SYSV), BuildID[sha1]=12185aff19ecf95277a3da348510f91825e4561d, not stripped
lib/modules/5.10.0-23-arm64/kernel/drivers/media/usb/gspca/gspca_sunplus.ko	ELF 64-bit LSB relocatable, ARM aarch64, version 1 (SYSV), BuildID[sha1]=8d70795fd2b47731a09749bc4d4645ce6cbcbd7c, not stripped
lib/modules/5.10.0-23-arm64/kernel/drivers/media/usb/gspca/gspca_spca505.ko	ELF 64-bit LSB relocatable, ARM aarch64, version 1 (SYSV), BuildID[sha1]=dcd8d04c0a0f7c1634c17a328dea085a7fe33ade, not stripped
lib/modules/5.10.0-23-arm64/kernel/drivers/media/usb/gspca/gspca_tv8532.ko	ELF 64-bit LSB relocatable, ARM aarch64, version 1 (SYSV), BuildID[sha1]=f54960f42da9bf15eee838753e3d7b6935e09d44, not stripped
lib/modules/5.10.0-23-arm64/kernel/drivers/media/usb/stk1160/stk1160.ko	ELF 64-bit LSB relocatable, ARM aarch64, version 1 (SYSV), BuildID[sha1]=60e074852245c29015d32c52ad75f3d860bc5715, not stripped
lib/modules/5.10.0-23-arm64/kernel/drivers/media/usb/uvc/uvcvideo.ko	ELF 64-bit LSB relocatable, ARM aarch64, version 1 (SYSV), BuildID[sha1]=133cf4fe3cbdf2af1d88271d5a02a418f957d722, not stripped
lib/modules/5.10.0-23-arm64/kernel/drivers/media/usb/airspy/airspy.ko	ELF 64-bit LSB relocatable, ARM aarch64, version 1 (SYSV), BuildID[sha1]=4bd3c10f4c1a962edbde1a1dd664a31553747a93, not stripped
lib/modules/5.10.0-23-arm64/kernel/drivers/media/usb/b2c2/b2c2-flexcop-usb.ko	ELF 64-bit LSB relocatable, ARM aarch64, version 1 (SYSV), BuildID[sha1]=a924e289734dad036b22e8868647488ad7c514ad, not stripped
lib/modules/5.10.0-23-arm64/kernel/drivers/media/usb/msi2500/msi2500.ko	ELF 64-bit LSB relocatable, ARM aarch64, version 1 (SYSV), BuildID[sha1]=5ed506a6f46032ec3c4557f8c45fee1f27008cdf, not stripped
lib/modules/5.10.0-23-arm64/kernel/drivers/media/usb/pwc/pwc.ko	ELF 64-bit LSB relocatable, ARM aarch64, version 1 (SYSV), BuildID[sha1]=0649ddf6180897f937254aa9f2d0a581e419fb24, not stripped
lib/modules/5.10.0-23-arm64/kernel/drivers/media/usb/ttusb-dec/ttusb_dec.ko	ELF 64-bit LSB relocatable, ARM aarch64, version 1 (SYSV), BuildID[sha1]=a4209ba1741acbc12dba28fe37eeb6f573e8ad13, not stripped
lib/modules/5.10.0-23-arm64/kernel/drivers/media/usb/ttusb-dec/ttusbdecfe.ko	ELF 64-bit LSB relocatable, ARM aarch64, version 1 (SYSV), BuildID[sha1]=94f07754b547278454a4a38fa5f639bf240ecfcd, not stripped
lib/modules/5.10.0-23-arm64/kernel/drivers/media/usb/pvrusb2/pvrusb2.ko	ELF 64-bit LSB relocatable, ARM aarch64, version 1 (SYSV), BuildID[sha1]=74c3af8a1c60706df619ca5d93d6bb5d287d0ff1, not stripped
lib/modules/5.10.0-23-arm64/kernel/drivers/media/usb/go7007/go7007.ko	ELF 64-bit LSB relocatable, ARM aarch64, version 1 (SYSV), BuildID[sha1]=ceda9fa13a3424d5d74eb82acb9cfb5ef389eba4, not stripped
lib/modules/5.10.0-23-arm64/kernel/drivers/media/usb/go7007/go7007-loader.ko	ELF 64-bit LSB relocatable, ARM aarch64, version 1 (SYSV), BuildID[sha1]=c818b537f5becd856f8b5f18e8fe66299bdf05a1, not stripped
lib/modules/5.10.0-23-arm64/kernel/drivers/media/usb/go7007/go7007-usb.ko	ELF 64-bit LSB relocatable, ARM aarch64, version 1 (SYSV), BuildID[sha1]=2bd58f1274d90667de154802b5ee76393d92e9d2, not stripped
lib/modules/5.10.0-23-arm64/kernel/drivers/media/usb/go7007/s2250.ko	ELF 64-bit LSB relocatable, ARM aarch64, version 1 (SYSV), BuildID[sha1]=4d337fc338cd12aefd3d54978254679a53df84cb, not stripped
lib/modules/5.10.0-23-arm64/kernel/drivers/media/usb/em28xx/em28xx-v4l.ko	ELF 64-bit LSB relocatable, ARM aarch64, version 1 (SYSV), BuildID[sha1]=ffbe107c9c579f0700d6c0ead728beb90ee8fc2d, not stripped
lib/modules/5.10.0-23-arm64/kernel/drivers/media/usb/em28xx/em28xx-alsa.ko	ELF 64-bit LSB relocatable, ARM aarch64, version 1 (SYSV), BuildID[sha1]=686cc8e74fdc4e6e9b342f63960efa4e28529183, not stripped
lib/modules/5.10.0-23-arm64/kernel/drivers/media/usb/em28xx/em28xx.ko	ELF 64-bit LSB relocatable, ARM aarch64, version 1 (SYSV), BuildID[sha1]=7e3795557f7d2ed83ec67a82d009efa84ec6ded4, not stripped
lib/modules/5.10.0-23-arm64/kernel/drivers/media/usb/em28xx/em28xx-dvb.ko	ELF 64-bit LSB relocatable, ARM aarch64, version 1 (SYSV), BuildID[sha1]=13b7735af080172423a09ec42efb7e7b211a2b93, not stripped
lib/modules/5.10.0-23-arm64/kernel/drivers/media/usb/em28xx/em28xx-rc.ko	ELF 64-bit LSB relocatable, ARM aarch64, version 1 (SYSV), BuildID[sha1]=d5361bfed61d988c5e361485c116c212c98d7df3, not stripped
lib/modules/5.10.0-23-arm64/kernel/drivers/media/usb/stkwebcam/stkwebcam.ko	ELF 64-bit LSB relocatable, ARM aarch64, version 1 (SYSV), BuildID[sha1]=c523517cfcf54e480445a3aa31d1060d2f673569, not stripped
lib/modules/5.10.0-23-arm64/kernel/drivers/media/mmc/siano/smssdio.ko	ELF 64-bit LSB relocatable, ARM aarch64, version 1 (SYSV), BuildID[sha1]=4e4a3430ea92cffe7c43565fe49ca73c1bfe523b, not stripped
lib/modules/5.10.0-23-arm64/kernel/drivers/media/dvb-frontends/s5h1420.ko	ELF 64-bit LSB relocatable, ARM aarch64, version 1 (SYSV), BuildID[sha1]=287d8d9bc298bf55af67fe877b4b7d456e7bcde7, not stripped
lib/modules/5.10.0-23-arm64/kernel/drivers/media/dvb-frontends/atbm8830.ko	ELF 64-bit LSB relocatable, ARM aarch64, version 1 (SYSV), BuildID[sha1]=6752c02726702d2dfde2401e1eb14bcfca424f53, not stripped
lib/modules/5.10.0-23-arm64/kernel/drivers/media/dvb-frontends/nxt200x.ko	ELF 64-bit LSB relocatable, ARM aarch64, version 1 (SYSV), BuildID[sha1]=bdd54ed8c2f06823068cbc162d989e0e7eb9370d, not stripped
lib/modules/5.10.0-23-arm64/kernel/drivers/media/dvb-frontends/au8522_common.ko	ELF 64-bit LSB relocatable, ARM aarch64, version 1 (SYSV), BuildID[sha1]=73f81178e8b94ff07ad271cf7219ac702c4b6861, not stripped
lib/modules/5.10.0-23-arm64/kernel/drivers/media/dvb-frontends/mt312.ko	ELF 64-bit LSB relocatable, ARM aarch64, version 1 (SYSV), BuildID[sha1]=0d14b4084ca7036edcf863e424dccdb306b4032c, not stripped
lib/modules/5.10.0-23-arm64/kernel/drivers/media/dvb-frontends/tda10021.ko	ELF 64-bit LSB relocatable, ARM aarch64, version 1 (SYSV), BuildID[sha1]=a9c29216c3b13ae021adf82f1d978b8bc8368d85, not stripped
lib/modules/5.10.0-23-arm64/kernel/drivers/media/dvb-frontends/lnbh25.ko	ELF 64-bit LSB relocatable, ARM aarch64, version 1 (SYSV), BuildID[sha1]=2fe15de7af7332bc63e60ad22f9242bda400a107, not stripped
lib/modules/5.10.0-23-arm64/kernel/drivers/media/dvb-frontends/gp8psk-fe.ko	ELF 64-bit LSB relocatable, ARM aarch64, version 1 (SYSV), BuildID[sha1]=a08273fcfba4a829135a5c0249d0076bda98e7d9, not stripped
lib/modules/5.10.0-23-arm64/kernel/drivers/media/dvb-frontends/ec100.ko	ELF 64-bit LSB relocatable, ARM aarch64, version 1 (SYSV), BuildID[sha1]=70b7a61a72a8dde2b83dbf1def8fb73136e051f3, not stripped
lib/modules/5.10.0-23-arm64/kernel/drivers/media/dvb-frontends/or51132.ko	ELF 64-bit LSB relocatable, ARM aarch64, version 1 (SYSV), BuildID[sha1]=675ae659d82e7d19a1b76192c3fa7afa6731e1f1, not stripped
lib/modules/5.10.0-23-arm64/kernel/drivers/media/dvb-frontends/ds3000.ko	ELF 64-bit LSB relocatable, ARM aarch64, version 1 (SYSV), BuildID[sha1]=06b90b50221f0c0585bb6f5b33ae2d558b380a3b, not stripped
lib/modules/5.10.0-23-arm64/kernel/drivers/media/dvb-frontends/dib7000m.ko	ELF 64-bit LSB relocatable, ARM aarch64, version 1 (SYSV), BuildID[sha1]=7c96e6757aa216705ad8aa8c8be873df1e814cbd, not stripped
lib/modules/5.10.0-23-arm64/kernel/drivers/media/dvb-frontends/tda826x.ko	ELF 64-bit LSB relocatable, ARM aarch64, version 1 (SYSV), BuildID[sha1]=754bf2f81898a3356015ff7c441d3acd6dcdb1f5, not stripped
lib/modules/5.10.0-23-arm64/kernel/drivers/media/dvb-frontends/mt352.ko	ELF 64-bit LSB relocatable, ARM aarch64, version 1 (SYSV), BuildID[sha1]=2a1f8e70a5c3c185105b4e8176604b45487fc14d, not stripped
lib/modules/5.10.0-23-arm64/kernel/drivers/media/dvb-frontends/s5h1411.ko	ELF 64-bit LSB relocatable, ARM aarch64, version 1 (SYSV), BuildID[sha1]=c643e08bc96d84d88c6c494889e13cee2d0e230c, not stripped
lib/modules/5.10.0-23-arm64/kernel/drivers/media/dvb-frontends/tda8261.ko	ELF 64-bit LSB relocatable, ARM aarch64, version 1 (SYSV), BuildID[sha1]=721fdeddef36c33bfbcbb6cbae71e771a322e0bf, not stripped
lib/modules/5.10.0-23-arm64/kernel/drivers/media/dvb-frontends/dib3000mb.ko	ELF 64-bit LSB relocatable, ARM aarch64, version 1 (SYSV), BuildID[sha1]=2e6b935b143b52589f06b6644dea13792d030aab, not stripped
lib/modules/5.10.0-23-arm64/kernel/drivers/media/dvb-frontends/stv0297.ko	ELF 64-bit LSB relocatable, ARM aarch64, version 1 (SYSV), BuildID[sha1]=ae0329d60e138abf8d67ac4107872a4f188bb595, not stripped
lib/modules/5.10.0-23-arm64/kernel/drivers/media/dvb-frontends/cxd2841er.ko	ELF 64-bit LSB relocatable, ARM aarch64, version 1 (SYSV), BuildID[sha1]=99c5780467f8d4303c49926f5e4aba2d53cada6d, not stripped
lib/modules/5.10.0-23-arm64/kernel/drivers/media/dvb-frontends/zd1301_demod.ko	ELF 64-bit LSB relocatable, ARM aarch64, version 1 (SYSV), BuildID[sha1]=d7b1bba8b84fd3e01c00da4a85882e7b37f91efb, not stripped
lib/modules/5.10.0-23-arm64/kernel/drivers/media/dvb-frontends/dib0090.ko	ELF 64-bit LSB relocatable, ARM aarch64, version 1 (SYSV), BuildID[sha1]=7f3b803f94cdfa2956a16bef266f7920a0788e0f, not stripped
lib/modules/5.10.0-23-arm64/kernel/drivers/media/dvb-frontends/tda18271c2dd.ko	ELF 64-bit LSB relocatable, ARM aarch64, version 1 (SYSV), BuildID[sha1]=c650e3f59c7cf0d7c56e923e0c0e56b57e21f058, not stripped
lib/modules/5.10.0-23-arm64/kernel/drivers/media/dvb-frontends/lgdt3305.ko	ELF 64-bit LSB relocatable, ARM aarch64, version 1 (SYSV), BuildID[sha1]=7162515db43e7a0384b75cc02551d87223630a1e, not stripped
lib/modules/5.10.0-23-arm64/kernel/drivers/media/dvb-frontends/stv6110.ko	ELF 64-bit LSB relocatable, ARM aarch64, version 1 (SYSV), BuildID[sha1]=d47673b987fba3f3cb33088a175e45955845d6ee, not stripped
lib/modules/5.10.0-23-arm64/kernel/drivers/media/dvb-frontends/dib7000p.ko	ELF 64-bit LSB relocatable, ARM aarch64, version 1 (SYSV), BuildID[sha1]=83027f01991de25c6a5148b961dcbaa5d6d49a1b, not stripped
lib/modules/5.10.0-23-arm64/kernel/drivers/media/dvb-frontends/a8293.ko	ELF 64-bit LSB relocatable, ARM aarch64, version 1 (SYSV), BuildID[sha1]=e4cef30e4872a9bfeb1f8acbd305cc3f1f6d0b56, not stripped
lib/modules/5.10.0-23-arm64/kernel/drivers/media/dvb-frontends/af9013.ko	ELF 64-bit LSB relocatable, ARM aarch64, version 1 (SYSV), BuildID[sha1]=7ac943f029e35a49a3a7464f2910b4c14c31e417, not stripped
lib/modules/5.10.0-23-arm64/kernel/drivers/media/dvb-frontends/lnbp21.ko	ELF 64-bit LSB relocatable, ARM aarch64, version 1 (SYSV), BuildID[sha1]=ad472f39056beca0a89830f5e2aa6ecfa050e1d0, not stripped
lib/modules/5.10.0-23-arm64/kernel/drivers/media/dvb-frontends/si2165.ko	ELF 64-bit LSB relocatable, ARM aarch64, version 1 (SYSV), BuildID[sha1]=642b8f0c8b4b766534c0788e757620945608af57, not stripped
lib/modules/5.10.0-23-arm64/kernel/drivers/media/dvb-frontends/cx24116.ko	ELF 64-bit LSB relocatable, ARM aarch64, version 1 (SYSV), BuildID[sha1]=342e432f10a0a9865ad42e5e68d74e9597d93575, not stripped
lib/modules/5.10.0-23-arm64/kernel/drivers/media/dvb-frontends/stv0910.ko	ELF 64-bit LSB relocatable, ARM aarch64, version 1 (SYSV), BuildID[sha1]=69b85a4f65f7aaad431b9bc641ad5b1cd3cf8e07, not stripped
lib/modules/5.10.0-23-arm64/kernel/drivers/media/dvb-frontends/stb6000.ko	ELF 64-bit LSB relocatable, ARM aarch64, version 1 (SYSV), BuildID[sha1]=a1186ece404fde87262cc29ed9c68629ddffd06c, not stripped
lib/modules/5.10.0-23-arm64/kernel/drivers/media/dvb-frontends/lgs8gxx.ko	ELF 64-bit LSB relocatable, ARM aarch64, version 1 (SYSV), BuildID[sha1]=85df36f1529c4b9303d8f712078b8f5afed31cf6, not stripped
lib/modules/5.10.0-23-arm64/kernel/drivers/media/dvb-frontends/cx22700.ko	ELF 64-bit LSB relocatable, ARM aarch64, version 1 (SYSV), BuildID[sha1]=ead31d5a954f2428d3521468ae2529c7f970d4f2, not stripped
lib/modules/5.10.0-23-arm64/kernel/drivers/media/dvb-frontends/dvb-pll.ko	ELF 64-bit LSB relocatable, ARM aarch64, version 1 (SYSV), BuildID[sha1]=c4c84dd539507a35653c6a77ecd6ea6d886cc1e6, not stripped
lib/modules/5.10.0-23-arm64/kernel/drivers/media/dvb-frontends/rtl2830.ko	ELF 64-bit LSB relocatable, ARM aarch64, version 1 (SYSV), BuildID[sha1]=028214fb462695e591ac30767a40a4c64079e55b, not stripped
lib/modules/5.10.0-23-arm64/kernel/drivers/media/dvb-frontends/rtl2832.ko	ELF 64-bit LSB relocatable, ARM aarch64, version 1 (SYSV), BuildID[sha1]=454c9c579b84a161cf8f3dd7a2e07e0c590678d8, not stripped
lib/modules/5.10.0-23-arm64/kernel/drivers/media/dvb-frontends/stb6100.ko	ELF 64-bit LSB relocatable, ARM aarch64, version 1 (SYSV), BuildID[sha1]=6308037b0a7be78141f5b2fbda8c663e09b4085b, not stripped
lib/modules/5.10.0-23-arm64/kernel/drivers/media/dvb-frontends/helene.ko	ELF 64-bit LSB relocatable, ARM aarch64, version 1 (SYSV), BuildID[sha1]=94ba1a960419f532c603e6559f29c556ba804477, not stripped
lib/modules/5.10.0-23-arm64/kernel/drivers/media/dvb-frontends/mb86a16.ko	ELF 64-bit LSB relocatable, ARM aarch64, version 1 (SYSV), BuildID[sha1]=2ec7cb99160acd84306dbe4e30de8b324f54b6c8, not stripped
lib/modules/5.10.0-23-arm64/kernel/drivers/media/dvb-frontends/zl10036.ko	ELF 64-bit LSB relocatable, ARM aarch64, version 1 (SYSV), BuildID[sha1]=0e0f4cede121a7ef10a8b4a884b766b20fd5f300, not stripped
lib/modules/5.10.0-23-arm64/kernel/drivers/media/dvb-frontends/ves1820.ko	ELF 64-bit LSB relocatable, ARM aarch64, version 1 (SYSV), BuildID[sha1]=6c44909306681f45f4c36b425a7251df867f155f, not stripped
lib/modules/5.10.0-23-arm64/kernel/drivers/media/dvb-frontends/drxk.ko	ELF 64-bit LSB relocatable, ARM aarch64, version 1 (SYSV), BuildID[sha1]=8ad4a2c12179653e5baf263d9aa27115253b64bc, not stripped
lib/modules/5.10.0-23-arm64/kernel/drivers/media/dvb-frontends/stv0299.ko	ELF 64-bit LSB relocatable, ARM aarch64, version 1 (SYSV), BuildID[sha1]=e03ebfc25caa6e33823d3c52b4521d3e6dd878ee, not stripped
lib/modules/5.10.0-23-arm64/kernel/drivers/media/dvb-frontends/s921.ko	ELF 64-bit LSB relocatable, ARM aarch64, version 1 (SYSV), BuildID[sha1]=79d79102a6131c155fcceb3f091995508c5dc388, not stripped
lib/modules/5.10.0-23-arm64/kernel/drivers/media/dvb-frontends/mn88473.ko	ELF 64-bit LSB relocatable, ARM aarch64, version 1 (SYSV), BuildID[sha1]=0a991ced43095774fe81795610200134fcebaf23, not stripped
lib/modules/5.10.0-23-arm64/kernel/drivers/media/dvb-frontends/dib3000mc.ko	ELF 64-bit LSB relocatable, ARM aarch64, version 1 (SYSV), BuildID[sha1]=fa8f65bf1a5c99486690faf38a024d224151f277, not stripped
lib/modules/5.10.0-23-arm64/kernel/drivers/media/dvb-frontends/ts2020.ko	ELF 64-bit LSB relocatable, ARM aarch64, version 1 (SYSV), BuildID[sha1]=0e3ae3344583ee69af1f5c37d37f42574d5772f2, not stripped
lib/modules/5.10.0-23-arm64/kernel/drivers/media/dvb-frontends/mxl5xx.ko	ELF 64-bit LSB relocatable, ARM aarch64, version 1 (SYSV), BuildID[sha1]=fb3815f2c032f81642bf856b9486438577d06733, not stripped
lib/modules/5.10.0-23-arm64/kernel/drivers/media/dvb-frontends/dib0070.ko	ELF 64-bit LSB relocatable, ARM aarch64, version 1 (SYSV), BuildID[sha1]=c84e9c9291237fd2ceea30a3ab15383fcd333245, not stripped
lib/modules/5.10.0-23-arm64/kernel/drivers/media/dvb-frontends/sp2.ko	ELF 64-bit LSB relocatable, ARM aarch64, version 1 (SYSV), BuildID[sha1]=b278199eb654c48dadb97190ad065a77c890b3ff, not stripped
lib/modules/5.10.0-23-arm64/kernel/drivers/media/dvb-frontends/stv0367.ko	ELF 64-bit LSB relocatable, ARM aarch64, version 1 (SYSV), BuildID[sha1]=282a42c029477e9a9c51a5b09458c12da9256c98, not stripped
lib/modules/5.10.0-23-arm64/kernel/drivers/media/dvb-frontends/mb86a20s.ko	ELF 64-bit LSB relocatable, ARM aarch64, version 1 (SYSV), BuildID[sha1]=7fc44f7e602ebd2c76b0b20cf0a54f3459d94919, not stripped
lib/modules/5.10.0-23-arm64/kernel/drivers/media/dvb-frontends/or51211.ko	ELF 64-bit LSB relocatable, ARM aarch64, version 1 (SYSV), BuildID[sha1]=78429c9b89b84f76db237d3fb699e62966809227, not stripped
lib/modules/5.10.0-23-arm64/kernel/drivers/media/dvb-frontends/au8522_decoder.ko	ELF 64-bit LSB relocatable, ARM aarch64, version 1 (SYSV), BuildID[sha1]=3e6231ceff4939aadaac3439a02dce39f04276a8, not stripped
lib/modules/5.10.0-23-arm64/kernel/drivers/media/dvb-frontends/tda10086.ko	ELF 64-bit LSB relocatable, ARM aarch64, version 1 (SYSV), BuildID[sha1]=a7e70350cfc88bb54d18969badf1e56bd2395905, not stripped
lib/modules/5.10.0-23-arm64/kernel/drivers/media/dvb-frontends/cx24113.ko	ELF 64-bit LSB relocatable, ARM aarch64, version 1 (SYSV), BuildID[sha1]=1c479b3b9185468fb1f03fdc50c9baa7b945a9bb, not stripped
lib/modules/5.10.0-23-arm64/kernel/drivers/media/dvb-frontends/tda10023.ko	ELF 64-bit LSB relocatable, ARM aarch64, version 1 (SYSV), BuildID[sha1]=332d9a655f2aa9d03a54f9f98b3458af0be64656, not stripped
lib/modules/5.10.0-23-arm64/kernel/drivers/media/dvb-frontends/l64781.ko	ELF 64-bit LSB relocatable, ARM aarch64, version 1 (SYSV), BuildID[sha1]=672d25ffe1870b5cb97471a8b6ac57df677bc71c, not stripped
lib/modules/5.10.0-23-arm64/kernel/drivers/media/dvb-frontends/si2168.ko	ELF 64-bit LSB relocatable, ARM aarch64, version 1 (SYSV), BuildID[sha1]=6a46bd029e99332a5bdcf1a5fb7ccac58e704233, not stripped
lib/modules/5.10.0-23-arm64/kernel/drivers/media/dvb-frontends/dibx000_common.ko	ELF 64-bit LSB relocatable, ARM aarch64, version 1 (SYSV), BuildID[sha1]=954a6dd86d22449a2bcaee2171dabb09211d6a54, not stripped
lib/modules/5.10.0-23-arm64/kernel/drivers/media/dvb-frontends/stv0288.ko	ELF 64-bit LSB relocatable, ARM aarch64, version 1 (SYSV), BuildID[sha1]=9d96592b3be15fb88640623f7d31cebdc1350ba3, not stripped
lib/modules/5.10.0-23-arm64/kernel/drivers/media/dvb-frontends/nxt6000.ko	ELF 64-bit LSB relocatable, ARM aarch64, version 1 (SYSV), BuildID[sha1]=982b2defa7066e56b39875da1f5168a60c1cb7af, not stripped
lib/modules/5.10.0-23-arm64/kernel/drivers/media/dvb-frontends/m88ds3103.ko	ELF 64-bit LSB relocatable, ARM aarch64, version 1 (SYSV), BuildID[sha1]=086a310539f921527b2ee9e993070f13638c32fa, not stripped
lib/modules/5.10.0-23-arm64/kernel/drivers/media/dvb-frontends/isl6405.ko	ELF 64-bit LSB relocatable, ARM aarch64, version 1 (SYSV), BuildID[sha1]=a654f2bb161aa7a702c3778ffb0946de27587498, not stripped
lib/modules/5.10.0-23-arm64/kernel/drivers/media/dvb-frontends/sp8870.ko	ELF 64-bit LSB relocatable, ARM aarch64, version 1 (SYSV), BuildID[sha1]=640be70895d2fa304b80bf38b38fbd012304529f, not stripped
lib/modules/5.10.0-23-arm64/kernel/drivers/media/dvb-frontends/lnbp22.ko	ELF 64-bit LSB relocatable, ARM aarch64, version 1 (SYSV), BuildID[sha1]=761e775b71ef8c2427c220d82c65020f43a6c3d9, not stripped
lib/modules/5.10.0-23-arm64/kernel/drivers/media/dvb-frontends/tua6100.ko	ELF 64-bit LSB relocatable, ARM aarch64, version 1 (SYSV), BuildID[sha1]=36ae854ae743075e857e51a857490854ee823ef7, not stripped
lib/modules/5.10.0-23-arm64/kernel/drivers/media/dvb-frontends/drx39xyj/drx39xyj.ko	ELF 64-bit LSB relocatable, ARM aarch64, version 1 (SYSV), BuildID[sha1]=e6aca6dde72cd6a8c15ae940ad67c0bcba4caa77, not stripped
lib/modules/5.10.0-23-arm64/kernel/drivers/media/dvb-frontends/s5h1409.ko	ELF 64-bit LSB relocatable, ARM aarch64, version 1 (SYSV), BuildID[sha1]=f7c5a376f11b728da0cef070263113d7ee38399d, not stripped
lib/modules/5.10.0-23-arm64/kernel/drivers/media/dvb-frontends/cx24123.ko	ELF 64-bit LSB relocatable, ARM aarch64, version 1 (SYSV), BuildID[sha1]=e695311d51b3960cdda471f6bc8a2f615e84afce, not stripped
lib/modules/5.10.0-23-arm64/kernel/drivers/media/dvb-frontends/stv6110x.ko	ELF 64-bit LSB relocatable, ARM aarch64, version 1 (SYSV), BuildID[sha1]=d795c62f382baf144277b4f34a45f250496538ee, not stripped
lib/modules/5.10.0-23-arm64/kernel/drivers/media/dvb-frontends/m88rs2000.ko	ELF 64-bit LSB relocatable, ARM aarch64, version 1 (SYSV), BuildID[sha1]=26a8d2c0a510d44b1aacd81ddec00c7ab79938bb, not stripped
lib/modules/5.10.0-23-arm64/kernel/drivers/media/dvb-frontends/tda665x.ko	ELF 64-bit LSB relocatable, ARM aarch64, version 1 (SYSV), BuildID[sha1]=5d18f8a582f1cdc279ebbb916117efd1719a9eff, not stripped
lib/modules/5.10.0-23-arm64/kernel/drivers/media/dvb-frontends/cxd2099.ko	ELF 64-bit LSB relocatable, ARM aarch64, version 1 (SYSV), BuildID[sha1]=b265bcc98ae26b7dec93e3a149e2157176a31fa3, not stripped
lib/modules/5.10.0-23-arm64/kernel/drivers/media/dvb-frontends/au8522_dig.ko	ELF 64-bit LSB relocatable, ARM aarch64, version 1 (SYSV), BuildID[sha1]=9167f298d0509f2ec4adf997645dd0e2954c24cf, not stripped
lib/modules/5.10.0-23-arm64/kernel/drivers/media/dvb-frontends/tc90522.ko	ELF 64-bit LSB relocatable, ARM aarch64, version 1 (SYSV), BuildID[sha1]=5e11045623c11bdcc6c6e2a06ad4a5a75191665c, not stripped
lib/modules/5.10.0-23-arm64/kernel/drivers/media/dvb-frontends/bcm3510.ko	ELF 64-bit LSB relocatable, ARM aarch64, version 1 (SYSV), BuildID[sha1]=c2632aee70bccd2a6868daee808385d88323004a, not stripped
lib/modules/5.10.0-23-arm64/kernel/drivers/media/dvb-frontends/isl6421.ko	ELF 64-bit LSB relocatable, ARM aarch64, version 1 (SYSV), BuildID[sha1]=4ce82071f4ebe92b4681b1d9251d376ac0c031ad, not stripped
lib/modules/5.10.0-23-arm64/kernel/drivers/media/dvb-frontends/lgdt330x.ko	ELF 64-bit LSB relocatable, ARM aarch64, version 1 (SYSV), BuildID[sha1]=76dc496bf8d229f4311beb3ba08d0d3c74227af0, not stripped
lib/modules/5.10.0-23-arm64/kernel/drivers/media/dvb-frontends/cx24120.ko	ELF 64-bit LSB relocatable, ARM aarch64, version 1 (SYSV), BuildID[sha1]=5a8382fb7e76564a3680cb5479c4174ff46e3223, not stripped
lib/modules/5.10.0-23-arm64/kernel/drivers/media/dvb-frontends/cxd2820r.ko	ELF 64-bit LSB relocatable, ARM aarch64, version 1 (SYSV), BuildID[sha1]=2d913b109f002816cc0764c8ef2762ce75fcfd7e, not stripped
lib/modules/5.10.0-23-arm64/kernel/drivers/media/dvb-frontends/zl10353.ko	ELF 64-bit LSB relocatable, ARM aarch64, version 1 (SYSV), BuildID[sha1]=9c407b7dde5b6da188ada09c72ad36fba3ff8768, not stripped
lib/modules/5.10.0-23-arm64/kernel/drivers/media/dvb-frontends/drxd.ko	ELF 64-bit LSB relocatable, ARM aarch64, version 1 (SYSV), BuildID[sha1]=8e0d8f682301d5373ff4edd5322b04ecf61f839e, not stripped
lib/modules/5.10.0-23-arm64/kernel/drivers/media/dvb-frontends/mn88472.ko	ELF 64-bit LSB relocatable, ARM aarch64, version 1 (SYSV), BuildID[sha1]=c1bdf20a5934924ab6de8c2fcaad2b0467ccffbf, not stripped
lib/modules/5.10.0-23-arm64/kernel/drivers/media/dvb-frontends/cx22702.ko	ELF 64-bit LSB relocatable, ARM aarch64, version 1 (SYSV), BuildID[sha1]=2c93b46beb6e15845a433169cab71a1b941febac, not stripped
lib/modules/5.10.0-23-arm64/kernel/drivers/media/dvb-frontends/cx24110.ko	ELF 64-bit LSB relocatable, ARM aarch64, version 1 (SYSV), BuildID[sha1]=f47c8e2faf166638acd29cf178c18fab9857ef1f, not stripped
lib/modules/5.10.0-23-arm64/kernel/drivers/media/dvb-frontends/tda10048.ko	ELF 64-bit LSB relocatable, ARM aarch64, version 1 (SYSV), BuildID[sha1]=b691b05a8cd7bdc5d53c6598fbf73855293dd460, not stripped
lib/modules/5.10.0-23-arm64/kernel/drivers/media/dvb-frontends/ves1x93.ko	ELF 64-bit LSB relocatable, ARM aarch64, version 1 (SYSV), BuildID[sha1]=7c07e14d9024836543f6cd782e90039c76cc064c, not stripped
lib/modules/5.10.0-23-arm64/kernel/drivers/media/dvb-frontends/stb0899.ko	ELF 64-bit LSB relocatable, ARM aarch64, version 1 (SYSV), BuildID[sha1]=0b328c09acf5b03c5e72644ea10c3a70f6455fe2, not stripped
lib/modules/5.10.0-23-arm64/kernel/drivers/media/dvb-frontends/tda1004x.ko	ELF 64-bit LSB relocatable, ARM aarch64, version 1 (SYSV), BuildID[sha1]=d404ab0b8343b42f532680e606a7695649b6cefd, not stripped
lib/modules/5.10.0-23-arm64/kernel/drivers/media/dvb-frontends/ix2505v.ko	ELF 64-bit LSB relocatable, ARM aarch64, version 1 (SYSV), BuildID[sha1]=b955cf12a72cb2849d8e8d85f9c8b0d70870f152, not stripped
lib/modules/5.10.0-23-arm64/kernel/drivers/media/dvb-frontends/rtl2832_sdr.ko	ELF 64-bit LSB relocatable, ARM aarch64, version 1 (SYSV), BuildID[sha1]=98684261f018c505a5e95d9b58e8df2f97b54555, not stripped
lib/modules/5.10.0-23-arm64/kernel/drivers/media/dvb-frontends/lg2160.ko	ELF 64-bit LSB relocatable, ARM aarch64, version 1 (SYSV), BuildID[sha1]=102fcb95b23d0184663ae32a4a0cf40d9139e3bc, not stripped
lib/modules/5.10.0-23-arm64/kernel/drivers/media/dvb-frontends/isl6423.ko	ELF 64-bit LSB relocatable, ARM aarch64, version 1 (SYSV), BuildID[sha1]=26301c1650ae346059bd2a9f33937442f67dd562, not stripped
lib/modules/5.10.0-23-arm64/kernel/drivers/media/dvb-frontends/af9033.ko	ELF 64-bit LSB relocatable, ARM aarch64, version 1 (SYSV), BuildID[sha1]=582fd0885210c9e01dcadcda051b8b3ba2c2683a, not stripped
lib/modules/5.10.0-23-arm64/kernel/drivers/media/dvb-frontends/tda8083.ko	ELF 64-bit LSB relocatable, ARM aarch64, version 1 (SYSV), BuildID[sha1]=3352c41e904bd6bc6844ef42f0c48f5b18751e60, not stripped
lib/modules/5.10.0-23-arm64/kernel/drivers/media/dvb-frontends/itd1000.ko	ELF 64-bit LSB relocatable, ARM aarch64, version 1 (SYSV), BuildID[sha1]=8ce1f17ef6033a2f9a1d3fa312e3c6d05caf109d, not stripped
lib/modules/5.10.0-23-arm64/kernel/drivers/media/dvb-frontends/stv0900.ko	ELF 64-bit LSB relocatable, ARM aarch64, version 1 (SYSV), BuildID[sha1]=ef6d9df5615848b139084f1e1cd1517004592a03, not stripped
lib/modules/5.10.0-23-arm64/kernel/drivers/media/dvb-frontends/sp887x.ko	ELF 64-bit LSB relocatable, ARM aarch64, version 1 (SYSV), BuildID[sha1]=62341148e7955b6b079c714176cc2b4c6a5fbb93, not stripped
lib/modules/5.10.0-23-arm64/kernel/drivers/media/dvb-frontends/lgdt3306a.ko	ELF 64-bit LSB relocatable, ARM aarch64, version 1 (SYSV), BuildID[sha1]=9ae84353e1c41eb916b098485d2e9bcb6400f009, not stripped
lib/modules/5.10.0-23-arm64/kernel/drivers/media/dvb-frontends/stv090x.ko	ELF 64-bit LSB relocatable, ARM aarch64, version 1 (SYSV), BuildID[sha1]=356044809ab41528bc5f873085e5c29e2890187f, not stripped
lib/modules/5.10.0-23-arm64/kernel/drivers/media/dvb-frontends/cx24117.ko	ELF 64-bit LSB relocatable, ARM aarch64, version 1 (SYSV), BuildID[sha1]=92122555a206314e316ef6c31c93e5c8da8a5af7, not stripped
lib/modules/5.10.0-23-arm64/kernel/drivers/media/dvb-frontends/si21xx.ko	ELF 64-bit LSB relocatable, ARM aarch64, version 1 (SYSV), BuildID[sha1]=dace0446a346e6643ccda84fc7942572039b6fbd, not stripped
lib/modules/5.10.0-23-arm64/kernel/drivers/media/dvb-frontends/dib8000.ko	ELF 64-bit LSB relocatable, ARM aarch64, version 1 (SYSV), BuildID[sha1]=79bf78b8ba8e24ae3572bdb814cb274038b22d66, not stripped
lib/modules/5.10.0-23-arm64/kernel/drivers/media/dvb-frontends/ascot2e.ko	ELF 64-bit LSB relocatable, ARM aarch64, version 1 (SYSV), BuildID[sha1]=2f947552be4d998ff294330ba3f7a253fce17f34, not stripped
lib/modules/5.10.0-23-arm64/kernel/drivers/media/dvb-frontends/as102_fe.ko	ELF 64-bit LSB relocatable, ARM aarch64, version 1 (SYSV), BuildID[sha1]=0404975f12f5f857fafcec9a410643be9cc97970, not stripped
lib/modules/5.10.0-23-arm64/kernel/drivers/media/dvb-frontends/dvb_dummy_fe.ko	ELF 64-bit LSB relocatable, ARM aarch64, version 1 (SYSV), BuildID[sha1]=9173762b9797a8fe8d1fc9c569679d2f2b050321, not stripped
lib/modules/5.10.0-23-arm64/kernel/drivers/media/dvb-frontends/horus3a.ko	ELF 64-bit LSB relocatable, ARM aarch64, version 1 (SYSV), BuildID[sha1]=ef44070959420b2ae78578e2a48d72f48e909db1, not stripped
lib/modules/5.10.0-23-arm64/kernel/drivers/media/dvb-frontends/zl10039.ko	ELF 64-bit LSB relocatable, ARM aarch64, version 1 (SYSV), BuildID[sha1]=b103585de44d88d8796f21d8826a9db9499bef60, not stripped
lib/modules/5.10.0-23-arm64/kernel/drivers/media/dvb-frontends/stv6111.ko	ELF 64-bit LSB relocatable, ARM aarch64, version 1 (SYSV), BuildID[sha1]=09ffb5ba40c924054a9723ecf9ddfc5303a4a29e, not stripped
lib/modules/5.10.0-23-arm64/kernel/drivers/media/dvb-frontends/tda10071.ko	ELF 64-bit LSB relocatable, ARM aarch64, version 1 (SYSV), BuildID[sha1]=b905e96f58ed3ed1c0073bc92cd62375da5fe7e4, not stripped
lib/modules/5.10.0-23-arm64/kernel/drivers/media/v4l2-core/videobuf-core.ko	ELF 64-bit LSB relocatable, ARM aarch64, version 1 (SYSV), BuildID[sha1]=6dee4abf7dacd6ed3de21c2d7c29b6ac11be570d, not stripped
lib/modules/5.10.0-23-arm64/kernel/drivers/media/v4l2-core/tuner.ko	ELF 64-bit LSB relocatable, ARM aarch64, version 1 (SYSV), BuildID[sha1]=3ee103e450c1760819320ed7f037feb448c96eda, not stripped
lib/modules/5.10.0-23-arm64/kernel/drivers/media/v4l2-core/videobuf-vmalloc.ko	ELF 64-bit LSB relocatable, ARM aarch64, version 1 (SYSV), BuildID[sha1]=9c6c566c958439995aa5ef976cfa4135417b9653, not stripped
lib/modules/5.10.0-23-arm64/kernel/drivers/media/v4l2-core/v4l2-dv-timings.ko	ELF 64-bit LSB relocatable, ARM aarch64, version 1 (SYSV), BuildID[sha1]=99716e3e228c31c0028a80e8112b4e392c9f9fd0, not stripped
lib/modules/5.10.0-23-arm64/kernel/drivers/media/v4l2-core/v4l2-mem2mem.ko	ELF 64-bit LSB relocatable, ARM aarch64, version 1 (SYSV), BuildID[sha1]=3ac44ec80bc3861aeb3107bf9427f212a4626ad7, not stripped
lib/modules/5.10.0-23-arm64/kernel/drivers/media/v4l2-core/v4l2-fwnode.ko	ELF 64-bit LSB relocatable, ARM aarch64, version 1 (SYSV), BuildID[sha1]=dab51ec75cfb244faae0b5f48908f5a86ce9d16c, not stripped
lib/modules/5.10.0-23-arm64/kernel/drivers/media/v4l2-core/videobuf-dma-sg.ko	ELF 64-bit LSB relocatable, ARM aarch64, version 1 (SYSV), BuildID[sha1]=8099dc935f6dc601cac6f2e4125324ce4fe3c4ce, not stripped
lib/modules/5.10.0-23-arm64/kernel/drivers/media/v4l2-core/videodev.ko	ELF 64-bit LSB relocatable, ARM aarch64, version 1 (SYSV), BuildID[sha1]=42f53ae7b3c0904bcedaef3b920c5755f9ce34ca, not stripped
lib/modules/5.10.0-23-arm64/kernel/drivers/media/i2c/tw2804.ko	ELF 64-bit LSB relocatable, ARM aarch64, version 1 (SYSV), BuildID[sha1]=7c5d5f710aaf1030579a2ed6a6f75ee52cdc09b3, not stripped
lib/modules/5.10.0-23-arm64/kernel/drivers/media/i2c/saa717x.ko	ELF 64-bit LSB relocatable, ARM aarch64, version 1 (SYSV), BuildID[sha1]=e467d060e1d3aec4a5c4678665be7d8371679488, not stripped
lib/modules/5.10.0-23-arm64/kernel/drivers/media/i2c/mt9v011.ko	ELF 64-bit LSB relocatable, ARM aarch64, version 1 (SYSV), BuildID[sha1]=0427c3ec5196246f67209bd27931f696448811a4, not stripped
lib/modules/5.10.0-23-arm64/kernel/drivers/media/i2c/upd64031a.ko	ELF 64-bit LSB relocatable, ARM aarch64, version 1 (SYSV), BuildID[sha1]=60852e14fd433db2e61960b7ed934fb298147898, not stripped
lib/modules/5.10.0-23-arm64/kernel/drivers/media/i2c/sony-btf-mpx.ko	ELF 64-bit LSB relocatable, ARM aarch64, version 1 (SYSV), BuildID[sha1]=66797054faf2d549719a02f5dc62976ff5943699, not stripped
lib/modules/5.10.0-23-arm64/kernel/drivers/media/i2c/saa7110.ko	ELF 64-bit LSB relocatable, ARM aarch64, version 1 (SYSV), BuildID[sha1]=9bb5b76847a798033c2c617c96ac5c150cc65e68, not stripped
lib/modules/5.10.0-23-arm64/kernel/drivers/media/i2c/tlv320aic23b.ko	ELF 64-bit LSB relocatable, ARM aarch64, version 1 (SYSV), BuildID[sha1]=b45a3381304b26e87325ea6a200d94e2dcc1b84b, not stripped
lib/modules/5.10.0-23-arm64/kernel/drivers/media/i2c/uda1342.ko	ELF 64-bit LSB relocatable, ARM aarch64, version 1 (SYSV), BuildID[sha1]=e37f39a06cc4acac77d27ba97b70280f97884b2b, not stripped
lib/modules/5.10.0-23-arm64/kernel/drivers/media/i2c/cx25840/cx25840.ko	ELF 64-bit LSB relocatable, ARM aarch64, version 1 (SYSV), BuildID[sha1]=07f9fbd6631456f03c89d8d5578e97c5d4ab251f, not stripped
lib/modules/5.10.0-23-arm64/kernel/drivers/media/i2c/tda7432.ko	ELF 64-bit LSB relocatable, ARM aarch64, version 1 (SYSV), BuildID[sha1]=73a13c589c367991520300e9918311e8b8627229, not stripped
lib/modules/5.10.0-23-arm64/kernel/drivers/media/i2c/saa7115.ko	ELF 64-bit LSB relocatable, ARM aarch64, version 1 (SYSV), BuildID[sha1]=51246b4db9968f1d09c3066552190711b1b4d1e3, not stripped
lib/modules/5.10.0-23-arm64/kernel/drivers/media/i2c/saa7127.ko	ELF 64-bit LSB relocatable, ARM aarch64, version 1 (SYSV), BuildID[sha1]=5c43cbbaa33d91a841321293ef7a080ceba74078, not stripped
lib/modules/5.10.0-23-arm64/kernel/drivers/media/i2c/tea6415c.ko	ELF 64-bit LSB relocatable, ARM aarch64, version 1 (SYSV), BuildID[sha1]=a7ae07f20055915bd05a1682acb0791176fa3892, not stripped
lib/modules/5.10.0-23-arm64/kernel/drivers/media/i2c/tvaudio.ko	ELF 64-bit LSB relocatable, ARM aarch64, version 1 (SYSV), BuildID[sha1]=dabe4c21d0bc6130b13924c46e5b062fca1b513f, not stripped
lib/modules/5.10.0-23-arm64/kernel/drivers/media/i2c/noon010pc30.ko	ELF 64-bit LSB relocatable, ARM aarch64, version 1 (SYSV), BuildID[sha1]=1f292f82f85d874521d1849be7d991a8bb414634, not stripped
lib/modules/5.10.0-23-arm64/kernel/drivers/media/i2c/ov7670.ko	ELF 64-bit LSB relocatable, ARM aarch64, version 1 (SYSV), BuildID[sha1]=bd0a83dd5e6b81f1baa6f9861280760dfd83e537, not stripped
lib/modules/5.10.0-23-arm64/kernel/drivers/media/i2c/ov2640.ko	ELF 64-bit LSB relocatable, ARM aarch64, version 1 (SYSV), BuildID[sha1]=36ab1f62094013374f98cfbaf51a6542dad08363, not stripped
lib/modules/5.10.0-23-arm64/kernel/drivers/media/i2c/cs3308.ko	ELF 64-bit LSB relocatable, ARM aarch64, version 1 (SYSV), BuildID[sha1]=1637fc874989d0d682c8fe89785b13d23ec56f16, not stripped
lib/modules/5.10.0-23-arm64/kernel/drivers/media/i2c/cs53l32a.ko	ELF 64-bit LSB relocatable, ARM aarch64, version 1 (SYSV), BuildID[sha1]=729e80ed2e63e338bbe98378c51e9c1230890627, not stripped
lib/modules/5.10.0-23-arm64/kernel/drivers/media/i2c/tw9903.ko	ELF 64-bit LSB relocatable, ARM aarch64, version 1 (SYSV), BuildID[sha1]=a29fe1c9aa9af8ea9548741733ef76c6ac52e9e1, not stripped
lib/modules/5.10.0-23-arm64/kernel/drivers/media/i2c/msp3400.ko	ELF 64-bit LSB relocatable, ARM aarch64, version 1 (SYSV), BuildID[sha1]=bebc8cd69f5abd726130e19b688fb5c4956dcbea, not stripped
lib/modules/5.10.0-23-arm64/kernel/drivers/media/i2c/cs5345.ko	ELF 64-bit LSB relocatable, ARM aarch64, version 1 (SYSV), BuildID[sha1]=2b48444049b1515390bd152c8c31771da652a599, not stripped
lib/modules/5.10.0-23-arm64/kernel/drivers/media/i2c/sr030pc30.ko	ELF 64-bit LSB relocatable, ARM aarch64, version 1 (SYSV), BuildID[sha1]=1ec27f06afba642d3b00dbaf7807d140171d6586, not stripped
lib/modules/5.10.0-23-arm64/kernel/drivers/media/i2c/saa6752hs.ko	ELF 64-bit LSB relocatable, ARM aarch64, version 1 (SYSV), BuildID[sha1]=ead22e6e2b1001ab22bf26ebb3a915174374bded, not stripped
lib/modules/5.10.0-23-arm64/kernel/drivers/media/i2c/bt856.ko	ELF 64-bit LSB relocatable, ARM aarch64, version 1 (SYSV), BuildID[sha1]=57799b42d42aca5a021de882cc3174d58da0e783, not stripped
lib/modules/5.10.0-23-arm64/kernel/drivers/media/i2c/ir-kbd-i2c.ko	ELF 64-bit LSB relocatable, ARM aarch64, version 1 (SYSV), BuildID[sha1]=def2c4e617c0b750f0a88090a5ad72465b331b67, not stripped
lib/modules/5.10.0-23-arm64/kernel/drivers/media/i2c/wm8775.ko	ELF 64-bit LSB relocatable, ARM aarch64, version 1 (SYSV), BuildID[sha1]=5f56b2351b429958f429aa7333d5f44a55631058, not stripped
lib/modules/5.10.0-23-arm64/kernel/drivers/media/i2c/tea6420.ko	ELF 64-bit LSB relocatable, ARM aarch64, version 1 (SYSV), BuildID[sha1]=6a2d8b86fbbf4f031988152059a9cbb12793f3bb, not stripped
lib/modules/5.10.0-23-arm64/kernel/drivers/media/i2c/adv7175.ko	ELF 64-bit LSB relocatable, ARM aarch64, version 1 (SYSV), BuildID[sha1]=1b0ea2a17d964336c428902016e730e42be06d18, not stripped
lib/modules/5.10.0-23-arm64/kernel/drivers/media/i2c/wm8739.ko	ELF 64-bit LSB relocatable, ARM aarch64, version 1 (SYSV), BuildID[sha1]=fb8716ff783bea37181487a14901a519162e97d2, not stripped
lib/modules/5.10.0-23-arm64/kernel/drivers/media/i2c/m52790.ko	ELF 64-bit LSB relocatable, ARM aarch64, version 1 (SYSV), BuildID[sha1]=acaf1908ef099cdb8cfa725adf9910872aa218a7, not stripped
lib/modules/5.10.0-23-arm64/kernel/drivers/media/i2c/upd64083.ko	ELF 64-bit LSB relocatable, ARM aarch64, version 1 (SYSV), BuildID[sha1]=3c06fe926724a64514791c6a96e56c9dc07eaa54, not stripped
lib/modules/5.10.0-23-arm64/kernel/drivers/media/i2c/ov7640.ko	ELF 64-bit LSB relocatable, ARM aarch64, version 1 (SYSV), BuildID[sha1]=272738dc83b051b49d64987593fc379c033fbe4b, not stripped
lib/modules/5.10.0-23-arm64/kernel/drivers/media/i2c/saa7185.ko	ELF 64-bit LSB relocatable, ARM aarch64, version 1 (SYSV), BuildID[sha1]=c31fd7db51389e052b26e4f0540d95dc46780a29, not stripped
lib/modules/5.10.0-23-arm64/kernel/drivers/media/i2c/tda9840.ko	ELF 64-bit LSB relocatable, ARM aarch64, version 1 (SYSV), BuildID[sha1]=efc327f1b952d197cdc7493694f4a6eb2e26d05d, not stripped
lib/modules/5.10.0-23-arm64/kernel/drivers/media/i2c/tvp5150.ko	ELF 64-bit LSB relocatable, ARM aarch64, version 1 (SYSV), BuildID[sha1]=35b04ffd92cf68e17e2a03425713f6b388ec297e, not stripped
lib/modules/5.10.0-23-arm64/kernel/drivers/media/i2c/saa6588.ko	ELF 64-bit LSB relocatable, ARM aarch64, version 1 (SYSV), BuildID[sha1]=90a5c861997c05caa1a77c29dae9a9c521e68dd5, not stripped
lib/modules/5.10.0-23-arm64/kernel/drivers/media/i2c/tw9906.ko	ELF 64-bit LSB relocatable, ARM aarch64, version 1 (SYSV), BuildID[sha1]=1ea0b09fcd679cca7fd7efbb96bc77151b6ac1b6, not stripped
lib/modules/5.10.0-23-arm64/kernel/drivers/media/i2c/vp27smpx.ko	ELF 64-bit LSB relocatable, ARM aarch64, version 1 (SYSV), BuildID[sha1]=cc49af343df7ff49ce29608630fd3560c5f46b68, not stripped
lib/modules/5.10.0-23-arm64/kernel/drivers/media/i2c/vpx3220.ko	ELF 64-bit LSB relocatable, ARM aarch64, version 1 (SYSV), BuildID[sha1]=8fec4d2408ce0307a6a5be5223eecd19a65ab5c4, not stripped
lib/modules/5.10.0-23-arm64/kernel/drivers/media/i2c/adv7170.ko	ELF 64-bit LSB relocatable, ARM aarch64, version 1 (SYSV), BuildID[sha1]=0e219cfb45b7b14285194f1e7352dd7366f3af9d, not stripped
lib/modules/5.10.0-23-arm64/kernel/drivers/media/i2c/bt819.ko	ELF 64-bit LSB relocatable, ARM aarch64, version 1 (SYSV), BuildID[sha1]=ec7b81a7c2878e1154dd1fdec556e1790eb6c106, not stripped
lib/modules/5.10.0-23-arm64/kernel/drivers/media/i2c/ks0127.ko	ELF 64-bit LSB relocatable, ARM aarch64, version 1 (SYSV), BuildID[sha1]=c5bb5f92f64752a95798456c06f704968c5cc4a2, not stripped
lib/modules/5.10.0-23-arm64/kernel/drivers/media/common/siano/smsdvb.ko	ELF 64-bit LSB relocatable, ARM aarch64, version 1 (SYSV), BuildID[sha1]=9b4013527e86f916cbc0fdfec3c7c1a2515816d4, not stripped
lib/modules/5.10.0-23-arm64/kernel/drivers/media/common/siano/smsmdtv.ko	ELF 64-bit LSB relocatable, ARM aarch64, version 1 (SYSV), BuildID[sha1]=4b655392684b90f30f7630143698bd41333f314f, not stripped
lib/modules/5.10.0-23-arm64/kernel/drivers/media/common/saa7146/saa7146.ko	ELF 64-bit LSB relocatable, ARM aarch64, version 1 (SYSV), BuildID[sha1]=97ac9ad0ae1b36878697aa0f879526292351130d, not stripped
lib/modules/5.10.0-23-arm64/kernel/drivers/media/common/saa7146/saa7146_vv.ko	ELF 64-bit LSB relocatable, ARM aarch64, version 1 (SYSV), BuildID[sha1]=3cfb40588c03f78906f6b2149079b5b88b791ce8, not stripped
lib/modules/5.10.0-23-arm64/kernel/drivers/media/common/cx2341x.ko	ELF 64-bit LSB relocatable, ARM aarch64, version 1 (SYSV), BuildID[sha1]=4643924708a59c64e729655271beea81c0063cb0, not stripped
lib/modules/5.10.0-23-arm64/kernel/drivers/media/common/tveeprom.ko	ELF 64-bit LSB relocatable, ARM aarch64, version 1 (SYSV), BuildID[sha1]=6037800874b57ff6bce74b7fe09bdb74df38cd04, not stripped
lib/modules/5.10.0-23-arm64/kernel/drivers/media/common/b2c2/b2c2-flexcop.ko	ELF 64-bit LSB relocatable, ARM aarch64, version 1 (SYSV), BuildID[sha1]=f91ebe426b1c3cd8167ae8fa6c6006593ec2c8a4, not stripped
lib/modules/5.10.0-23-arm64/kernel/drivers/media/common/v4l2-tpg/v4l2-tpg.ko	ELF 64-bit LSB relocatable, ARM aarch64, version 1 (SYSV), BuildID[sha1]=da8d5e3940f69582b16891476b0f887af684c64f, not stripped
lib/modules/5.10.0-23-arm64/kernel/drivers/media/common/cypress_firmware.ko	ELF 64-bit LSB relocatable, ARM aarch64, version 1 (SYSV), BuildID[sha1]=2e6d65e4d6b4a9205640e7a5a6e4eaab0e67b3ab, not stripped
lib/modules/5.10.0-23-arm64/kernel/drivers/media/common/videobuf2/videobuf2-vmalloc.ko	ELF 64-bit LSB relocatable, ARM aarch64, version 1 (SYSV), BuildID[sha1]=32845d5ee0d0087fd6ff267ce29191e297cdd6a2, not stripped
lib/modules/5.10.0-23-arm64/kernel/drivers/media/common/videobuf2/videobuf2-dvb.ko	ELF 64-bit LSB relocatable, ARM aarch64, version 1 (SYSV), BuildID[sha1]=32e963178a06f784ff44f970846c87eba59afe2a, not stripped
lib/modules/5.10.0-23-arm64/kernel/drivers/media/common/videobuf2/videobuf2-memops.ko	ELF 64-bit LSB relocatable, ARM aarch64, version 1 (SYSV), BuildID[sha1]=990d0ee5a97475baac581f52f20f239baccb0b74, not stripped
lib/modules/5.10.0-23-arm64/kernel/drivers/media/common/videobuf2/videobuf2-dma-contig.ko	ELF 64-bit LSB relocatable, ARM aarch64, version 1 (SYSV), BuildID[sha1]=377b1ab22aabacae44e4d9b185e18f8827f517d5, not stripped
lib/modules/5.10.0-23-arm64/kernel/drivers/media/common/videobuf2/videobuf2-dma-sg.ko	ELF 64-bit LSB relocatable, ARM aarch64, version 1 (SYSV), BuildID[sha1]=1c7bf63dcc22c324c7ad4209bb9bff8c1f12a26a, not stripped
lib/modules/5.10.0-23-arm64/kernel/drivers/media/common/videobuf2/videobuf2-common.ko	ELF 64-bit LSB relocatable, ARM aarch64, version 1 (SYSV), BuildID[sha1]=9b014661fa58a57e5ac929f5d5f801813f974a76, not stripped
lib/modules/5.10.0-23-arm64/kernel/drivers/media/common/videobuf2/videobuf2-v4l2.ko	ELF 64-bit LSB relocatable, ARM aarch64, version 1 (SYSV), BuildID[sha1]=1a4b03080a9734ec84a54d510f1ef2cf3aeaad54, not stripped
lib/modules/5.10.0-23-arm64/kernel/drivers/media/test-drivers/vivid/vivid.ko	ELF 64-bit LSB relocatable, ARM aarch64, version 1 (SYSV), BuildID[sha1]=9b16891da460285d079cd31c6de6452ded205011, not stripped
lib/modules/5.10.0-23-arm64/kernel/drivers/media/cec/core/cec.ko	ELF 64-bit LSB relocatable, ARM aarch64, version 1 (SYSV), BuildID[sha1]=08d9dac05f6afb8a2b48f001b93a0f60c2eb966b, not stripped
lib/modules/5.10.0-23-arm64/kernel/drivers/media/cec/usb/rainshadow/rainshadow-cec.ko	ELF 64-bit LSB relocatable, ARM aarch64, version 1 (SYSV), BuildID[sha1]=d52f12f422d62edbd0ee034723c293b3bcec2732, not stripped
lib/modules/5.10.0-23-arm64/kernel/drivers/media/cec/usb/pulse8/pulse8-cec.ko	ELF 64-bit LSB relocatable, ARM aarch64, version 1 (SYSV), BuildID[sha1]=6c3e272c12203ac2cad1f8ab62170a222f5a84e6, not stripped
lib/modules/5.10.0-23-arm64/kernel/drivers/slimbus/slimbus.ko	ELF 64-bit LSB relocatable, ARM aarch64, version 1 (SYSV), BuildID[sha1]=7430bc95dee2f51f37f8053d50fe221b769bf711, not stripped
lib/modules/5.10.0-23-arm64/kernel/drivers/cdrom/cdrom.ko	ELF 64-bit LSB relocatable, ARM aarch64, version 1 (SYSV), BuildID[sha1]=46aba2064c9ffcf25193ebc271b482da22a26633, not stripped
lib/modules/5.10.0-23-arm64/kernel/drivers/tty/nozomi.ko	ELF 64-bit LSB relocatable, ARM aarch64, version 1 (SYSV), BuildID[sha1]=b71aca0aee00327884f1b4e08878f0367ad34314, not stripped
lib/modules/5.10.0-23-arm64/kernel/drivers/tty/serial/rp2.ko	ELF 64-bit LSB relocatable, ARM aarch64, version 1 (SYSV), BuildID[sha1]=b9f88779dbaec5eb6dd408d34f49453092bfa66b, not stripped
lib/modules/5.10.0-23-arm64/kernel/drivers/tty/serial/8250/8250_exar.ko	ELF 64-bit LSB relocatable, ARM aarch64, version 1 (SYSV), BuildID[sha1]=27509d5bff2a698010609d21eb882b73ccdb22b5, not stripped
lib/modules/5.10.0-23-arm64/kernel/drivers/tty/n_gsm.ko	ELF 64-bit LSB relocatable, ARM aarch64, version 1 (SYSV), BuildID[sha1]=ba9d934f99db5afb2dcf548da91d3943ec13db2a, not stripped
lib/modules/5.10.0-23-arm64/kernel/drivers/misc/tsl2550.ko	ELF 64-bit LSB relocatable, ARM aarch64, version 1 (SYSV), BuildID[sha1]=3ec36be219ca29b92bd07ba636d0ba2081cc5d6a, not stripped
lib/modules/5.10.0-23-arm64/kernel/drivers/misc/hmc6352.ko	ELF 64-bit LSB relocatable, ARM aarch64, version 1 (SYSV), BuildID[sha1]=2a70b781840da0fe76c42aeb3d9037ff8b5c940e, not stripped
lib/modules/5.10.0-23-arm64/kernel/drivers/misc/cardreader/rtsx_usb.ko	ELF 64-bit LSB relocatable, ARM aarch64, version 1 (SYSV), BuildID[sha1]=c0ff6ee17f23b37f48de1e9205c6595037679375, not stripped
lib/modules/5.10.0-23-arm64/kernel/drivers/misc/cardreader/rtsx_pci.ko	ELF 64-bit LSB relocatable, ARM aarch64, version 1 (SYSV), BuildID[sha1]=331067404d06fce4c4652f8febb2791635267951, not stripped
lib/modules/5.10.0-23-arm64/kernel/drivers/misc/ad525x_dpot.ko	ELF 64-bit LSB relocatable, ARM aarch64, version 1 (SYSV), BuildID[sha1]=f43326c910bc3b38ad08a080d5f7a5d94299b002, not stripped
lib/modules/5.10.0-23-arm64/kernel/drivers/misc/altera-stapl/altera-stapl.ko	ELF 64-bit LSB relocatable, ARM aarch64, version 1 (SYSV), BuildID[sha1]=635af56d1f73da8c78bf2adc4c7362bc9e615bb4, not stripped
lib/modules/5.10.0-23-arm64/kernel/drivers/misc/ds1682.ko	ELF 64-bit LSB relocatable, ARM aarch64, version 1 (SYSV), BuildID[sha1]=a3ef29cbd9807fc643f53eafa038a796d6430ceb, not stripped
lib/modules/5.10.0-23-arm64/kernel/drivers/misc/tifm_7xx1.ko	ELF 64-bit LSB relocatable, ARM aarch64, version 1 (SYSV), BuildID[sha1]=208b012cc4a448fccce2f7e73f5b041b707c1e69, not stripped
lib/modules/5.10.0-23-arm64/kernel/drivers/misc/isl29020.ko	ELF 64-bit LSB relocatable, ARM aarch64, version 1 (SYSV), BuildID[sha1]=162a99a22ae7432bd9be57d4792e705c8d6c669b, not stripped
lib/modules/5.10.0-23-arm64/kernel/drivers/misc/enclosure.ko	ELF 64-bit LSB relocatable, ARM aarch64, version 1 (SYSV), BuildID[sha1]=f98c8b7ad82662b33f1faa0001fae0d9ddfebe75, not stripped
lib/modules/5.10.0-23-arm64/kernel/drivers/misc/apds990x.ko	ELF 64-bit LSB relocatable, ARM aarch64, version 1 (SYSV), BuildID[sha1]=bdf9db15363c5bea8cf4a25644d575ce5ce4b890, not stripped
lib/modules/5.10.0-23-arm64/kernel/drivers/misc/isl29003.ko	ELF 64-bit LSB relocatable, ARM aarch64, version 1 (SYSV), BuildID[sha1]=ec8a3e15049c056f1079df55597a1810a49764d5, not stripped
lib/modules/5.10.0-23-arm64/kernel/drivers/misc/cb710/cb710.ko	ELF 64-bit LSB relocatable, ARM aarch64, version 1 (SYSV), BuildID[sha1]=6c0584b1aadf04a7770d7e9a95a9cf6f00792e95, not stripped
lib/modules/5.10.0-23-arm64/kernel/drivers/misc/qcom-coincell.ko	ELF 64-bit LSB relocatable, ARM aarch64, version 1 (SYSV), BuildID[sha1]=647d5aa8c55c0e333d95ad15fe11c1fd9faefa1d, not stripped
lib/modules/5.10.0-23-arm64/kernel/drivers/misc/ad525x_dpot-i2c.ko	ELF 64-bit LSB relocatable, ARM aarch64, version 1 (SYSV), BuildID[sha1]=84ed928477f9167766e21b008b54f2fdea59f06d, not stripped
lib/modules/5.10.0-23-arm64/kernel/drivers/misc/ics932s401.ko	ELF 64-bit LSB relocatable, ARM aarch64, version 1 (SYSV), BuildID[sha1]=e714bd801f005a6731c014ffaefd21b025b14c5f, not stripped
lib/modules/5.10.0-23-arm64/kernel/drivers/misc/tifm_core.ko	ELF 64-bit LSB relocatable, ARM aarch64, version 1 (SYSV), BuildID[sha1]=5d91becdd2349574519df6b9c3ce83b06fc99cdf, not stripped
lib/modules/5.10.0-23-arm64/kernel/drivers/misc/ti-st/st_drv.ko	ELF 64-bit LSB relocatable, ARM aarch64, version 1 (SYSV), BuildID[sha1]=3aafbcabbd2832c4466eafd40386a5ac8ef0a5a9, not stripped
lib/modules/5.10.0-23-arm64/kernel/drivers/misc/ad525x_dpot-spi.ko	ELF 64-bit LSB relocatable, ARM aarch64, version 1 (SYSV), BuildID[sha1]=5cef28b2cfd1592d19b252d45e5ca8e783fa5adb, not stripped
lib/modules/5.10.0-23-arm64/kernel/drivers/misc/eeprom/max6875.ko	ELF 64-bit LSB relocatable, ARM aarch64, version 1 (SYSV), BuildID[sha1]=f68afaae7f9ade031ec9a3802bd5c2228954866d, not stripped
lib/modules/5.10.0-23-arm64/kernel/drivers/misc/eeprom/eeprom.ko	ELF 64-bit LSB relocatable, ARM aarch64, version 1 (SYSV), BuildID[sha1]=f40f70d3ee155e5c5416f5a06396cb8885164019, not stripped
lib/modules/5.10.0-23-arm64/kernel/drivers/misc/eeprom/at25.ko	ELF 64-bit LSB relocatable, ARM aarch64, version 1 (SYSV), BuildID[sha1]=97ed2c6f68a5b06ee62bd96018476111c08625ae, not stripped
lib/modules/5.10.0-23-arm64/kernel/drivers/misc/eeprom/eeprom_93cx6.ko	ELF 64-bit LSB relocatable, ARM aarch64, version 1 (SYSV), BuildID[sha1]=261cf9f9fc6d6804f9da249a555d0bea9d90d9c5, not stripped
lib/modules/5.10.0-23-arm64/kernel/drivers/misc/eeprom/at24.ko	ELF 64-bit LSB relocatable, ARM aarch64, version 1 (SYSV), BuildID[sha1]=87ca20934db3b0837852cb9226426deb49ad706e, not stripped
lib/modules/5.10.0-23-arm64/kernel/drivers/misc/eeprom/ee1004.ko	ELF 64-bit LSB relocatable, ARM aarch64, version 1 (SYSV), BuildID[sha1]=66d539da323f9f18eed53c1ca0b9f69d9675a16d, not stripped
lib/modules/5.10.0-23-arm64/kernel/drivers/misc/bh1770glc.ko	ELF 64-bit LSB relocatable, ARM aarch64, version 1 (SYSV), BuildID[sha1]=adcf8a6440cb67fa54d52a47afe65ec2546a7685, not stripped
lib/modules/5.10.0-23-arm64/kernel/drivers/misc/apds9802als.ko	ELF 64-bit LSB relocatable, ARM aarch64, version 1 (SYSV), BuildID[sha1]=e2f1d1d2a8945cc1e8f23aa21a028c05f7cae4a2, not stripped
lib/modules/5.10.0-23-arm64/kernel/drivers/misc/lis3lv02d/lis3lv02d_i2c.ko	ELF 64-bit LSB relocatable, ARM aarch64, version 1 (SYSV), BuildID[sha1]=c4655c18d4bccfa1926999448426e7f575a6c390, not stripped
lib/modules/5.10.0-23-arm64/kernel/drivers/misc/lis3lv02d/lis3lv02d.ko	ELF 64-bit LSB relocatable, ARM aarch64, version 1 (SYSV), BuildID[sha1]=2029472681b63c623725c05b7afa6751d181eb6c, not stripped
lib/modules/5.10.0-23-arm64/kernel/drivers/misc/c2port/core.ko	ELF 64-bit LSB relocatable, ARM aarch64, version 1 (SYSV), BuildID[sha1]=4ff23f9251d4b7bd938acc605b78506102d54174, not stripped
lib/modules/5.10.0-23-arm64/kernel/drivers/virtio/virtio_balloon.ko	ELF 64-bit LSB relocatable, ARM aarch64, version 1 (SYSV), BuildID[sha1]=fef494f72745087b7a8dddf7bbdac3c8aeb2570e, not stripped
lib/modules/5.10.0-23-arm64/kernel/drivers/virtio/virtio_input.ko	ELF 64-bit LSB relocatable, ARM aarch64, version 1 (SYSV), BuildID[sha1]=aa56930cee9df1d3dd22666b59531af4520cece0, not stripped
lib/modules/5.10.0-23-arm64/kernel/drivers/virtio/virtio_dma_buf.ko	ELF 64-bit LSB relocatable, ARM aarch64, version 1 (SYSV), BuildID[sha1]=be875f83f271c459afc24ba16fa11c443cbb498c, not stripped
lib/modules/5.10.0-23-arm64/kernel/drivers/virtio/virtio.ko	ELF 64-bit LSB relocatable, ARM aarch64, version 1 (SYSV), BuildID[sha1]=dd96707c9312719b4a0db17f25f65fa798aa8ad5, not stripped
lib/modules/5.10.0-23-arm64/kernel/drivers/virtio/virtio_pci.ko	ELF 64-bit LSB relocatable, ARM aarch64, version 1 (SYSV), BuildID[sha1]=b7cb84884309d808afde3b14552ebf08db78c1ab, not stripped
lib/modules/5.10.0-23-arm64/kernel/drivers/virtio/virtio_mmio.ko	ELF 64-bit LSB relocatable, ARM aarch64, version 1 (SYSV), BuildID[sha1]=1b1c893e660b82234048ad5814e1b866e6207bdb, not stripped
lib/modules/5.10.0-23-arm64/kernel/drivers/virtio/virtio_ring.ko	ELF 64-bit LSB relocatable, ARM aarch64, version 1 (SYSV), BuildID[sha1]=3baa465eacf024d56dbe22f7e274146806c18a1f, not stripped
lib/modules/5.10.0-23-arm64/kernel/drivers/vhost/vhost_iotlb.ko	ELF 64-bit LSB relocatable, ARM aarch64, version 1 (SYSV), BuildID[sha1]=ff6d7e844a2cad08b0cf1ccd73618ceb10fcd355, not stripped
lib/modules/5.10.0-23-arm64/kernel/drivers/vhost/vhost_vsock.ko	ELF 64-bit LSB relocatable, ARM aarch64, version 1 (SYSV), BuildID[sha1]=e62df045d6f6f7b93491e1cf3b43bcc4c58a8c54, not stripped
lib/modules/5.10.0-23-arm64/kernel/drivers/vhost/vhost.ko	ELF 64-bit LSB relocatable, ARM aarch64, version 1 (SYSV), BuildID[sha1]=51c111b0c8a91b16331d083572ef9b9d2f4442e9, not stripped
lib/modules/5.10.0-23-arm64/kernel/drivers/vhost/vhost_net.ko	ELF 64-bit LSB relocatable, ARM aarch64, version 1 (SYSV), BuildID[sha1]=dad596717a7305c8716bbc37a00950613a1d9693, not stripped
lib/modules/5.10.0-23-arm64/kernel/drivers/vhost/vhost_scsi.ko	ELF 64-bit LSB relocatable, ARM aarch64, version 1 (SYSV), BuildID[sha1]=e1ec7d189b07819036750520d6cb4a736c218b3c, not stripped
lib/modules/5.10.0-23-arm64/kernel/drivers/dma/fsl-edma-common.ko	ELF 64-bit LSB relocatable, ARM aarch64, version 1 (SYSV), BuildID[sha1]=072cfc4301ed9f240ab9c11a678498d60f521c1a, not stripped
lib/modules/5.10.0-23-arm64/kernel/drivers/dma/k3dma.ko	ELF 64-bit LSB relocatable, ARM aarch64, version 1 (SYSV), BuildID[sha1]=f94086d07e49bd95b4c9d5ff868ff1aa35eea3a8, not stripped
lib/modules/5.10.0-23-arm64/kernel/drivers/dma/xgene-dma.ko	ELF 64-bit LSB relocatable, ARM aarch64, version 1 (SYSV), BuildID[sha1]=e7dfd8820cae1fc47bda940ffa9fad776756f11a, not stripped
lib/modules/5.10.0-23-arm64/kernel/drivers/dma/qcom/hdma.ko	ELF 64-bit LSB relocatable, ARM aarch64, version 1 (SYSV), BuildID[sha1]=db095468104bd4f36f3e17ff6fc7810ba1362407, not stripped
lib/modules/5.10.0-23-arm64/kernel/drivers/dma/qcom/bam_dma.ko	ELF 64-bit LSB relocatable, ARM aarch64, version 1 (SYSV), BuildID[sha1]=12048e301ee6bfcb3a62ecbf36c5094896d1ffed, not stripped
lib/modules/5.10.0-23-arm64/kernel/drivers/dma/qcom/hdma_mgmt.ko	ELF 64-bit LSB relocatable, ARM aarch64, version 1 (SYSV), BuildID[sha1]=00571a169ff93aa42276d25b0932abe08601d75c, not stripped
lib/modules/5.10.0-23-arm64/kernel/drivers/dma/pl330.ko	ELF 64-bit LSB relocatable, ARM aarch64, version 1 (SYSV), BuildID[sha1]=cd78c1f99c3292f12531704a89ddba238026d11e, not stripped
lib/modules/5.10.0-23-arm64/kernel/drivers/dma/sun6i-dma.ko	ELF 64-bit LSB relocatable, ARM aarch64, version 1 (SYSV), BuildID[sha1]=20751f433a16c5a306e2b3a26072c29cc05685cf, not stripped
lib/modules/5.10.0-23-arm64/kernel/drivers/dma/fsl-qdma.ko	ELF 64-bit LSB relocatable, ARM aarch64, version 1 (SYSV), BuildID[sha1]=2840d9aac698608c982a1d1f40e72d476ec5d82b, not stripped
lib/modules/5.10.0-23-arm64/kernel/drivers/dma/fsl-edma.ko	ELF 64-bit LSB relocatable, ARM aarch64, version 1 (SYSV), BuildID[sha1]=8050baa530ed0154d76ff4678ab4ae90314809f7, not stripped
lib/modules/5.10.0-23-arm64/kernel/drivers/pci/pci-stub.ko	ELF 64-bit LSB relocatable, ARM aarch64, version 1 (SYSV), BuildID[sha1]=57f04e594696884c86251663581dcb9cb54e3fd7, not stripped
lib/modules/5.10.0-23-arm64/kernel/drivers/pci/pcie/aer_inject.ko	ELF 64-bit LSB relocatable, ARM aarch64, version 1 (SYSV), BuildID[sha1]=3cb496fdbb9466b6a2ee5e7789e17a38346fca04, not stripped
lib/modules/5.10.0-23-arm64/kernel/drivers/pci/controller/dwc/pci-meson.ko	ELF 64-bit LSB relocatable, ARM aarch64, version 1 (SYSV), BuildID[sha1]=77430eed628c3c33dbf85f7276be9a506551dc4c, not stripped
lib/modules/5.10.0-23-arm64/kernel/drivers/pci/pci-pf-stub.ko	ELF 64-bit LSB relocatable, ARM aarch64, version 1 (SYSV), BuildID[sha1]=30b6d99fd49e4c12909678801e857ffd6faf691f, not stripped
lib/modules/5.10.0-23-arm64/kernel/drivers/pci/hotplug/acpiphp_ibm.ko	ELF 64-bit LSB relocatable, ARM aarch64, version 1 (SYSV), BuildID[sha1]=cd08512811dccc5e888da84590a872abaf5ccba2, not stripped
lib/modules/5.10.0-23-arm64/kernel/drivers/video/vgastate.ko	ELF 64-bit LSB relocatable, ARM aarch64, version 1 (SYSV), BuildID[sha1]=fff8fe03dc8fe762606b24bd04ea0578c4d3d34d, not stripped
lib/modules/5.10.0-23-arm64/kernel/drivers/video/fbdev/smscufx.ko	ELF 64-bit LSB relocatable, ARM aarch64, version 1 (SYSV), BuildID[sha1]=90134b2633fbe3a024949c3d37ed1f805193b6f9, not stripped
lib/modules/5.10.0-23-arm64/kernel/drivers/video/fbdev/vt8623fb.ko	ELF 64-bit LSB relocatable, ARM aarch64, version 1 (SYSV), BuildID[sha1]=931c4121583754444b3d5b6d3f55520711e9fcc0, not stripped
lib/modules/5.10.0-23-arm64/kernel/drivers/video/fbdev/core/svgalib.ko	ELF 64-bit LSB relocatable, ARM aarch64, version 1 (SYSV), BuildID[sha1]=35f210786f357edbb7dfec238b564deaec07cb4c, not stripped
lib/modules/5.10.0-23-arm64/kernel/drivers/video/fbdev/core/fb_ddc.ko	ELF 64-bit LSB relocatable, ARM aarch64, version 1 (SYSV), BuildID[sha1]=fd2ab9aba92a13f72236b440d3882ac5d97f8a76, not stripped
lib/modules/5.10.0-23-arm64/kernel/drivers/video/fbdev/tdfxfb.ko	ELF 64-bit LSB relocatable, ARM aarch64, version 1 (SYSV), BuildID[sha1]=9998c4ebd367d350a8c19b1cc87b3707220afa1d, not stripped
lib/modules/5.10.0-23-arm64/kernel/drivers/video/fbdev/s3fb.ko	ELF 64-bit LSB relocatable, ARM aarch64, version 1 (SYSV), BuildID[sha1]=129bb3f5fea258c2ebef595caf9df2c7f5e48cad, not stripped
lib/modules/5.10.0-23-arm64/kernel/drivers/video/fbdev/mb862xx/mb862xxfb.ko	ELF 64-bit LSB relocatable, ARM aarch64, version 1 (SYSV), BuildID[sha1]=98026b15cdebd62955b331e53efed9641910b5a5, not stripped
lib/modules/5.10.0-23-arm64/kernel/drivers/video/fbdev/udlfb.ko	ELF 64-bit LSB relocatable, ARM aarch64, version 1 (SYSV), BuildID[sha1]=7b287dc01fd209fd6f50b6ff280c2ab083ecbcec, not stripped
lib/modules/5.10.0-23-arm64/kernel/drivers/video/fbdev/arkfb.ko	ELF 64-bit LSB relocatable, ARM aarch64, version 1 (SYSV), BuildID[sha1]=29f32441acbc9bfaeaaf8422ea8c8edf52b651d3, not stripped
lib/modules/5.10.0-23-arm64/kernel/drivers/video/fbdev/pm3fb.ko	ELF 64-bit LSB relocatable, ARM aarch64, version 1 (SYSV), BuildID[sha1]=ec0fc6a662628c7ae335600a69ae4b03069c6bd2, not stripped
lib/modules/5.10.0-23-arm64/kernel/drivers/video/backlight/pwm_bl.ko	ELF 64-bit LSB relocatable, ARM aarch64, version 1 (SYSV), BuildID[sha1]=d7c536ec01c4989185297674a5f6e18eb0a847f1, not stripped
lib/modules/5.10.0-23-arm64/kernel/drivers/video/backlight/lp855x_bl.ko	ELF 64-bit LSB relocatable, ARM aarch64, version 1 (SYSV), BuildID[sha1]=a0e526a02cdbc62698d602415f86c312e9fc702c, not stripped
lib/modules/5.10.0-23-arm64/kernel/drivers/mtd/parsers/ofpart.ko	ELF 64-bit LSB relocatable, ARM aarch64, version 1 (SYSV), BuildID[sha1]=b9bab753b02cc46a0505f638a366a6d21741f2db, not stripped
lib/modules/5.10.0-23-arm64/kernel/drivers/mtd/parsers/ar7part.ko	ELF 64-bit LSB relocatable, ARM aarch64, version 1 (SYSV), BuildID[sha1]=8597eb7a7c8f1bd42aae8fdde228c8daeb16a4cc, not stripped
lib/modules/5.10.0-23-arm64/kernel/drivers/mtd/ssfdc.ko	ELF 64-bit LSB relocatable, ARM aarch64, version 1 (SYSV), BuildID[sha1]=9870c16190ff2d5f43e4d961ea989e46eb0ae8c2, not stripped
lib/modules/5.10.0-23-arm64/kernel/drivers/mtd/spi-nor/spi-nor.ko	ELF 64-bit LSB relocatable, ARM aarch64, version 1 (SYSV), BuildID[sha1]=0c534029e97a4f23f0eeaf29615ab3c32e17ee91, not stripped
lib/modules/5.10.0-23-arm64/kernel/drivers/mtd/spi-nor/controllers/hisi-sfc.ko	ELF 64-bit LSB relocatable, ARM aarch64, version 1 (SYSV), BuildID[sha1]=6d406efd0e8ff9c5e4a621c8980aba6c864db2dc, not stripped
lib/modules/5.10.0-23-arm64/kernel/drivers/mtd/nand/onenand/onenand.ko	ELF 64-bit LSB relocatable, ARM aarch64, version 1 (SYSV), BuildID[sha1]=5d3c99939c2ac2006e38c1f469753320f8711f35, not stripped
lib/modules/5.10.0-23-arm64/kernel/drivers/mtd/mtd_blkdevs.ko	ELF 64-bit LSB relocatable, ARM aarch64, version 1 (SYSV), BuildID[sha1]=82fa6fd3ae922418125266fd8f91e39866b777ff, not stripped
lib/modules/5.10.0-23-arm64/kernel/drivers/mtd/devices/sst25l.ko	ELF 64-bit LSB relocatable, ARM aarch64, version 1 (SYSV), BuildID[sha1]=d1274f1d64a4595510b0f0e05b45fad6a9809e80, not stripped
lib/modules/5.10.0-23-arm64/kernel/drivers/mtd/devices/mtd_dataflash.ko	ELF 64-bit LSB relocatable, ARM aarch64, version 1 (SYSV), BuildID[sha1]=a06d368a65b29b4d44b2fbd7fd5f166a4fb967d3, not stripped
lib/modules/5.10.0-23-arm64/kernel/drivers/mtd/ubi/ubi.ko	ELF 64-bit LSB relocatable, ARM aarch64, version 1 (SYSV), BuildID[sha1]=479aeab7c4631e4211b9ecaf99be690ce81a6aac, not stripped
lib/modules/5.10.0-23-arm64/kernel/drivers/mtd/mtdswap.ko	ELF 64-bit LSB relocatable, ARM aarch64, version 1 (SYSV), BuildID[sha1]=fff440b716bc53ce39e641b63278aba6d9060b51, not stripped
lib/modules/5.10.0-23-arm64/kernel/drivers/mtd/rfd_ftl.ko	ELF 64-bit LSB relocatable, ARM aarch64, version 1 (SYSV), BuildID[sha1]=2a24add50f94d4982f0682c461a57caa5f3b7583, not stripped
lib/modules/5.10.0-23-arm64/kernel/drivers/mtd/mtdblock.ko	ELF 64-bit LSB relocatable, ARM aarch64, version 1 (SYSV), BuildID[sha1]=5228aa694279dd23ff69b474eccff8ead261e585, not stripped
lib/modules/5.10.0-23-arm64/kernel/drivers/mtd/mtd.ko	ELF 64-bit LSB relocatable, ARM aarch64, version 1 (SYSV), BuildID[sha1]=714ae35dd376cefe5e81edd29850b3590fe49d19, not stripped
lib/modules/5.10.0-23-arm64/kernel/drivers/mtd/maps/plat-ram.ko	ELF 64-bit LSB relocatable, ARM aarch64, version 1 (SYSV), BuildID[sha1]=6ca101328d07444ab3eff6dea31e7a32e4627225, not stripped
lib/modules/5.10.0-23-arm64/kernel/drivers/mtd/maps/intel_vr_nor.ko	ELF 64-bit LSB relocatable, ARM aarch64, version 1 (SYSV), BuildID[sha1]=45bd8c8023a07c388fccaf4839655fb707953a41, not stripped
lib/modules/5.10.0-23-arm64/kernel/drivers/mtd/mtdoops.ko	ELF 64-bit LSB relocatable, ARM aarch64, version 1 (SYSV), BuildID[sha1]=fb5c37486c9488da798a06dbd9a45d92c635dc46, not stripped
lib/modules/5.10.0-23-arm64/kernel/drivers/mtd/chips/map_ram.ko	ELF 64-bit LSB relocatable, ARM aarch64, version 1 (SYSV), BuildID[sha1]=d1de1df9c3f91f488e2b2ab95a7683d99396d2a4, not stripped
lib/modules/5.10.0-23-arm64/kernel/drivers/mtd/chips/chipreg.ko	ELF 64-bit LSB relocatable, ARM aarch64, version 1 (SYSV), BuildID[sha1]=5ed66b53c16592a75abcb509df90b0e7442daf83, not stripped
lib/modules/5.10.0-23-arm64/kernel/drivers/mtd/lpddr/lpddr_cmds.ko	ELF 64-bit LSB relocatable, ARM aarch64, version 1 (SYSV), BuildID[sha1]=3a30ac025b3f959d5679179c203554280ecc6eea, not stripped
lib/modules/5.10.0-23-arm64/kernel/drivers/mtd/lpddr/qinfo_probe.ko	ELF 64-bit LSB relocatable, ARM aarch64, version 1 (SYSV), BuildID[sha1]=67217d4da170ef73e4bdfacfe6fd055d23c762fc, not stripped
lib/modules/5.10.0-23-arm64/kernel/drivers/mtd/mtdblock_ro.ko	ELF 64-bit LSB relocatable, ARM aarch64, version 1 (SYSV), BuildID[sha1]=36bfa855da3c50a1635c10e2f635ed867b95e76c, not stripped
lib/modules/5.10.0-23-arm64/kernel/drivers/vfio/vfio.ko	ELF 64-bit LSB relocatable, ARM aarch64, version 1 (SYSV), BuildID[sha1]=e216f4b88e4a25181aaed7ba90955b9bfdd41be1, not stripped
lib/modules/5.10.0-23-arm64/kernel/drivers/vfio/vfio_virqfd.ko	ELF 64-bit LSB relocatable, ARM aarch64, version 1 (SYSV), BuildID[sha1]=9ace51726cc2b63746865e13bc23685c2f83a19b, not stripped
lib/modules/5.10.0-23-arm64/kernel/drivers/vfio/pci/vfio-pci.ko	ELF 64-bit LSB relocatable, ARM aarch64, version 1 (SYSV), BuildID[sha1]=83f9411f098657d6d53937f8064358d26b483463, not stripped
lib/modules/5.10.0-23-arm64/kernel/drivers/vfio/vfio_iommu_type1.ko	ELF 64-bit LSB relocatable, ARM aarch64, version 1 (SYSV), BuildID[sha1]=99455995d704bf22b959580f4e23cedf0c67dc66, not stripped
lib/modules/5.10.0-23-arm64/kernel/drivers/accessibility/speakup/speakup_apollo.ko	ELF 64-bit LSB relocatable, ARM aarch64, version 1 (SYSV), BuildID[sha1]=d02c07eaaf29b1900038b021d6daf61b69693763, not stripped
lib/modules/5.10.0-23-arm64/kernel/drivers/accessibility/speakup/speakup_soft.ko	ELF 64-bit LSB relocatable, ARM aarch64, version 1 (SYSV), BuildID[sha1]=2c015080ea9835e84a9c1594f127670c96ef436f, not stripped
lib/modules/5.10.0-23-arm64/kernel/drivers/accessibility/speakup/speakup_dummy.ko	ELF 64-bit LSB relocatable, ARM aarch64, version 1 (SYSV), BuildID[sha1]=853fe627c1091f64cb07b915bcaf2de56cb99b05, not stripped
lib/modules/5.10.0-23-arm64/kernel/drivers/accessibility/speakup/speakup_txprt.ko	ELF 64-bit LSB relocatable, ARM aarch64, version 1 (SYSV), BuildID[sha1]=08b017c54f16677a777528c31c92171d581e4299, not stripped
lib/modules/5.10.0-23-arm64/kernel/drivers/accessibility/speakup/speakup_dectlk.ko	ELF 64-bit LSB relocatable, ARM aarch64, version 1 (SYSV), BuildID[sha1]=db50e50c40cfe8cca95198bde98f084df6f16ddd, not stripped
lib/modules/5.10.0-23-arm64/kernel/drivers/accessibility/speakup/speakup_decext.ko	ELF 64-bit LSB relocatable, ARM aarch64, version 1 (SYSV), BuildID[sha1]=c6bd2a8a6c8f53667258f9295442d472e7434628, not stripped
lib/modules/5.10.0-23-arm64/kernel/drivers/accessibility/speakup/speakup_ltlk.ko	ELF 64-bit LSB relocatable, ARM aarch64, version 1 (SYSV), BuildID[sha1]=570a568b6b8c2415cdcbd043e60fde126a992dff, not stripped
lib/modules/5.10.0-23-arm64/kernel/drivers/accessibility/speakup/speakup.ko	ELF 64-bit LSB relocatable, ARM aarch64, version 1 (SYSV), BuildID[sha1]=aae6d4d8bda1da3f3a013196255a91e4cc87b363, not stripped
lib/modules/5.10.0-23-arm64/kernel/drivers/accessibility/speakup/speakup_acntsa.ko	ELF 64-bit LSB relocatable, ARM aarch64, version 1 (SYSV), BuildID[sha1]=c5f21f7739987ee4fc16d1134534a211345fda2c, not stripped
lib/modules/5.10.0-23-arm64/kernel/drivers/accessibility/speakup/speakup_audptr.ko	ELF 64-bit LSB relocatable, ARM aarch64, version 1 (SYSV), BuildID[sha1]=a005b8419dbb2be7324e2f6c57400c9a12f08591, not stripped
lib/modules/5.10.0-23-arm64/kernel/drivers/accessibility/speakup/speakup_bns.ko	ELF 64-bit LSB relocatable, ARM aarch64, version 1 (SYSV), BuildID[sha1]=54c9834219321fe0b0d0cac2ade4d40685fdf002, not stripped
lib/modules/5.10.0-23-arm64/kernel/drivers/accessibility/speakup/speakup_spkout.ko	ELF 64-bit LSB relocatable, ARM aarch64, version 1 (SYSV), BuildID[sha1]=6940a3c472491fabfa1adf66de98d0902ddf414d, not stripped
lib/modules/5.10.0-23-arm64/kernel/drivers/rtc/rtc-cros-ec.ko	ELF 64-bit LSB relocatable, ARM aarch64, version 1 (SYSV), BuildID[sha1]=cea6620645ab2eb6b1e4e13e7c2c596f903b16ef, not stripped
lib/modules/5.10.0-23-arm64/kernel/drivers/rtc/rtc-armada38x.ko	ELF 64-bit LSB relocatable, ARM aarch64, version 1 (SYSV), BuildID[sha1]=818d6c66eb160bea5c284eb31970c260856005b6, not stripped
lib/modules/5.10.0-23-arm64/kernel/drivers/rtc/rtc-pcf2127.ko	ELF 64-bit LSB relocatable, ARM aarch64, version 1 (SYSV), BuildID[sha1]=988b7c5650783e0438038298759fbdee72aaf719, not stripped
lib/modules/5.10.0-23-arm64/kernel/drivers/rtc/rtc-mv.ko	ELF 64-bit LSB relocatable, ARM aarch64, version 1 (SYSV), BuildID[sha1]=8be068659ff40d8f593ff416046bb3f452ffd2c3, not stripped
lib/modules/5.10.0-23-arm64/kernel/drivers/rtc/rtc-pm8xxx.ko	ELF 64-bit LSB relocatable, ARM aarch64, version 1 (SYSV), BuildID[sha1]=b466b0ed7064de1b59b3672236148dfa7b12b81e, not stripped
lib/modules/5.10.0-23-arm64/kernel/drivers/rtc/rtc-rv8803.ko	ELF 64-bit LSB relocatable, ARM aarch64, version 1 (SYSV), BuildID[sha1]=44035568608600cdeea57ad584b8ec2cd114ce1e, not stripped
lib/modules/5.10.0-23-arm64/kernel/drivers/rtc/rtc-meson-vrtc.ko	ELF 64-bit LSB relocatable, ARM aarch64, version 1 (SYSV), BuildID[sha1]=80bb4696db72f34d8ef9a7e106f9f8e8b1231984, not stripped
lib/modules/5.10.0-23-arm64/kernel/drivers/rtc/rtc-rk808.ko	ELF 64-bit LSB relocatable, ARM aarch64, version 1 (SYSV), BuildID[sha1]=d8cc8c1e6c1a621071bda5cc5df2adc1d85a3111, not stripped
lib/modules/5.10.0-23-arm64/kernel/drivers/pps/clients/pps_parport.ko	ELF 64-bit LSB relocatable, ARM aarch64, version 1 (SYSV), BuildID[sha1]=72b1f00b17429dbabb07ba627038584a0190d5fc, not stripped
lib/modules/5.10.0-23-arm64/kernel/drivers/pps/clients/pps-ldisc.ko	ELF 64-bit LSB relocatable, ARM aarch64, version 1 (SYSV), BuildID[sha1]=e6a7e747776f3f3a904ecf0347db6f27be5d7e34, not stripped
lib/modules/5.10.0-23-arm64/kernel/drivers/pps/pps_core.ko	ELF 64-bit LSB relocatable, ARM aarch64, version 1 (SYSV), BuildID[sha1]=4d71faa4fd3b4eb98b7081af6416b927fa5ddb44, not stripped
lib/modules/5.10.0-23-arm64/kernel/drivers/bcma/bcma.ko	ELF 64-bit LSB relocatable, ARM aarch64, version 1 (SYSV), BuildID[sha1]=ef1591a3515358beeee6f1cb8b2425f0aca7ecb7, not stripped
lib/modules/5.10.0-23-arm64/kernel/drivers/thermal/rockchip_thermal.ko	ELF 64-bit LSB relocatable, ARM aarch64, version 1 (SYSV), BuildID[sha1]=960aafc27f4194c7bd9ad98cf2848f20ffa24975, not stripped
lib/modules/5.10.0-23-arm64/kernel/drivers/thermal/qcom/qcom-spmi-temp-alarm.ko	ELF 64-bit LSB relocatable, ARM aarch64, version 1 (SYSV), BuildID[sha1]=640848268328488125dea56ec867edd74b13450b, not stripped
lib/modules/5.10.0-23-arm64/kernel/drivers/thermal/qcom/qcom_tsens.ko	ELF 64-bit LSB relocatable, ARM aarch64, version 1 (SYSV), BuildID[sha1]=e70793fbf1bd19e4d5a15369cb823333ae62afca, not stripped
lib/modules/5.10.0-23-arm64/kernel/drivers/thermal/hisi_thermal.ko	ELF 64-bit LSB relocatable, ARM aarch64, version 1 (SYSV), BuildID[sha1]=82bc9ec831364eeae4984270866cdb5ccf30b47c, not stripped
lib/modules/5.10.0-23-arm64/kernel/drivers/thermal/armada_thermal.ko	ELF 64-bit LSB relocatable, ARM aarch64, version 1 (SYSV), BuildID[sha1]=d5e7fd632806888a9c16e17c538f3bc0dfb733a1, not stripped
lib/modules/5.10.0-23-arm64/kernel/drivers/thermal/qoriq_thermal.ko	ELF 64-bit LSB relocatable, ARM aarch64, version 1 (SYSV), BuildID[sha1]=3ac725556770c3cd5ae7ccf9a535729becb51c8f, not stripped
lib/modules/5.10.0-23-arm64/kernel/drivers/thermal/sun8i_thermal.ko	ELF 64-bit LSB relocatable, ARM aarch64, version 1 (SYSV), BuildID[sha1]=af930462f1adf022a8581b60109900521ae0b387, not stripped
lib/modules/5.10.0-23-arm64/kernel/drivers/thermal/broadcom/bcm2711_thermal.ko	ELF 64-bit LSB relocatable, ARM aarch64, version 1 (SYSV), BuildID[sha1]=6c46d638512480d693460f5dc39ab970fd40fea1, not stripped
lib/modules/5.10.0-23-arm64/kernel/drivers/thermal/broadcom/bcm2835_thermal.ko	ELF 64-bit LSB relocatable, ARM aarch64, version 1 (SYSV), BuildID[sha1]=d1a4512358b1d85f3ed84d6943045fd070d82c27, not stripped
lib/modules/5.10.0-23-arm64/kernel/drivers/tee/optee/optee.ko	ELF 64-bit LSB relocatable, ARM aarch64, version 1 (SYSV), BuildID[sha1]=acde49d5d428e56b21b03c26d863d6a56e749188, not stripped
lib/modules/5.10.0-23-arm64/kernel/drivers/tee/tee.ko	ELF 64-bit LSB relocatable, ARM aarch64, version 1 (SYSV), BuildID[sha1]=bb3368eca7f535a4fe8e27ae0c1883cf6f19f7be, not stripped
lib/modules/5.10.0-23-arm64/kernel/drivers/platform/chrome/cros_usbpd_notify.ko	ELF 64-bit LSB relocatable, ARM aarch64, version 1 (SYSV), BuildID[sha1]=792704fe5502041b10ce9fdc255b408fb38fcc5b, not stripped
lib/modules/5.10.0-23-arm64/kernel/drivers/platform/chrome/cros_ec_spi.ko	ELF 64-bit LSB relocatable, ARM aarch64, version 1 (SYSV), BuildID[sha1]=8f2028a57a498652ed4a07e7bab9fd3266b16df6, not stripped
lib/modules/5.10.0-23-arm64/kernel/drivers/platform/chrome/cros_ec_chardev.ko	ELF 64-bit LSB relocatable, ARM aarch64, version 1 (SYSV), BuildID[sha1]=2004924ece35bc6908ae111648470071803a234c, not stripped
lib/modules/5.10.0-23-arm64/kernel/drivers/platform/chrome/cros_ec_lightbar.ko	ELF 64-bit LSB relocatable, ARM aarch64, version 1 (SYSV), BuildID[sha1]=bc315223a9a2fdf1455c3e264364bf115c9fcf18, not stripped
lib/modules/5.10.0-23-arm64/kernel/drivers/platform/chrome/cros_ec.ko	ELF 64-bit LSB relocatable, ARM aarch64, version 1 (SYSV), BuildID[sha1]=242958fe4a2637df13e4f04be9521f9d2ac0465b, not stripped
lib/modules/5.10.0-23-arm64/kernel/drivers/platform/chrome/cros_ec_typec.ko	ELF 64-bit LSB relocatable, ARM aarch64, version 1 (SYSV), BuildID[sha1]=c491b86336fcd341bbe5ad4329996004c86f7493, not stripped
lib/modules/5.10.0-23-arm64/kernel/drivers/platform/chrome/cros_usbpd_logger.ko	ELF 64-bit LSB relocatable, ARM aarch64, version 1 (SYSV), BuildID[sha1]=603ff3560205008e244d39d70b024a8ca053d845, not stripped
lib/modules/5.10.0-23-arm64/kernel/drivers/platform/chrome/cros-ec-sensorhub.ko	ELF 64-bit LSB relocatable, ARM aarch64, version 1 (SYSV), BuildID[sha1]=1b8bd51de4d74b63b883e2bdf0ca8cd1630543ed, not stripped
lib/modules/5.10.0-23-arm64/kernel/drivers/platform/chrome/cros_ec_debugfs.ko	ELF 64-bit LSB relocatable, ARM aarch64, version 1 (SYSV), BuildID[sha1]=7963b2f83e70d922ba8749eaa465be9c144cbd12, not stripped
lib/modules/5.10.0-23-arm64/kernel/drivers/platform/chrome/cros_ec_i2c.ko	ELF 64-bit LSB relocatable, ARM aarch64, version 1 (SYSV), BuildID[sha1]=6ed3138a6401e1c081d889c4df2279e580d49676, not stripped
lib/modules/5.10.0-23-arm64/kernel/drivers/platform/chrome/cros_ec_sysfs.ko	ELF 64-bit LSB relocatable, ARM aarch64, version 1 (SYSV), BuildID[sha1]=c581703814bca00bfec1ea6e585bb31a24838a61, not stripped
lib/modules/5.10.0-23-arm64/kernel/drivers/platform/chrome/cros_ec_vbc.ko	ELF 64-bit LSB relocatable, ARM aarch64, version 1 (SYSV), BuildID[sha1]=7fa784875b77732d3a3361090175b33a232ef666, not stripped
lib/modules/5.10.0-23-arm64/kernel/drivers/platform/chrome/cros_kbd_led_backlight.ko	ELF 64-bit LSB relocatable, ARM aarch64, version 1 (SYSV), BuildID[sha1]=8f0eacb3317d6f317535bc404d507681670cc3df, not stripped
lib/modules/5.10.0-23-arm64/kernel/drivers/ata/ata_generic.ko	ELF 64-bit LSB relocatable, ARM aarch64, version 1 (SYSV), BuildID[sha1]=3afaf88df3e45d6c130535ab546fedb12a20cf36, not stripped
lib/modules/5.10.0-23-arm64/kernel/drivers/ata/pata_sch.ko	ELF 64-bit LSB relocatable, ARM aarch64, version 1 (SYSV), BuildID[sha1]=15632748474343e1f3a5f30ddfac45cee02962eb, not stripped
lib/modules/5.10.0-23-arm64/kernel/drivers/ata/pata_ninja32.ko	ELF 64-bit LSB relocatable, ARM aarch64, version 1 (SYSV), BuildID[sha1]=4347e438ebef40c58079a136ec69a0ef92d6c1f7, not stripped
lib/modules/5.10.0-23-arm64/kernel/drivers/ata/libata.ko	ELF 64-bit LSB relocatable, ARM aarch64, version 1 (SYSV), BuildID[sha1]=b9855c81308c731aa5d7b3ff10dac1a8f3a94e3a, not stripped
lib/modules/5.10.0-23-arm64/kernel/drivers/ata/pata_it821x.ko	ELF 64-bit LSB relocatable, ARM aarch64, version 1 (SYSV), BuildID[sha1]=99cd7f8131739c7b18060729f4e45754a24c1c10, not stripped
lib/modules/5.10.0-23-arm64/kernel/drivers/ata/ahci_ceva.ko	ELF 64-bit LSB relocatable, ARM aarch64, version 1 (SYSV), BuildID[sha1]=b958387cb03c8c3d65d49a3a6254bd9bf7bbe19e, not stripped
lib/modules/5.10.0-23-arm64/kernel/drivers/ata/ahci_qoriq.ko	ELF 64-bit LSB relocatable, ARM aarch64, version 1 (SYSV), BuildID[sha1]=491929d78949bac5170cbf4ac02ec254b94bf177, not stripped
lib/modules/5.10.0-23-arm64/kernel/drivers/ata/sata_promise.ko	ELF 64-bit LSB relocatable, ARM aarch64, version 1 (SYSV), BuildID[sha1]=c4976ce6b5312f0fb139e191670e660a958d6108, not stripped
lib/modules/5.10.0-23-arm64/kernel/drivers/ata/libahci_platform.ko	ELF 64-bit LSB relocatable, ARM aarch64, version 1 (SYSV), BuildID[sha1]=e0002686fad1cc8eb642862e1ad68be8c09ddad0, not stripped
lib/modules/5.10.0-23-arm64/kernel/drivers/ata/pata_artop.ko	ELF 64-bit LSB relocatable, ARM aarch64, version 1 (SYSV), BuildID[sha1]=36bf201911e62b700e664c73df15fcc5c6625a62, not stripped
lib/modules/5.10.0-23-arm64/kernel/drivers/ata/sata_mv.ko	ELF 64-bit LSB relocatable, ARM aarch64, version 1 (SYSV), BuildID[sha1]=45996512974a1314a113b3ec1efa52415c950737, not stripped
lib/modules/5.10.0-23-arm64/kernel/drivers/ata/sata_sil24.ko	ELF 64-bit LSB relocatable, ARM aarch64, version 1 (SYSV), BuildID[sha1]=ef4255828610207b8c2278243ff89bd06d2194e7, not stripped
lib/modules/5.10.0-23-arm64/kernel/drivers/ata/ahci_tegra.ko	ELF 64-bit LSB relocatable, ARM aarch64, version 1 (SYSV), BuildID[sha1]=ac242252a0ad83793df8bfa9ba4e09e9928a2f60, not stripped
lib/modules/5.10.0-23-arm64/kernel/drivers/ata/sata_svw.ko	ELF 64-bit LSB relocatable, ARM aarch64, version 1 (SYSV), BuildID[sha1]=c3baa17d40057ea32b4b490fe4902b5a23b4c367, not stripped
lib/modules/5.10.0-23-arm64/kernel/drivers/ata/pata_atp867x.ko	ELF 64-bit LSB relocatable, ARM aarch64, version 1 (SYSV), BuildID[sha1]=d0b66588e2d48513589cae7cade1516501110a15, not stripped
lib/modules/5.10.0-23-arm64/kernel/drivers/ata/sata_nv.ko	ELF 64-bit LSB relocatable, ARM aarch64, version 1 (SYSV), BuildID[sha1]=2cc921ba913e21b92f6b2a917f1981e5c373a096, not stripped
lib/modules/5.10.0-23-arm64/kernel/drivers/ata/sata_vsc.ko	ELF 64-bit LSB relocatable, ARM aarch64, version 1 (SYSV), BuildID[sha1]=690670c041e004a9ac8481f74736c3e16a709155, not stripped
lib/modules/5.10.0-23-arm64/kernel/drivers/ata/ahci.ko	ELF 64-bit LSB relocatable, ARM aarch64, version 1 (SYSV), BuildID[sha1]=edfb9a5b75a33c383899604475be47e7fd00200d, not stripped
lib/modules/5.10.0-23-arm64/kernel/drivers/ata/ahci_platform.ko	ELF 64-bit LSB relocatable, ARM aarch64, version 1 (SYSV), BuildID[sha1]=9bf6c0cd32ac755e0a98c4e4633a5d1b7c46cb0d, not stripped
lib/modules/5.10.0-23-arm64/kernel/drivers/ata/sata_uli.ko	ELF 64-bit LSB relocatable, ARM aarch64, version 1 (SYSV), BuildID[sha1]=b0d970fed28d359fae4c657fd9f01df6be18e58a, not stripped
lib/modules/5.10.0-23-arm64/kernel/drivers/ata/sata_sis.ko	ELF 64-bit LSB relocatable, ARM aarch64, version 1 (SYSV), BuildID[sha1]=9ae439ac7b2fcf9b2a814f9fad0c2fe94cb8927c, not stripped
lib/modules/5.10.0-23-arm64/kernel/drivers/ata/ahci_xgene.ko	ELF 64-bit LSB relocatable, ARM aarch64, version 1 (SYSV), BuildID[sha1]=15c2474014edcfcd675005b19589f63b0dff9561, not stripped
lib/modules/5.10.0-23-arm64/kernel/drivers/ata/pata_marvell.ko	ELF 64-bit LSB relocatable, ARM aarch64, version 1 (SYSV), BuildID[sha1]=fa0da0f161778a578a8441e279e314138d1514c3, not stripped
lib/modules/5.10.0-23-arm64/kernel/drivers/ata/sata_sx4.ko	ELF 64-bit LSB relocatable, ARM aarch64, version 1 (SYSV), BuildID[sha1]=de398f7e7cf571e84399b973278d2f759bb3a0f0, not stripped
lib/modules/5.10.0-23-arm64/kernel/drivers/ata/pdc_adma.ko	ELF 64-bit LSB relocatable, ARM aarch64, version 1 (SYSV), BuildID[sha1]=83b5b8b69a07b4e0350c81d8e6e9cf0f908da1bb, not stripped
lib/modules/5.10.0-23-arm64/kernel/drivers/ata/sata_via.ko	ELF 64-bit LSB relocatable, ARM aarch64, version 1 (SYSV), BuildID[sha1]=e8f411b767e86d53f71c6291c10c84a8109714df, not stripped
lib/modules/5.10.0-23-arm64/kernel/drivers/ata/pata_rdc.ko	ELF 64-bit LSB relocatable, ARM aarch64, version 1 (SYSV), BuildID[sha1]=adc4fc3a2174d2ccdd9cbd079c35d9dc61768e00, not stripped
lib/modules/5.10.0-23-arm64/kernel/drivers/ata/pata_jmicron.ko	ELF 64-bit LSB relocatable, ARM aarch64, version 1 (SYSV), BuildID[sha1]=3ec681772bb07121cb8b5ba5b2c22cad98e3346e, not stripped
lib/modules/5.10.0-23-arm64/kernel/drivers/ata/pata_it8213.ko	ELF 64-bit LSB relocatable, ARM aarch64, version 1 (SYSV), BuildID[sha1]=d63f17db6751e0f7abea0ab24916dd2cc82a7335, not stripped
lib/modules/5.10.0-23-arm64/kernel/drivers/ata/ata_piix.ko	ELF 64-bit LSB relocatable, ARM aarch64, version 1 (SYSV), BuildID[sha1]=d76d2137d4e1681c6af1031238224fd02c166c3e, not stripped
lib/modules/5.10.0-23-arm64/kernel/drivers/ata/sata_sil.ko	ELF 64-bit LSB relocatable, ARM aarch64, version 1 (SYSV), BuildID[sha1]=74b8e00ff279f300c9f93dcb4b3af04bb9c7227c, not stripped
lib/modules/5.10.0-23-arm64/kernel/drivers/ata/pata_piccolo.ko	ELF 64-bit LSB relocatable, ARM aarch64, version 1 (SYSV), BuildID[sha1]=9f413b55578931ad7d1e7139017c800473af0f5a, not stripped
lib/modules/5.10.0-23-arm64/kernel/drivers/ata/acard-ahci.ko	ELF 64-bit LSB relocatable, ARM aarch64, version 1 (SYSV), BuildID[sha1]=dd2057e6c43d6746476065bebe11032877f770e7, not stripped
lib/modules/5.10.0-23-arm64/kernel/drivers/ata/pata_cmd64x.ko	ELF 64-bit LSB relocatable, ARM aarch64, version 1 (SYSV), BuildID[sha1]=773fbdaaf1a81ea57fafa737b5ebfa3e31d48b18, not stripped
lib/modules/5.10.0-23-arm64/kernel/drivers/ata/ahci_mvebu.ko	ELF 64-bit LSB relocatable, ARM aarch64, version 1 (SYSV), BuildID[sha1]=158120b7d3a5d97f30d0f21998953663af0704a0, not stripped
lib/modules/5.10.0-23-arm64/kernel/drivers/ata/ahci_seattle.ko	ELF 64-bit LSB relocatable, ARM aarch64, version 1 (SYSV), BuildID[sha1]=b5456f4b37a3781bfa63c2fd0bdfc4d4fab189d7, not stripped
lib/modules/5.10.0-23-arm64/kernel/drivers/ata/libahci.ko	ELF 64-bit LSB relocatable, ARM aarch64, version 1 (SYSV), BuildID[sha1]=cb383ce88bc4d3c8cb3e14b8eceb8b67b5b806d0, not stripped
lib/modules/5.10.0-23-arm64/kernel/drivers/ata/pata_sis.ko	ELF 64-bit LSB relocatable, ARM aarch64, version 1 (SYSV), BuildID[sha1]=dd82fbde7f578a68bcf5b9223b638a15785ea43e, not stripped
lib/modules/5.10.0-23-arm64/kernel/drivers/ata/sata_qstor.ko	ELF 64-bit LSB relocatable, ARM aarch64, version 1 (SYSV), BuildID[sha1]=422689d1c1349a316ca7e939c35118799f247311, not stripped
lib/modules/5.10.0-23-arm64/kernel/drivers/memstick/core/mspro_block.ko	ELF 64-bit LSB relocatable, ARM aarch64, version 1 (SYSV), BuildID[sha1]=bfe582980fc13a6a6c2e9fb569b87f9c8024e357, not stripped
lib/modules/5.10.0-23-arm64/kernel/drivers/memstick/core/memstick.ko	ELF 64-bit LSB relocatable, ARM aarch64, version 1 (SYSV), BuildID[sha1]=5a8b7b5c92e8266d254065e455593c1796135e53, not stripped
lib/modules/5.10.0-23-arm64/kernel/drivers/memstick/host/rtsx_pci_ms.ko	ELF 64-bit LSB relocatable, ARM aarch64, version 1 (SYSV), BuildID[sha1]=6b4a8223dbc13463837f50512d9a218ad5276f7b, not stripped
lib/modules/5.10.0-23-arm64/kernel/drivers/memstick/host/rtsx_usb_ms.ko	ELF 64-bit LSB relocatable, ARM aarch64, version 1 (SYSV), BuildID[sha1]=5205802acfa3f0f1c883b1ddb830a923bfbb2a9f, not stripped
lib/modules/5.10.0-23-arm64/kernel/drivers/memstick/host/tifm_ms.ko	ELF 64-bit LSB relocatable, ARM aarch64, version 1 (SYSV), BuildID[sha1]=cfd5330185a502fb926dee8faf863d1a5a932e40, not stripped
lib/modules/5.10.0-23-arm64/kernel/drivers/memstick/host/jmb38x_ms.ko	ELF 64-bit LSB relocatable, ARM aarch64, version 1 (SYSV), BuildID[sha1]=e0e2b5d75b2586146a6994aa2a1a257311e96ad9, not stripped
lib/modules/5.10.0-23-arm64/kernel/drivers/memstick/host/r592.ko	ELF 64-bit LSB relocatable, ARM aarch64, version 1 (SYSV), BuildID[sha1]=ed24c9122d959e1c15c80a204da53ea33411ce0c, not stripped
lib/modules/5.10.0-23-arm64/kernel/drivers/gpio/gpio-moxtet.ko	ELF 64-bit LSB relocatable, ARM aarch64, version 1 (SYSV), BuildID[sha1]=c51072a627d5f1cb63ab2483cad81bef255a3613, not stripped
lib/modules/5.10.0-23-arm64/kernel/drivers/gpio/gpio-exar.ko	ELF 64-bit LSB relocatable, ARM aarch64, version 1 (SYSV), BuildID[sha1]=35164bd021b050d0f0e9a1dd8b9996357f327437, not stripped
lib/modules/5.10.0-23-arm64/kernel/drivers/gpio/gpio-pcie-idio-24.ko	ELF 64-bit LSB relocatable, ARM aarch64, version 1 (SYSV), BuildID[sha1]=5cb88c5b78dee980fdc9bae5d337d39371ff8ebd, not stripped
lib/modules/5.10.0-23-arm64/kernel/drivers/gpio/gpio-regmap.ko	ELF 64-bit LSB relocatable, ARM aarch64, version 1 (SYSV), BuildID[sha1]=74f83120676f6d2423bbed38380685c80135f9e9, not stripped
lib/modules/5.10.0-23-arm64/kernel/drivers/gpio/gpio-zynq.ko	ELF 64-bit LSB relocatable, ARM aarch64, version 1 (SYSV), BuildID[sha1]=5500dd118e5e6681509152fe051cba57e2ffa563, not stripped
lib/modules/5.10.0-23-arm64/kernel/drivers/gpio/gpio-pci-idio-16.ko	ELF 64-bit LSB relocatable, ARM aarch64, version 1 (SYSV), BuildID[sha1]=313f773fa900575d73ce0187edac1520e1c2b87a, not stripped
lib/modules/5.10.0-23-arm64/kernel/drivers/gpio/gpio-xgene-sb.ko	ELF 64-bit LSB relocatable, ARM aarch64, version 1 (SYSV), BuildID[sha1]=68bffba3fa97e19b2b0281be235ab73c4c8a1960, not stripped
lib/modules/5.10.0-23-arm64/kernel/drivers/gpio/gpio-mb86s7x.ko	ELF 64-bit LSB relocatable, ARM aarch64, version 1 (SYSV), BuildID[sha1]=98969bd9ac98eb43f88c9ae1a405ac417a53c519, not stripped
lib/modules/5.10.0-23-arm64/kernel/drivers/gpio/gpio-viperboard.ko	ELF 64-bit LSB relocatable, ARM aarch64, version 1 (SYSV), BuildID[sha1]=5ca979098b7e4a257eb8b6728dbcc4f0a2c1dd4c, not stripped
lib/modules/5.10.0-23-arm64/kernel/drivers/gpio/gpio-sl28cpld.ko	ELF 64-bit LSB relocatable, ARM aarch64, version 1 (SYSV), BuildID[sha1]=cb901cd17e53606271e8144d7e904275543911ba, not stripped
lib/modules/5.10.0-23-arm64/kernel/drivers/mailbox/armada-37xx-rwtm-mailbox.ko	ELF 64-bit LSB relocatable, ARM aarch64, version 1 (SYSV), BuildID[sha1]=fb1b4a0a53d6b22d441658b287a0d4acf7dec8d6, not stripped
lib/modules/5.10.0-23-arm64/kernel/drivers/mailbox/qcom-apcs-ipc-mailbox.ko	ELF 64-bit LSB relocatable, ARM aarch64, version 1 (SYSV), BuildID[sha1]=49b38679a9200d2d9906a80957b6577755d26094, not stripped
lib/modules/5.10.0-23-arm64/kernel/drivers/mailbox/imx-mailbox.ko	ELF 64-bit LSB relocatable, ARM aarch64, version 1 (SYSV), BuildID[sha1]=b00ae80a5bedba13833109f4a174bc26505dd6fb, not stripped
lib/modules/5.10.0-23-arm64/kernel/drivers/mailbox/mailbox-xgene-slimpro.ko	ELF 64-bit LSB relocatable, ARM aarch64, version 1 (SYSV), BuildID[sha1]=4c5e15a9352ba597902d00d8ec5c6554fc5afd94, not stripped
lib/modules/5.10.0-23-arm64/kernel/drivers/char/hw_random/virtio-rng.ko	ELF 64-bit LSB relocatable, ARM aarch64, version 1 (SYSV), BuildID[sha1]=64f6a08fb82ae115573339193286c25f55acde49, not stripped
lib/modules/5.10.0-23-arm64/kernel/drivers/char/hw_random/hisi-rng.ko	ELF 64-bit LSB relocatable, ARM aarch64, version 1 (SYSV), BuildID[sha1]=5f5c3c7d49b29e41594467e58ffdba8b65a7c5a0, not stripped
lib/modules/5.10.0-23-arm64/kernel/drivers/char/hw_random/optee-rng.ko	ELF 64-bit LSB relocatable, ARM aarch64, version 1 (SYSV), BuildID[sha1]=435b5df0114755f3f75897cf8362bb43f340232b, not stripped
lib/modules/5.10.0-23-arm64/kernel/drivers/char/hw_random/cavium-rng-vf.ko	ELF 64-bit LSB relocatable, ARM aarch64, version 1 (SYSV), BuildID[sha1]=b44e1d5cf987a627b77f09a61966d90d17c68931, not stripped
lib/modules/5.10.0-23-arm64/kernel/drivers/char/hw_random/rng-core.ko	ELF 64-bit LSB relocatable, ARM aarch64, version 1 (SYSV), BuildID[sha1]=558a79a657a3b3250b0edadf4647b9b0e3269a44, not stripped
lib/modules/5.10.0-23-arm64/kernel/drivers/char/hw_random/iproc-rng200.ko	ELF 64-bit LSB relocatable, ARM aarch64, version 1 (SYSV), BuildID[sha1]=a71e79444e696c5e7d349ca4c490476fe1dc8fd0, not stripped
lib/modules/5.10.0-23-arm64/kernel/drivers/char/hw_random/cavium-rng.ko	ELF 64-bit LSB relocatable, ARM aarch64, version 1 (SYSV), BuildID[sha1]=7db03fb26b60aefa0e6b2d02f58f0abf3f290eac, not stripped
lib/modules/5.10.0-23-arm64/kernel/drivers/char/hw_random/bcm2835-rng.ko	ELF 64-bit LSB relocatable, ARM aarch64, version 1 (SYSV), BuildID[sha1]=8478dfad6b0402e51b06c82c48072fdae045f984, not stripped
lib/modules/5.10.0-23-arm64/kernel/drivers/char/hw_random/omap-rng.ko	ELF 64-bit LSB relocatable, ARM aarch64, version 1 (SYSV), BuildID[sha1]=2ec93f2fb3a8a876a23a252ce4ec88fc39d759e4, not stripped
lib/modules/5.10.0-23-arm64/kernel/drivers/char/hw_random/hisi-trng-v2.ko	ELF 64-bit LSB relocatable, ARM aarch64, version 1 (SYSV), BuildID[sha1]=ceb32af20dd2704a61fd50ac8feb1a31d243b961, not stripped
lib/modules/5.10.0-23-arm64/kernel/drivers/char/hw_random/meson-rng.ko	ELF 64-bit LSB relocatable, ARM aarch64, version 1 (SYSV), BuildID[sha1]=a55d26ab3a5c2301fffe0cdc77241b00474784c1, not stripped
lib/modules/5.10.0-23-arm64/kernel/drivers/char/hw_random/xgene-rng.ko	ELF 64-bit LSB relocatable, ARM aarch64, version 1 (SYSV), BuildID[sha1]=3e0dd8c5bbd3949a9f1ab1e1b3c309b8c3452103, not stripped
lib/modules/5.10.0-23-arm64/kernel/drivers/char/ipmi/ipmi_si.ko	ELF 64-bit LSB relocatable, ARM aarch64, version 1 (SYSV), BuildID[sha1]=21dad0423215f37a06de2aae004b4dab9fbab95f, not stripped
lib/modules/5.10.0-23-arm64/kernel/drivers/char/ipmi/ipmi_msghandler.ko	ELF 64-bit LSB relocatable, ARM aarch64, version 1 (SYSV), BuildID[sha1]=496f86babf9f3638a3627b88a24c7316483eadeb, not stripped
lib/modules/5.10.0-23-arm64/kernel/drivers/char/ipmi/ipmi_ssif.ko	ELF 64-bit LSB relocatable, ARM aarch64, version 1 (SYSV), BuildID[sha1]=e5721ed34e48076e4833ecf99d6c37e64dcd4443, not stripped
lib/modules/5.10.0-23-arm64/kernel/drivers/char/ipmi/ipmi_devintf.ko	ELF 64-bit LSB relocatable, ARM aarch64, version 1 (SYSV), BuildID[sha1]=da6c2cd4282f550afcfafb7e1accc3ce14691f97, not stripped
lib/modules/5.10.0-23-arm64/kernel/drivers/char/ipmi/ipmi_poweroff.ko	ELF 64-bit LSB relocatable, ARM aarch64, version 1 (SYSV), BuildID[sha1]=582500ab7fbae98ffb08ec475028a12d1e1e9670, not stripped
lib/modules/5.10.0-23-arm64/kernel/drivers/char/ipmi/ipmi_watchdog.ko	ELF 64-bit LSB relocatable, ARM aarch64, version 1 (SYSV), BuildID[sha1]=508f61cd437b5839eb39b65e995c9ef3d1033d04, not stripped
lib/modules/5.10.0-23-arm64/kernel/drivers/char/virtio_console.ko	ELF 64-bit LSB relocatable, ARM aarch64, version 1 (SYSV), BuildID[sha1]=96bcd3ddbfcc109f2ccee0b2fd069945715479aa, not stripped
lib/modules/5.10.0-23-arm64/kernel/drivers/char/ttyprintk.ko	ELF 64-bit LSB relocatable, ARM aarch64, version 1 (SYSV), BuildID[sha1]=10b4ca7dbea60165d9ce47c4872c1db53acabe27, not stripped
lib/modules/5.10.0-23-arm64/kernel/drivers/char/tpm/tpm_vtpm_proxy.ko	ELF 64-bit LSB relocatable, ARM aarch64, version 1 (SYSV), BuildID[sha1]=26f24aa2ed5e3e3910a44d340335169f2cef8db0, not stripped
lib/modules/5.10.0-23-arm64/kernel/drivers/char/tpm/tpm_i2c_infineon.ko	ELF 64-bit LSB relocatable, ARM aarch64, version 1 (SYSV), BuildID[sha1]=b1b77beb5565a4ddac98842d372d054e850ce0ff, not stripped
lib/modules/5.10.0-23-arm64/kernel/drivers/char/tpm/tpm_tis_spi.ko	ELF 64-bit LSB relocatable, ARM aarch64, version 1 (SYSV), BuildID[sha1]=2aaee5875a97af6bd4ea5ee80a0e2de47fb2c6f9, not stripped
lib/modules/5.10.0-23-arm64/kernel/drivers/char/tpm/tpm.ko	ELF 64-bit LSB relocatable, ARM aarch64, version 1 (SYSV), BuildID[sha1]=a70777ec0b3c98132fb48c92e1d3288e7f974541, not stripped
lib/modules/5.10.0-23-arm64/kernel/drivers/char/tpm/tpm_tis_core.ko	ELF 64-bit LSB relocatable, ARM aarch64, version 1 (SYSV), BuildID[sha1]=30033f322a60864a6fcb06aeaaee0445a99faa99, not stripped
lib/modules/5.10.0-23-arm64/kernel/drivers/ptp/ptp-qoriq.ko	ELF 64-bit LSB relocatable, ARM aarch64, version 1 (SYSV), BuildID[sha1]=f20561371b7076447cce38625f1cc9ca1ea34814, not stripped
lib/modules/5.10.0-23-arm64/kernel/drivers/ptp/ptp.ko	ELF 64-bit LSB relocatable, ARM aarch64, version 1 (SYSV), BuildID[sha1]=bfb57d4623badbf90561b84f30e48119d99a7f54, not stripped
lib/modules/5.10.0-23-arm64/kernel/drivers/leds/leds-dac124s085.ko	ELF 64-bit LSB relocatable, ARM aarch64, version 1 (SYSV), BuildID[sha1]=2753347ad945eb63d08c21d1fbfe341de995933a, not stripped
lib/modules/5.10.0-23-arm64/kernel/drivers/leds/leds-bd2802.ko	ELF 64-bit LSB relocatable, ARM aarch64, version 1 (SYSV), BuildID[sha1]=775a49b39c506f6b8a0458345f13df99807493ec, not stripped
lib/modules/5.10.0-23-arm64/kernel/drivers/leds/leds-pwm.ko	ELF 64-bit LSB relocatable, ARM aarch64, version 1 (SYSV), BuildID[sha1]=5fd35f7bcaf988afeb3409e7b3b472509ac8b4d0, not stripped
lib/modules/5.10.0-23-arm64/kernel/drivers/leds/leds-gpio.ko	ELF 64-bit LSB relocatable, ARM aarch64, version 1 (SYSV), BuildID[sha1]=1048613512c7b0d4105a29053602312489c8c330, not stripped
lib/modules/5.10.0-23-arm64/kernel/drivers/leds/leds-lp3944.ko	ELF 64-bit LSB relocatable, ARM aarch64, version 1 (SYSV), BuildID[sha1]=8dc5cdf3a607df0a3d98e4ccc983b865bc2d60ce, not stripped
lib/modules/5.10.0-23-arm64/kernel/drivers/leds/trigger/ledtrig-pattern.ko	ELF 64-bit LSB relocatable, ARM aarch64, version 1 (SYSV), BuildID[sha1]=0df4981d4104aee929af281ded55e130a16759d0, not stripped
lib/modules/5.10.0-23-arm64/kernel/drivers/leds/trigger/ledtrig-gpio.ko	ELF 64-bit LSB relocatable, ARM aarch64, version 1 (SYSV), BuildID[sha1]=0ccac1b8480c58e6e79f54e9ded5e52eb3cda910, not stripped
lib/modules/5.10.0-23-arm64/kernel/drivers/leds/trigger/ledtrig-default-on.ko	ELF 64-bit LSB relocatable, ARM aarch64, version 1 (SYSV), BuildID[sha1]=602c967efb12fd98af1b9f3ae159cc97522bce75, not stripped
lib/modules/5.10.0-23-arm64/kernel/drivers/leds/trigger/ledtrig-timer.ko	ELF 64-bit LSB relocatable, ARM aarch64, version 1 (SYSV), BuildID[sha1]=7857dc160958255f413a7404758efd492ed0d99f, not stripped
lib/modules/5.10.0-23-arm64/kernel/drivers/leds/trigger/ledtrig-netdev.ko	ELF 64-bit LSB relocatable, ARM aarch64, version 1 (SYSV), BuildID[sha1]=81b6106bd3eaae72c191c0d850a614e82ad12417, not stripped
lib/modules/5.10.0-23-arm64/kernel/drivers/leds/trigger/ledtrig-camera.ko	ELF 64-bit LSB relocatable, ARM aarch64, version 1 (SYSV), BuildID[sha1]=2e32c2d94f06ffba5dcc7c72635f50e0c7827dc8, not stripped
lib/modules/5.10.0-23-arm64/kernel/drivers/leds/trigger/ledtrig-transient.ko	ELF 64-bit LSB relocatable, ARM aarch64, version 1 (SYSV), BuildID[sha1]=8c00152398f36431c5081a609a14e8eb0a2ef829, not stripped
lib/modules/5.10.0-23-arm64/kernel/drivers/leds/trigger/ledtrig-oneshot.ko	ELF 64-bit LSB relocatable, ARM aarch64, version 1 (SYSV), BuildID[sha1]=903523bb5bb5e1bca07b567447ff92d5f9f497b0, not stripped
lib/modules/5.10.0-23-arm64/kernel/drivers/leds/trigger/ledtrig-activity.ko	ELF 64-bit LSB relocatable, ARM aarch64, version 1 (SYSV), BuildID[sha1]=a65cac2493ea98732581a7df818c7e071c689a17, not stripped
lib/modules/5.10.0-23-arm64/kernel/drivers/leds/trigger/ledtrig-heartbeat.ko	ELF 64-bit LSB relocatable, ARM aarch64, version 1 (SYSV), BuildID[sha1]=fb09e84890149db6bfc55effff8d08674b006817, not stripped
lib/modules/5.10.0-23-arm64/kernel/drivers/leds/trigger/ledtrig-audio.ko	ELF 64-bit LSB relocatable, ARM aarch64, version 1 (SYSV), BuildID[sha1]=b8390283c796fcd491671c41d1d233cfe67dff0c, not stripped
lib/modules/5.10.0-23-arm64/kernel/drivers/leds/trigger/ledtrig-backlight.ko	ELF 64-bit LSB relocatable, ARM aarch64, version 1 (SYSV), BuildID[sha1]=7d71ac747f024d7930522fb2acf5def541867bea, not stripped
lib/modules/5.10.0-23-arm64/kernel/drivers/leds/leds-pca955x.ko	ELF 64-bit LSB relocatable, ARM aarch64, version 1 (SYSV), BuildID[sha1]=80798684f7189afd80b4b6cde4d36db381b9a57e, not stripped
lib/modules/5.10.0-23-arm64/kernel/drivers/leds/leds-lt3593.ko	ELF 64-bit LSB relocatable, ARM aarch64, version 1 (SYSV), BuildID[sha1]=526d615dc44e87325d6a9eb4dca201e8c33ff14a, not stripped
lib/modules/5.10.0-23-arm64/kernel/drivers/leds/leds-regulator.ko	ELF 64-bit LSB relocatable, ARM aarch64, version 1 (SYSV), BuildID[sha1]=d4759115f755fadb888f74702bd459bdd1ed6b8b, not stripped
lib/modules/5.10.0-23-arm64/kernel/drivers/scsi/sg.ko	ELF 64-bit LSB relocatable, ARM aarch64, version 1 (SYSV), BuildID[sha1]=ec67965b2bd9809f66e1ab9b8fb7cc1492d4b67a, not stripped
lib/modules/5.10.0-23-arm64/kernel/drivers/scsi/3w-sas.ko	ELF 64-bit LSB relocatable, ARM aarch64, version 1 (SYSV), BuildID[sha1]=d5638edff439146d038a3546f6999021782623db, not stripped
lib/modules/5.10.0-23-arm64/kernel/drivers/scsi/fcoe/fcoe.ko	ELF 64-bit LSB relocatable, ARM aarch64, version 1 (SYSV), BuildID[sha1]=6292c876dd6ca36b7d511e66a6c59d038ecda9db, not stripped
lib/modules/5.10.0-23-arm64/kernel/drivers/scsi/fcoe/libfcoe.ko	ELF 64-bit LSB relocatable, ARM aarch64, version 1 (SYSV), BuildID[sha1]=ea675e9a4f5e51b719faf67ac704a46cb9ebe0c4, not stripped
lib/modules/5.10.0-23-arm64/kernel/drivers/scsi/pmcraid.ko	ELF 64-bit LSB relocatable, ARM aarch64, version 1 (SYSV), BuildID[sha1]=bee41000ff18eb9dfb853e9923b694953ccc444a, not stripped
lib/modules/5.10.0-23-arm64/kernel/drivers/scsi/st.ko	ELF 64-bit LSB relocatable, ARM aarch64, version 1 (SYSV), BuildID[sha1]=06b3d83f2061d4c1030c5ed9637788949ae805dd, not stripped
lib/modules/5.10.0-23-arm64/kernel/drivers/scsi/cxgbi/cxgb4i/cxgb4i.ko	ELF 64-bit LSB relocatable, ARM aarch64, version 1 (SYSV), BuildID[sha1]=f4e6bcf41d3b1c24fb444413d76d621c3cb35891, not stripped
lib/modules/5.10.0-23-arm64/kernel/drivers/scsi/cxgbi/cxgb3i/cxgb3i.ko	ELF 64-bit LSB relocatable, ARM aarch64, version 1 (SYSV), BuildID[sha1]=f0af30fd9552c26b73eff87c7a59b812b1ce3bb3, not stripped
lib/modules/5.10.0-23-arm64/kernel/drivers/scsi/cxgbi/libcxgbi.ko	ELF 64-bit LSB relocatable, ARM aarch64, version 1 (SYSV), BuildID[sha1]=79a5d50abdccd015b8f6f49777d5956a415e6ab7, not stripped
lib/modules/5.10.0-23-arm64/kernel/drivers/scsi/device_handler/scsi_dh_hp_sw.ko	ELF 64-bit LSB relocatable, ARM aarch64, version 1 (SYSV), BuildID[sha1]=4f4f94e5630082f04d270564a623f8d4fef8204d, not stripped
lib/modules/5.10.0-23-arm64/kernel/drivers/scsi/device_handler/scsi_dh_rdac.ko	ELF 64-bit LSB relocatable, ARM aarch64, version 1 (SYSV), BuildID[sha1]=15888f802d2d3b319561b78d00d95377f3dc74f1, not stripped
lib/modules/5.10.0-23-arm64/kernel/drivers/scsi/device_handler/scsi_dh_alua.ko	ELF 64-bit LSB relocatable, ARM aarch64, version 1 (SYSV), BuildID[sha1]=9abc4da5ddfe411685a08d14403dc12750e8e700, not stripped
lib/modules/5.10.0-23-arm64/kernel/drivers/scsi/device_handler/scsi_dh_emc.ko	ELF 64-bit LSB relocatable, ARM aarch64, version 1 (SYSV), BuildID[sha1]=37123785b2fac796ebd11edf49ff591213e4cad2, not stripped
lib/modules/5.10.0-23-arm64/kernel/drivers/scsi/scsi_mod.ko	ELF 64-bit LSB relocatable, ARM aarch64, version 1 (SYSV), BuildID[sha1]=10dee3edd3d2cfac3c28dfbfea7f2926b5e7f1c8, not stripped
lib/modules/5.10.0-23-arm64/kernel/drivers/scsi/libsas/libsas.ko	ELF 64-bit LSB relocatable, ARM aarch64, version 1 (SYSV), BuildID[sha1]=9e9c415abb829a3cfff869d7d99cc486f08ce946, not stripped
lib/modules/5.10.0-23-arm64/kernel/drivers/scsi/stex.ko	ELF 64-bit LSB relocatable, ARM aarch64, version 1 (SYSV), BuildID[sha1]=d372916a1548e147d128ca2769f1f6fb94170124, not stripped
lib/modules/5.10.0-23-arm64/kernel/drivers/scsi/scsi_transport_srp.ko	ELF 64-bit LSB relocatable, ARM aarch64, version 1 (SYSV), BuildID[sha1]=87c710f2eea0dc6d88618e3ffda4597803114915, not stripped
lib/modules/5.10.0-23-arm64/kernel/drivers/scsi/wd719x.ko	ELF 64-bit LSB relocatable, ARM aarch64, version 1 (SYSV), BuildID[sha1]=a0aa9e97d10435d67abd8707b1bea4a973f120cd, not stripped
lib/modules/5.10.0-23-arm64/kernel/drivers/scsi/iscsi_boot_sysfs.ko	ELF 64-bit LSB relocatable, ARM aarch64, version 1 (SYSV), BuildID[sha1]=6e26c2106b25d050050fe511bd3e32463dfe7a13, not stripped
lib/modules/5.10.0-23-arm64/kernel/drivers/scsi/lpfc/lpfc.ko	ELF 64-bit LSB relocatable, ARM aarch64, version 1 (SYSV), BuildID[sha1]=6b4caff4b397b5bff07b15fe5dc81ccc588ccfbc, not stripped
lib/modules/5.10.0-23-arm64/kernel/drivers/scsi/mvsas/mvsas.ko	ELF 64-bit LSB relocatable, ARM aarch64, version 1 (SYSV), BuildID[sha1]=5f0cb1142759b41f7e665028ec384bfb75ba24f7, not stripped
lib/modules/5.10.0-23-arm64/kernel/drivers/scsi/mvumi.ko	ELF 64-bit LSB relocatable, ARM aarch64, version 1 (SYSV), BuildID[sha1]=d99cc625ce6867450749311b2fcf258994bb17d8, not stripped
lib/modules/5.10.0-23-arm64/kernel/drivers/scsi/advansys.ko	ELF 64-bit LSB relocatable, ARM aarch64, version 1 (SYSV), BuildID[sha1]=7a80c1f23d6a5dca9ce4a6be2b488663b339d4f0, not stripped
lib/modules/5.10.0-23-arm64/kernel/drivers/scsi/bnx2i/bnx2i.ko	ELF 64-bit LSB relocatable, ARM aarch64, version 1 (SYSV), BuildID[sha1]=9a206db23fad96b1e2f95234623b984f4508e8dc, not stripped
lib/modules/5.10.0-23-arm64/kernel/drivers/scsi/libiscsi.ko	ELF 64-bit LSB relocatable, ARM aarch64, version 1 (SYSV), BuildID[sha1]=06c73593d4a5a2abca7f4c9ee82dc206a1cc1574, not stripped
lib/modules/5.10.0-23-arm64/kernel/drivers/scsi/scsi_transport_iscsi.ko	ELF 64-bit LSB relocatable, ARM aarch64, version 1 (SYSV), BuildID[sha1]=32518a43ee8d2fb19056e61a932884ef14ab83da, not stripped
lib/modules/5.10.0-23-arm64/kernel/drivers/scsi/scsi_transport_sas.ko	ELF 64-bit LSB relocatable, ARM aarch64, version 1 (SYSV), BuildID[sha1]=74f36cb1419b78e407cb15fe5e718e63d9de436b, not stripped
lib/modules/5.10.0-23-arm64/kernel/drivers/scsi/bfa/bfa.ko	ELF 64-bit LSB relocatable, ARM aarch64, version 1 (SYSV), BuildID[sha1]=9f66392d547ffbf8c505fd354b91f81e04fd7039, not stripped
lib/modules/5.10.0-23-arm64/kernel/drivers/scsi/hptiop.ko	ELF 64-bit LSB relocatable, ARM aarch64, version 1 (SYSV), BuildID[sha1]=e5021c7965dd21b5da94ca20f2a21963cc4307e2, not stripped
lib/modules/5.10.0-23-arm64/kernel/drivers/scsi/scsi_transport_spi.ko	ELF 64-bit LSB relocatable, ARM aarch64, version 1 (SYSV), BuildID[sha1]=19624539f1d2f00ce2f2e33f7e8e0de22c46bce7, not stripped
lib/modules/5.10.0-23-arm64/kernel/drivers/scsi/aic94xx/aic94xx.ko	ELF 64-bit LSB relocatable, ARM aarch64, version 1 (SYSV), BuildID[sha1]=e81829107296421b9f80497feed59b14c85426ef, not stripped
lib/modules/5.10.0-23-arm64/kernel/drivers/scsi/aic7xxx/aic7xxx.ko	ELF 64-bit LSB relocatable, ARM aarch64, version 1 (SYSV), BuildID[sha1]=e6afdd913b9713b4b9d88ec0bb1f3ac45435f29a, not stripped
lib/modules/5.10.0-23-arm64/kernel/drivers/scsi/aic7xxx/aic79xx.ko	ELF 64-bit LSB relocatable, ARM aarch64, version 1 (SYSV), BuildID[sha1]=d6fb00b29679ae2e474aa10dc2560ceeec05f55a, not stripped
lib/modules/5.10.0-23-arm64/kernel/drivers/scsi/be2iscsi/be2iscsi.ko	ELF 64-bit LSB relocatable, ARM aarch64, version 1 (SYSV), BuildID[sha1]=48466d3e6e20fc23aa1a0fc174c0b9e3c1c618cd, not stripped
lib/modules/5.10.0-23-arm64/kernel/drivers/scsi/ses.ko	ELF 64-bit LSB relocatable, ARM aarch64, version 1 (SYSV), BuildID[sha1]=5f61e19c828abeddf80184377a19ab4f5c178738, not stripped
lib/modules/5.10.0-23-arm64/kernel/drivers/scsi/snic/snic.ko	ELF 64-bit LSB relocatable, ARM aarch64, version 1 (SYSV), BuildID[sha1]=df3f20366ab89bfa17df27c10b3f2b3ac706637e, not stripped
lib/modules/5.10.0-23-arm64/kernel/drivers/scsi/3w-9xxx.ko	ELF 64-bit LSB relocatable, ARM aarch64, version 1 (SYSV), BuildID[sha1]=0b767345bcfcd2fcd184624525a5337b9939da20, not stripped
lib/modules/5.10.0-23-arm64/kernel/drivers/scsi/hpsa.ko	ELF 64-bit LSB relocatable, ARM aarch64, version 1 (SYSV), BuildID[sha1]=21a9f72effebb998de0b9d772fd110e73d3ecd71, not stripped
lib/modules/5.10.0-23-arm64/kernel/drivers/scsi/sr_mod.ko	ELF 64-bit LSB relocatable, ARM aarch64, version 1 (SYSV), BuildID[sha1]=b1cd0726aafd713d3eac2d59f8358b2988814904, not stripped
lib/modules/5.10.0-23-arm64/kernel/drivers/scsi/aacraid/aacraid.ko	ELF 64-bit LSB relocatable, ARM aarch64, version 1 (SYSV), BuildID[sha1]=40c00f20738061f3ad442b220c5d9e2de107f6e1, not stripped
lib/modules/5.10.0-23-arm64/kernel/drivers/scsi/iscsi_tcp.ko	ELF 64-bit LSB relocatable, ARM aarch64, version 1 (SYSV), BuildID[sha1]=ec101d3f91f5457c50c6104baca02e57023458b4, not stripped
lib/modules/5.10.0-23-arm64/kernel/drivers/scsi/bnx2fc/bnx2fc.ko	ELF 64-bit LSB relocatable, ARM aarch64, version 1 (SYSV), BuildID[sha1]=097403d8fb14c15c0ac2c2b7d2f3ba43e3e3a231, not stripped
lib/modules/5.10.0-23-arm64/kernel/drivers/scsi/xen-scsifront.ko	ELF 64-bit LSB relocatable, ARM aarch64, version 1 (SYSV), BuildID[sha1]=819b449f619cb53c489b8b4a035bd8d027298f94, not stripped
lib/modules/5.10.0-23-arm64/kernel/drivers/scsi/ch.ko	ELF 64-bit LSB relocatable, ARM aarch64, version 1 (SYSV), BuildID[sha1]=73bc5a2d73f3d0ed23a2ef73d4fd63d2565d37b7, not stripped
lib/modules/5.10.0-23-arm64/kernel/drivers/scsi/libiscsi_tcp.ko	ELF 64-bit LSB relocatable, ARM aarch64, version 1 (SYSV), BuildID[sha1]=54398ead09debb7f3db766a3f646726ed69de9e4, not stripped
lib/modules/5.10.0-23-arm64/kernel/drivers/scsi/mpt3sas/mpt3sas.ko	ELF 64-bit LSB relocatable, ARM aarch64, version 1 (SYSV), BuildID[sha1]=1e3cb34070922a1eaf05e3f17f5f503f2758bc55, not stripped
lib/modules/5.10.0-23-arm64/kernel/drivers/scsi/qla2xxx/tcm_qla2xxx.ko	ELF 64-bit LSB relocatable, ARM aarch64, version 1 (SYSV), BuildID[sha1]=d7846325f8d95399eb69a2916d403001fbc56379, not stripped
lib/modules/5.10.0-23-arm64/kernel/drivers/scsi/qla2xxx/qla2xxx.ko	ELF 64-bit LSB relocatable, ARM aarch64, version 1 (SYSV), BuildID[sha1]=fe3b46fbefa44107e6b04ec8af5459e8c2f4a05c, not stripped
lib/modules/5.10.0-23-arm64/kernel/drivers/scsi/libfc/libfc.ko	ELF 64-bit LSB relocatable, ARM aarch64, version 1 (SYSV), BuildID[sha1]=3c789d4b411d3043e773d3f2e42242585ef1606c, not stripped
lib/modules/5.10.0-23-arm64/kernel/drivers/scsi/hisi_sas/hisi_sas_v1_hw.ko	ELF 64-bit LSB relocatable, ARM aarch64, version 1 (SYSV), BuildID[sha1]=86b7f5f928d4f098aa2bb5d4210b758408b1d7ef, not stripped
lib/modules/5.10.0-23-arm64/kernel/drivers/scsi/hisi_sas/hisi_sas_main.ko	ELF 64-bit LSB relocatable, ARM aarch64, version 1 (SYSV), BuildID[sha1]=e3831f9c2176068ce17c627ca457f88917e95471, not stripped
lib/modules/5.10.0-23-arm64/kernel/drivers/scsi/hisi_sas/hisi_sas_v2_hw.ko	ELF 64-bit LSB relocatable, ARM aarch64, version 1 (SYSV), BuildID[sha1]=3bc5615f0075ece27c58e8edf27d5251eb014206, not stripped
lib/modules/5.10.0-23-arm64/kernel/drivers/scsi/hisi_sas/hisi_sas_v3_hw.ko	ELF 64-bit LSB relocatable, ARM aarch64, version 1 (SYSV), BuildID[sha1]=c63c6aea05dece90e02a3338210341b3d3690a66, not stripped
lib/modules/5.10.0-23-arm64/kernel/drivers/scsi/sd_mod.ko	ELF 64-bit LSB relocatable, ARM aarch64, version 1 (SYSV), BuildID[sha1]=34043f0018370b2565a5e24766dbedbfd56f45b3, not stripped
lib/modules/5.10.0-23-arm64/kernel/drivers/scsi/scsi_transport_fc.ko	ELF 64-bit LSB relocatable, ARM aarch64, version 1 (SYSV), BuildID[sha1]=868fff49d25c6cde8d11877d3c871ed51d35ec41, not stripped
lib/modules/5.10.0-23-arm64/kernel/drivers/scsi/sym53c8xx_2/sym53c8xx.ko	ELF 64-bit LSB relocatable, ARM aarch64, version 1 (SYSV), BuildID[sha1]=291b692ac93e6c43ec0dda5c5a42e71846e49a6f, not stripped
lib/modules/5.10.0-23-arm64/kernel/drivers/scsi/dmx3191d.ko	ELF 64-bit LSB relocatable, ARM aarch64, version 1 (SYSV), BuildID[sha1]=0df1cbb177403396c3b9645a0a1f700f25e04532, not stripped
lib/modules/5.10.0-23-arm64/kernel/drivers/scsi/atp870u.ko	ELF 64-bit LSB relocatable, ARM aarch64, version 1 (SYSV), BuildID[sha1]=d235808df60f6bc1d1f6a1a60e00abab288873c0, not stripped
lib/modules/5.10.0-23-arm64/kernel/drivers/scsi/qedi/qedi.ko	ELF 64-bit LSB relocatable, ARM aarch64, version 1 (SYSV), BuildID[sha1]=e2ab4da5c600d372185d8eb637e2ae8f599f459b, not stripped
lib/modules/5.10.0-23-arm64/kernel/drivers/scsi/csiostor/csiostor.ko	ELF 64-bit LSB relocatable, ARM aarch64, version 1 (SYSV), BuildID[sha1]=26ceb0176a4d6d8189fd348a4fda1b66be0cdddc, not stripped
lib/modules/5.10.0-23-arm64/kernel/drivers/scsi/virtio_scsi.ko	ELF 64-bit LSB relocatable, ARM aarch64, version 1 (SYSV), BuildID[sha1]=cc0f9735ed92f2349232ba04c74db0c6b98c9ab4, not stripped
lib/modules/5.10.0-23-arm64/kernel/drivers/scsi/megaraid/megaraid_sas.ko	ELF 64-bit LSB relocatable, ARM aarch64, version 1 (SYSV), BuildID[sha1]=e25bc509646400c25ea798b05216c198c56e5525, not stripped
lib/modules/5.10.0-23-arm64/kernel/drivers/scsi/3w-xxxx.ko	ELF 64-bit LSB relocatable, ARM aarch64, version 1 (SYSV), BuildID[sha1]=c3942a155181ddef3c808a89fda12226124683ad, not stripped
lib/modules/5.10.0-23-arm64/kernel/drivers/scsi/ufs/ufshcd-core.ko	ELF 64-bit LSB relocatable, ARM aarch64, version 1 (SYSV), BuildID[sha1]=23c087668398fa525eecbe1cd72a53dd8937fb9b, not stripped
lib/modules/5.10.0-23-arm64/kernel/drivers/scsi/ufs/ufshcd-pci.ko	ELF 64-bit LSB relocatable, ARM aarch64, version 1 (SYSV), BuildID[sha1]=06d7573145565e280d3701f21a3ef21121c189bc, not stripped
lib/modules/5.10.0-23-arm64/kernel/drivers/scsi/qla4xxx/qla4xxx.ko	ELF 64-bit LSB relocatable, ARM aarch64, version 1 (SYSV), BuildID[sha1]=5dffb423ec01f7f7eb642ee54a043a3ff0516f05, not stripped
lib/modules/5.10.0-23-arm64/kernel/drivers/scsi/qedf/qedf.ko	ELF 64-bit LSB relocatable, ARM aarch64, version 1 (SYSV), BuildID[sha1]=4bfdfc606505d0ec01068144a9a44f4b439f5de7, not stripped
lib/modules/5.10.0-23-arm64/kernel/drivers/scsi/esas2r/esas2r.ko	ELF 64-bit LSB relocatable, ARM aarch64, version 1 (SYSV), BuildID[sha1]=83474d6779e1cc00857caf983a387981793a2a93, not stripped
lib/modules/5.10.0-23-arm64/kernel/drivers/scsi/smartpqi/smartpqi.ko	ELF 64-bit LSB relocatable, ARM aarch64, version 1 (SYSV), BuildID[sha1]=23804b3b85fa71ee48a0b871023038702ed39568, not stripped
lib/modules/5.10.0-23-arm64/kernel/drivers/scsi/pm8001/pm80xx.ko	ELF 64-bit LSB relocatable, ARM aarch64, version 1 (SYSV), BuildID[sha1]=b36f4f9272a4e4e0a8b5b7be41f27d5f7d6b4219, not stripped
lib/modules/5.10.0-23-arm64/kernel/drivers/scsi/raid_class.ko	ELF 64-bit LSB relocatable, ARM aarch64, version 1 (SYSV), BuildID[sha1]=f4932147c46a03b633ece4d06128c7c42b3d0bfd, not stripped
lib/modules/5.10.0-23-arm64/kernel/drivers/regulator/gpio-regulator.ko	ELF 64-bit LSB relocatable, ARM aarch64, version 1 (SYSV), BuildID[sha1]=641c9fc2b005d100fd2467af4e4ff1263d6159f9, not stripped
lib/modules/5.10.0-23-arm64/kernel/drivers/regulator/qcom_rpm-regulator.ko	ELF 64-bit LSB relocatable, ARM aarch64, version 1 (SYSV), BuildID[sha1]=c216a5b85876d4d56001a4cb5c3afac05d0a395a, not stripped
lib/modules/5.10.0-23-arm64/kernel/drivers/regulator/pwm-regulator.ko	ELF 64-bit LSB relocatable, ARM aarch64, version 1 (SYSV), BuildID[sha1]=471915f56d9f95bb2b70291460356976dfbe308c, not stripped
lib/modules/5.10.0-23-arm64/kernel/drivers/regulator/fixed.ko	ELF 64-bit LSB relocatable, ARM aarch64, version 1 (SYSV), BuildID[sha1]=3b2d5d92f1637a9ea9f94e91170fa65320b052b7, not stripped
lib/modules/5.10.0-23-arm64/kernel/drivers/regulator/vctrl-regulator.ko	ELF 64-bit LSB relocatable, ARM aarch64, version 1 (SYSV), BuildID[sha1]=83aa1f60a8c63090c3fa01361bec22f50a9690b2, not stripped
lib/modules/5.10.0-23-arm64/kernel/drivers/regulator/fan53555.ko	ELF 64-bit LSB relocatable, ARM aarch64, version 1 (SYSV), BuildID[sha1]=d49dc5529e5f08ff5ce886666277dfd465e33bde, not stripped
lib/modules/5.10.0-23-arm64/kernel/drivers/regulator/rk808-regulator.ko	ELF 64-bit LSB relocatable, ARM aarch64, version 1 (SYSV), BuildID[sha1]=312ba59288529f66c4bf478ae91d5297de8fadea, not stripped
lib/modules/5.10.0-23-arm64/kernel/drivers/regulator/hi655x-regulator.ko	ELF 64-bit LSB relocatable, ARM aarch64, version 1 (SYSV), BuildID[sha1]=410ab443bd680ce4b3359a68913af7a1fdaffe02, not stripped
lib/modules/5.10.0-23-arm64/kernel/drivers/regulator/qcom_spmi-regulator.ko	ELF 64-bit LSB relocatable, ARM aarch64, version 1 (SYSV), BuildID[sha1]=997f95e01ae487f40c0cae89af28d88ae462700e, not stripped
lib/modules/5.10.0-23-arm64/kernel/drivers/regulator/qcom_smd-regulator.ko	ELF 64-bit LSB relocatable, ARM aarch64, version 1 (SYSV), BuildID[sha1]=8bb537303743bdd5913cb0405bd586f46d8d390e, not stripped
lib/modules/5.10.0-23-arm64/kernel/drivers/regulator/axp20x-regulator.ko	ELF 64-bit LSB relocatable, ARM aarch64, version 1 (SYSV), BuildID[sha1]=99cd55697b05ead9113d679152de9f8f93fb9940, not stripped
lib/modules/5.10.0-23-arm64/kernel/drivers/regulator/max77620-regulator.ko	ELF 64-bit LSB relocatable, ARM aarch64, version 1 (SYSV), BuildID[sha1]=7c8b42f1425ef7ac5b6a48446846009ed81a405b, not stripped
lib/modules/5.10.0-23-arm64/kernel/drivers/pinctrl/pinctrl-axp209.ko	ELF 64-bit LSB relocatable, ARM aarch64, version 1 (SYSV), BuildID[sha1]=7b3d05596f4fcc7194e68e2744d0b80bcddcd8d1, not stripped
lib/modules/5.10.0-23-arm64/kernel/drivers/nvme/target/nvmet-tcp.ko	ELF 64-bit LSB relocatable, ARM aarch64, version 1 (SYSV), BuildID[sha1]=8ca844ac51a8604fb251ffdc7e785138b61458ca, not stripped
lib/modules/5.10.0-23-arm64/kernel/drivers/nvme/target/nvmet.ko	ELF 64-bit LSB relocatable, ARM aarch64, version 1 (SYSV), BuildID[sha1]=04dd76d46102b1ae4006f588237991e551f7300c, not stripped
lib/modules/5.10.0-23-arm64/kernel/drivers/nvme/target/nvmet-fc.ko	ELF 64-bit LSB relocatable, ARM aarch64, version 1 (SYSV), BuildID[sha1]=45350a85eec23250bee574030f412fed056c0c5c, not stripped
lib/modules/5.10.0-23-arm64/kernel/drivers/nvme/target/nvmet-rdma.ko	ELF 64-bit LSB relocatable, ARM aarch64, version 1 (SYSV), BuildID[sha1]=c3819dcde23578a004873c5ed2889aadacc04e54, not stripped
lib/modules/5.10.0-23-arm64/kernel/drivers/nvme/host/nvme-tcp.ko	ELF 64-bit LSB relocatable, ARM aarch64, version 1 (SYSV), BuildID[sha1]=8c9f66e1323284cdf544c8ff6c506332c56ad8fd, not stripped
lib/modules/5.10.0-23-arm64/kernel/drivers/nvme/host/nvme.ko	ELF 64-bit LSB relocatable, ARM aarch64, version 1 (SYSV), BuildID[sha1]=11b75033a1bd40eb2ad1ee7310548be0d160304c, not stripped
lib/modules/5.10.0-23-arm64/kernel/drivers/nvme/host/nvme-rdma.ko	ELF 64-bit LSB relocatable, ARM aarch64, version 1 (SYSV), BuildID[sha1]=a67153c7b498729540e7f993550cf77704f4438f, not stripped
lib/modules/5.10.0-23-arm64/kernel/drivers/nvme/host/nvme-fabrics.ko	ELF 64-bit LSB relocatable, ARM aarch64, version 1 (SYSV), BuildID[sha1]=4eccf7ba1e90583844a7ff5adc240513b8ba61c2, not stripped
lib/modules/5.10.0-23-arm64/kernel/drivers/nvme/host/nvme-core.ko	ELF 64-bit LSB relocatable, ARM aarch64, version 1 (SYSV), BuildID[sha1]=01cec02fb96be2872e220a5917446a67423c4a90, not stripped
lib/modules/5.10.0-23-arm64/kernel/drivers/nvme/host/nvme-fc.ko	ELF 64-bit LSB relocatable, ARM aarch64, version 1 (SYSV), BuildID[sha1]=6cf9b0f56bf6cef78ef18422839d742bca5844b6, not stripped
lib/modules/5.10.0-23-arm64/kernel/drivers/iio/proximity/ping.ko	ELF 64-bit LSB relocatable, ARM aarch64, version 1 (SYSV), BuildID[sha1]=76adfa5e1dbeb2a1aa227d09197af8e1378a6599, not stripped
lib/modules/5.10.0-23-arm64/kernel/drivers/iio/proximity/sx9310.ko	ELF 64-bit LSB relocatable, ARM aarch64, version 1 (SYSV), BuildID[sha1]=ad399d8da5fcd5e987249188b23a9a70d71203c1, not stripped
lib/modules/5.10.0-23-arm64/kernel/drivers/iio/proximity/isl29501.ko	ELF 64-bit LSB relocatable, ARM aarch64, version 1 (SYSV), BuildID[sha1]=65d592355f85d480477a10caf6ff367e1a9ca03e, not stripped
lib/modules/5.10.0-23-arm64/kernel/drivers/iio/proximity/mb1232.ko	ELF 64-bit LSB relocatable, ARM aarch64, version 1 (SYSV), BuildID[sha1]=10c10eda4c4bf047940c6a8496181ceda01826da, not stripped
lib/modules/5.10.0-23-arm64/kernel/drivers/iio/proximity/srf08.ko	ELF 64-bit LSB relocatable, ARM aarch64, version 1 (SYSV), BuildID[sha1]=0570d6c04da9134159d47761f383f19e9b56acba, not stripped
lib/modules/5.10.0-23-arm64/kernel/drivers/iio/proximity/vcnl3020.ko	ELF 64-bit LSB relocatable, ARM aarch64, version 1 (SYSV), BuildID[sha1]=52324beac047725fa4488000eb5f3ae245bfe8e6, not stripped
lib/modules/5.10.0-23-arm64/kernel/drivers/iio/proximity/rfd77402.ko	ELF 64-bit LSB relocatable, ARM aarch64, version 1 (SYSV), BuildID[sha1]=33d1d5bbfb673a1aae5e314e30f8f76678f2eccb, not stripped
lib/modules/5.10.0-23-arm64/kernel/drivers/iio/proximity/pulsedlight-lidar-lite-v2.ko	ELF 64-bit LSB relocatable, ARM aarch64, version 1 (SYSV), BuildID[sha1]=95b6a679f1b7c717021a5e55b2ff96971310c7e3, not stripped
lib/modules/5.10.0-23-arm64/kernel/drivers/iio/proximity/srf04.ko	ELF 64-bit LSB relocatable, ARM aarch64, version 1 (SYSV), BuildID[sha1]=fa5ead1c6f8f5c5a3dce028a53e968452da418bd, not stripped
lib/modules/5.10.0-23-arm64/kernel/drivers/iio/proximity/vl53l0x-i2c.ko	ELF 64-bit LSB relocatable, ARM aarch64, version 1 (SYSV), BuildID[sha1]=8aef8a5cb0451096e30939a2117477a08a09e675, not stripped
lib/modules/5.10.0-23-arm64/kernel/drivers/iio/industrialio-triggered-event.ko	ELF 64-bit LSB relocatable, ARM aarch64, version 1 (SYSV), BuildID[sha1]=eaf4a982fa8540f60257854a3aa05786403a4829, not stripped
lib/modules/5.10.0-23-arm64/kernel/drivers/iio/buffer/industrialio-buffer-dmaengine.ko	ELF 64-bit LSB relocatable, ARM aarch64, version 1 (SYSV), BuildID[sha1]=617b2973802baf1f4582a277c981fcf259974ddd, not stripped
lib/modules/5.10.0-23-arm64/kernel/drivers/iio/buffer/industrialio-hw-consumer.ko	ELF 64-bit LSB relocatable, ARM aarch64, version 1 (SYSV), BuildID[sha1]=b1ecead58407ee7e9f9072dbcd996a28fd778af7, not stripped
lib/modules/5.10.0-23-arm64/kernel/drivers/iio/buffer/industrialio-buffer-dma.ko	ELF 64-bit LSB relocatable, ARM aarch64, version 1 (SYSV), BuildID[sha1]=4e90511f21ef63ff4417392d56d4546a126b6bac, not stripped
lib/modules/5.10.0-23-arm64/kernel/drivers/iio/buffer/industrialio-triggered-buffer.ko	ELF 64-bit LSB relocatable, ARM aarch64, version 1 (SYSV), BuildID[sha1]=0cdbf2cb12d847130e8ca65a2b6d495ed01e656a, not stripped
lib/modules/5.10.0-23-arm64/kernel/drivers/iio/buffer/kfifo_buf.ko	ELF 64-bit LSB relocatable, ARM aarch64, version 1 (SYSV), BuildID[sha1]=4c0288adfc1d952727a5750455d1d757702b94b1, not stripped
lib/modules/5.10.0-23-arm64/kernel/drivers/iio/light/acpi-als.ko	ELF 64-bit LSB relocatable, ARM aarch64, version 1 (SYSV), BuildID[sha1]=79ba59094ddc524d2edc4b02fd50366c32f02e6b, not stripped
lib/modules/5.10.0-23-arm64/kernel/drivers/iio/light/si1133.ko	ELF 64-bit LSB relocatable, ARM aarch64, version 1 (SYSV), BuildID[sha1]=fa1a909c0faa17c04623246cda335e5767aa561f, not stripped
lib/modules/5.10.0-23-arm64/kernel/drivers/iio/light/tsl2583.ko	ELF 64-bit LSB relocatable, ARM aarch64, version 1 (SYSV), BuildID[sha1]=6d03ae30e34fadbdd0c7bd031af1db4c77bb0d66, not stripped
lib/modules/5.10.0-23-arm64/kernel/drivers/iio/light/isl29125.ko	ELF 64-bit LSB relocatable, ARM aarch64, version 1 (SYSV), BuildID[sha1]=5b68da4f1de908b6eaa26c3092c7503fe5e57c3c, not stripped
lib/modules/5.10.0-23-arm64/kernel/drivers/iio/light/isl29028.ko	ELF 64-bit LSB relocatable, ARM aarch64, version 1 (SYSV), BuildID[sha1]=737bb590d8e389d51aa368ecd5b9f574986109ef, not stripped
lib/modules/5.10.0-23-arm64/kernel/drivers/iio/light/cm3232.ko	ELF 64-bit LSB relocatable, ARM aarch64, version 1 (SYSV), BuildID[sha1]=a4a9f9a192c96d185d4874f92068d9f6573c6df9, not stripped
lib/modules/5.10.0-23-arm64/kernel/drivers/iio/light/cm32181.ko	ELF 64-bit LSB relocatable, ARM aarch64, version 1 (SYSV), BuildID[sha1]=7f0116a34cc858c7d56f06dc7dedcd6f4cff331a, not stripped
lib/modules/5.10.0-23-arm64/kernel/drivers/iio/light/as73211.ko	ELF 64-bit LSB relocatable, ARM aarch64, version 1 (SYSV), BuildID[sha1]=bc1a8f8aca4f721674c4b315b9d4929816ff7d71, not stripped
lib/modules/5.10.0-23-arm64/kernel/drivers/iio/light/adux1020.ko	ELF 64-bit LSB relocatable, ARM aarch64, version 1 (SYSV), BuildID[sha1]=0d2e3157c4a0bba93c4a16d756bde0b160873e57, not stripped
lib/modules/5.10.0-23-arm64/kernel/drivers/iio/light/pa12203001.ko	ELF 64-bit LSB relocatable, ARM aarch64, version 1 (SYSV), BuildID[sha1]=0c50bcc7fee638a17e8ba0a982bab3f47d7ab298, not stripped
lib/modules/5.10.0-23-arm64/kernel/drivers/iio/light/bh1780.ko	ELF 64-bit LSB relocatable, ARM aarch64, version 1 (SYSV), BuildID[sha1]=f169eb513ba26674e99310ab4c1eb65d978a93da, not stripped
lib/modules/5.10.0-23-arm64/kernel/drivers/iio/light/tsl2772.ko	ELF 64-bit LSB relocatable, ARM aarch64, version 1 (SYSV), BuildID[sha1]=617d28e3e20342337309d35965fc5c6f514f5e99, not stripped
lib/modules/5.10.0-23-arm64/kernel/drivers/iio/light/max44000.ko	ELF 64-bit LSB relocatable, ARM aarch64, version 1 (SYSV), BuildID[sha1]=0b05b4ee1ca769b7e76bf34f9cc91d99f33bcbcf, not stripped
lib/modules/5.10.0-23-arm64/kernel/drivers/iio/light/bh1750.ko	ELF 64-bit LSB relocatable, ARM aarch64, version 1 (SYSV), BuildID[sha1]=d828b534dc1989712e4779208cea752780e607e7, not stripped
lib/modules/5.10.0-23-arm64/kernel/drivers/iio/light/rpr0521.ko	ELF 64-bit LSB relocatable, ARM aarch64, version 1 (SYSV), BuildID[sha1]=de18cdcecf17faa52959b78a9585376af8d20663, not stripped
lib/modules/5.10.0-23-arm64/kernel/drivers/iio/light/tcs3472.ko	ELF 64-bit LSB relocatable, ARM aarch64, version 1 (SYSV), BuildID[sha1]=b3d25549a0cd3d925cb905fee4a976551da6c274, not stripped
lib/modules/5.10.0-23-arm64/kernel/drivers/iio/light/cm36651.ko	ELF 64-bit LSB relocatable, ARM aarch64, version 1 (SYSV), BuildID[sha1]=587691060931cfb4a616946c30a8c5efdb5bd51c, not stripped
lib/modules/5.10.0-23-arm64/kernel/drivers/iio/light/st_uvis25_core.ko	ELF 64-bit LSB relocatable, ARM aarch64, version 1 (SYSV), BuildID[sha1]=a1903e9ac071ec5113a28b21578a79a2a222cf4a, not stripped
lib/modules/5.10.0-23-arm64/kernel/drivers/iio/light/apds9300.ko	ELF 64-bit LSB relocatable, ARM aarch64, version 1 (SYSV), BuildID[sha1]=09e2037331340754d02e85119d1e251eadb2545a, not stripped
lib/modules/5.10.0-23-arm64/kernel/drivers/iio/light/hid-sensor-prox.ko	ELF 64-bit LSB relocatable, ARM aarch64, version 1 (SYSV), BuildID[sha1]=f0c467b24f390caa74eef501a2db2a96ea4c9098, not stripped
lib/modules/5.10.0-23-arm64/kernel/drivers/iio/light/opt3001.ko	ELF 64-bit LSB relocatable, ARM aarch64, version 1 (SYSV), BuildID[sha1]=7ef41f93ce94758b7d1fecb7fd8f07fae0cd0094, not stripped
lib/modules/5.10.0-23-arm64/kernel/drivers/iio/light/vcnl4000.ko	ELF 64-bit LSB relocatable, ARM aarch64, version 1 (SYSV), BuildID[sha1]=0f100d7eaab9d8da5df4b26fc65cee51185741fb, not stripped
lib/modules/5.10.0-23-arm64/kernel/drivers/iio/light/lv0104cs.ko	ELF 64-bit LSB relocatable, ARM aarch64, version 1 (SYSV), BuildID[sha1]=29931c080b9de4faf10604717318ebfa4e41f7d6, not stripped
lib/modules/5.10.0-23-arm64/kernel/drivers/iio/light/tcs3414.ko	ELF 64-bit LSB relocatable, ARM aarch64, version 1 (SYSV), BuildID[sha1]=fdc1cb12af27500e7d52bf4c2eef2faa68ec9091, not stripped
lib/modules/5.10.0-23-arm64/kernel/drivers/iio/light/adjd_s311.ko	ELF 64-bit LSB relocatable, ARM aarch64, version 1 (SYSV), BuildID[sha1]=b54757f8ab149e1a8086e9aa1935630a8239fd8f, not stripped
lib/modules/5.10.0-23-arm64/kernel/drivers/iio/light/st_uvis25_i2c.ko	ELF 64-bit LSB relocatable, ARM aarch64, version 1 (SYSV), BuildID[sha1]=516261906763c56a1fe9e7f75bc068a99c1f4f72, not stripped
lib/modules/5.10.0-23-arm64/kernel/drivers/iio/light/vcnl4035.ko	ELF 64-bit LSB relocatable, ARM aarch64, version 1 (SYSV), BuildID[sha1]=230bf76a5b6b146f104eadae251e6c12db7c4e41, not stripped
lib/modules/5.10.0-23-arm64/kernel/drivers/iio/light/vl6180.ko	ELF 64-bit LSB relocatable, ARM aarch64, version 1 (SYSV), BuildID[sha1]=8e962c1dac28577b9adf3596be426dd149f606d7, not stripped
lib/modules/5.10.0-23-arm64/kernel/drivers/iio/light/us5182d.ko	ELF 64-bit LSB relocatable, ARM aarch64, version 1 (SYSV), BuildID[sha1]=b3b42de8ee79d4109caf228e85ba4c04ddf8df4d, not stripped
lib/modules/5.10.0-23-arm64/kernel/drivers/iio/light/stk3310.ko	ELF 64-bit LSB relocatable, ARM aarch64, version 1 (SYSV), BuildID[sha1]=eee8c7d218c6b83ab54cf3c93e548e915d0e0bac, not stripped
lib/modules/5.10.0-23-arm64/kernel/drivers/iio/light/si1145.ko	ELF 64-bit LSB relocatable, ARM aarch64, version 1 (SYSV), BuildID[sha1]=2061e006e336c635d075a959f432f1b3d6266711, not stripped
lib/modules/5.10.0-23-arm64/kernel/drivers/iio/light/isl29018.ko	ELF 64-bit LSB relocatable, ARM aarch64, version 1 (SYSV), BuildID[sha1]=1354c99022d96c8d4641023f48fcd1dd047a162f, not stripped
lib/modules/5.10.0-23-arm64/kernel/drivers/iio/light/al3010.ko	ELF 64-bit LSB relocatable, ARM aarch64, version 1 (SYSV), BuildID[sha1]=84a0d5c70053336f7af7befa045752943850326c, not stripped
lib/modules/5.10.0-23-arm64/kernel/drivers/iio/light/gp2ap020a00f.ko	ELF 64-bit LSB relocatable, ARM aarch64, version 1 (SYSV), BuildID[sha1]=90dc55e1c186f06ddc16b83cfeaed47c95ac3cf0, not stripped
lib/modules/5.10.0-23-arm64/kernel/drivers/iio/light/noa1305.ko	ELF 64-bit LSB relocatable, ARM aarch64, version 1 (SYSV), BuildID[sha1]=981921549c786e5bd6207472ba979ae520af2e1a, not stripped
lib/modules/5.10.0-23-arm64/kernel/drivers/iio/light/al3320a.ko	ELF 64-bit LSB relocatable, ARM aarch64, version 1 (SYSV), BuildID[sha1]=e56f4219c5537b6ded4edcd443d9b3ee07bdd4d6, not stripped
lib/modules/5.10.0-23-arm64/kernel/drivers/iio/light/veml6030.ko	ELF 64-bit LSB relocatable, ARM aarch64, version 1 (SYSV), BuildID[sha1]=67c063b30675c2847d9dc48c13b0d66ff5b5b040, not stripped
lib/modules/5.10.0-23-arm64/kernel/drivers/iio/light/jsa1212.ko	ELF 64-bit LSB relocatable, ARM aarch64, version 1 (SYSV), BuildID[sha1]=a401abe331d86e47253a43dbb861d7923d9ccb6c, not stripped
lib/modules/5.10.0-23-arm64/kernel/drivers/iio/light/apds9960.ko	ELF 64-bit LSB relocatable, ARM aarch64, version 1 (SYSV), BuildID[sha1]=91b479ff9a0d234f12d0b01431b22a92628e35f7, not stripped
lib/modules/5.10.0-23-arm64/kernel/drivers/iio/light/max44009.ko	ELF 64-bit LSB relocatable, ARM aarch64, version 1 (SYSV), BuildID[sha1]=980c94d57a03042f29b7cf70088e451efa7b2404, not stripped
lib/modules/5.10.0-23-arm64/kernel/drivers/iio/light/cm3323.ko	ELF 64-bit LSB relocatable, ARM aarch64, version 1 (SYSV), BuildID[sha1]=8a86dfbb00156a994adbf7b4d10ccf09df01ca68, not stripped
lib/modules/5.10.0-23-arm64/kernel/drivers/iio/light/st_uvis25_spi.ko	ELF 64-bit LSB relocatable, ARM aarch64, version 1 (SYSV), BuildID[sha1]=342f1695477621c82b488f8186c060e1f5b7a654, not stripped
lib/modules/5.10.0-23-arm64/kernel/drivers/iio/light/gp2ap002.ko	ELF 64-bit LSB relocatable, ARM aarch64, version 1 (SYSV), BuildID[sha1]=e11d9581897033b2618b379689d564ca6a74b9ac, not stripped
lib/modules/5.10.0-23-arm64/kernel/drivers/iio/light/hid-sensor-als.ko	ELF 64-bit LSB relocatable, ARM aarch64, version 1 (SYSV), BuildID[sha1]=8d96244895f5559312ac3536cdd3db378202147e, not stripped
lib/modules/5.10.0-23-arm64/kernel/drivers/iio/light/tsl4531.ko	ELF 64-bit LSB relocatable, ARM aarch64, version 1 (SYSV), BuildID[sha1]=370ad46747127474142347eb9643e210b6a55a62, not stripped
lib/modules/5.10.0-23-arm64/kernel/drivers/iio/light/ltr501.ko	ELF 64-bit LSB relocatable, ARM aarch64, version 1 (SYSV), BuildID[sha1]=6c89aa6b2a8fe9322840c168c191800dafe0b52b, not stripped
lib/modules/5.10.0-23-arm64/kernel/drivers/iio/light/veml6070.ko	ELF 64-bit LSB relocatable, ARM aarch64, version 1 (SYSV), BuildID[sha1]=36c710fba55b8bce0a524ce700b838a7bd163eca, not stripped
lib/modules/5.10.0-23-arm64/kernel/drivers/iio/light/zopt2201.ko	ELF 64-bit LSB relocatable, ARM aarch64, version 1 (SYSV), BuildID[sha1]=e172d436bd1b782160033fbc4c8e23d20fa83778, not stripped
lib/modules/5.10.0-23-arm64/kernel/drivers/iio/light/tsl2563.ko	ELF 64-bit LSB relocatable, ARM aarch64, version 1 (SYSV), BuildID[sha1]=e5484049b4bc4605e9b0d35dca83061cbe031963, not stripped
lib/modules/5.10.0-23-arm64/kernel/drivers/iio/imu/bmi160/bmi160_core.ko	ELF 64-bit LSB relocatable, ARM aarch64, version 1 (SYSV), BuildID[sha1]=f87503735fac2a0106f8f6450dc5cf90cb1f8096, not stripped
lib/modules/5.10.0-23-arm64/kernel/drivers/iio/imu/bmi160/bmi160_i2c.ko	ELF 64-bit LSB relocatable, ARM aarch64, version 1 (SYSV), BuildID[sha1]=a189fa49f9e279e7df686949e3c422fb85560ecd, not stripped
lib/modules/5.10.0-23-arm64/kernel/drivers/iio/imu/bmi160/bmi160_spi.ko	ELF 64-bit LSB relocatable, ARM aarch64, version 1 (SYSV), BuildID[sha1]=dc5dcbcf7bb626db0fe03f8e003350af5b1f1667, not stripped
lib/modules/5.10.0-23-arm64/kernel/drivers/iio/imu/fxos8700_spi.ko	ELF 64-bit LSB relocatable, ARM aarch64, version 1 (SYSV), BuildID[sha1]=feb0a07ba44535cb963f154dfde754d17344ef35, not stripped
lib/modules/5.10.0-23-arm64/kernel/drivers/iio/imu/fxos8700_core.ko	ELF 64-bit LSB relocatable, ARM aarch64, version 1 (SYSV), BuildID[sha1]=dd8ae657ea86216a7bac195580257316b10f51ad, not stripped
lib/modules/5.10.0-23-arm64/kernel/drivers/iio/imu/adis16460.ko	ELF 64-bit LSB relocatable, ARM aarch64, version 1 (SYSV), BuildID[sha1]=987716193c786e9cc4dc80ea9bf9d3393cce6e51, not stripped
lib/modules/5.10.0-23-arm64/kernel/drivers/iio/imu/kmx61.ko	ELF 64-bit LSB relocatable, ARM aarch64, version 1 (SYSV), BuildID[sha1]=592598cad6883bad02a5474757997ffa77797f3d, not stripped
lib/modules/5.10.0-23-arm64/kernel/drivers/iio/imu/fxos8700_i2c.ko	ELF 64-bit LSB relocatable, ARM aarch64, version 1 (SYSV), BuildID[sha1]=58b19176ad169a44df2936d85d4b8eb01aadff8d, not stripped
lib/modules/5.10.0-23-arm64/kernel/drivers/iio/imu/inv_icm42600/inv-icm42600-i2c.ko	ELF 64-bit LSB relocatable, ARM aarch64, version 1 (SYSV), BuildID[sha1]=8648c556c00c14e755ce2e2d3d5991a2afb93311, not stripped
lib/modules/5.10.0-23-arm64/kernel/drivers/iio/imu/inv_icm42600/inv-icm42600-spi.ko	ELF 64-bit LSB relocatable, ARM aarch64, version 1 (SYSV), BuildID[sha1]=1bb7b2dcce3a2cc07713f52b8af5aa62e137c3fc, not stripped
lib/modules/5.10.0-23-arm64/kernel/drivers/iio/imu/inv_icm42600/inv-icm42600.ko	ELF 64-bit LSB relocatable, ARM aarch64, version 1 (SYSV), BuildID[sha1]=b6ffe15ea5486ed92dadabf32018f99ee75b173e, not stripped
lib/modules/5.10.0-23-arm64/kernel/drivers/iio/imu/adis16480.ko	ELF 64-bit LSB relocatable, ARM aarch64, version 1 (SYSV), BuildID[sha1]=7e70a90f97964cd8c80b63d155672f20085c73a2, not stripped
lib/modules/5.10.0-23-arm64/kernel/drivers/iio/imu/adis_lib.ko	ELF 64-bit LSB relocatable, ARM aarch64, version 1 (SYSV), BuildID[sha1]=65f5d4eb1799582db74b77c906f7b895bfc87a9d, not stripped
lib/modules/5.10.0-23-arm64/kernel/drivers/iio/imu/st_lsm6dsx/st_lsm6dsx_i2c.ko	ELF 64-bit LSB relocatable, ARM aarch64, version 1 (SYSV), BuildID[sha1]=cb98a9deb6c4eed6d635c1b91884f6f9d48924a5, not stripped
lib/modules/5.10.0-23-arm64/kernel/drivers/iio/imu/st_lsm6dsx/st_lsm6dsx.ko	ELF 64-bit LSB relocatable, ARM aarch64, version 1 (SYSV), BuildID[sha1]=f7d3b8fbf507e66b89265b4c46684e9a32cd4d2a, not stripped
lib/modules/5.10.0-23-arm64/kernel/drivers/iio/imu/st_lsm6dsx/st_lsm6dsx_spi.ko	ELF 64-bit LSB relocatable, ARM aarch64, version 1 (SYSV), BuildID[sha1]=9e0c3ec0be7f6922a1950967a50358e684e3b965, not stripped
lib/modules/5.10.0-23-arm64/kernel/drivers/iio/imu/inv_mpu6050/inv-mpu6050-spi.ko	ELF 64-bit LSB relocatable, ARM aarch64, version 1 (SYSV), BuildID[sha1]=5cc0dfbddb18b2d083f687d8c62289c71ccc4e70, not stripped
lib/modules/5.10.0-23-arm64/kernel/drivers/iio/imu/inv_mpu6050/inv-mpu6050-i2c.ko	ELF 64-bit LSB relocatable, ARM aarch64, version 1 (SYSV), BuildID[sha1]=3c85728a307b422db97525110e122cc89090ee5e, not stripped
lib/modules/5.10.0-23-arm64/kernel/drivers/iio/imu/inv_mpu6050/inv-mpu6050.ko	ELF 64-bit LSB relocatable, ARM aarch64, version 1 (SYSV), BuildID[sha1]=d548b8800f412808c0e05173092b5fe6ee5ee268, not stripped
lib/modules/5.10.0-23-arm64/kernel/drivers/iio/imu/adis16475.ko	ELF 64-bit LSB relocatable, ARM aarch64, version 1 (SYSV), BuildID[sha1]=e18beb135b0f9259a96010bb5292a2d5541e43ab, not stripped
lib/modules/5.10.0-23-arm64/kernel/drivers/iio/pressure/ms5637.ko	ELF 64-bit LSB relocatable, ARM aarch64, version 1 (SYSV), BuildID[sha1]=754f4cb0ab88b1b43e1bfedd8f02707adeaafcca, not stripped
lib/modules/5.10.0-23-arm64/kernel/drivers/iio/pressure/mpl115.ko	ELF 64-bit LSB relocatable, ARM aarch64, version 1 (SYSV), BuildID[sha1]=d2280be06c4453d52edeae7a2e19fedb2cbdf3f6, not stripped
lib/modules/5.10.0-23-arm64/kernel/drivers/iio/pressure/mpl115_i2c.ko	ELF 64-bit LSB relocatable, ARM aarch64, version 1 (SYSV), BuildID[sha1]=6d2e367fb3e34b59738a65ac2d8a92ed94a634a2, not stripped
lib/modules/5.10.0-23-arm64/kernel/drivers/iio/pressure/t5403.ko	ELF 64-bit LSB relocatable, ARM aarch64, version 1 (SYSV), BuildID[sha1]=8f9906e19920141fb8d2b53de31efd4990f76d54, not stripped
lib/modules/5.10.0-23-arm64/kernel/drivers/iio/pressure/zpa2326_i2c.ko	ELF 64-bit LSB relocatable, ARM aarch64, version 1 (SYSV), BuildID[sha1]=925ec181ea54613831791b4423730651b231f6e7, not stripped
lib/modules/5.10.0-23-arm64/kernel/drivers/iio/pressure/zpa2326.ko	ELF 64-bit LSB relocatable, ARM aarch64, version 1 (SYSV), BuildID[sha1]=da12ae56c9423493ccb808573f38eb3f5787c7fa, not stripped
lib/modules/5.10.0-23-arm64/kernel/drivers/iio/pressure/mpl115_spi.ko	ELF 64-bit LSB relocatable, ARM aarch64, version 1 (SYSV), BuildID[sha1]=20902596b789711b2d3bd1ef7b53dc84bc5226bf, not stripped
lib/modules/5.10.0-23-arm64/kernel/drivers/iio/pressure/st_pressure_i2c.ko	ELF 64-bit LSB relocatable, ARM aarch64, version 1 (SYSV), BuildID[sha1]=e446947ad07017b72a9dfe6b40c4d03b31a99a2c, not stripped
lib/modules/5.10.0-23-arm64/kernel/drivers/iio/pressure/st_pressure.ko	ELF 64-bit LSB relocatable, ARM aarch64, version 1 (SYSV), BuildID[sha1]=020d1708e1b7be0e5a839b3f215f46e03cc2bc61, not stripped
lib/modules/5.10.0-23-arm64/kernel/drivers/iio/pressure/hp206c.ko	ELF 64-bit LSB relocatable, ARM aarch64, version 1 (SYSV), BuildID[sha1]=4b32934f7531eedf9f8f1879200f5bb8da3a4c2b, not stripped
lib/modules/5.10.0-23-arm64/kernel/drivers/iio/pressure/dlhl60d.ko	ELF 64-bit LSB relocatable, ARM aarch64, version 1 (SYSV), BuildID[sha1]=a374db96434585315944449623cbd6663067917a, not stripped
lib/modules/5.10.0-23-arm64/kernel/drivers/iio/pressure/icp10100.ko	ELF 64-bit LSB relocatable, ARM aarch64, version 1 (SYSV), BuildID[sha1]=1fc9ac101a5fbabe1a2198a43a52a3b104d2ae26, not stripped
lib/modules/5.10.0-23-arm64/kernel/drivers/iio/pressure/dps310.ko	ELF 64-bit LSB relocatable, ARM aarch64, version 1 (SYSV), BuildID[sha1]=aaf510862da73d502e8c1810aca1e0e7354779c8, not stripped
lib/modules/5.10.0-23-arm64/kernel/drivers/iio/pressure/zpa2326_spi.ko	ELF 64-bit LSB relocatable, ARM aarch64, version 1 (SYSV), BuildID[sha1]=42b9f070175934be8f46f89ee06956b75488032f, not stripped
lib/modules/5.10.0-23-arm64/kernel/drivers/iio/pressure/hid-sensor-press.ko	ELF 64-bit LSB relocatable, ARM aarch64, version 1 (SYSV), BuildID[sha1]=3f0a875ad8a289da503728d6db73b10978289f84, not stripped
lib/modules/5.10.0-23-arm64/kernel/drivers/iio/pressure/mpl3115.ko	ELF 64-bit LSB relocatable, ARM aarch64, version 1 (SYSV), BuildID[sha1]=18a4122508d08912bdc5c1aecf1cd9606f810863, not stripped
lib/modules/5.10.0-23-arm64/kernel/drivers/iio/pressure/abp060mg.ko	ELF 64-bit LSB relocatable, ARM aarch64, version 1 (SYSV), BuildID[sha1]=e0ee91053c1df728172d61ce11cbf8fa762752f9, not stripped
lib/modules/5.10.0-23-arm64/kernel/drivers/iio/pressure/bmp280.ko	ELF 64-bit LSB relocatable, ARM aarch64, version 1 (SYSV), BuildID[sha1]=30759253125d3369150f62e5420865c3107a61c7, not stripped
lib/modules/5.10.0-23-arm64/kernel/drivers/iio/pressure/bmp280-i2c.ko	ELF 64-bit LSB relocatable, ARM aarch64, version 1 (SYSV), BuildID[sha1]=9e09460becd09a4d5b4e2edf47a0f613ddff3da9, not stripped
lib/modules/5.10.0-23-arm64/kernel/drivers/iio/pressure/st_pressure_spi.ko	ELF 64-bit LSB relocatable, ARM aarch64, version 1 (SYSV), BuildID[sha1]=6f3c95c44463a85248f502236d6e44194c4cdc65, not stripped
lib/modules/5.10.0-23-arm64/kernel/drivers/iio/pressure/hp03.ko	ELF 64-bit LSB relocatable, ARM aarch64, version 1 (SYSV), BuildID[sha1]=faa8da643a8d2ec1e767cd61c35135036b1a9f24, not stripped
lib/modules/5.10.0-23-arm64/kernel/drivers/iio/pressure/bmp280-spi.ko	ELF 64-bit LSB relocatable, ARM aarch64, version 1 (SYSV), BuildID[sha1]=9bcae2a631135cee85b52a0cc305c3927ea2291e, not stripped
lib/modules/5.10.0-23-arm64/kernel/drivers/iio/pressure/ms5611_core.ko	ELF 64-bit LSB relocatable, ARM aarch64, version 1 (SYSV), BuildID[sha1]=bdb85e23755356812846a4d49df521207600f01f, not stripped
lib/modules/5.10.0-23-arm64/kernel/drivers/iio/temperature/tsys02d.ko	ELF 64-bit LSB relocatable, ARM aarch64, version 1 (SYSV), BuildID[sha1]=2f2c89e4e2eef554eb04fefa533e04f2a89d00eb, not stripped
lib/modules/5.10.0-23-arm64/kernel/drivers/iio/temperature/mlx90632.ko	ELF 64-bit LSB relocatable, ARM aarch64, version 1 (SYSV), BuildID[sha1]=4980763ddd790a79c525dc00f35f48a38c34d2c1, not stripped
lib/modules/5.10.0-23-arm64/kernel/drivers/iio/temperature/maxim_thermocouple.ko	ELF 64-bit LSB relocatable, ARM aarch64, version 1 (SYSV), BuildID[sha1]=0754f94aaf30c3890ff59fa83cba1e7f96b01634, not stripped
lib/modules/5.10.0-23-arm64/kernel/drivers/iio/temperature/ltc2983.ko	ELF 64-bit LSB relocatable, ARM aarch64, version 1 (SYSV), BuildID[sha1]=982fb5385514bb1ce19b85a6b90126e624c0f1b9, not stripped
lib/modules/5.10.0-23-arm64/kernel/drivers/iio/temperature/hid-sensor-temperature.ko	ELF 64-bit LSB relocatable, ARM aarch64, version 1 (SYSV), BuildID[sha1]=3906d9a161c954d73687c2c9c3c3adf441c25fa1, not stripped
lib/modules/5.10.0-23-arm64/kernel/drivers/iio/temperature/tsys01.ko	ELF 64-bit LSB relocatable, ARM aarch64, version 1 (SYSV), BuildID[sha1]=3da848fca422c880ba353b29825e75f176fb3318, not stripped
lib/modules/5.10.0-23-arm64/kernel/drivers/iio/temperature/tmp007.ko	ELF 64-bit LSB relocatable, ARM aarch64, version 1 (SYSV), BuildID[sha1]=293ee4c3aec9b010c5a5f7a51e7ef7adc1679b1a, not stripped
lib/modules/5.10.0-23-arm64/kernel/drivers/iio/temperature/tmp006.ko	ELF 64-bit LSB relocatable, ARM aarch64, version 1 (SYSV), BuildID[sha1]=ad73ab07866147e24a14b6907f2e40707b036e5c, not stripped
lib/modules/5.10.0-23-arm64/kernel/drivers/iio/temperature/max31856.ko	ELF 64-bit LSB relocatable, ARM aarch64, version 1 (SYSV), BuildID[sha1]=dd1a8bb32c0d5e464be7e07a11967a1d2ea7104a, not stripped
lib/modules/5.10.0-23-arm64/kernel/drivers/iio/temperature/mlx90614.ko	ELF 64-bit LSB relocatable, ARM aarch64, version 1 (SYSV), BuildID[sha1]=7b0d85fa67123693765d084cc24262d93f7cad36, not stripped
lib/modules/5.10.0-23-arm64/kernel/drivers/iio/dac/ad5686-spi.ko	ELF 64-bit LSB relocatable, ARM aarch64, version 1 (SYSV), BuildID[sha1]=90d41ed56552b97f8759ea3bb8bbb6d33d77b195, not stripped
lib/modules/5.10.0-23-arm64/kernel/drivers/iio/dac/ti-dac5571.ko	ELF 64-bit LSB relocatable, ARM aarch64, version 1 (SYSV), BuildID[sha1]=72bcb03e6b6ecf9826b1a2b23e5abc2922b9118f, not stripped
lib/modules/5.10.0-23-arm64/kernel/drivers/iio/dac/mcp4922.ko	ELF 64-bit LSB relocatable, ARM aarch64, version 1 (SYSV), BuildID[sha1]=fd438ae257f7ea201a5d25dcdaceb7a0709cb9ee, not stripped
lib/modules/5.10.0-23-arm64/kernel/drivers/iio/dac/ad5593r.ko	ELF 64-bit LSB relocatable, ARM aarch64, version 1 (SYSV), BuildID[sha1]=ebd50312fc12848f131228e46085d97dea0a2976, not stripped
lib/modules/5.10.0-23-arm64/kernel/drivers/iio/dac/ad5360.ko	ELF 64-bit LSB relocatable, ARM aarch64, version 1 (SYSV), BuildID[sha1]=c5c4a461ba1b4d949b83de767fae51d0fbb1171c, not stripped
lib/modules/5.10.0-23-arm64/kernel/drivers/iio/dac/ad5064.ko	ELF 64-bit LSB relocatable, ARM aarch64, version 1 (SYSV), BuildID[sha1]=33cb6a8845c244c9d8e7b5c673529274e5521fdb, not stripped
lib/modules/5.10.0-23-arm64/kernel/drivers/iio/dac/ad5592r-base.ko	ELF 64-bit LSB relocatable, ARM aarch64, version 1 (SYSV), BuildID[sha1]=5804cb1f64db56d0474972c47c04377dbcec9170, not stripped
lib/modules/5.10.0-23-arm64/kernel/drivers/iio/dac/ad5504.ko	ELF 64-bit LSB relocatable, ARM aarch64, version 1 (SYSV), BuildID[sha1]=d4b646e4eba55dddc5bc946f10177abf5ea8fc8a, not stripped
lib/modules/5.10.0-23-arm64/kernel/drivers/iio/dac/ad5764.ko	ELF 64-bit LSB relocatable, ARM aarch64, version 1 (SYSV), BuildID[sha1]=30969afc5233b0e7e766396969287bec54d4d8f5, not stripped
lib/modules/5.10.0-23-arm64/kernel/drivers/iio/dac/ti-dac082s085.ko	ELF 64-bit LSB relocatable, ARM aarch64, version 1 (SYSV), BuildID[sha1]=25e51531133f1365621cfa55fa9486e765fd3219, not stripped
lib/modules/5.10.0-23-arm64/kernel/drivers/iio/dac/ad5449.ko	ELF 64-bit LSB relocatable, ARM aarch64, version 1 (SYSV), BuildID[sha1]=e9be710896437e2059d683136e57c40b71ce3057, not stripped
lib/modules/5.10.0-23-arm64/kernel/drivers/iio/dac/m62332.ko	ELF 64-bit LSB relocatable, ARM aarch64, version 1 (SYSV), BuildID[sha1]=fb45ef97fa1cb77356c3c5a1f31f38effb8185ac, not stripped
lib/modules/5.10.0-23-arm64/kernel/drivers/iio/dac/ad5761.ko	ELF 64-bit LSB relocatable, ARM aarch64, version 1 (SYSV), BuildID[sha1]=96dfc3a6b68fafffb52bf3dbc959027238e7efce, not stripped
lib/modules/5.10.0-23-arm64/kernel/drivers/iio/dac/ad5592r.ko	ELF 64-bit LSB relocatable, ARM aarch64, version 1 (SYSV), BuildID[sha1]=52689eef7918102e166f127970bb84c9fbe4474f, not stripped
lib/modules/5.10.0-23-arm64/kernel/drivers/iio/dac/ltc1660.ko	ELF 64-bit LSB relocatable, ARM aarch64, version 1 (SYSV), BuildID[sha1]=fb019072657119f36c99de3b59a8c16fb2f02c27, not stripped
lib/modules/5.10.0-23-arm64/kernel/drivers/iio/dac/mcp4725.ko	ELF 64-bit LSB relocatable, ARM aarch64, version 1 (SYSV), BuildID[sha1]=fdd2c624ee385d8ea50954db142213538941927b, not stripped
lib/modules/5.10.0-23-arm64/kernel/drivers/iio/dac/ad5686.ko	ELF 64-bit LSB relocatable, ARM aarch64, version 1 (SYSV), BuildID[sha1]=4bc1754b61c4c1710c11e6f6f6af6ed606787585, not stripped
lib/modules/5.10.0-23-arm64/kernel/drivers/iio/dac/ti-dac7612.ko	ELF 64-bit LSB relocatable, ARM aarch64, version 1 (SYSV), BuildID[sha1]=27441c7caf0d05526d7833e58860ddcaf4df4a6e, not stripped
lib/modules/5.10.0-23-arm64/kernel/drivers/iio/dac/ad7303.ko	ELF 64-bit LSB relocatable, ARM aarch64, version 1 (SYSV), BuildID[sha1]=65b81052bed0d71b51a5faeb38540edf1f2c6d5e, not stripped
lib/modules/5.10.0-23-arm64/kernel/drivers/iio/dac/ad5791.ko	ELF 64-bit LSB relocatable, ARM aarch64, version 1 (SYSV), BuildID[sha1]=a04ec472e55ae92d565717eeba2abb07140f8825, not stripped
lib/modules/5.10.0-23-arm64/kernel/drivers/iio/dac/ti-dac7311.ko	ELF 64-bit LSB relocatable, ARM aarch64, version 1 (SYSV), BuildID[sha1]=89ab54b0677af7e79d207ce28261065d31cd2cdf, not stripped
lib/modules/5.10.0-23-arm64/kernel/drivers/iio/dac/ad8801.ko	ELF 64-bit LSB relocatable, ARM aarch64, version 1 (SYSV), BuildID[sha1]=22da4434dd93ef20c63d3b514aa94cff37374d46, not stripped
lib/modules/5.10.0-23-arm64/kernel/drivers/iio/dac/ltc2632.ko	ELF 64-bit LSB relocatable, ARM aarch64, version 1 (SYSV), BuildID[sha1]=3b789dec8d1903aa56888bd0ea0204af5eacbbcb, not stripped
lib/modules/5.10.0-23-arm64/kernel/drivers/iio/dac/ad5696-i2c.ko	ELF 64-bit LSB relocatable, ARM aarch64, version 1 (SYSV), BuildID[sha1]=086bdc63185c40564e191e68fbaa19b0af41cbd5, not stripped
lib/modules/5.10.0-23-arm64/kernel/drivers/iio/dac/ad5446.ko	ELF 64-bit LSB relocatable, ARM aarch64, version 1 (SYSV), BuildID[sha1]=f50191caf7363008f1480a4d5ab3e55a73599956, not stripped
lib/modules/5.10.0-23-arm64/kernel/drivers/iio/dac/ad5770r.ko	ELF 64-bit LSB relocatable, ARM aarch64, version 1 (SYSV), BuildID[sha1]=0d72172934e619f88dd4f54a2763e9b09a74800f, not stripped
lib/modules/5.10.0-23-arm64/kernel/drivers/iio/dac/ad5758.ko	ELF 64-bit LSB relocatable, ARM aarch64, version 1 (SYSV), BuildID[sha1]=899a8698d171ffbe7e225a393efbe5db12d9b1e6, not stripped
lib/modules/5.10.0-23-arm64/kernel/drivers/iio/dac/ds4424.ko	ELF 64-bit LSB relocatable, ARM aarch64, version 1 (SYSV), BuildID[sha1]=5f6e7fa0fd7c230c954227ae38f7a1f8f391ee4e, not stripped
lib/modules/5.10.0-23-arm64/kernel/drivers/iio/dac/ad5421.ko	ELF 64-bit LSB relocatable, ARM aarch64, version 1 (SYSV), BuildID[sha1]=7edf096c0bfe4429dea83f5a9fc3b0b19a1716d5, not stripped
lib/modules/5.10.0-23-arm64/kernel/drivers/iio/dac/ad5755.ko	ELF 64-bit LSB relocatable, ARM aarch64, version 1 (SYSV), BuildID[sha1]=6c0a902bbd71301508e03e82f1bc8ca54766d5cd, not stripped
lib/modules/5.10.0-23-arm64/kernel/drivers/iio/dac/ad5380.ko	ELF 64-bit LSB relocatable, ARM aarch64, version 1 (SYSV), BuildID[sha1]=151b49f0fd2caf8f497229d166871de947ca4114, not stripped
lib/modules/5.10.0-23-arm64/kernel/drivers/iio/dac/ad5624r_spi.ko	ELF 64-bit LSB relocatable, ARM aarch64, version 1 (SYSV), BuildID[sha1]=a1bd1be36d6d35269d0f3dc0f14743998a9f30bc, not stripped
lib/modules/5.10.0-23-arm64/kernel/drivers/iio/dac/max517.ko	ELF 64-bit LSB relocatable, ARM aarch64, version 1 (SYSV), BuildID[sha1]=bc748b083aaab2cbde04db4537ab99f37c1e9982, not stripped
lib/modules/5.10.0-23-arm64/kernel/drivers/iio/humidity/dht11.ko	ELF 64-bit LSB relocatable, ARM aarch64, version 1 (SYSV), BuildID[sha1]=fed116e0506b589e167e517ea14d00cbc73c8b60, not stripped
lib/modules/5.10.0-23-arm64/kernel/drivers/iio/orientation/hid-sensor-rotation.ko	ELF 64-bit LSB relocatable, ARM aarch64, version 1 (SYSV), BuildID[sha1]=3f7eed18167d03953a4322e3491b703acda38244, not stripped
lib/modules/5.10.0-23-arm64/kernel/drivers/iio/orientation/hid-sensor-incl-3d.ko	ELF 64-bit LSB relocatable, ARM aarch64, version 1 (SYSV), BuildID[sha1]=5d78288ce366263caef1f181308de2cd96b5bd3e, not stripped
lib/modules/5.10.0-23-arm64/kernel/drivers/iio/industrialio.ko	ELF 64-bit LSB relocatable, ARM aarch64, version 1 (SYSV), BuildID[sha1]=89338a22fac35008508a57ceeb39c2539ae5e1b0, not stripped
lib/modules/5.10.0-23-arm64/kernel/drivers/iio/magnetometer/mmc35240.ko	ELF 64-bit LSB relocatable, ARM aarch64, version 1 (SYSV), BuildID[sha1]=9394a83c9a3619347e490b2390effce0cb538c4e, not stripped
lib/modules/5.10.0-23-arm64/kernel/drivers/iio/magnetometer/hmc5843_i2c.ko	ELF 64-bit LSB relocatable, ARM aarch64, version 1 (SYSV), BuildID[sha1]=dedd90ec9e0ef220831ca45476679d57f2307c60, not stripped
lib/modules/5.10.0-23-arm64/kernel/drivers/iio/magnetometer/st_magn_i2c.ko	ELF 64-bit LSB relocatable, ARM aarch64, version 1 (SYSV), BuildID[sha1]=0de90cbbfe1f56c73286181dba0cb0a7b5659313, not stripped
lib/modules/5.10.0-23-arm64/kernel/drivers/iio/magnetometer/rm3100-spi.ko	ELF 64-bit LSB relocatable, ARM aarch64, version 1 (SYSV), BuildID[sha1]=a5db7dfb3262e2d06b050b5dfd3ae752a0688bef, not stripped
lib/modules/5.10.0-23-arm64/kernel/drivers/iio/magnetometer/hid-sensor-magn-3d.ko	ELF 64-bit LSB relocatable, ARM aarch64, version 1 (SYSV), BuildID[sha1]=4afa72d8335568726a9169a96ab21174cb338d19, not stripped
lib/modules/5.10.0-23-arm64/kernel/drivers/iio/magnetometer/bmc150_magn.ko	ELF 64-bit LSB relocatable, ARM aarch64, version 1 (SYSV), BuildID[sha1]=1bba2f50f7399b0a4c205bb6e5394ba7ca8a8d9f, not stripped
lib/modules/5.10.0-23-arm64/kernel/drivers/iio/magnetometer/st_magn.ko	ELF 64-bit LSB relocatable, ARM aarch64, version 1 (SYSV), BuildID[sha1]=bd299fd03eb31604472ff5e22abffd927a0e0a9e, not stripped
lib/modules/5.10.0-23-arm64/kernel/drivers/iio/magnetometer/bmc150_magn_i2c.ko	ELF 64-bit LSB relocatable, ARM aarch64, version 1 (SYSV), BuildID[sha1]=47fdc9d54b8e89a34b96bad309dc58380a4fff2f, not stripped
lib/modules/5.10.0-23-arm64/kernel/drivers/iio/magnetometer/hmc5843_spi.ko	ELF 64-bit LSB relocatable, ARM aarch64, version 1 (SYSV), BuildID[sha1]=2e0205ce39982ba5d7eafb30631952e891256245, not stripped
lib/modules/5.10.0-23-arm64/kernel/drivers/iio/magnetometer/rm3100-i2c.ko	ELF 64-bit LSB relocatable, ARM aarch64, version 1 (SYSV), BuildID[sha1]=55864d17cf4a35c50d6bfc4af3b56c320ca4fb84, not stripped
lib/modules/5.10.0-23-arm64/kernel/drivers/iio/magnetometer/mag3110.ko	ELF 64-bit LSB relocatable, ARM aarch64, version 1 (SYSV), BuildID[sha1]=6ac65925cf04d7bdf5bc98d20bf2c081a8c832bc, not stripped
lib/modules/5.10.0-23-arm64/kernel/drivers/iio/magnetometer/ak8975.ko	ELF 64-bit LSB relocatable, ARM aarch64, version 1 (SYSV), BuildID[sha1]=c3874bcd761ad8c8c06a91af464bc8042fcac536, not stripped
lib/modules/5.10.0-23-arm64/kernel/drivers/iio/magnetometer/bmc150_magn_spi.ko	ELF 64-bit LSB relocatable, ARM aarch64, version 1 (SYSV), BuildID[sha1]=77047378f07b8e8147fb57b79b36da9a06c1bc27, not stripped
lib/modules/5.10.0-23-arm64/kernel/drivers/iio/magnetometer/hmc5843_core.ko	ELF 64-bit LSB relocatable, ARM aarch64, version 1 (SYSV), BuildID[sha1]=9cf646292f6a9cc12303c146c44f4ad7e54568cf, not stripped
lib/modules/5.10.0-23-arm64/kernel/drivers/iio/magnetometer/st_magn_spi.ko	ELF 64-bit LSB relocatable, ARM aarch64, version 1 (SYSV), BuildID[sha1]=b5c39cf12be3987f84ce26ed1c7ff4681cd3ef15, not stripped
lib/modules/5.10.0-23-arm64/kernel/drivers/iio/magnetometer/rm3100-core.ko	ELF 64-bit LSB relocatable, ARM aarch64, version 1 (SYSV), BuildID[sha1]=0fc9f32d313b0845e9d8359bfcd533d81b265696, not stripped
lib/modules/5.10.0-23-arm64/kernel/drivers/iio/gyro/st_gyro_i2c.ko	ELF 64-bit LSB relocatable, ARM aarch64, version 1 (SYSV), BuildID[sha1]=9b779d15034d379c9ea8476c1d1042845f4d1b24, not stripped
lib/modules/5.10.0-23-arm64/kernel/drivers/iio/gyro/mpu3050.ko	ELF 64-bit LSB relocatable, ARM aarch64, version 1 (SYSV), BuildID[sha1]=859b025b83a1dc4557b895e08c1b97e882344ed6, not stripped
lib/modules/5.10.0-23-arm64/kernel/drivers/iio/gyro/bmg160_spi.ko	ELF 64-bit LSB relocatable, ARM aarch64, version 1 (SYSV), BuildID[sha1]=57cb79179782c5b4fb06a4715f5a30311d4bd809, not stripped
lib/modules/5.10.0-23-arm64/kernel/drivers/iio/gyro/itg3200.ko	ELF 64-bit LSB relocatable, ARM aarch64, version 1 (SYSV), BuildID[sha1]=bc8d55fdc9bc790bb7d1c01e6b5ed27595f25668, not stripped
lib/modules/5.10.0-23-arm64/kernel/drivers/iio/gyro/adis16136.ko	ELF 64-bit LSB relocatable, ARM aarch64, version 1 (SYSV), BuildID[sha1]=bf27263a19ca07ef8d4264063a23f52ec2df0711, not stripped
lib/modules/5.10.0-23-arm64/kernel/drivers/iio/gyro/fxas21002c_i2c.ko	ELF 64-bit LSB relocatable, ARM aarch64, version 1 (SYSV), BuildID[sha1]=0b9791222754f6496c63818afd0f1c035219288b, not stripped
lib/modules/5.10.0-23-arm64/kernel/drivers/iio/gyro/st_gyro.ko	ELF 64-bit LSB relocatable, ARM aarch64, version 1 (SYSV), BuildID[sha1]=c573ad4ba4628cc53a9c64cc9a14cfbfbe75123d, not stripped
lib/modules/5.10.0-23-arm64/kernel/drivers/iio/gyro/st_gyro_spi.ko	ELF 64-bit LSB relocatable, ARM aarch64, version 1 (SYSV), BuildID[sha1]=8dad1e1c8cc49125fd5d242fee3ed8b2c16dae64, not stripped
lib/modules/5.10.0-23-arm64/kernel/drivers/iio/gyro/adxrs290.ko	ELF 64-bit LSB relocatable, ARM aarch64, version 1 (SYSV), BuildID[sha1]=2719c2e356a9c177b01c274b756798a230f80daa, not stripped
lib/modules/5.10.0-23-arm64/kernel/drivers/iio/gyro/fxas21002c_spi.ko	ELF 64-bit LSB relocatable, ARM aarch64, version 1 (SYSV), BuildID[sha1]=ea4559e77c1ca3bdd6b0aec5a9a7205dc793acc7, not stripped
lib/modules/5.10.0-23-arm64/kernel/drivers/iio/gyro/adxrs450.ko	ELF 64-bit LSB relocatable, ARM aarch64, version 1 (SYSV), BuildID[sha1]=b9a4b7791f4f1626a1f9b6008989f15ba85166ad, not stripped
lib/modules/5.10.0-23-arm64/kernel/drivers/iio/gyro/hid-sensor-gyro-3d.ko	ELF 64-bit LSB relocatable, ARM aarch64, version 1 (SYSV), BuildID[sha1]=a2345f674010c0f0801de5cb26e421b032c02d2a, not stripped
lib/modules/5.10.0-23-arm64/kernel/drivers/iio/gyro/adis16130.ko	ELF 64-bit LSB relocatable, ARM aarch64, version 1 (SYSV), BuildID[sha1]=de9cee3d016cb4150f7ad596c7a0e50258de6e1f, not stripped
lib/modules/5.10.0-23-arm64/kernel/drivers/iio/gyro/adis16080.ko	ELF 64-bit LSB relocatable, ARM aarch64, version 1 (SYSV), BuildID[sha1]=8b9e624c54ee35838a744a371f541e064c122b7f, not stripped
lib/modules/5.10.0-23-arm64/kernel/drivers/iio/gyro/bmg160_core.ko	ELF 64-bit LSB relocatable, ARM aarch64, version 1 (SYSV), BuildID[sha1]=62d6584423fd685bf9b291498cf8760a95012cf6, not stripped
lib/modules/5.10.0-23-arm64/kernel/drivers/iio/gyro/fxas21002c_core.ko	ELF 64-bit LSB relocatable, ARM aarch64, version 1 (SYSV), BuildID[sha1]=26380597d935c0a9d0738ba628d241f221fa6ff8, not stripped
lib/modules/5.10.0-23-arm64/kernel/drivers/iio/gyro/bmg160_i2c.ko	ELF 64-bit LSB relocatable, ARM aarch64, version 1 (SYSV), BuildID[sha1]=b26e376c5c01cd26c74ea9a8799c5e8d5b4e8d64, not stripped
lib/modules/5.10.0-23-arm64/kernel/drivers/iio/gyro/adis16260.ko	ELF 64-bit LSB relocatable, ARM aarch64, version 1 (SYSV), BuildID[sha1]=7754b7808f33539d56835dd695da95df0669b1b3, not stripped
lib/modules/5.10.0-23-arm64/kernel/drivers/iio/accel/bma400_i2c.ko	ELF 64-bit LSB relocatable, ARM aarch64, version 1 (SYSV), BuildID[sha1]=5ce6723d68511deb7e8ff3a05284b6b4f9c7a675, not stripped
lib/modules/5.10.0-23-arm64/kernel/drivers/iio/accel/mma7455_core.ko	ELF 64-bit LSB relocatable, ARM aarch64, version 1 (SYSV), BuildID[sha1]=52eb9e5868afbd42ebf3b94cda1ce594d64ef2a7, not stripped
lib/modules/5.10.0-23-arm64/kernel/drivers/iio/accel/bmc150-accel-spi.ko	ELF 64-bit LSB relocatable, ARM aarch64, version 1 (SYSV), BuildID[sha1]=a6c7a6e32b8daa82fb03aee5e3d73c8f81fa453d, not stripped
lib/modules/5.10.0-23-arm64/kernel/drivers/iio/accel/sca3000.ko	ELF 64-bit LSB relocatable, ARM aarch64, version 1 (SYSV), BuildID[sha1]=f45703d810375f32a52352ea436c318fa055986f, not stripped
lib/modules/5.10.0-23-arm64/kernel/drivers/iio/accel/mma9551.ko	ELF 64-bit LSB relocatable, ARM aarch64, version 1 (SYSV), BuildID[sha1]=99409bfe385e8194cdec07e22017370f8af367ee, not stripped
lib/modules/5.10.0-23-arm64/kernel/drivers/iio/accel/st_accel.ko	ELF 64-bit LSB relocatable, ARM aarch64, version 1 (SYSV), BuildID[sha1]=4c1dc443f6e6c20b5af211a6bf2f8b1897465c60, not stripped
lib/modules/5.10.0-23-arm64/kernel/drivers/iio/accel/dmard09.ko	ELF 64-bit LSB relocatable, ARM aarch64, version 1 (SYSV), BuildID[sha1]=37a5eee9aa2ebee1f8fad86a4a680117faf1704b, not stripped
lib/modules/5.10.0-23-arm64/kernel/drivers/iio/accel/da280.ko	ELF 64-bit LSB relocatable, ARM aarch64, version 1 (SYSV), BuildID[sha1]=9dbc9d21a13a116268f8082f7fd9756645249555, not stripped
lib/modules/5.10.0-23-arm64/kernel/drivers/iio/accel/mma7455_spi.ko	ELF 64-bit LSB relocatable, ARM aarch64, version 1 (SYSV), BuildID[sha1]=8eb1b1011daa94277888050612e90814e9f063e6, not stripped
lib/modules/5.10.0-23-arm64/kernel/drivers/iio/accel/adxl372_i2c.ko	ELF 64-bit LSB relocatable, ARM aarch64, version 1 (SYSV), BuildID[sha1]=9af3da44b1e6b8f33ad7be00ddd8d08a6f777acb, not stripped
lib/modules/5.10.0-23-arm64/kernel/drivers/iio/accel/adis16209.ko	ELF 64-bit LSB relocatable, ARM aarch64, version 1 (SYSV), BuildID[sha1]=2540d9f75bca42dd2deabe625e492fde50e36e67, not stripped
lib/modules/5.10.0-23-arm64/kernel/drivers/iio/accel/bma400_core.ko	ELF 64-bit LSB relocatable, ARM aarch64, version 1 (SYSV), BuildID[sha1]=dc0abff9fccaf45a5960522f86e1a9d81f0e9b4f, not stripped
lib/modules/5.10.0-23-arm64/kernel/drivers/iio/accel/st_accel_i2c.ko	ELF 64-bit LSB relocatable, ARM aarch64, version 1 (SYSV), BuildID[sha1]=bf68c8386c22ca99f9178e812ca087465fa79d05, not stripped
lib/modules/5.10.0-23-arm64/kernel/drivers/iio/accel/adxl372_spi.ko	ELF 64-bit LSB relocatable, ARM aarch64, version 1 (SYSV), BuildID[sha1]=3604af06f5ed143fde10cc1c852cc1b11373a2a5, not stripped
lib/modules/5.10.0-23-arm64/kernel/drivers/iio/accel/kxsd9-i2c.ko	ELF 64-bit LSB relocatable, ARM aarch64, version 1 (SYSV), BuildID[sha1]=0cd660bcb96896396f9f779881717f617ea7f8c1, not stripped
lib/modules/5.10.0-23-arm64/kernel/drivers/iio/accel/dmard10.ko	ELF 64-bit LSB relocatable, ARM aarch64, version 1 (SYSV), BuildID[sha1]=7cd92610bc03e4bb1f8a1bba16eeda940496b66a, not stripped
lib/modules/5.10.0-23-arm64/kernel/drivers/iio/accel/bma180.ko	ELF 64-bit LSB relocatable, ARM aarch64, version 1 (SYSV), BuildID[sha1]=21ae480c6c3c4cca6e1422712063ee8a2b2f8a85, not stripped
lib/modules/5.10.0-23-arm64/kernel/drivers/iio/accel/bmc150-accel-i2c.ko	ELF 64-bit LSB relocatable, ARM aarch64, version 1 (SYSV), BuildID[sha1]=1b8cf700f8d8e8096d79fcef4a974b33df3cd9db, not stripped
lib/modules/5.10.0-23-arm64/kernel/drivers/iio/accel/adis16201.ko	ELF 64-bit LSB relocatable, ARM aarch64, version 1 (SYSV), BuildID[sha1]=700dbf2d8a3314ecd0a8d9fc99fb528ae7e9abe9, not stripped
lib/modules/5.10.0-23-arm64/kernel/drivers/iio/accel/adxl345_spi.ko	ELF 64-bit LSB relocatable, ARM aarch64, version 1 (SYSV), BuildID[sha1]=61596bf4605b958e63df4b1a1196942c779df385, not stripped
lib/modules/5.10.0-23-arm64/kernel/drivers/iio/accel/stk8312.ko	ELF 64-bit LSB relocatable, ARM aarch64, version 1 (SYSV), BuildID[sha1]=20f9de52c4b06e671fb35150a98642e9e724dbf9, not stripped
lib/modules/5.10.0-23-arm64/kernel/drivers/iio/accel/stk8ba50.ko	ELF 64-bit LSB relocatable, ARM aarch64, version 1 (SYSV), BuildID[sha1]=cdc237e9ebdc45e7aa5908e4f63e02621ab092d3, not stripped
lib/modules/5.10.0-23-arm64/kernel/drivers/iio/accel/kxsd9-spi.ko	ELF 64-bit LSB relocatable, ARM aarch64, version 1 (SYSV), BuildID[sha1]=070528328d9a2691af983c82123d6ead0a146b7d, not stripped
lib/modules/5.10.0-23-arm64/kernel/drivers/iio/accel/da311.ko	ELF 64-bit LSB relocatable, ARM aarch64, version 1 (SYSV), BuildID[sha1]=e73d21c9a2b4d1d931c6116c56e73cf387dc362b, not stripped
lib/modules/5.10.0-23-arm64/kernel/drivers/iio/accel/bmc150-accel-core.ko	ELF 64-bit LSB relocatable, ARM aarch64, version 1 (SYSV), BuildID[sha1]=ad4b1be54037b714690a43d41fa4098928d027cc, not stripped
lib/modules/5.10.0-23-arm64/kernel/drivers/iio/accel/bma220_spi.ko	ELF 64-bit LSB relocatable, ARM aarch64, version 1 (SYSV), BuildID[sha1]=46e327d1b31cb2e0c7da84402b3c9df12517ec74, not stripped
lib/modules/5.10.0-23-arm64/kernel/drivers/iio/accel/mma9553.ko	ELF 64-bit LSB relocatable, ARM aarch64, version 1 (SYSV), BuildID[sha1]=45c439bb1952cf2f708276d90ba16f0ca310ea8d, not stripped
lib/modules/5.10.0-23-arm64/kernel/drivers/iio/accel/bma400_spi.ko	ELF 64-bit LSB relocatable, ARM aarch64, version 1 (SYSV), BuildID[sha1]=00a8e31027fc07c165b88c3dd50b268854d90782, not stripped
lib/modules/5.10.0-23-arm64/kernel/drivers/iio/accel/adxl345_core.ko	ELF 64-bit LSB relocatable, ARM aarch64, version 1 (SYSV), BuildID[sha1]=cbeb9ec841a1279e0ae709bb41301a148a30984f, not stripped
lib/modules/5.10.0-23-arm64/kernel/drivers/iio/accel/hid-sensor-accel-3d.ko	ELF 64-bit LSB relocatable, ARM aarch64, version 1 (SYSV), BuildID[sha1]=edf576448f6fe9fefd5dcc6874a415ea38e66264, not stripped
lib/modules/5.10.0-23-arm64/kernel/drivers/iio/accel/kxsd9.ko	ELF 64-bit LSB relocatable, ARM aarch64, version 1 (SYSV), BuildID[sha1]=01dd77156153a7bc46071196fad8bb9c8b9e8df3, not stripped
lib/modules/5.10.0-23-arm64/kernel/drivers/iio/accel/mma7660.ko	ELF 64-bit LSB relocatable, ARM aarch64, version 1 (SYSV), BuildID[sha1]=10ed893d3ea4cbb783973661fcc6e6cc5474a055, not stripped
lib/modules/5.10.0-23-arm64/kernel/drivers/iio/accel/st_accel_spi.ko	ELF 64-bit LSB relocatable, ARM aarch64, version 1 (SYSV), BuildID[sha1]=f472929a96e9681eee2a308c8a9a776e4047caba, not stripped
lib/modules/5.10.0-23-arm64/kernel/drivers/iio/accel/kxcjk-1013.ko	ELF 64-bit LSB relocatable, ARM aarch64, version 1 (SYSV), BuildID[sha1]=66807cfe2e487df0e5c1e549539eedd3a0bde99e, not stripped
lib/modules/5.10.0-23-arm64/kernel/drivers/iio/accel/mc3230.ko	ELF 64-bit LSB relocatable, ARM aarch64, version 1 (SYSV), BuildID[sha1]=d936264e916f77f48442da6e2a326934f2157b73, not stripped
lib/modules/5.10.0-23-arm64/kernel/drivers/iio/accel/mxc4005.ko	ELF 64-bit LSB relocatable, ARM aarch64, version 1 (SYSV), BuildID[sha1]=07e48b59c91fd3516de55004a871692fb3f2017c, not stripped
lib/modules/5.10.0-23-arm64/kernel/drivers/iio/accel/mma9551_core.ko	ELF 64-bit LSB relocatable, ARM aarch64, version 1 (SYSV), BuildID[sha1]=7d76b636fbd5bb17141cc3369cb6a64da44169bb, not stripped
lib/modules/5.10.0-23-arm64/kernel/drivers/iio/accel/mma7455_i2c.ko	ELF 64-bit LSB relocatable, ARM aarch64, version 1 (SYSV), BuildID[sha1]=56ee42976817f8cefbb737c09a5307d2d62fe263, not stripped
lib/modules/5.10.0-23-arm64/kernel/drivers/iio/accel/adxl372.ko	ELF 64-bit LSB relocatable, ARM aarch64, version 1 (SYSV), BuildID[sha1]=559fe2ddc2954a621039071bebcf398309538b1d, not stripped
lib/modules/5.10.0-23-arm64/kernel/drivers/iio/accel/mxc6255.ko	ELF 64-bit LSB relocatable, ARM aarch64, version 1 (SYSV), BuildID[sha1]=4d786a43cbf87b7b22eaf6e3628c48f2634a3c21, not stripped
lib/modules/5.10.0-23-arm64/kernel/drivers/iio/accel/adxl345_i2c.ko	ELF 64-bit LSB relocatable, ARM aarch64, version 1 (SYSV), BuildID[sha1]=feba9b5ecf5c1a1e8de6f5a4e558f1f8efc352dd, not stripped
lib/modules/5.10.0-23-arm64/kernel/drivers/iio/accel/mma8452.ko	ELF 64-bit LSB relocatable, ARM aarch64, version 1 (SYSV), BuildID[sha1]=ab311eb49fdec3ff0a876f050eb8a57259602529, not stripped
lib/modules/5.10.0-23-arm64/kernel/drivers/iio/common/hid-sensors/hid-sensor-iio-common.ko	ELF 64-bit LSB relocatable, ARM aarch64, version 1 (SYSV), BuildID[sha1]=a7dbcbd8430f81d9d103c8cc9124c26e2e5e47a3, not stripped
lib/modules/5.10.0-23-arm64/kernel/drivers/iio/common/hid-sensors/hid-sensor-trigger.ko	ELF 64-bit LSB relocatable, ARM aarch64, version 1 (SYSV), BuildID[sha1]=fe88886c7fb71d9a3e26110d347c18e81d241748, not stripped
lib/modules/5.10.0-23-arm64/kernel/drivers/iio/common/ms_sensors/ms_sensors_i2c.ko	ELF 64-bit LSB relocatable, ARM aarch64, version 1 (SYSV), BuildID[sha1]=0fd888f8c9a41db7b3d55d3c0a98279179ab70cd, not stripped
lib/modules/5.10.0-23-arm64/kernel/drivers/iio/common/cros_ec_sensors/cros_ec_sensors.ko	ELF 64-bit LSB relocatable, ARM aarch64, version 1 (SYSV), BuildID[sha1]=ccc6631dadd112f8b9d7d0e4fa27d49a3e51df94, not stripped
lib/modules/5.10.0-23-arm64/kernel/drivers/iio/common/cros_ec_sensors/cros_ec_sensors_core.ko	ELF 64-bit LSB relocatable, ARM aarch64, version 1 (SYSV), BuildID[sha1]=2d84bd296b45d5f1980e47f532a2fef51b37b5d3, not stripped
lib/modules/5.10.0-23-arm64/kernel/drivers/iio/common/st_sensors/st_sensors.ko	ELF 64-bit LSB relocatable, ARM aarch64, version 1 (SYSV), BuildID[sha1]=ef161485e6a960587f1f3fe1ce88c4dfefbb3c2d, not stripped
lib/modules/5.10.0-23-arm64/kernel/drivers/iio/common/st_sensors/st_sensors_i2c.ko	ELF 64-bit LSB relocatable, ARM aarch64, version 1 (SYSV), BuildID[sha1]=f1201415938d2037bb4123c1e88ec6c8e5d29617, not stripped
lib/modules/5.10.0-23-arm64/kernel/drivers/iio/common/st_sensors/st_sensors_spi.ko	ELF 64-bit LSB relocatable, ARM aarch64, version 1 (SYSV), BuildID[sha1]=4f58c09806d8f4a829c987ac4e494f2f0bee55f4, not stripped
lib/modules/5.10.0-23-arm64/kernel/drivers/iio/adc/hx711.ko	ELF 64-bit LSB relocatable, ARM aarch64, version 1 (SYSV), BuildID[sha1]=e18420fcc94d3bbd0aa5558f6f1cc7bfd08ae9a6, not stripped
lib/modules/5.10.0-23-arm64/kernel/drivers/iio/adc/mcp3911.ko	ELF 64-bit LSB relocatable, ARM aarch64, version 1 (SYSV), BuildID[sha1]=6b6f34e37671215918c90c6c61af47f47e2e1598, not stripped
lib/modules/5.10.0-23-arm64/kernel/drivers/iio/adc/cc10001_adc.ko	ELF 64-bit LSB relocatable, ARM aarch64, version 1 (SYSV), BuildID[sha1]=f4fc96e8e57c0e35ac2f501ac6f071ae709ce371, not stripped
lib/modules/5.10.0-23-arm64/kernel/drivers/iio/adc/adi-axi-adc.ko	ELF 64-bit LSB relocatable, ARM aarch64, version 1 (SYSV), BuildID[sha1]=e2459d67a52b2da37319089126839e17c0c25516, not stripped
lib/modules/5.10.0-23-arm64/kernel/drivers/iio/adc/ad7791.ko	ELF 64-bit LSB relocatable, ARM aarch64, version 1 (SYSV), BuildID[sha1]=2bc281e278ec39dc42349723efdc911e96fc52ef, not stripped
lib/modules/5.10.0-23-arm64/kernel/drivers/iio/adc/ad7298.ko	ELF 64-bit LSB relocatable, ARM aarch64, version 1 (SYSV), BuildID[sha1]=e2ff156cba50b2ed89a88b2e08d90feefaa40786, not stripped
lib/modules/5.10.0-23-arm64/kernel/drivers/iio/adc/axp20x_adc.ko	ELF 64-bit LSB relocatable, ARM aarch64, version 1 (SYSV), BuildID[sha1]=5e7ac839b00d0f43b35d46c01cc0f4a29734dda5, not stripped
lib/modules/5.10.0-23-arm64/kernel/drivers/iio/adc/ti-adc128s052.ko	ELF 64-bit LSB relocatable, ARM aarch64, version 1 (SYSV), BuildID[sha1]=0eb36bcb7fe97bf4f7f3d8789db74c7332584c66, not stripped
lib/modules/5.10.0-23-arm64/kernel/drivers/iio/adc/meson_saradc.ko	ELF 64-bit LSB relocatable, ARM aarch64, version 1 (SYSV), BuildID[sha1]=7e7279ca1b90cc3843a489c51a4aa2bdd063feed, not stripped
lib/modules/5.10.0-23-arm64/kernel/drivers/iio/adc/ad7949.ko	ELF 64-bit LSB relocatable, ARM aarch64, version 1 (SYSV), BuildID[sha1]=1b6d764ca0d3318ee13d37a12ca3c0e7e49e2773, not stripped
lib/modules/5.10.0-23-arm64/kernel/drivers/iio/adc/ad7923.ko	ELF 64-bit LSB relocatable, ARM aarch64, version 1 (SYSV), BuildID[sha1]=7cf977f9ab1beb83253c8856294c71e844309b51, not stripped
lib/modules/5.10.0-23-arm64/kernel/drivers/iio/adc/ad7793.ko	ELF 64-bit LSB relocatable, ARM aarch64, version 1 (SYSV), BuildID[sha1]=0722fce331efd6f73a0539c7d1642c850c4d3f02, not stripped
lib/modules/5.10.0-23-arm64/kernel/drivers/iio/adc/max1027.ko	ELF 64-bit LSB relocatable, ARM aarch64, version 1 (SYSV), BuildID[sha1]=f6cc3c7b70bf01e7e86af7cf812cf3e6c046490b, not stripped
lib/modules/5.10.0-23-arm64/kernel/drivers/iio/adc/ti-adc084s021.ko	ELF 64-bit LSB relocatable, ARM aarch64, version 1 (SYSV), BuildID[sha1]=b63c347acb7d78f874c137be1420effeb77c88d5, not stripped
lib/modules/5.10.0-23-arm64/kernel/drivers/iio/adc/ltc2471.ko	ELF 64-bit LSB relocatable, ARM aarch64, version 1 (SYSV), BuildID[sha1]=800fff73acbabbdf6481634d79882c4b8f5d16bc, not stripped
lib/modules/5.10.0-23-arm64/kernel/drivers/iio/adc/ad_sigma_delta.ko	ELF 64-bit LSB relocatable, ARM aarch64, version 1 (SYSV), BuildID[sha1]=a3db09cf9d035b5305facf2ca5aab876bdc34554, not stripped
lib/modules/5.10.0-23-arm64/kernel/drivers/iio/adc/ad7192.ko	ELF 64-bit LSB relocatable, ARM aarch64, version 1 (SYSV), BuildID[sha1]=2824b05b4d07731960c76524addfe725006f3e7e, not stripped
lib/modules/5.10.0-23-arm64/kernel/drivers/iio/adc/ti-adc161s626.ko	ELF 64-bit LSB relocatable, ARM aarch64, version 1 (SYSV), BuildID[sha1]=87074041a72576c5b6fb9d7b4b741644f235083b, not stripped
lib/modules/5.10.0-23-arm64/kernel/drivers/iio/adc/ad7606.ko	ELF 64-bit LSB relocatable, ARM aarch64, version 1 (SYSV), BuildID[sha1]=3354948ab4a1f91946074a617844c98e50f579db, not stripped
lib/modules/5.10.0-23-arm64/kernel/drivers/iio/adc/ad7768-1.ko	ELF 64-bit LSB relocatable, ARM aarch64, version 1 (SYSV), BuildID[sha1]=fdad9c2e808643e755f6bff45ce44316c308dbbb, not stripped
lib/modules/5.10.0-23-arm64/kernel/drivers/iio/adc/ina2xx-adc.ko	ELF 64-bit LSB relocatable, ARM aarch64, version 1 (SYSV), BuildID[sha1]=e2b9b4a875c87241b01f71ea84dbc34d8c11c48e, not stripped
lib/modules/5.10.0-23-arm64/kernel/drivers/iio/adc/ti-adc108s102.ko	ELF 64-bit LSB relocatable, ARM aarch64, version 1 (SYSV), BuildID[sha1]=0d8ff2c0e90c4441b0357f424f662515e095d0f6, not stripped
lib/modules/5.10.0-23-arm64/kernel/drivers/iio/adc/ad7887.ko	ELF 64-bit LSB relocatable, ARM aarch64, version 1 (SYSV), BuildID[sha1]=13ec0eaeaae5671fd173d2aad1f35d7b278edb80, not stripped
lib/modules/5.10.0-23-arm64/kernel/drivers/iio/adc/ltc2497.ko	ELF 64-bit LSB relocatable, ARM aarch64, version 1 (SYSV), BuildID[sha1]=77a8388295bafe8590f53c914b74d37f06755bea, not stripped
lib/modules/5.10.0-23-arm64/kernel/drivers/iio/adc/ad7291.ko	ELF 64-bit LSB relocatable, ARM aarch64, version 1 (SYSV), BuildID[sha1]=337e623eee92645eff785827d6533c2dcb8cd422, not stripped
lib/modules/5.10.0-23-arm64/kernel/drivers/iio/adc/axp288_adc.ko	ELF 64-bit LSB relocatable, ARM aarch64, version 1 (SYSV), BuildID[sha1]=796440380ce3b4962a9d0aae2bfd9957d612f2d6, not stripped
lib/modules/5.10.0-23-arm64/kernel/drivers/iio/adc/mcp3422.ko	ELF 64-bit LSB relocatable, ARM aarch64, version 1 (SYSV), BuildID[sha1]=450a242d3c338cdba3cb7a03e38701ddaf2008ba, not stripped
lib/modules/5.10.0-23-arm64/kernel/drivers/iio/adc/ad7124.ko	ELF 64-bit LSB relocatable, ARM aarch64, version 1 (SYSV), BuildID[sha1]=a63679bb5420651c587ef76e9b688012ae766fda, not stripped
lib/modules/5.10.0-23-arm64/kernel/drivers/iio/adc/ad7266.ko	ELF 64-bit LSB relocatable, ARM aarch64, version 1 (SYSV), BuildID[sha1]=a98964d1f56cbf10c0767a363e3e35f1e4e53836, not stripped
lib/modules/5.10.0-23-arm64/kernel/drivers/iio/adc/max9611.ko	ELF 64-bit LSB relocatable, ARM aarch64, version 1 (SYSV), BuildID[sha1]=e2d478cb1f045bc1bf806c91099f195c290fd871, not stripped
lib/modules/5.10.0-23-arm64/kernel/drivers/iio/adc/ad799x.ko	ELF 64-bit LSB relocatable, ARM aarch64, version 1 (SYSV), BuildID[sha1]=c455a8960c831f3d7174b032941fdfb8ca13d2d2, not stripped
lib/modules/5.10.0-23-arm64/kernel/drivers/iio/adc/ad7766.ko	ELF 64-bit LSB relocatable, ARM aarch64, version 1 (SYSV), BuildID[sha1]=3eae911319caa554091e448797b126f40852c2ac, not stripped
lib/modules/5.10.0-23-arm64/kernel/drivers/iio/adc/ad7091r-base.ko	ELF 64-bit LSB relocatable, ARM aarch64, version 1 (SYSV), BuildID[sha1]=3b5a591f2d10a085eb9ede3e4f64de25ea7ebfcd, not stripped
lib/modules/5.10.0-23-arm64/kernel/drivers/iio/adc/ltc2496.ko	ELF 64-bit LSB relocatable, ARM aarch64, version 1 (SYSV), BuildID[sha1]=de9f28cd2f159f1fb9b752a5962d256e4c8ec0e8, not stripped
lib/modules/5.10.0-23-arm64/kernel/drivers/iio/adc/ad7780.ko	ELF 64-bit LSB relocatable, ARM aarch64, version 1 (SYSV), BuildID[sha1]=e3ecc645e1c280ef4ac3c697bbb69f88f6bbe996, not stripped
lib/modules/5.10.0-23-arm64/kernel/drivers/iio/adc/viperboard_adc.ko	ELF 64-bit LSB relocatable, ARM aarch64, version 1 (SYSV), BuildID[sha1]=e3c594c3c077cb5cc83d280eee5c293f3072e4b7, not stripped
lib/modules/5.10.0-23-arm64/kernel/drivers/iio/adc/ltc2485.ko	ELF 64-bit LSB relocatable, ARM aarch64, version 1 (SYSV), BuildID[sha1]=fa9419fb3287479b33036143fceaeb9c80452517, not stripped
lib/modules/5.10.0-23-arm64/kernel/drivers/iio/adc/max11100.ko	ELF 64-bit LSB relocatable, ARM aarch64, version 1 (SYSV), BuildID[sha1]=ba8d7ef212ef5537ebdc72b70b1f32b3c5f3b4f7, not stripped
lib/modules/5.10.0-23-arm64/kernel/drivers/iio/adc/ad9467.ko	ELF 64-bit LSB relocatable, ARM aarch64, version 1 (SYSV), BuildID[sha1]=d021252c6e81f931316a35e1059ceb56496aa017, not stripped
lib/modules/5.10.0-23-arm64/kernel/drivers/iio/adc/hi8435.ko	ELF 64-bit LSB relocatable, ARM aarch64, version 1 (SYSV), BuildID[sha1]=93b12522a3a7313a0a43f0ecfaaa91a1c3a3c872, not stripped
lib/modules/5.10.0-23-arm64/kernel/drivers/iio/adc/ad7292.ko	ELF 64-bit LSB relocatable, ARM aarch64, version 1 (SYSV), BuildID[sha1]=aa865bf17980c7f3fd44242593af47ddadaba914, not stripped
lib/modules/5.10.0-23-arm64/kernel/drivers/iio/adc/ti-ads1015.ko	ELF 64-bit LSB relocatable, ARM aarch64, version 1 (SYSV), BuildID[sha1]=a6ff0a8ad4d50ad751150610db9bc0cf40064ab6, not stripped
lib/modules/5.10.0-23-arm64/kernel/drivers/iio/adc/ad7606_spi.ko	ELF 64-bit LSB relocatable, ARM aarch64, version 1 (SYSV), BuildID[sha1]=104430c211e5d03909079ea96b43398aef98925e, not stripped
lib/modules/5.10.0-23-arm64/kernel/drivers/iio/adc/ti-ads7950.ko	ELF 64-bit LSB relocatable, ARM aarch64, version 1 (SYSV), BuildID[sha1]=39ffcaeb769afcbdf2d38f12bbc1524812158c68, not stripped
lib/modules/5.10.0-23-arm64/kernel/drivers/iio/adc/ltc2497-core.ko	ELF 64-bit LSB relocatable, ARM aarch64, version 1 (SYSV), BuildID[sha1]=a9f9be27f418b21004993d9133cb719e1e3d585f, not stripped
lib/modules/5.10.0-23-arm64/kernel/drivers/iio/adc/ti-adc081c.ko	ELF 64-bit LSB relocatable, ARM aarch64, version 1 (SYSV), BuildID[sha1]=5395abb363d740f398de74d994860f6665bdae24, not stripped
lib/modules/5.10.0-23-arm64/kernel/drivers/iio/adc/max1241.ko	ELF 64-bit LSB relocatable, ARM aarch64, version 1 (SYSV), BuildID[sha1]=52cf0e0beb48459b55470eee5024c3bd395242fc, not stripped
lib/modules/5.10.0-23-arm64/kernel/drivers/iio/adc/ad7606_par.ko	ELF 64-bit LSB relocatable, ARM aarch64, version 1 (SYSV), BuildID[sha1]=624b913af9e6f1d5401d0273e8ff3a631b6df1c0, not stripped
lib/modules/5.10.0-23-arm64/kernel/drivers/iio/adc/ti-adc0832.ko	ELF 64-bit LSB relocatable, ARM aarch64, version 1 (SYSV), BuildID[sha1]=4152d031236526aa9b205563450d82ba44bba25d, not stripped
lib/modules/5.10.0-23-arm64/kernel/drivers/iio/adc/ad7091r5.ko	ELF 64-bit LSB relocatable, ARM aarch64, version 1 (SYSV), BuildID[sha1]=f63a70968578c50dd81f84ca0eb8871c3772a972, not stripped
lib/modules/5.10.0-23-arm64/kernel/drivers/iio/adc/max1363.ko	ELF 64-bit LSB relocatable, ARM aarch64, version 1 (SYSV), BuildID[sha1]=8cd60bd3a7cd7c9d367777e9f72593f938707193, not stripped
lib/modules/5.10.0-23-arm64/kernel/drivers/iio/adc/nau7802.ko	ELF 64-bit LSB relocatable, ARM aarch64, version 1 (SYSV), BuildID[sha1]=2fe41d5ffb586e7a248f204e3316c2c2247f0a65, not stripped
lib/modules/5.10.0-23-arm64/kernel/drivers/iio/adc/max1118.ko	ELF 64-bit LSB relocatable, ARM aarch64, version 1 (SYSV), BuildID[sha1]=065888cb800ba1029697fedb4cb87a150efecdfd, not stripped
lib/modules/5.10.0-23-arm64/kernel/drivers/iio/adc/ti-adc12138.ko	ELF 64-bit LSB relocatable, ARM aarch64, version 1 (SYSV), BuildID[sha1]=c5c0bc207c875f3ac096caed91139261f622bbbb, not stripped
lib/modules/5.10.0-23-arm64/kernel/drivers/iio/adc/mcp320x.ko	ELF 64-bit LSB relocatable, ARM aarch64, version 1 (SYSV), BuildID[sha1]=bb8b5f4ff3a5e063f39cd7846cb20e27bcdb18cd, not stripped
lib/modules/5.10.0-23-arm64/kernel/drivers/iio/adc/ad7476.ko	ELF 64-bit LSB relocatable, ARM aarch64, version 1 (SYSV), BuildID[sha1]=23890e0d3bdb9ed95947e6c431b9ba65cf990d41, not stripped
lib/modules/5.10.0-23-arm64/kernel/drivers/firewire/firewire-sbp2.ko	ELF 64-bit LSB relocatable, ARM aarch64, version 1 (SYSV), BuildID[sha1]=d8a168221cae2d8cf0326d35386b570b2515e737, not stripped
lib/modules/5.10.0-23-arm64/kernel/drivers/firewire/firewire-ohci.ko	ELF 64-bit LSB relocatable, ARM aarch64, version 1 (SYSV), BuildID[sha1]=7707a822b114c3e08197c8d3dfb5f9790fcc2dc0, not stripped
lib/modules/5.10.0-23-arm64/kernel/drivers/firewire/nosy.ko	ELF 64-bit LSB relocatable, ARM aarch64, version 1 (SYSV), BuildID[sha1]=dcbd135835cd37d7b6dc6a5cf337c827d48dc254, not stripped
lib/modules/5.10.0-23-arm64/kernel/drivers/firewire/firewire-net.ko	ELF 64-bit LSB relocatable, ARM aarch64, version 1 (SYSV), BuildID[sha1]=e2f5676c9cfbe3dfa970a83a8cb6cbeea931eacb, not stripped
lib/modules/5.10.0-23-arm64/kernel/drivers/firewire/firewire-core.ko	ELF 64-bit LSB relocatable, ARM aarch64, version 1 (SYSV), BuildID[sha1]=5a04bc517380b734100e10a52fdb3c6fd7310ede, not stripped
lib/modules/5.10.0-23-arm64/kernel/drivers/bluetooth/btbcm.ko	ELF 64-bit LSB relocatable, ARM aarch64, version 1 (SYSV), BuildID[sha1]=ee7f7e92016d97cd0842abf03651c1ec6ef43ae2, not stripped
lib/modules/5.10.0-23-arm64/kernel/drivers/bluetooth/btintel.ko	ELF 64-bit LSB relocatable, ARM aarch64, version 1 (SYSV), BuildID[sha1]=274a5bfa65cd7bd05add27f677c41b7d73e58ae6, not stripped
lib/modules/5.10.0-23-arm64/kernel/drivers/bluetooth/hci_nokia.ko	ELF 64-bit LSB relocatable, ARM aarch64, version 1 (SYSV), BuildID[sha1]=336143ddc38a8b9937a79ea6b31ea0857396f855, not stripped
lib/modules/5.10.0-23-arm64/kernel/drivers/bluetooth/btsdio.ko	ELF 64-bit LSB relocatable, ARM aarch64, version 1 (SYSV), BuildID[sha1]=ceb5aeb0688aaa6c0915b32d5cb8de13764de387, not stripped
lib/modules/5.10.0-23-arm64/kernel/drivers/bluetooth/hci_uart.ko	ELF 64-bit LSB relocatable, ARM aarch64, version 1 (SYSV), BuildID[sha1]=2e298a3f2c8c34592dc6b62deeb3f4df15e65476, not stripped
lib/modules/5.10.0-23-arm64/kernel/drivers/bluetooth/ath3k.ko	ELF 64-bit LSB relocatable, ARM aarch64, version 1 (SYSV), BuildID[sha1]=6eece509ca786427a5515e83f43198c9e804f931, not stripped
lib/modules/5.10.0-23-arm64/kernel/drivers/bluetooth/btmrvl.ko	ELF 64-bit LSB relocatable, ARM aarch64, version 1 (SYSV), BuildID[sha1]=0ae1202a3caaed94ea9252174713c67791dfd5e3, not stripped
lib/modules/5.10.0-23-arm64/kernel/drivers/bluetooth/btmrvl_sdio.ko	ELF 64-bit LSB relocatable, ARM aarch64, version 1 (SYSV), BuildID[sha1]=d1c655171a3d6254b9334f9e84771cafcc7b0dfa, not stripped
lib/modules/5.10.0-23-arm64/kernel/drivers/bluetooth/btrtl.ko	ELF 64-bit LSB relocatable, ARM aarch64, version 1 (SYSV), BuildID[sha1]=bf78c84bbb1f56c48c96515911ba3e71483aa008, not stripped
lib/modules/5.10.0-23-arm64/kernel/drivers/bluetooth/btqca.ko	ELF 64-bit LSB relocatable, ARM aarch64, version 1 (SYSV), BuildID[sha1]=60e3cfb7adcb0c871b9e2c92edc25c668259b56a, not stripped
lib/modules/5.10.0-23-arm64/kernel/drivers/bluetooth/btqcomsmd.ko	ELF 64-bit LSB relocatable, ARM aarch64, version 1 (SYSV), BuildID[sha1]=c9d0126a50a8dab5b29593e32b4b43ea6a8eed87, not stripped
lib/modules/5.10.0-23-arm64/kernel/drivers/bluetooth/btusb.ko	ELF 64-bit LSB relocatable, ARM aarch64, version 1 (SYSV), BuildID[sha1]=9fa897814f26a9ec294612d47ad77a56a14cf6c2, not stripped
lib/modules/5.10.0-23-arm64/kernel/drivers/bluetooth/btmtkuart.ko	ELF 64-bit LSB relocatable, ARM aarch64, version 1 (SYSV), BuildID[sha1]=394f4a13cf7fa2459b69a04765a2a1a01373929a, not stripped
lib/modules/5.10.0-23-arm64/kernel/drivers/bluetooth/btrsi.ko	ELF 64-bit LSB relocatable, ARM aarch64, version 1 (SYSV), BuildID[sha1]=b0257cdb55d0d12ce46af094576aadea27798306, not stripped
lib/modules/5.10.0-23-arm64/kernel/drivers/clk/clk-hi655x.ko	ELF 64-bit LSB relocatable, ARM aarch64, version 1 (SYSV), BuildID[sha1]=80011356acc597526e90b38ff869d0b160064d0e, not stripped
lib/modules/5.10.0-23-arm64/kernel/drivers/clk/clk-rk808.ko	ELF 64-bit LSB relocatable, ARM aarch64, version 1 (SYSV), BuildID[sha1]=d7eddd02aa2f6477d6b33a20a4f3c1fb15cc00f7, not stripped
lib/modules/5.10.0-23-arm64/kernel/drivers/clk/qcom/clk-rpm.ko	ELF 64-bit LSB relocatable, ARM aarch64, version 1 (SYSV), BuildID[sha1]=077c782a2e0c3a69e05cb72005d22c69df1403f9, not stripped
lib/modules/5.10.0-23-arm64/kernel/drivers/clk/qcom/clk-smd-rpm.ko	ELF 64-bit LSB relocatable, ARM aarch64, version 1 (SYSV), BuildID[sha1]=6d49afd74c7d04299c8d0fff3c540f9389c890c7, not stripped
lib/modules/5.10.0-23-arm64/kernel/drivers/target/target_core_file.ko	ELF 64-bit LSB relocatable, ARM aarch64, version 1 (SYSV), BuildID[sha1]=94cdd6ac35e21a181de0a9adb8d5dfc7137b2e49, not stripped
lib/modules/5.10.0-23-arm64/kernel/drivers/target/tcm_fc/tcm_fc.ko	ELF 64-bit LSB relocatable, ARM aarch64, version 1 (SYSV), BuildID[sha1]=83b75775f772aaf4e28648e3d168523ccb233b06, not stripped
lib/modules/5.10.0-23-arm64/kernel/drivers/target/iscsi/cxgbit/cxgbit.ko	ELF 64-bit LSB relocatable, ARM aarch64, version 1 (SYSV), BuildID[sha1]=98ecbad19c28ab8078d33a136ef0056781804fd0, not stripped
lib/modules/5.10.0-23-arm64/kernel/drivers/target/iscsi/iscsi_target_mod.ko	ELF 64-bit LSB relocatable, ARM aarch64, version 1 (SYSV), BuildID[sha1]=810e57a513a6be55911f6cad8b2d0a0772c2f567, not stripped
lib/modules/5.10.0-23-arm64/kernel/drivers/target/target_core_mod.ko	ELF 64-bit LSB relocatable, ARM aarch64, version 1 (SYSV), BuildID[sha1]=6770cce4a15a420241e7706d6bfb2d8bc88d51dd, not stripped
lib/modules/5.10.0-23-arm64/kernel/drivers/target/target_core_user.ko	ELF 64-bit LSB relocatable, ARM aarch64, version 1 (SYSV), BuildID[sha1]=c4c4e5d0636b907dd8c7ed601caa9289ea8aa8d3, not stripped
lib/modules/5.10.0-23-arm64/kernel/drivers/target/loopback/tcm_loop.ko	ELF 64-bit LSB relocatable, ARM aarch64, version 1 (SYSV), BuildID[sha1]=18ae84d63d3f8eaeb2f1c8ea1e6a73f383568d3a, not stripped
lib/modules/5.10.0-23-arm64/kernel/drivers/target/target_core_iblock.ko	ELF 64-bit LSB relocatable, ARM aarch64, version 1 (SYSV), BuildID[sha1]=6d4e89772aa225240714938c5a72dd20537f7d4e, not stripped
lib/modules/5.10.0-23-arm64/kernel/drivers/target/sbp/sbp_target.ko	ELF 64-bit LSB relocatable, ARM aarch64, version 1 (SYSV), BuildID[sha1]=0969e8b785f071d2e3a67c1e3c8a6d0567c67c3a, not stripped
lib/modules/5.10.0-23-arm64/kernel/drivers/target/target_core_pscsi.ko	ELF 64-bit LSB relocatable, ARM aarch64, version 1 (SYSV), BuildID[sha1]=11ce79d32704739340ebfa07a9eb41ee452994e1, not stripped
lib/modules/5.10.0-23-arm64/kernel/drivers/bus/mhi/core/mhi.ko	ELF 64-bit LSB relocatable, ARM aarch64, version 1 (SYSV), BuildID[sha1]=3e7f826e3e17fb43923793e38b045e790ab4611e, not stripped
lib/modules/5.10.0-23-arm64/kernel/drivers/bus/moxtet.ko	ELF 64-bit LSB relocatable, ARM aarch64, version 1 (SYSV), BuildID[sha1]=5e73df29ee975e674bb7e0e4565b67d540ad4a30, not stripped
lib/modules/5.10.0-23-arm64/kernel/drivers/perf/arm-cmn.ko	ELF 64-bit LSB relocatable, ARM aarch64, version 1 (SYSV), BuildID[sha1]=0c885dcb93822166fbc9d06158f36556b34b395b, not stripped
lib/modules/5.10.0-23-arm64/kernel/drivers/perf/thunderx2_pmu.ko	ELF 64-bit LSB relocatable, ARM aarch64, version 1 (SYSV), BuildID[sha1]=e7fd0a76e3bc562495fa35dc0ae9b56f218d526a, not stripped
lib/modules/5.10.0-23-arm64/kernel/drivers/perf/arm_smmuv3_pmu.ko	ELF 64-bit LSB relocatable, ARM aarch64, version 1 (SYSV), BuildID[sha1]=7a31615369f26473ab0572b6bfc38ffaf7545fd7, not stripped
lib/modules/5.10.0-23-arm64/kernel/drivers/input/ff-memless.ko	ELF 64-bit LSB relocatable, ARM aarch64, version 1 (SYSV), BuildID[sha1]=f80ae59488d8d16fa1bc48a41bcc2ed7d1ffd6ab, not stripped
lib/modules/5.10.0-23-arm64/kernel/drivers/input/serio/altera_ps2.ko	ELF 64-bit LSB relocatable, ARM aarch64, version 1 (SYSV), BuildID[sha1]=fae5368315b7b159e6ceaa1ae7f258abf7f831d5, not stripped
lib/modules/5.10.0-23-arm64/kernel/drivers/input/misc/axp20x-pek.ko	ELF 64-bit LSB relocatable, ARM aarch64, version 1 (SYSV), BuildID[sha1]=d5db466891bf7750db58d4733e031feea9153462, not stripped
lib/modules/5.10.0-23-arm64/kernel/drivers/input/misc/gpio-beeper.ko	ELF 64-bit LSB relocatable, ARM aarch64, version 1 (SYSV), BuildID[sha1]=b6667e10b77bf80ac2cfe7b1e8fe1662767f0649, not stripped
lib/modules/5.10.0-23-arm64/kernel/drivers/input/misc/ati_remote2.ko	ELF 64-bit LSB relocatable, ARM aarch64, version 1 (SYSV), BuildID[sha1]=86887b9d1644e77461f910f94143e1d449debc7b, not stripped
lib/modules/5.10.0-23-arm64/kernel/drivers/input/misc/powermate.ko	ELF 64-bit LSB relocatable, ARM aarch64, version 1 (SYSV), BuildID[sha1]=9632f1d8744ea9476eb3da0030c14032b8e962b1, not stripped
lib/modules/5.10.0-23-arm64/kernel/drivers/input/misc/hisi_powerkey.ko	ELF 64-bit LSB relocatable, ARM aarch64, version 1 (SYSV), BuildID[sha1]=e80d8d6bddbd793c2ce060fa3e927daf80d9b444, not stripped
lib/modules/5.10.0-23-arm64/kernel/drivers/input/misc/cm109.ko	ELF 64-bit LSB relocatable, ARM aarch64, version 1 (SYSV), BuildID[sha1]=82ce88f509da4bd8978c625941b85f0ebe29d623, not stripped
lib/modules/5.10.0-23-arm64/kernel/drivers/input/misc/yealink.ko	ELF 64-bit LSB relocatable, ARM aarch64, version 1 (SYSV), BuildID[sha1]=59edfd9ee7ad4a93c63370db017c87290ea2e354, not stripped
lib/modules/5.10.0-23-arm64/kernel/drivers/input/misc/keyspan_remote.ko	ELF 64-bit LSB relocatable, ARM aarch64, version 1 (SYSV), BuildID[sha1]=f2f03d3c6204af697440322f0c0ad44a9ef2bbf3, not stripped
lib/modules/5.10.0-23-arm64/kernel/drivers/input/misc/uinput.ko	ELF 64-bit LSB relocatable, ARM aarch64, version 1 (SYSV), BuildID[sha1]=89a5766c34a05e6912d10984e35a684b856065f5, not stripped
lib/modules/5.10.0-23-arm64/kernel/drivers/input/misc/pm8941-pwrkey.ko	ELF 64-bit LSB relocatable, ARM aarch64, version 1 (SYSV), BuildID[sha1]=e9691c550f8ba6d12f060970804199426e932f88, not stripped
lib/modules/5.10.0-23-arm64/kernel/drivers/input/mouse/synaptics_i2c.ko	ELF 64-bit LSB relocatable, ARM aarch64, version 1 (SYSV), BuildID[sha1]=30d0bcee01628fb642713d7f8a9ffef68fd9a4af, not stripped
lib/modules/5.10.0-23-arm64/kernel/drivers/input/mouse/elan_i2c.ko	ELF 64-bit LSB relocatable, ARM aarch64, version 1 (SYSV), BuildID[sha1]=47b343d227f98918c1e152a7efeab8f315a8ed65, not stripped
lib/modules/5.10.0-23-arm64/kernel/drivers/input/mouse/synaptics_usb.ko	ELF 64-bit LSB relocatable, ARM aarch64, version 1 (SYSV), BuildID[sha1]=1ffb7eceff4b20012fd8baf24267667d5ab487f7, not stripped
lib/modules/5.10.0-23-arm64/kernel/drivers/input/rmi4/rmi_core.ko	ELF 64-bit LSB relocatable, ARM aarch64, version 1 (SYSV), BuildID[sha1]=91a5a97911b64889efaa1750033c43e03292bc78, not stripped
lib/modules/5.10.0-23-arm64/kernel/drivers/input/evdev.ko	ELF 64-bit LSB relocatable, ARM aarch64, version 1 (SYSV), BuildID[sha1]=1b3152e2ca9aa827edf078800cfcdcb3b32dd703, not stripped
lib/modules/5.10.0-23-arm64/kernel/drivers/input/sparse-keymap.ko	ELF 64-bit LSB relocatable, ARM aarch64, version 1 (SYSV), BuildID[sha1]=0beb12639b0024af8a8ee6194fdbabd6a63ddd86, not stripped
lib/modules/5.10.0-23-arm64/kernel/drivers/input/keyboard/cros_ec_keyb.ko	ELF 64-bit LSB relocatable, ARM aarch64, version 1 (SYSV), BuildID[sha1]=6aff5039471b22a044c9b60a888a899c7584341c, not stripped
lib/modules/5.10.0-23-arm64/kernel/drivers/input/keyboard/tegra-kbc.ko	ELF 64-bit LSB relocatable, ARM aarch64, version 1 (SYSV), BuildID[sha1]=9a8c21cb9805b43ba1851dca0bed5a85bebaef9b, not stripped
lib/modules/5.10.0-23-arm64/kernel/drivers/input/keyboard/gpio_keys.ko	ELF 64-bit LSB relocatable, ARM aarch64, version 1 (SYSV), BuildID[sha1]=297a5ac6776e6db9754764e5bc811cff736e6711, not stripped
lib/modules/5.10.0-23-arm64/kernel/drivers/input/keyboard/stowaway.ko	ELF 64-bit LSB relocatable, ARM aarch64, version 1 (SYSV), BuildID[sha1]=a745bdc020bee84a5222422fd36d431b96358f7f, not stripped
lib/modules/5.10.0-23-arm64/kernel/drivers/input/keyboard/adp5588-keys.ko	ELF 64-bit LSB relocatable, ARM aarch64, version 1 (SYSV), BuildID[sha1]=def37cc9402ea3af45c160ec55158d9863c637bd, not stripped
lib/modules/5.10.0-23-arm64/kernel/drivers/input/keyboard/qt2160.ko	ELF 64-bit LSB relocatable, ARM aarch64, version 1 (SYSV), BuildID[sha1]=bebb3c75bb027fc180abea08118e89e339065e8e, not stripped
lib/modules/5.10.0-23-arm64/kernel/drivers/input/keyboard/max7359_keypad.ko	ELF 64-bit LSB relocatable, ARM aarch64, version 1 (SYSV), BuildID[sha1]=c64609597d10ec0425c474bf4e4e1d4c362c76fd, not stripped
lib/modules/5.10.0-23-arm64/kernel/drivers/input/keyboard/adc-keys.ko	ELF 64-bit LSB relocatable, ARM aarch64, version 1 (SYSV), BuildID[sha1]=ff97ec530f264482a891b78d09f951a1eb21b1b4, not stripped
lib/modules/5.10.0-23-arm64/kernel/drivers/input/keyboard/opencores-kbd.ko	ELF 64-bit LSB relocatable, ARM aarch64, version 1 (SYSV), BuildID[sha1]=36067a90cdd0703dd67ad0ecf31b69dabf46eab1, not stripped
lib/modules/5.10.0-23-arm64/kernel/drivers/input/keyboard/lm8323.ko	ELF 64-bit LSB relocatable, ARM aarch64, version 1 (SYSV), BuildID[sha1]=fbe86dc68f9bdbfcc30b6bf0b8f662da4aa9069f, not stripped
lib/modules/5.10.0-23-arm64/kernel/drivers/input/joydev.ko	ELF 64-bit LSB relocatable, ARM aarch64, version 1 (SYSV), BuildID[sha1]=4d25bc72f55a7449764fcd89eb354b5dac17c923, not stripped
lib/modules/5.10.0-23-arm64/kernel/drivers/input/tablet/acecad.ko	ELF 64-bit LSB relocatable, ARM aarch64, version 1 (SYSV), BuildID[sha1]=27ab3287ff09518e316c1215ee19913c2a644885, not stripped
lib/modules/5.10.0-23-arm64/kernel/drivers/input/tablet/pegasus_notetaker.ko	ELF 64-bit LSB relocatable, ARM aarch64, version 1 (SYSV), BuildID[sha1]=b7aad66f7388550c11c2c60a8858c6eb31533a05, not stripped
lib/modules/5.10.0-23-arm64/kernel/drivers/input/tablet/hanwang.ko	ELF 64-bit LSB relocatable, ARM aarch64, version 1 (SYSV), BuildID[sha1]=e62a5170bb95a6069581f12695e8c7e04a1ad04e, not stripped
lib/modules/5.10.0-23-arm64/kernel/drivers/input/tablet/gtco.ko	ELF 64-bit LSB relocatable, ARM aarch64, version 1 (SYSV), BuildID[sha1]=62d643b489a92952c6940acba735db1314483256, not stripped
lib/modules/5.10.0-23-arm64/kernel/drivers/input/tablet/aiptek.ko	ELF 64-bit LSB relocatable, ARM aarch64, version 1 (SYSV), BuildID[sha1]=44526355cb52797507bd60aee81cea9224ff7064, not stripped
lib/modules/5.10.0-23-arm64/kernel/drivers/input/tablet/kbtab.ko	ELF 64-bit LSB relocatable, ARM aarch64, version 1 (SYSV), BuildID[sha1]=e476b5d4eb9d64a4c2abcde823dd2f0a3d58baa2, not stripped
lib/modules/5.10.0-23-arm64/kernel/drivers/input/tablet/wacom_serial4.ko	ELF 64-bit LSB relocatable, ARM aarch64, version 1 (SYSV), BuildID[sha1]=12cf590283573d6ffad8d9ed4c5d61b78c4d737c, not stripped
lib/modules/5.10.0-23-arm64/kernel/drivers/input/touchscreen/ad7879.ko	ELF 64-bit LSB relocatable, ARM aarch64, version 1 (SYSV), BuildID[sha1]=421216e5ee297cdd394ae3da67f1c66b1debf201, not stripped
lib/modules/5.10.0-23-arm64/kernel/drivers/input/touchscreen/goodix.ko	ELF 64-bit LSB relocatable, ARM aarch64, version 1 (SYSV), BuildID[sha1]=784eaf60215258a78d53eec5e3a0a3884ac7dd75, not stripped
lib/modules/5.10.0-23-arm64/kernel/drivers/input/touchscreen/fujitsu_ts.ko	ELF 64-bit LSB relocatable, ARM aarch64, version 1 (SYSV), BuildID[sha1]=6062e10f6c0463ba32e817016c5cddceed22c568, not stripped
lib/modules/5.10.0-23-arm64/kernel/drivers/input/touchscreen/wm97xx-ts.ko	ELF 64-bit LSB relocatable, ARM aarch64, version 1 (SYSV), BuildID[sha1]=e13220acef4dd1016f562bd05e857e8f8451e998, not stripped
lib/modules/5.10.0-23-arm64/kernel/drivers/input/touchscreen/tsc2007.ko	ELF 64-bit LSB relocatable, ARM aarch64, version 1 (SYSV), BuildID[sha1]=153925925509ffbb691dba976102677b16e9c185, not stripped
lib/modules/5.10.0-23-arm64/kernel/drivers/input/touchscreen/dynapro.ko	ELF 64-bit LSB relocatable, ARM aarch64, version 1 (SYSV), BuildID[sha1]=1dc74fa5cba99e459034e5be3bca0f8443ed4956, not stripped
lib/modules/5.10.0-23-arm64/kernel/drivers/input/touchscreen/mk712.ko	ELF 64-bit LSB relocatable, ARM aarch64, version 1 (SYSV), BuildID[sha1]=b2ed0e960b4137610d4e0919857fdec3ed64bc52, not stripped
lib/modules/5.10.0-23-arm64/kernel/drivers/input/touchscreen/tps6507x-ts.ko	ELF 64-bit LSB relocatable, ARM aarch64, version 1 (SYSV), BuildID[sha1]=0bfc5186ef96e83177393fc570fe88aaa80b45db, not stripped
lib/modules/5.10.0-23-arm64/kernel/drivers/input/touchscreen/sur40.ko	ELF 64-bit LSB relocatable, ARM aarch64, version 1 (SYSV), BuildID[sha1]=bc98b735f456319290d152783ccfeed4fda383c9, not stripped
lib/modules/5.10.0-23-arm64/kernel/drivers/input/touchscreen/ad7879-i2c.ko	ELF 64-bit LSB relocatable, ARM aarch64, version 1 (SYSV), BuildID[sha1]=dc110a331119ff7284b3e08e6b8e47999ec8da2a, not stripped
lib/modules/5.10.0-23-arm64/kernel/drivers/input/touchscreen/touchit213.ko	ELF 64-bit LSB relocatable, ARM aarch64, version 1 (SYSV), BuildID[sha1]=e8810130234f4ac75cdb7a04b81df4968035221d, not stripped
lib/modules/5.10.0-23-arm64/kernel/drivers/input/touchscreen/elants_i2c.ko	ELF 64-bit LSB relocatable, ARM aarch64, version 1 (SYSV), BuildID[sha1]=81413a53cbc761a26d67997b01480adfd86d04b7, not stripped
lib/modules/5.10.0-23-arm64/kernel/drivers/input/touchscreen/touchright.ko	ELF 64-bit LSB relocatable, ARM aarch64, version 1 (SYSV), BuildID[sha1]=7733ebba3ef457feae032e580097266e6c3c4318, not stripped
lib/modules/5.10.0-23-arm64/kernel/drivers/input/touchscreen/usbtouchscreen.ko	ELF 64-bit LSB relocatable, ARM aarch64, version 1 (SYSV), BuildID[sha1]=181f8f2302eef2027a051e510992a5770f36560a, not stripped
lib/modules/5.10.0-23-arm64/kernel/drivers/input/touchscreen/mtouch.ko	ELF 64-bit LSB relocatable, ARM aarch64, version 1 (SYSV), BuildID[sha1]=e2fb1f914b3193f67ba47b648383359450d8f9f4, not stripped
lib/modules/5.10.0-23-arm64/kernel/drivers/input/touchscreen/touchwin.ko	ELF 64-bit LSB relocatable, ARM aarch64, version 1 (SYSV), BuildID[sha1]=8a6813a492401aa2328facb7c3ce66abe97e0b57, not stripped
lib/modules/5.10.0-23-arm64/kernel/drivers/input/touchscreen/penmount.ko	ELF 64-bit LSB relocatable, ARM aarch64, version 1 (SYSV), BuildID[sha1]=6227eb6546e3ac16d09d8a725c7134484577df56, not stripped
lib/modules/5.10.0-23-arm64/kernel/drivers/input/touchscreen/ad7877.ko	ELF 64-bit LSB relocatable, ARM aarch64, version 1 (SYSV), BuildID[sha1]=d4650e56254ef0da14722beb4947c12c92d5a9d0, not stripped
lib/modules/5.10.0-23-arm64/kernel/drivers/input/touchscreen/elo.ko	ELF 64-bit LSB relocatable, ARM aarch64, version 1 (SYSV), BuildID[sha1]=f22a58561bfda3408ca097affbc74eeff3125cb5, not stripped
lib/modules/5.10.0-23-arm64/kernel/drivers/input/touchscreen/gunze.ko	ELF 64-bit LSB relocatable, ARM aarch64, version 1 (SYSV), BuildID[sha1]=2019c063f62c4c2ad3df0ffd6d8f3077731010b3, not stripped
lib/modules/5.10.0-23-arm64/kernel/drivers/input/touchscreen/inexio.ko	ELF 64-bit LSB relocatable, ARM aarch64, version 1 (SYSV), BuildID[sha1]=0b96066eaaa16d062fd7fa98027034a13628fbcf, not stripped
lib/modules/5.10.0-23-arm64/kernel/drivers/input/touchscreen/atmel_mxt_ts.ko	ELF 64-bit LSB relocatable, ARM aarch64, version 1 (SYSV), BuildID[sha1]=b33a462fff6408e31b04bed37a39dea0b2d1867c, not stripped
lib/modules/5.10.0-23-arm64/kernel/drivers/input/touchscreen/ads7846.ko	ELF 64-bit LSB relocatable, ARM aarch64, version 1 (SYSV), BuildID[sha1]=ab59464e741b0460ad0cb0cd774972f3534ce508, not stripped
lib/modules/5.10.0-23-arm64/kernel/drivers/input/touchscreen/eeti_ts.ko	ELF 64-bit LSB relocatable, ARM aarch64, version 1 (SYSV), BuildID[sha1]=191638e57a83093ccf24d1518390011004911b60, not stripped
lib/modules/5.10.0-23-arm64/kernel/drivers/input/touchscreen/wacom_w8001.ko	ELF 64-bit LSB relocatable, ARM aarch64, version 1 (SYSV), BuildID[sha1]=c4e1e82ac24c4362c18dd8b52e73ac79cbcf6884, not stripped
lib/modules/5.10.0-23-arm64/kernel/drivers/input/touchscreen/hampshire.ko	ELF 64-bit LSB relocatable, ARM aarch64, version 1 (SYSV), BuildID[sha1]=68bdc2dd76e82210a1f8b6837a5a18b9959d92a6, not stripped
lib/modules/5.10.0-23-arm64/kernel/drivers/input/touchscreen/mcs5000_ts.ko	ELF 64-bit LSB relocatable, ARM aarch64, version 1 (SYSV), BuildID[sha1]=4f4ff9e1f461581dfd7be7627723cc7e48576fe9, not stripped
lib/modules/5.10.0-23-arm64/kernel/drivers/input/matrix-keymap.ko	ELF 64-bit LSB relocatable, ARM aarch64, version 1 (SYSV), BuildID[sha1]=cff012a4af96d512e902b136e7535d83ab4dafd0, not stripped
lib/modules/5.10.0-23-arm64/kernel/drivers/dax/kmem.ko	ELF 64-bit LSB relocatable, ARM aarch64, version 1 (SYSV), BuildID[sha1]=fa8911011b18c5905880eb06632b62b2c2f0c794, not stripped
lib/modules/5.10.0-23-arm64/kernel/drivers/dax/device_dax.ko	ELF 64-bit LSB relocatable, ARM aarch64, version 1 (SYSV), BuildID[sha1]=8d5f886adfd7c42ffc3fdb06ff759a9c4e5c3c1e, not stripped
lib/modules/5.10.0-23-arm64/kernel/drivers/dax/hmem/dax_hmem.ko	ELF 64-bit LSB relocatable, ARM aarch64, version 1 (SYSV), BuildID[sha1]=f8699dcb8a55f82c469624dd9c15f03fa2f7869e, not stripped
lib/modules/5.10.0-23-arm64/kernel/drivers/nfc/pn533/pn533_usb.ko	ELF 64-bit LSB relocatable, ARM aarch64, version 1 (SYSV), BuildID[sha1]=79229c25b2797a13503144e68af3d0dd3b1cb673, not stripped
lib/modules/5.10.0-23-arm64/kernel/drivers/nfc/pn533/pn533.ko	ELF 64-bit LSB relocatable, ARM aarch64, version 1 (SYSV), BuildID[sha1]=ee2f8d3b7bb566dc3cb7aeec46f41d4f6566c3a5, not stripped
lib/modules/5.10.0-23-arm64/kernel/drivers/nfc/nfcsim.ko	ELF 64-bit LSB relocatable, ARM aarch64, version 1 (SYSV), BuildID[sha1]=ebf4fcbdbb3501ab03223b4e93d98c215ab2ae01, not stripped
lib/modules/5.10.0-23-arm64/kernel/drivers/nfc/port100.ko	ELF 64-bit LSB relocatable, ARM aarch64, version 1 (SYSV), BuildID[sha1]=10e8d6814671b5c3bfc9195934883d678417063d, not stripped
lib/modules/5.10.0-23-arm64/kernel/drivers/crypto/allwinner/sun8i-ce/sun8i-ce.ko	ELF 64-bit LSB relocatable, ARM aarch64, version 1 (SYSV), BuildID[sha1]=1ee0233e6346944066126f0f20473fca25d1b9d2, not stripped
lib/modules/5.10.0-23-arm64/kernel/drivers/crypto/virtio/virtio_crypto.ko	ELF 64-bit LSB relocatable, ARM aarch64, version 1 (SYSV), BuildID[sha1]=17f880c0e9f52b7ffcfa34d9f3e04fed268ee400, not stripped
lib/modules/5.10.0-23-arm64/kernel/drivers/crypto/chelsio/chcr.ko	ELF 64-bit LSB relocatable, ARM aarch64, version 1 (SYSV), BuildID[sha1]=c7041f00053320fc8ccae001303e581c3a3ee3f7, not stripped
lib/modules/5.10.0-23-arm64/kernel/drivers/crypto/qce/qcrypto.ko	ELF 64-bit LSB relocatable, ARM aarch64, version 1 (SYSV), BuildID[sha1]=8e6d9aa00f92e89c6791a9b11fb0d45a337d22ae, not stripped
lib/modules/5.10.0-23-arm64/kernel/drivers/crypto/amlogic/amlogic-gxl-crypto.ko	ELF 64-bit LSB relocatable, ARM aarch64, version 1 (SYSV), BuildID[sha1]=4b13887c8cf2b146cddde28f58b61b4f8751cd44, not stripped
lib/modules/5.10.0-23-arm64/kernel/drivers/crypto/qcom-rng.ko	ELF 64-bit LSB relocatable, ARM aarch64, version 1 (SYSV), BuildID[sha1]=8e940277347d647ec35055811709ec39ce8f963d, not stripped
lib/modules/5.10.0-23-arm64/kernel/drivers/crypto/caam/caam_jr.ko	ELF 64-bit LSB relocatable, ARM aarch64, version 1 (SYSV), BuildID[sha1]=cb3a52b4cdafbcc6dcd050effa1daf30403ccd22, not stripped
lib/modules/5.10.0-23-arm64/kernel/drivers/crypto/caam/caamhash_desc.ko	ELF 64-bit LSB relocatable, ARM aarch64, version 1 (SYSV), BuildID[sha1]=29e24c4da3e6a8a5288751b0d317e6d585ba6e17, not stripped
lib/modules/5.10.0-23-arm64/kernel/drivers/crypto/caam/error.ko	ELF 64-bit LSB relocatable, ARM aarch64, version 1 (SYSV), BuildID[sha1]=97306c41bef89ce0bdd4596973f26bb34c9b4c55, not stripped
lib/modules/5.10.0-23-arm64/kernel/drivers/crypto/caam/dpaa2_caam.ko	ELF 64-bit LSB relocatable, ARM aarch64, version 1 (SYSV), BuildID[sha1]=4bf99abee5ef9702808532d718307cd2d217d9a0, not stripped
lib/modules/5.10.0-23-arm64/kernel/drivers/crypto/caam/caamalg_desc.ko	ELF 64-bit LSB relocatable, ARM aarch64, version 1 (SYSV), BuildID[sha1]=67925718790fb19b6193b5d8a13ce9f6a2a16310, not stripped
lib/modules/5.10.0-23-arm64/kernel/drivers/crypto/caam/caam.ko	ELF 64-bit LSB relocatable, ARM aarch64, version 1 (SYSV), BuildID[sha1]=94d2aa9d0cfd03339499360a30893385b8be629d, not stripped
lib/modules/5.10.0-23-arm64/kernel/drivers/crypto/marvell/cesa/marvell-cesa.ko	ELF 64-bit LSB relocatable, ARM aarch64, version 1 (SYSV), BuildID[sha1]=2978a5a7f6ecfe4451df6dcb058f949957fa300f, not stripped
lib/modules/5.10.0-23-arm64/kernel/drivers/crypto/inside-secure/crypto_safexcel.ko	ELF 64-bit LSB relocatable, ARM aarch64, version 1 (SYSV), BuildID[sha1]=a4a87e13dc18ba031613be828d73c2d70945c5d9, not stripped
lib/modules/5.10.0-23-arm64/kernel/drivers/crypto/cavium/nitrox/n5pf.ko	ELF 64-bit LSB relocatable, ARM aarch64, version 1 (SYSV), BuildID[sha1]=4398662666afabfd779184aea1dc12bdaf8bc363, not stripped
lib/modules/5.10.0-23-arm64/kernel/drivers/crypto/cavium/cpt/cptpf.ko	ELF 64-bit LSB relocatable, ARM aarch64, version 1 (SYSV), BuildID[sha1]=747b68dc828e49386460d57ada0b7f453ba78db9, not stripped
lib/modules/5.10.0-23-arm64/kernel/drivers/crypto/cavium/cpt/cptvf.ko	ELF 64-bit LSB relocatable, ARM aarch64, version 1 (SYSV), BuildID[sha1]=27cdbce89060281550e99a975260b99ba9261381, not stripped
lib/modules/5.10.0-23-arm64/kernel/drivers/net/macvlan.ko	ELF 64-bit LSB relocatable, ARM aarch64, version 1 (SYSV), BuildID[sha1]=2e095d34051ef6de3aa4b86f4170c672e1ba96b6, not stripped
lib/modules/5.10.0-23-arm64/kernel/drivers/net/wireguard/wireguard.ko	ELF 64-bit LSB relocatable, ARM aarch64, version 1 (SYSV), BuildID[sha1]=9fa185a14992c3ff3f21572a40502d6ca267a89f, not stripped
lib/modules/5.10.0-23-arm64/kernel/drivers/net/team/team_mode_roundrobin.ko	ELF 64-bit LSB relocatable, ARM aarch64, version 1 (SYSV), BuildID[sha1]=00fe748cc32abd1e1e5ac51947aaaff2cd2e055f, not stripped
lib/modules/5.10.0-23-arm64/kernel/drivers/net/team/team_mode_random.ko	ELF 64-bit LSB relocatable, ARM aarch64, version 1 (SYSV), BuildID[sha1]=5cbc62a628e0e6d78ec250b7ea4e5289497efe7f, not stripped
lib/modules/5.10.0-23-arm64/kernel/drivers/net/team/team_mode_activebackup.ko	ELF 64-bit LSB relocatable, ARM aarch64, version 1 (SYSV), BuildID[sha1]=4f2a0c55703e5cb8532fe86987bdb5d4e17d3ec8, not stripped
lib/modules/5.10.0-23-arm64/kernel/drivers/net/team/team_mode_broadcast.ko	ELF 64-bit LSB relocatable, ARM aarch64, version 1 (SYSV), BuildID[sha1]=fe5732ab4e2b8f2df52d63e7bb1d362575830a06, not stripped
lib/modules/5.10.0-23-arm64/kernel/drivers/net/team/team_mode_loadbalance.ko	ELF 64-bit LSB relocatable, ARM aarch64, version 1 (SYSV), BuildID[sha1]=b4a79230fe7caf2b8c90cc89d3c90d8fee2e5c8c, not stripped
lib/modules/5.10.0-23-arm64/kernel/drivers/net/team/team.ko	ELF 64-bit LSB relocatable, ARM aarch64, version 1 (SYSV), BuildID[sha1]=b38e08d7ea2f98f977a936e4e06fdcf2309f6fd7, not stripped
lib/modules/5.10.0-23-arm64/kernel/drivers/net/ifb.ko	ELF 64-bit LSB relocatable, ARM aarch64, version 1 (SYSV), BuildID[sha1]=a2b934fd300b3aa0fc99de6ff08942fadaeb8ece, not stripped
lib/modules/5.10.0-23-arm64/kernel/drivers/net/appletalk/ipddp.ko	ELF 64-bit LSB relocatable, ARM aarch64, version 1 (SYSV), BuildID[sha1]=771d1d2e767e768e217dfdf1d88583d2c4881566, not stripped
lib/modules/5.10.0-23-arm64/kernel/drivers/net/vsockmon.ko	ELF 64-bit LSB relocatable, ARM aarch64, version 1 (SYSV), BuildID[sha1]=4d043307721355288dc27209047e351e38a910bd, not stripped
lib/modules/5.10.0-23-arm64/kernel/drivers/net/eql.ko	ELF 64-bit LSB relocatable, ARM aarch64, version 1 (SYSV), BuildID[sha1]=322eae5d8f071c4b0288d993c94ecc4db79a1ea8, not stripped
lib/modules/5.10.0-23-arm64/kernel/drivers/net/pcs/pcs-lynx.ko	ELF 64-bit LSB relocatable, ARM aarch64, version 1 (SYSV), BuildID[sha1]=e5e51f3b2126d4c3e855903d6a0d1576f5c727c8, not stripped
lib/modules/5.10.0-23-arm64/kernel/drivers/net/pcs/pcs-xpcs.ko	ELF 64-bit LSB relocatable, ARM aarch64, version 1 (SYSV), BuildID[sha1]=66cbd8b47a1186c0d4735233b4dbe4a9fccaf107, not stripped
lib/modules/5.10.0-23-arm64/kernel/drivers/net/ieee802154/adf7242.ko	ELF 64-bit LSB relocatable, ARM aarch64, version 1 (SYSV), BuildID[sha1]=d2868445693fd9c49360f7f747c0c5177077aefe, not stripped
lib/modules/5.10.0-23-arm64/kernel/drivers/net/ieee802154/at86rf230.ko	ELF 64-bit LSB relocatable, ARM aarch64, version 1 (SYSV), BuildID[sha1]=70bb5c78653319ae41a7f75fb2a49e3d71a5a8ac, not stripped
lib/modules/5.10.0-23-arm64/kernel/drivers/net/ieee802154/cc2520.ko	ELF 64-bit LSB relocatable, ARM aarch64, version 1 (SYSV), BuildID[sha1]=4e0795551cfcd0cd481413297c4344a951a750d3, not stripped
lib/modules/5.10.0-23-arm64/kernel/drivers/net/ieee802154/atusb.ko	ELF 64-bit LSB relocatable, ARM aarch64, version 1 (SYSV), BuildID[sha1]=21980810d1f23254919e5604ae8b4846256a6f3c, not stripped
lib/modules/5.10.0-23-arm64/kernel/drivers/net/ieee802154/mrf24j40.ko	ELF 64-bit LSB relocatable, ARM aarch64, version 1 (SYSV), BuildID[sha1]=c1a7076a8974bae07ab271b8b1d85872c661c7ee, not stripped
lib/modules/5.10.0-23-arm64/kernel/drivers/net/ieee802154/fakelb.ko	ELF 64-bit LSB relocatable, ARM aarch64, version 1 (SYSV), BuildID[sha1]=d55c63e160b5f549a488dd598cacd2890b18f766, not stripped
lib/modules/5.10.0-23-arm64/kernel/drivers/net/ieee802154/mac802154_hwsim.ko	ELF 64-bit LSB relocatable, ARM aarch64, version 1 (SYSV), BuildID[sha1]=755c846a1361963880f088e5a7e6187c03dfe268, not stripped
lib/modules/5.10.0-23-arm64/kernel/drivers/net/slip/slip.ko	ELF 64-bit LSB relocatable, ARM aarch64, version 1 (SYSV), BuildID[sha1]=228b8d252d51e665265364dd50333cc781bb9ec6, not stripped
lib/modules/5.10.0-23-arm64/kernel/drivers/net/slip/slhc.ko	ELF 64-bit LSB relocatable, ARM aarch64, version 1 (SYSV), BuildID[sha1]=238c79d03c341b8b7cb858e58be32dc97c105970, not stripped
lib/modules/5.10.0-23-arm64/kernel/drivers/net/ppp/bsd_comp.ko	ELF 64-bit LSB relocatable, ARM aarch64, version 1 (SYSV), BuildID[sha1]=240e84efc57507399682208ae2e881cb03d16263, not stripped
lib/modules/5.10.0-23-arm64/kernel/drivers/net/ppp/ppp_mppe.ko	ELF 64-bit LSB relocatable, ARM aarch64, version 1 (SYSV), BuildID[sha1]=d26d23916d2afb8e7b55346103cecd2e02622ca8, not stripped
lib/modules/5.10.0-23-arm64/kernel/drivers/net/ppp/pptp.ko	ELF 64-bit LSB relocatable, ARM aarch64, version 1 (SYSV), BuildID[sha1]=f3427d2723208999e28b1e710fdf9c2821a14b73, not stripped
lib/modules/5.10.0-23-arm64/kernel/drivers/net/ppp/ppp_deflate.ko	ELF 64-bit LSB relocatable, ARM aarch64, version 1 (SYSV), BuildID[sha1]=e7c5ebd21e0658975815882e27efda224446108a, not stripped
lib/modules/5.10.0-23-arm64/kernel/drivers/net/ppp/ppp_async.ko	ELF 64-bit LSB relocatable, ARM aarch64, version 1 (SYSV), BuildID[sha1]=2149f2cc0b81217317535641ca8c3eaba07ec4d7, not stripped
lib/modules/5.10.0-23-arm64/kernel/drivers/net/ppp/pppoe.ko	ELF 64-bit LSB relocatable, ARM aarch64, version 1 (SYSV), BuildID[sha1]=ef1929abbc635ae6ff21b7ea84df4da36af78592, not stripped
lib/modules/5.10.0-23-arm64/kernel/drivers/net/ppp/ppp_generic.ko	ELF 64-bit LSB relocatable, ARM aarch64, version 1 (SYSV), BuildID[sha1]=d350eed2c5d98043915f70e8547f2978ff6aa3e7, not stripped
lib/modules/5.10.0-23-arm64/kernel/drivers/net/ppp/pppox.ko	ELF 64-bit LSB relocatable, ARM aarch64, version 1 (SYSV), BuildID[sha1]=401748855aceb31669a469ea7e97ab9043dc0eea, not stripped
lib/modules/5.10.0-23-arm64/kernel/drivers/net/ppp/ppp_synctty.ko	ELF 64-bit LSB relocatable, ARM aarch64, version 1 (SYSV), BuildID[sha1]=a4564915f7923d8041d5f9298780da40a631c4c4, not stripped
lib/modules/5.10.0-23-arm64/kernel/drivers/net/veth.ko	ELF 64-bit LSB relocatable, ARM aarch64, version 1 (SYSV), BuildID[sha1]=9d6e49ce08208ce6276db46446b0fcc990d4a199, not stripped
lib/modules/5.10.0-23-arm64/kernel/drivers/net/ipvlan/ipvlan.ko	ELF 64-bit LSB relocatable, ARM aarch64, version 1 (SYSV), BuildID[sha1]=afef019238ac921499879fa1cc5a6b25e571d663, not stripped
lib/modules/5.10.0-23-arm64/kernel/drivers/net/ipvlan/ipvtap.ko	ELF 64-bit LSB relocatable, ARM aarch64, version 1 (SYSV), BuildID[sha1]=8c384d83fc45ddaa1f173b2a66fd1c6ccc99ca77, not stripped
lib/modules/5.10.0-23-arm64/kernel/drivers/net/bonding/bonding.ko	ELF 64-bit LSB relocatable, ARM aarch64, version 1 (SYSV), BuildID[sha1]=4c591dac64d0fecc096dd5938db7fa4b8b56112c, not stripped
lib/modules/5.10.0-23-arm64/kernel/drivers/net/dummy.ko	ELF 64-bit LSB relocatable, ARM aarch64, version 1 (SYSV), BuildID[sha1]=2084ab07cff7b7510feb7781fc5aeb0241805119, not stripped
lib/modules/5.10.0-23-arm64/kernel/drivers/net/netconsole.ko	ELF 64-bit LSB relocatable, ARM aarch64, version 1 (SYSV), BuildID[sha1]=8aaca22d3e0f62a3c542b8a131ca6b6be1531b55, not stripped
lib/modules/5.10.0-23-arm64/kernel/drivers/net/xen-netback/xen-netback.ko	ELF 64-bit LSB relocatable, ARM aarch64, version 1 (SYSV), BuildID[sha1]=f139ac5bfadde9d6af6462b083659d576191a049, not stripped
lib/modules/5.10.0-23-arm64/kernel/drivers/net/hamradio/baycom_ser_fdx.ko	ELF 64-bit LSB relocatable, ARM aarch64, version 1 (SYSV), BuildID[sha1]=0b193f5a5f684109d5bc25269494e8d481d83093, not stripped
lib/modules/5.10.0-23-arm64/kernel/drivers/net/hamradio/bpqether.ko	ELF 64-bit LSB relocatable, ARM aarch64, version 1 (SYSV), BuildID[sha1]=a18ff35a58da858ac08efd3f5bd79ebcfe0e1543, not stripped
lib/modules/5.10.0-23-arm64/kernel/drivers/net/hamradio/baycom_par.ko	ELF 64-bit LSB relocatable, ARM aarch64, version 1 (SYSV), BuildID[sha1]=f870a74419e501b3e897b346468ae9407ae40a85, not stripped
lib/modules/5.10.0-23-arm64/kernel/drivers/net/hamradio/hdlcdrv.ko	ELF 64-bit LSB relocatable, ARM aarch64, version 1 (SYSV), BuildID[sha1]=ef0aa35a31bfe8a2fc3f6035c15f505029ea41c1, not stripped
lib/modules/5.10.0-23-arm64/kernel/drivers/net/hamradio/yam.ko	ELF 64-bit LSB relocatable, ARM aarch64, version 1 (SYSV), BuildID[sha1]=8ab73a62917efa65f3a7a0ace8b06613c8601a1b, not stripped
lib/modules/5.10.0-23-arm64/kernel/drivers/net/hamradio/baycom_ser_hdx.ko	ELF 64-bit LSB relocatable, ARM aarch64, version 1 (SYSV), BuildID[sha1]=0bd40de2747aac5f4a6c37cb77598c6e23657114, not stripped
lib/modules/5.10.0-23-arm64/kernel/drivers/net/hamradio/mkiss.ko	ELF 64-bit LSB relocatable, ARM aarch64, version 1 (SYSV), BuildID[sha1]=fac940825a446bd3d55bb0db98413d726e540167, not stripped
lib/modules/5.10.0-23-arm64/kernel/drivers/net/hamradio/6pack.ko	ELF 64-bit LSB relocatable, ARM aarch64, version 1 (SYSV), BuildID[sha1]=4051d0d1490c246daa2b5df627ccc7f71637aa62, not stripped
lib/modules/5.10.0-23-arm64/kernel/drivers/net/usb/smsc75xx.ko	ELF 64-bit LSB relocatable, ARM aarch64, version 1 (SYSV), BuildID[sha1]=1f9d6262622007dda366d3f85349c7bc19f7d6e4, not stripped
lib/modules/5.10.0-23-arm64/kernel/drivers/net/usb/ax88179_178a.ko	ELF 64-bit LSB relocatable, ARM aarch64, version 1 (SYSV), BuildID[sha1]=f0fb43b2c27a5f58032d6dc179db536d0e6186f4, not stripped
lib/modules/5.10.0-23-arm64/kernel/drivers/net/usb/sierra_net.ko	ELF 64-bit LSB relocatable, ARM aarch64, version 1 (SYSV), BuildID[sha1]=4976e19a65394d15678742b2944bd14285923b2a, not stripped
lib/modules/5.10.0-23-arm64/kernel/drivers/net/usb/cdc_mbim.ko	ELF 64-bit LSB relocatable, ARM aarch64, version 1 (SYSV), BuildID[sha1]=1527162fae5d3187475c58ff01c6b014a678f082, not stripped
lib/modules/5.10.0-23-arm64/kernel/drivers/net/usb/aqc111.ko	ELF 64-bit LSB relocatable, ARM aarch64, version 1 (SYSV), BuildID[sha1]=864592b438a75d3f801b546817112106403cc8d2, not stripped
lib/modules/5.10.0-23-arm64/kernel/drivers/net/usb/huawei_cdc_ncm.ko	ELF 64-bit LSB relocatable, ARM aarch64, version 1 (SYSV), BuildID[sha1]=58968a86408f33b50db86ef3b587b70317978d50, not stripped
lib/modules/5.10.0-23-arm64/kernel/drivers/net/usb/cx82310_eth.ko	ELF 64-bit LSB relocatable, ARM aarch64, version 1 (SYSV), BuildID[sha1]=c442e780f1b12281a0372693d68de8b25529fed9, not stripped
lib/modules/5.10.0-23-arm64/kernel/drivers/net/usb/usbnet.ko	ELF 64-bit LSB relocatable, ARM aarch64, version 1 (SYSV), BuildID[sha1]=e08d4e576f8d7edf2fb865609d777eb61c97ba16, not stripped
lib/modules/5.10.0-23-arm64/kernel/drivers/net/usb/r8152.ko	ELF 64-bit LSB relocatable, ARM aarch64, version 1 (SYSV), BuildID[sha1]=51f869e768bf08178f549ad15d7a45dc1d1e0e58, not stripped
lib/modules/5.10.0-23-arm64/kernel/drivers/net/usb/mcs7830.ko	ELF 64-bit LSB relocatable, ARM aarch64, version 1 (SYSV), BuildID[sha1]=b500ceb65730ad82543c63d93c3177b23239227d, not stripped
lib/modules/5.10.0-23-arm64/kernel/drivers/net/usb/smsc95xx.ko	ELF 64-bit LSB relocatable, ARM aarch64, version 1 (SYSV), BuildID[sha1]=99fe77dbcf132db20964582c06b520b532864650, not stripped
lib/modules/5.10.0-23-arm64/kernel/drivers/net/usb/cdc_eem.ko	ELF 64-bit LSB relocatable, ARM aarch64, version 1 (SYSV), BuildID[sha1]=ac4546977e262d8bd77e8dd341b297eb35e5d8d3, not stripped
lib/modules/5.10.0-23-arm64/kernel/drivers/net/usb/ipheth.ko	ELF 64-bit LSB relocatable, ARM aarch64, version 1 (SYSV), BuildID[sha1]=9a5a26d08c5ae8a826f61119ef750907bc91b539, not stripped
lib/modules/5.10.0-23-arm64/kernel/drivers/net/usb/cdc_subset.ko	ELF 64-bit LSB relocatable, ARM aarch64, version 1 (SYSV), BuildID[sha1]=c18a606d79999c203e260a8cf3606336c534e5a6, not stripped
lib/modules/5.10.0-23-arm64/kernel/drivers/net/usb/lan78xx.ko	ELF 64-bit LSB relocatable, ARM aarch64, version 1 (SYSV), BuildID[sha1]=1ed91b081e10176aca541bc15ca57d2569c80a5f, not stripped
lib/modules/5.10.0-23-arm64/kernel/drivers/net/usb/sr9800.ko	ELF 64-bit LSB relocatable, ARM aarch64, version 1 (SYSV), BuildID[sha1]=2184d18da943ed0e031626ae5245fcec3f0e3899, not stripped
lib/modules/5.10.0-23-arm64/kernel/drivers/net/usb/pegasus.ko	ELF 64-bit LSB relocatable, ARM aarch64, version 1 (SYSV), BuildID[sha1]=d9594a24076db572aa4f428d67e372340a0e4728, not stripped
lib/modules/5.10.0-23-arm64/kernel/drivers/net/usb/cdc_ether.ko	ELF 64-bit LSB relocatable, ARM aarch64, version 1 (SYSV), BuildID[sha1]=8affded203ad2004e474e61b159e5e15936faad4, not stripped
lib/modules/5.10.0-23-arm64/kernel/drivers/net/usb/qmi_wwan.ko	ELF 64-bit LSB relocatable, ARM aarch64, version 1 (SYSV), BuildID[sha1]=529475ec493148fb5c033636cdd7adbb6deaeb95, not stripped
lib/modules/5.10.0-23-arm64/kernel/drivers/net/usb/sr9700.ko	ELF 64-bit LSB relocatable, ARM aarch64, version 1 (SYSV), BuildID[sha1]=f28d59e744cbf76075c9f256768ed29e461dd848, not stripped
lib/modules/5.10.0-23-arm64/kernel/drivers/net/usb/cdc_ncm.ko	ELF 64-bit LSB relocatable, ARM aarch64, version 1 (SYSV), BuildID[sha1]=c613104226b0850da75e019829fe48ab94bfe363, not stripped
lib/modules/5.10.0-23-arm64/kernel/drivers/net/usb/kalmia.ko	ELF 64-bit LSB relocatable, ARM aarch64, version 1 (SYSV), BuildID[sha1]=fdb2608fc7739d4753cf978e4188c898f553119a, not stripped
lib/modules/5.10.0-23-arm64/kernel/drivers/net/usb/rndis_host.ko	ELF 64-bit LSB relocatable, ARM aarch64, version 1 (SYSV), BuildID[sha1]=3a6cbdb8455d4fbe30be2a23a4f8b0588e570305, not stripped
lib/modules/5.10.0-23-arm64/kernel/drivers/net/usb/net1080.ko	ELF 64-bit LSB relocatable, ARM aarch64, version 1 (SYSV), BuildID[sha1]=aebb818351283b2688df5a58fe0a4db20bd386bc, not stripped
lib/modules/5.10.0-23-arm64/kernel/drivers/net/usb/int51x1.ko	ELF 64-bit LSB relocatable, ARM aarch64, version 1 (SYSV), BuildID[sha1]=f20290cbd32e61be7f7dddea87c9bbdda10d509f, not stripped
lib/modules/5.10.0-23-arm64/kernel/drivers/net/usb/catc.ko	ELF 64-bit LSB relocatable, ARM aarch64, version 1 (SYSV), BuildID[sha1]=59a6eceecad1e06a44c5827bcf93be4d8ea4b359, not stripped
lib/modules/5.10.0-23-arm64/kernel/drivers/net/usb/cdc-phonet.ko	ELF 64-bit LSB relocatable, ARM aarch64, version 1 (SYSV), BuildID[sha1]=c36ebd1a6cef7b7ef1c261c9546cbb277320da3d, not stripped
lib/modules/5.10.0-23-arm64/kernel/drivers/net/usb/ch9200.ko	ELF 64-bit LSB relocatable, ARM aarch64, version 1 (SYSV), BuildID[sha1]=625c81707f69d9d799e18775644fd2a2a5f1193e, not stripped
lib/modules/5.10.0-23-arm64/kernel/drivers/net/usb/gl620a.ko	ELF 64-bit LSB relocatable, ARM aarch64, version 1 (SYSV), BuildID[sha1]=af760fbe663f17fbfcd0720f08dcecdf6187eb43, not stripped
lib/modules/5.10.0-23-arm64/kernel/drivers/net/usb/plusb.ko	ELF 64-bit LSB relocatable, ARM aarch64, version 1 (SYSV), BuildID[sha1]=67b15760146bfca37f63ed6a66e12acc0dec4ccc, not stripped
lib/modules/5.10.0-23-arm64/kernel/drivers/net/usb/zaurus.ko	ELF 64-bit LSB relocatable, ARM aarch64, version 1 (SYSV), BuildID[sha1]=6a6b8c17caf4b59da508c9b966f48a1bfaf75f71, not stripped
lib/modules/5.10.0-23-arm64/kernel/drivers/net/usb/kaweth.ko	ELF 64-bit LSB relocatable, ARM aarch64, version 1 (SYSV), BuildID[sha1]=2fc02b2edac9da9cf164b9f4b3917ee0c848401a, not stripped
lib/modules/5.10.0-23-arm64/kernel/drivers/net/usb/lg-vl600.ko	ELF 64-bit LSB relocatable, ARM aarch64, version 1 (SYSV), BuildID[sha1]=de3610ad38cd603d2a60be0362d416ac7f29b264, not stripped
lib/modules/5.10.0-23-arm64/kernel/drivers/net/usb/dm9601.ko	ELF 64-bit LSB relocatable, ARM aarch64, version 1 (SYSV), BuildID[sha1]=caad006ba807de707e19e41e05ffc5354e76cb3a, not stripped
lib/modules/5.10.0-23-arm64/kernel/drivers/net/usb/rtl8150.ko	ELF 64-bit LSB relocatable, ARM aarch64, version 1 (SYSV), BuildID[sha1]=0f87fc30775eefd98c2ba81ac900fb2246a27613, not stripped
lib/modules/5.10.0-23-arm64/kernel/drivers/net/usb/asix.ko	ELF 64-bit LSB relocatable, ARM aarch64, version 1 (SYSV), BuildID[sha1]=aca6aac67d6f46b58e2b3bd6213f75a999f709d6, not stripped
lib/modules/5.10.0-23-arm64/kernel/drivers/net/usb/hso.ko	ELF 64-bit LSB relocatable, ARM aarch64, version 1 (SYSV), BuildID[sha1]=4893561f81713a4ceb551b2e982b6c8e8b1baa2b, not stripped
lib/modules/5.10.0-23-arm64/kernel/drivers/net/phy/et1011c.ko	ELF 64-bit LSB relocatable, ARM aarch64, version 1 (SYSV), BuildID[sha1]=7654516f554e4e911a1549a6a41c5aa9a8d19454, not stripped
lib/modules/5.10.0-23-arm64/kernel/drivers/net/phy/mscc/mscc.ko	ELF 64-bit LSB relocatable, ARM aarch64, version 1 (SYSV), BuildID[sha1]=a688564e3edf7c6990fd2b8c6e7dc804b4dbd9e0, not stripped
lib/modules/5.10.0-23-arm64/kernel/drivers/net/phy/phylink.ko	ELF 64-bit LSB relocatable, ARM aarch64, version 1 (SYSV), BuildID[sha1]=290ef23f61f45fba8c4035d3815fbb3e740e6c39, not stripped
lib/modules/5.10.0-23-arm64/kernel/drivers/net/phy/broadcom.ko	ELF 64-bit LSB relocatable, ARM aarch64, version 1 (SYSV), BuildID[sha1]=12b6e4798fa6f878d9b933621f221a18d7696af8, not stripped
lib/modules/5.10.0-23-arm64/kernel/drivers/net/phy/bcm7xxx.ko	ELF 64-bit LSB relocatable, ARM aarch64, version 1 (SYSV), BuildID[sha1]=cb2cd57ee096e82deb1a986dd3e48b482a812500, not stripped
lib/modules/5.10.0-23-arm64/kernel/drivers/net/phy/meson-gxl.ko	ELF 64-bit LSB relocatable, ARM aarch64, version 1 (SYSV), BuildID[sha1]=99f0d1fa558f005f47a062c881583313ec5f0fd7, not stripped
lib/modules/5.10.0-23-arm64/kernel/drivers/net/phy/aquantia.ko	ELF 64-bit LSB relocatable, ARM aarch64, version 1 (SYSV), BuildID[sha1]=8a2de237e8b2ce42465bfdf42c05f8b63e63446c, not stripped
lib/modules/5.10.0-23-arm64/kernel/drivers/net/phy/mdio_devres.ko	ELF 64-bit LSB relocatable, ARM aarch64, version 1 (SYSV), BuildID[sha1]=bd3018b7389baaf2fc3ecd08419b8df323c14f0b, not stripped
lib/modules/5.10.0-23-arm64/kernel/drivers/net/phy/ste10Xp.ko	ELF 64-bit LSB relocatable, ARM aarch64, version 1 (SYSV), BuildID[sha1]=ff6657b6badbe4424f9a70cce4b921e18b4e81ca, not stripped
lib/modules/5.10.0-23-arm64/kernel/drivers/net/phy/vitesse.ko	ELF 64-bit LSB relocatable, ARM aarch64, version 1 (SYSV), BuildID[sha1]=f409eea4afd007c39dd5dc56a56c5b36c8bf02f9, not stripped
lib/modules/5.10.0-23-arm64/kernel/drivers/net/phy/at803x.ko	ELF 64-bit LSB relocatable, ARM aarch64, version 1 (SYSV), BuildID[sha1]=6fcf77b33f4d4b0e85a50e9860f1fbbed03281e4, not stripped
lib/modules/5.10.0-23-arm64/kernel/drivers/net/phy/sfp.ko	ELF 64-bit LSB relocatable, ARM aarch64, version 1 (SYSV), BuildID[sha1]=0e8bad724ae93c025823e82a92eb5c5f997b606f, not stripped
lib/modules/5.10.0-23-arm64/kernel/drivers/net/phy/bcm54140.ko	ELF 64-bit LSB relocatable, ARM aarch64, version 1 (SYSV), BuildID[sha1]=3f499e899053ef2de298b028f13f846e41aa7ebe, not stripped
lib/modules/5.10.0-23-arm64/kernel/drivers/net/phy/micrel.ko	ELF 64-bit LSB relocatable, ARM aarch64, version 1 (SYSV), BuildID[sha1]=2456c197a5f989cfa9511ded150a98c8f4b0efcc, not stripped
lib/modules/5.10.0-23-arm64/kernel/drivers/net/phy/smsc.ko	ELF 64-bit LSB relocatable, ARM aarch64, version 1 (SYSV), BuildID[sha1]=71dfc6726ef7cfd39aa6684ff287fff25c325060, not stripped
lib/modules/5.10.0-23-arm64/kernel/drivers/net/phy/marvell.ko	ELF 64-bit LSB relocatable, ARM aarch64, version 1 (SYSV), BuildID[sha1]=4fd7019299c617d09f6112367c6ee4b6e4a73d63, not stripped
lib/modules/5.10.0-23-arm64/kernel/drivers/net/phy/uPD60620.ko	ELF 64-bit LSB relocatable, ARM aarch64, version 1 (SYSV), BuildID[sha1]=dce79a311f063b19673419304538d3c85b675b20, not stripped
lib/modules/5.10.0-23-arm64/kernel/drivers/net/phy/cortina.ko	ELF 64-bit LSB relocatable, ARM aarch64, version 1 (SYSV), BuildID[sha1]=90a53bcdc413095ed884600c86a234317a5caa91, not stripped
lib/modules/5.10.0-23-arm64/kernel/drivers/net/phy/dp83822.ko	ELF 64-bit LSB relocatable, ARM aarch64, version 1 (SYSV), BuildID[sha1]=a88bce4248df780a9f6b6349eeb857d87771f0c8, not stripped
lib/modules/5.10.0-23-arm64/kernel/drivers/net/phy/bcm-phy-lib.ko	ELF 64-bit LSB relocatable, ARM aarch64, version 1 (SYSV), BuildID[sha1]=13e555aefe8b61a22b9282319a00f9755102f546, not stripped
lib/modules/5.10.0-23-arm64/kernel/drivers/net/phy/amd.ko	ELF 64-bit LSB relocatable, ARM aarch64, version 1 (SYSV), BuildID[sha1]=fb955c3bd72643275d498328d67e1e13f3a232db, not stripped
lib/modules/5.10.0-23-arm64/kernel/drivers/net/phy/fixed_phy.ko	ELF 64-bit LSB relocatable, ARM aarch64, version 1 (SYSV), BuildID[sha1]=9d63cb210b888a06b27c7e0031f837cff663ccc1, not stripped
lib/modules/5.10.0-23-arm64/kernel/drivers/net/phy/icplus.ko	ELF 64-bit LSB relocatable, ARM aarch64, version 1 (SYSV), BuildID[sha1]=586b93653e66e9277aaff569e5ee57ff25cc6136, not stripped
lib/modules/5.10.0-23-arm64/kernel/drivers/net/phy/marvell10g.ko	ELF 64-bit LSB relocatable, ARM aarch64, version 1 (SYSV), BuildID[sha1]=c60abe7071b4285c80389d19c400948d9c3350be, not stripped
lib/modules/5.10.0-23-arm64/kernel/drivers/net/phy/realtek.ko	ELF 64-bit LSB relocatable, ARM aarch64, version 1 (SYSV), BuildID[sha1]=06ac9a0894ebb5997c057b2c4ec3b0992d241331, not stripped
lib/modules/5.10.0-23-arm64/kernel/drivers/net/phy/microchip_t1.ko	ELF 64-bit LSB relocatable, ARM aarch64, version 1 (SYSV), BuildID[sha1]=7e1ad460aa56a0b6b7befd16d850996fa3ec951f, not stripped
lib/modules/5.10.0-23-arm64/kernel/drivers/net/phy/national.ko	ELF 64-bit LSB relocatable, ARM aarch64, version 1 (SYSV), BuildID[sha1]=3839c5090b58d9a9f23545d013871101372e05f4, not stripped
lib/modules/5.10.0-23-arm64/kernel/drivers/net/phy/qsemi.ko	ELF 64-bit LSB relocatable, ARM aarch64, version 1 (SYSV), BuildID[sha1]=5d0a64056b1a3a9285c60c5baf7bd297cd532614, not stripped
lib/modules/5.10.0-23-arm64/kernel/drivers/net/phy/bcm87xx.ko	ELF 64-bit LSB relocatable, ARM aarch64, version 1 (SYSV), BuildID[sha1]=e841f8d99fb1fc38c81524920f9de9c1da493fe2, not stripped
lib/modules/5.10.0-23-arm64/kernel/drivers/net/phy/microchip.ko	ELF 64-bit LSB relocatable, ARM aarch64, version 1 (SYSV), BuildID[sha1]=36f31a3668656bddc0747e519be2a7f0f90f1565, not stripped
lib/modules/5.10.0-23-arm64/kernel/drivers/net/phy/dp83848.ko	ELF 64-bit LSB relocatable, ARM aarch64, version 1 (SYSV), BuildID[sha1]=83dc4aafec47da00e8046a2d8976d8c55b802b39, not stripped
lib/modules/5.10.0-23-arm64/kernel/drivers/net/phy/lxt.ko	ELF 64-bit LSB relocatable, ARM aarch64, version 1 (SYSV), BuildID[sha1]=e9d14d0bfe89c981c635eb41f02878f056d14987, not stripped
lib/modules/5.10.0-23-arm64/kernel/drivers/net/phy/davicom.ko	ELF 64-bit LSB relocatable, ARM aarch64, version 1 (SYSV), BuildID[sha1]=aa844be75a179a0b99621ef325d72b9fdcebc4e3, not stripped
lib/modules/5.10.0-23-arm64/kernel/drivers/net/phy/teranetics.ko	ELF 64-bit LSB relocatable, ARM aarch64, version 1 (SYSV), BuildID[sha1]=cb37dc61eef4246b8bbeb3606bf6ec4dd97cfb24, not stripped
lib/modules/5.10.0-23-arm64/kernel/drivers/net/phy/rockchip.ko	ELF 64-bit LSB relocatable, ARM aarch64, version 1 (SYSV), BuildID[sha1]=cb1b2255a0224f0e8be47755e22b99b455c93021, not stripped
lib/modules/5.10.0-23-arm64/kernel/drivers/net/phy/cicada.ko	ELF 64-bit LSB relocatable, ARM aarch64, version 1 (SYSV), BuildID[sha1]=181158ea67027610d8f82a55586532c49eb5b1de, not stripped
lib/modules/5.10.0-23-arm64/kernel/drivers/net/phy/libphy.ko	ELF 64-bit LSB relocatable, ARM aarch64, version 1 (SYSV), BuildID[sha1]=f7a6d81e44177b92019882a13cc3e7b1eb161be3, not stripped
lib/modules/5.10.0-23-arm64/kernel/drivers/net/phy/dp83867.ko	ELF 64-bit LSB relocatable, ARM aarch64, version 1 (SYSV), BuildID[sha1]=0b7f4c1a8281681948b7d4983596815ecb93bd1c, not stripped
lib/modules/5.10.0-23-arm64/kernel/drivers/net/phy/dp83tc811.ko	ELF 64-bit LSB relocatable, ARM aarch64, version 1 (SYSV), BuildID[sha1]=b95b8772eec5a2f121b1160d54b757e7a1e275d3, not stripped
lib/modules/5.10.0-23-arm64/kernel/drivers/net/can/dev/can-dev.ko	ELF 64-bit LSB relocatable, ARM aarch64, version 1 (SYSV), BuildID[sha1]=2e88bad6063cb2ead6d779ed65c877048e7aff5a, not stripped
lib/modules/5.10.0-23-arm64/kernel/drivers/net/can/flexcan.ko	ELF 64-bit LSB relocatable, ARM aarch64, version 1 (SYSV), BuildID[sha1]=53ed674c9c1a86d43845a8a8487db4a4039061cc, not stripped
lib/modules/5.10.0-23-arm64/kernel/drivers/net/can/softing/softing.ko	ELF 64-bit LSB relocatable, ARM aarch64, version 1 (SYSV), BuildID[sha1]=9c95aec350c7e12457b17f19db748de715d4e8f0, not stripped
lib/modules/5.10.0-23-arm64/kernel/drivers/net/can/vxcan.ko	ELF 64-bit LSB relocatable, ARM aarch64, version 1 (SYSV), BuildID[sha1]=639b69d67386fc027c7f339464e9d8374434d586, not stripped
lib/modules/5.10.0-23-arm64/kernel/drivers/net/can/peak_canfd/peak_pciefd.ko	ELF 64-bit LSB relocatable, ARM aarch64, version 1 (SYSV), BuildID[sha1]=188c6130593bac61e59fa9e34b2ae21ba13235cb, not stripped
lib/modules/5.10.0-23-arm64/kernel/drivers/net/can/usb/gs_usb.ko	ELF 64-bit LSB relocatable, ARM aarch64, version 1 (SYSV), BuildID[sha1]=8c106e0213baef7a3bfac08aa12c63c28cc634fe, not stripped
lib/modules/5.10.0-23-arm64/kernel/drivers/net/can/usb/esd_usb2.ko	ELF 64-bit LSB relocatable, ARM aarch64, version 1 (SYSV), BuildID[sha1]=d4abc63554935730f94683cdc1b54cf19b8758f3, not stripped
lib/modules/5.10.0-23-arm64/kernel/drivers/net/can/usb/usb_8dev.ko	ELF 64-bit LSB relocatable, ARM aarch64, version 1 (SYSV), BuildID[sha1]=bd1e9ea9ef8eaf11fcd319af55206eda8670b7c5, not stripped
lib/modules/5.10.0-23-arm64/kernel/drivers/net/can/usb/mcba_usb.ko	ELF 64-bit LSB relocatable, ARM aarch64, version 1 (SYSV), BuildID[sha1]=d4a56bdfa54aaaae7c65167ac5197c6812a09928, not stripped
lib/modules/5.10.0-23-arm64/kernel/drivers/net/can/usb/peak_usb/peak_usb.ko	ELF 64-bit LSB relocatable, ARM aarch64, version 1 (SYSV), BuildID[sha1]=97c529f22a5bfe11c3f86020f26578916e4e8ded, not stripped
lib/modules/5.10.0-23-arm64/kernel/drivers/net/can/usb/ucan.ko	ELF 64-bit LSB relocatable, ARM aarch64, version 1 (SYSV), BuildID[sha1]=4f94c7933fa57546565b98dbbc0830da262dc854, not stripped
lib/modules/5.10.0-23-arm64/kernel/drivers/net/can/usb/ems_usb.ko	ELF 64-bit LSB relocatable, ARM aarch64, version 1 (SYSV), BuildID[sha1]=7ba5a105af0bce1222a1b8c69c4c04d56c595645, not stripped
lib/modules/5.10.0-23-arm64/kernel/drivers/net/can/usb/kvaser_usb/kvaser_usb.ko	ELF 64-bit LSB relocatable, ARM aarch64, version 1 (SYSV), BuildID[sha1]=5e636ae56045b40c5c2a01b16ed7fd3649fcd2a5, not stripped
lib/modules/5.10.0-23-arm64/kernel/drivers/net/can/slcan.ko	ELF 64-bit LSB relocatable, ARM aarch64, version 1 (SYSV), BuildID[sha1]=078c0fdbb5387ef29384621056264107c14abf67, not stripped
lib/modules/5.10.0-23-arm64/kernel/drivers/net/can/sja1000/sja1000.ko	ELF 64-bit LSB relocatable, ARM aarch64, version 1 (SYSV), BuildID[sha1]=cead87b159f8aa00b3db9c58713897845dd77fa3, not stripped
lib/modules/5.10.0-23-arm64/kernel/drivers/net/can/sja1000/peak_pci.ko	ELF 64-bit LSB relocatable, ARM aarch64, version 1 (SYSV), BuildID[sha1]=46b5b0065da01c9856d1e589468874fe4682d13b, not stripped
lib/modules/5.10.0-23-arm64/kernel/drivers/net/can/sja1000/plx_pci.ko	ELF 64-bit LSB relocatable, ARM aarch64, version 1 (SYSV), BuildID[sha1]=4bb44803d3b03748c9ffb5ce5a2a4bae10199e92, not stripped
lib/modules/5.10.0-23-arm64/kernel/drivers/net/can/sja1000/kvaser_pci.ko	ELF 64-bit LSB relocatable, ARM aarch64, version 1 (SYSV), BuildID[sha1]=8d9f5f3feecc95c327f73253df0a87dd5842b8b8, not stripped
lib/modules/5.10.0-23-arm64/kernel/drivers/net/can/sja1000/sja1000_isa.ko	ELF 64-bit LSB relocatable, ARM aarch64, version 1 (SYSV), BuildID[sha1]=e72cb38e07d07971462607987952cb28c80caa12, not stripped
lib/modules/5.10.0-23-arm64/kernel/drivers/net/can/sja1000/ems_pci.ko	ELF 64-bit LSB relocatable, ARM aarch64, version 1 (SYSV), BuildID[sha1]=3e4592b556d029d298f91202c8251ba77972375e, not stripped
lib/modules/5.10.0-23-arm64/kernel/drivers/net/can/vcan.ko	ELF 64-bit LSB relocatable, ARM aarch64, version 1 (SYSV), BuildID[sha1]=3eba7fa65440efb04b9edd72ca77b6f80c2fbd11, not stripped
lib/modules/5.10.0-23-arm64/kernel/drivers/net/can/spi/mcp251x.ko	ELF 64-bit LSB relocatable, ARM aarch64, version 1 (SYSV), BuildID[sha1]=2bea739d219cae574584d02eb2decd8d5772f7ed, not stripped
lib/modules/5.10.0-23-arm64/kernel/drivers/net/xen-netfront.ko	ELF 64-bit LSB relocatable, ARM aarch64, version 1 (SYSV), BuildID[sha1]=213e4561a0120794ac69f38bfd2ceef59ad94142, not stripped
lib/modules/5.10.0-23-arm64/kernel/drivers/net/ethernet/packetengines/hamachi.ko	ELF 64-bit LSB relocatable, ARM aarch64, version 1 (SYSV), BuildID[sha1]=13f0e8e7f3ebcb935c0c8e9f97c1e66c5276e44b, not stripped
lib/modules/5.10.0-23-arm64/kernel/drivers/net/ethernet/packetengines/yellowfin.ko	ELF 64-bit LSB relocatable, ARM aarch64, version 1 (SYSV), BuildID[sha1]=807f5facaca048c07b16b1be1b43620197004bed, not stripped
lib/modules/5.10.0-23-arm64/kernel/drivers/net/ethernet/smsc/epic100.ko	ELF 64-bit LSB relocatable, ARM aarch64, version 1 (SYSV), BuildID[sha1]=3b7aad6624bd7d759fe03ab88eb817b09dcbb4b0, not stripped
lib/modules/5.10.0-23-arm64/kernel/drivers/net/ethernet/smsc/smsc9420.ko	ELF 64-bit LSB relocatable, ARM aarch64, version 1 (SYSV), BuildID[sha1]=e6415cdf9c20ad9694eec7486ef613d0d1ed28de, not stripped
lib/modules/5.10.0-23-arm64/kernel/drivers/net/ethernet/smsc/smc91x.ko	ELF 64-bit LSB relocatable, ARM aarch64, version 1 (SYSV), BuildID[sha1]=e5ca050a23861adaa6f0d714a15e57fe51413faa, not stripped
lib/modules/5.10.0-23-arm64/kernel/drivers/net/ethernet/smsc/smsc911x.ko	ELF 64-bit LSB relocatable, ARM aarch64, version 1 (SYSV), BuildID[sha1]=4b2f9a3ab4581b64f05cf0cde657019ab8a61273, not stripped
lib/modules/5.10.0-23-arm64/kernel/drivers/net/ethernet/amd/pcnet32.ko	ELF 64-bit LSB relocatable, ARM aarch64, version 1 (SYSV), BuildID[sha1]=155fd897b55055ebbdce602e6e31f04086a7e124, not stripped
lib/modules/5.10.0-23-arm64/kernel/drivers/net/ethernet/amd/xgbe/amd-xgbe.ko	ELF 64-bit LSB relocatable, ARM aarch64, version 1 (SYSV), BuildID[sha1]=aecca35c827db130bd712341c6a5677956afb0db, not stripped
lib/modules/5.10.0-23-arm64/kernel/drivers/net/ethernet/mscc/mscc_ocelot_switch_lib.ko	ELF 64-bit LSB relocatable, ARM aarch64, version 1 (SYSV), BuildID[sha1]=5d945e29f2530e76770d1f8cf35e75ff2c530db0, not stripped
lib/modules/5.10.0-23-arm64/kernel/drivers/net/ethernet/brocade/bna/bna.ko	ELF 64-bit LSB relocatable, ARM aarch64, version 1 (SYSV), BuildID[sha1]=50b37d9c338dcc9f4904a69ea7b3eddac127eb06, not stripped
lib/modules/5.10.0-23-arm64/kernel/drivers/net/ethernet/cadence/macb.ko	ELF 64-bit LSB relocatable, ARM aarch64, version 1 (SYSV), BuildID[sha1]=dc497586a3116d5bcdceae9a77cb6f72d919cc35, not stripped
lib/modules/5.10.0-23-arm64/kernel/drivers/net/ethernet/qualcomm/emac/qcom-emac.ko	ELF 64-bit LSB relocatable, ARM aarch64, version 1 (SYSV), BuildID[sha1]=546f08ce3e7dad06ed2ae6e8c733682bca366eb4, not stripped
lib/modules/5.10.0-23-arm64/kernel/drivers/net/ethernet/myricom/myri10ge/myri10ge.ko	ELF 64-bit LSB relocatable, ARM aarch64, version 1 (SYSV), BuildID[sha1]=be9918a6fefd4c5dfa0105cbf25fdd8412a3ba34, not stripped
lib/modules/5.10.0-23-arm64/kernel/drivers/net/ethernet/sfc/sfc.ko	ELF 64-bit LSB relocatable, ARM aarch64, version 1 (SYSV), BuildID[sha1]=3783a7d99ed8f500fc5f5a70c05a3f9e8fab0640, not stripped
lib/modules/5.10.0-23-arm64/kernel/drivers/net/ethernet/sfc/falcon/sfc-falcon.ko	ELF 64-bit LSB relocatable, ARM aarch64, version 1 (SYSV), BuildID[sha1]=79947dcbaa8fd088913e2513a74f8378748199ca, not stripped
lib/modules/5.10.0-23-arm64/kernel/drivers/net/ethernet/adaptec/starfire.ko	ELF 64-bit LSB relocatable, ARM aarch64, version 1 (SYSV), BuildID[sha1]=fdeb9551911947c921be98218b75c7b1f42aac32, not stripped
lib/modules/5.10.0-23-arm64/kernel/drivers/net/ethernet/chelsio/libcxgb/libcxgb.ko	ELF 64-bit LSB relocatable, ARM aarch64, version 1 (SYSV), BuildID[sha1]=166a7a828a82a20d6f9a0a63129a434f3c21fd07, not stripped
lib/modules/5.10.0-23-arm64/kernel/drivers/net/ethernet/chelsio/cxgb3/cxgb3.ko	ELF 64-bit LSB relocatable, ARM aarch64, version 1 (SYSV), BuildID[sha1]=a24bda158d2a4122de50ff5a54c744fa2658e24e, not stripped
lib/modules/5.10.0-23-arm64/kernel/drivers/net/ethernet/chelsio/cxgb4vf/cxgb4vf.ko	ELF 64-bit LSB relocatable, ARM aarch64, version 1 (SYSV), BuildID[sha1]=88d183800a4a9fd78263ce9be5f2fc59b2035337, not stripped
lib/modules/5.10.0-23-arm64/kernel/drivers/net/ethernet/chelsio/cxgb4/cxgb4.ko	ELF 64-bit LSB relocatable, ARM aarch64, version 1 (SYSV), BuildID[sha1]=d2e86c9659b797ef1efaa26951cddc4b6278d38d, not stripped
lib/modules/5.10.0-23-arm64/kernel/drivers/net/ethernet/chelsio/cxgb/cxgb.ko	ELF 64-bit LSB relocatable, ARM aarch64, version 1 (SYSV), BuildID[sha1]=21ba4d58566d9a3524f71024d205e2ea261a7710, not stripped
lib/modules/5.10.0-23-arm64/kernel/drivers/net/ethernet/sun/cassini.ko	ELF 64-bit LSB relocatable, ARM aarch64, version 1 (SYSV), BuildID[sha1]=9fcd63fcdda5676c291485d1a0f01d41b6f9510b, not stripped
lib/modules/5.10.0-23-arm64/kernel/drivers/net/ethernet/sun/niu.ko	ELF 64-bit LSB relocatable, ARM aarch64, version 1 (SYSV), BuildID[sha1]=26c429a5d0643ee2d96078ba7ca286d0dea02f21, not stripped
lib/modules/5.10.0-23-arm64/kernel/drivers/net/ethernet/via/via-velocity.ko	ELF 64-bit LSB relocatable, ARM aarch64, version 1 (SYSV), BuildID[sha1]=fbeb1b96e510f43b162ea6dd5c0bf7e917fe0d16, not stripped
lib/modules/5.10.0-23-arm64/kernel/drivers/net/ethernet/qlogic/qlcnic/qlcnic.ko	ELF 64-bit LSB relocatable, ARM aarch64, version 1 (SYSV), BuildID[sha1]=6d9ecee830bedd929aded95c9bd3c055bcdca38c, not stripped
lib/modules/5.10.0-23-arm64/kernel/drivers/net/ethernet/qlogic/qed/qed.ko	ELF 64-bit LSB relocatable, ARM aarch64, version 1 (SYSV), BuildID[sha1]=451b66fe440b704a3a28b9fcf90175b2117355a6, not stripped
lib/modules/5.10.0-23-arm64/kernel/drivers/net/ethernet/qlogic/qede/qede.ko	ELF 64-bit LSB relocatable, ARM aarch64, version 1 (SYSV), BuildID[sha1]=6487f739451439ec35c39985b0cfba6390b9468c, not stripped
lib/modules/5.10.0-23-arm64/kernel/drivers/net/ethernet/qlogic/netxen/netxen_nic.ko	ELF 64-bit LSB relocatable, ARM aarch64, version 1 (SYSV), BuildID[sha1]=da72550877a3439d204c1ce704701ceb523d96c7, not stripped
lib/modules/5.10.0-23-arm64/kernel/drivers/net/ethernet/qlogic/qla3xxx.ko	ELF 64-bit LSB relocatable, ARM aarch64, version 1 (SYSV), BuildID[sha1]=e6e03d2071da74e8286dc3af49837d87b893e4e6, not stripped
lib/modules/5.10.0-23-arm64/kernel/drivers/net/ethernet/sis/sis190.ko	ELF 64-bit LSB relocatable, ARM aarch64, version 1 (SYSV), BuildID[sha1]=54eafb227817f8975dc4a5c02696121a98b0933f, not stripped
lib/modules/5.10.0-23-arm64/kernel/drivers/net/ethernet/ti/tlan.ko	ELF 64-bit LSB relocatable, ARM aarch64, version 1 (SYSV), BuildID[sha1]=55d8016c094fdd27fb2bccfb0affa0234d5dd2f2, not stripped
lib/modules/5.10.0-23-arm64/kernel/drivers/net/ethernet/socionext/netsec.ko	ELF 64-bit LSB relocatable, ARM aarch64, version 1 (SYSV), BuildID[sha1]=c01a945f6c9f69640e875494d5f3d87b2b5dd5b8, not stripped
lib/modules/5.10.0-23-arm64/kernel/drivers/net/ethernet/silan/sc92031.ko	ELF 64-bit LSB relocatable, ARM aarch64, version 1 (SYSV), BuildID[sha1]=9f614d71b6e858c9478eebf5a0cc545073f9cd33, not stripped
lib/modules/5.10.0-23-arm64/kernel/drivers/net/ethernet/huawei/hinic/hinic.ko	ELF 64-bit LSB relocatable, ARM aarch64, version 1 (SYSV), BuildID[sha1]=d65dbe85b14bb8235de8c0426aa8121f05328edd, not stripped
lib/modules/5.10.0-23-arm64/kernel/drivers/net/ethernet/google/gve/gve.ko	ELF 64-bit LSB relocatable, ARM aarch64, version 1 (SYSV), BuildID[sha1]=e73b38fdf17d63a33c426db34c2d1b8a714a9adb, not stripped
lib/modules/5.10.0-23-arm64/kernel/drivers/net/ethernet/natsemi/natsemi.ko	ELF 64-bit LSB relocatable, ARM aarch64, version 1 (SYSV), BuildID[sha1]=54b9a6b670fc696063c638607af1ab75d7a38783, not stripped
lib/modules/5.10.0-23-arm64/kernel/drivers/net/ethernet/natsemi/ns83820.ko	ELF 64-bit LSB relocatable, ARM aarch64, version 1 (SYSV), BuildID[sha1]=088e8186754aff0276f8f15456b07c51fa0fdab6, not stripped
lib/modules/5.10.0-23-arm64/kernel/drivers/net/ethernet/cisco/enic/enic.ko	ELF 64-bit LSB relocatable, ARM aarch64, version 1 (SYSV), BuildID[sha1]=edc770daa815e93c4599f80c7661949d5cc90a1a, not stripped
lib/modules/5.10.0-23-arm64/kernel/drivers/net/ethernet/jme.ko	ELF 64-bit LSB relocatable, ARM aarch64, version 1 (SYSV), BuildID[sha1]=083482d356643f31cc30a79292555317d59080e3, not stripped
lib/modules/5.10.0-23-arm64/kernel/drivers/net/ethernet/intel/ice/ice.ko	ELF 64-bit LSB relocatable, ARM aarch64, version 1 (SYSV), BuildID[sha1]=515b6c978cf748bdb74191b4a077dc97d5143e9b, not stripped
lib/modules/5.10.0-23-arm64/kernel/drivers/net/ethernet/intel/e1000/e1000.ko	ELF 64-bit LSB relocatable, ARM aarch64, version 1 (SYSV), BuildID[sha1]=63e4b71acf9e4456dc2a103d3754910c4bbe083e, not stripped
lib/modules/5.10.0-23-arm64/kernel/drivers/net/ethernet/intel/igbvf/igbvf.ko	ELF 64-bit LSB relocatable, ARM aarch64, version 1 (SYSV), BuildID[sha1]=6920ea7ce888e0d6993e67cbf8d4ce82735124ae, not stripped
lib/modules/5.10.0-23-arm64/kernel/drivers/net/ethernet/intel/ixgb/ixgb.ko	ELF 64-bit LSB relocatable, ARM aarch64, version 1 (SYSV), BuildID[sha1]=99b64277985eab6e8a4604d31d9e47897d8179ab, not stripped
lib/modules/5.10.0-23-arm64/kernel/drivers/net/ethernet/intel/e100.ko	ELF 64-bit LSB relocatable, ARM aarch64, version 1 (SYSV), BuildID[sha1]=fc2a7b23a80f140c96de3ac7546c6edae276d9fb, not stripped
lib/modules/5.10.0-23-arm64/kernel/drivers/net/ethernet/intel/e1000e/e1000e.ko	ELF 64-bit LSB relocatable, ARM aarch64, version 1 (SYSV), BuildID[sha1]=05e28d15b45d8485b7e1aadb0c7dc9c454560b12, not stripped
lib/modules/5.10.0-23-arm64/kernel/drivers/net/ethernet/intel/iavf/iavf.ko	ELF 64-bit LSB relocatable, ARM aarch64, version 1 (SYSV), BuildID[sha1]=886511c0031294d2dc1b82d8fc30d5e1177ea2df, not stripped
lib/modules/5.10.0-23-arm64/kernel/drivers/net/ethernet/intel/ixgbe/ixgbe.ko	ELF 64-bit LSB relocatable, ARM aarch64, version 1 (SYSV), BuildID[sha1]=51240c455710c53a24b5a290509e176fa83d6d73, not stripped
lib/modules/5.10.0-23-arm64/kernel/drivers/net/ethernet/intel/igb/igb.ko	ELF 64-bit LSB relocatable, ARM aarch64, version 1 (SYSV), BuildID[sha1]=546e997ea9d59c7c3a2f5223fb32cc514025ae6f, not stripped
lib/modules/5.10.0-23-arm64/kernel/drivers/net/ethernet/intel/igc/igc.ko	ELF 64-bit LSB relocatable, ARM aarch64, version 1 (SYSV), BuildID[sha1]=0dfbc85672bf12a07ec151bab1d7c9e30eb6d714, not stripped
lib/modules/5.10.0-23-arm64/kernel/drivers/net/ethernet/intel/ixgbevf/ixgbevf.ko	ELF 64-bit LSB relocatable, ARM aarch64, version 1 (SYSV), BuildID[sha1]=eda53e3861acdcf5785fda548f9cbe45aa30e8c4, not stripped
lib/modules/5.10.0-23-arm64/kernel/drivers/net/ethernet/intel/i40e/i40e.ko	ELF 64-bit LSB relocatable, ARM aarch64, version 1 (SYSV), BuildID[sha1]=52eb786e8e9ac73c29fb862846d72248f8b80e7e, not stripped
lib/modules/5.10.0-23-arm64/kernel/drivers/net/ethernet/stmicro/stmmac/dwmac-imx.ko	ELF 64-bit LSB relocatable, ARM aarch64, version 1 (SYSV), BuildID[sha1]=796fa93aff91aa56397a1ac77f14a80431854c81, not stripped
lib/modules/5.10.0-23-arm64/kernel/drivers/net/ethernet/stmicro/stmmac/dwmac-meson.ko	ELF 64-bit LSB relocatable, ARM aarch64, version 1 (SYSV), BuildID[sha1]=22e5b0b0bdfcbbe9f29e6c716a09ae7c5d529ec8, not stripped
lib/modules/5.10.0-23-arm64/kernel/drivers/net/ethernet/stmicro/stmmac/dwmac-sunxi.ko	ELF 64-bit LSB relocatable, ARM aarch64, version 1 (SYSV), BuildID[sha1]=39d160f346f9cb9f995b425631a055ecc9beef8a, not stripped
lib/modules/5.10.0-23-arm64/kernel/drivers/net/ethernet/stmicro/stmmac/dwmac-generic.ko	ELF 64-bit LSB relocatable, ARM aarch64, version 1 (SYSV), BuildID[sha1]=ceef35ef90b4936f5dac5974f3814b83cdd57ee9, not stripped
lib/modules/5.10.0-23-arm64/kernel/drivers/net/ethernet/stmicro/stmmac/dwmac-meson8b.ko	ELF 64-bit LSB relocatable, ARM aarch64, version 1 (SYSV), BuildID[sha1]=e41c79af7975aba79be3e70aaa17ddea149310c7, not stripped
lib/modules/5.10.0-23-arm64/kernel/drivers/net/ethernet/stmicro/stmmac/stmmac-platform.ko	ELF 64-bit LSB relocatable, ARM aarch64, version 1 (SYSV), BuildID[sha1]=78437c3d28ebe3f9c4e061e71f7cb1f439c7da0a, not stripped
lib/modules/5.10.0-23-arm64/kernel/drivers/net/ethernet/stmicro/stmmac/dwmac-ipq806x.ko	ELF 64-bit LSB relocatable, ARM aarch64, version 1 (SYSV), BuildID[sha1]=310c8a007a210bfd6e455620106611c0b805aefe, not stripped
lib/modules/5.10.0-23-arm64/kernel/drivers/net/ethernet/stmicro/stmmac/dwmac-sun8i.ko	ELF 64-bit LSB relocatable, ARM aarch64, version 1 (SYSV), BuildID[sha1]=ea5ba86263eb07ec2e35f7cc1f8b08b82a96b507, not stripped
lib/modules/5.10.0-23-arm64/kernel/drivers/net/ethernet/stmicro/stmmac/stmmac.ko	ELF 64-bit LSB relocatable, ARM aarch64, version 1 (SYSV), BuildID[sha1]=ac38469bfe6a9fcd30fad285f32cd5ebf5c8aa33, not stripped
lib/modules/5.10.0-23-arm64/kernel/drivers/net/ethernet/stmicro/stmmac/dwmac-rk.ko	ELF 64-bit LSB relocatable, ARM aarch64, version 1 (SYSV), BuildID[sha1]=556d0ca96e0ca4375da7cd5513e3a4e3fc7612d6, not stripped
lib/modules/5.10.0-23-arm64/kernel/drivers/net/ethernet/stmicro/stmmac/dwmac-qcom-ethqos.ko	ELF 64-bit LSB relocatable, ARM aarch64, version 1 (SYSV), BuildID[sha1]=f0829da826a0cc8ed8728b8c484d3f26118221a0, not stripped
lib/modules/5.10.0-23-arm64/kernel/drivers/net/ethernet/fealnx.ko	ELF 64-bit LSB relocatable, ARM aarch64, version 1 (SYSV), BuildID[sha1]=86c76c31c4a21e7c35e61ca6ef8fa10a9284c013, not stripped
lib/modules/5.10.0-23-arm64/kernel/drivers/net/ethernet/netronome/nfp/nfp.ko	ELF 64-bit LSB relocatable, ARM aarch64, version 1 (SYSV), BuildID[sha1]=950bc1cf773086e335b329ed90442bcdda08e749, not stripped
lib/modules/5.10.0-23-arm64/kernel/drivers/net/ethernet/dlink/sundance.ko	ELF 64-bit LSB relocatable, ARM aarch64, version 1 (SYSV), BuildID[sha1]=8d7d7f9b635e679a9bae9b0bdeb45f2885c56a95, not stripped
lib/modules/5.10.0-23-arm64/kernel/drivers/net/ethernet/dlink/dl2k.ko	ELF 64-bit LSB relocatable, ARM aarch64, version 1 (SYSV), BuildID[sha1]=23a356a14973b6a2bfc52d9d25f6bb6a3bbbf2f6, not stripped
lib/modules/5.10.0-23-arm64/kernel/drivers/net/ethernet/micrel/ksz884x.ko	ELF 64-bit LSB relocatable, ARM aarch64, version 1 (SYSV), BuildID[sha1]=c23ab9dcd07eb8adf38a041d4d6daa163e9ef70a, not stripped
lib/modules/5.10.0-23-arm64/kernel/drivers/net/ethernet/dec/tulip/de2104x.ko	ELF 64-bit LSB relocatable, ARM aarch64, version 1 (SYSV), BuildID[sha1]=2f724567d31a2481e6eb8d50726a073ecf748e27, not stripped
lib/modules/5.10.0-23-arm64/kernel/drivers/net/ethernet/dec/tulip/uli526x.ko	ELF 64-bit LSB relocatable, ARM aarch64, version 1 (SYSV), BuildID[sha1]=4824fd40bbaea1983c8f0705ba94fbc76332b473, not stripped
lib/modules/5.10.0-23-arm64/kernel/drivers/net/ethernet/dec/tulip/dmfe.ko	ELF 64-bit LSB relocatable, ARM aarch64, version 1 (SYSV), BuildID[sha1]=8321fccf201d4dc7e1e049cac78b9e44dd5cae0f, not stripped
lib/modules/5.10.0-23-arm64/kernel/drivers/net/ethernet/dec/tulip/winbond-840.ko	ELF 64-bit LSB relocatable, ARM aarch64, version 1 (SYSV), BuildID[sha1]=ec7b1530beed39c893eec93215e43c82ccffcaef, not stripped
lib/modules/5.10.0-23-arm64/kernel/drivers/net/ethernet/dec/tulip/tulip.ko	ELF 64-bit LSB relocatable, ARM aarch64, version 1 (SYSV), BuildID[sha1]=2a5cec63341db9d8feeb4019e4bf4eb57a649889, not stripped
lib/modules/5.10.0-23-arm64/kernel/drivers/net/ethernet/neterion/s2io.ko	ELF 64-bit LSB relocatable, ARM aarch64, version 1 (SYSV), BuildID[sha1]=95b2c46939ecf00b8c9c62c16c40cd1b2a0bbaef, not stripped
lib/modules/5.10.0-23-arm64/kernel/drivers/net/ethernet/neterion/vxge/vxge.ko	ELF 64-bit LSB relocatable, ARM aarch64, version 1 (SYSV), BuildID[sha1]=bfa5314610b1c6e10d5ac307937e7cfc28cb65f4, not stripped
lib/modules/5.10.0-23-arm64/kernel/drivers/net/ethernet/rdc/r6040.ko	ELF 64-bit LSB relocatable, ARM aarch64, version 1 (SYSV), BuildID[sha1]=cab57816f0bfe001dcea35873c1ffc2b939a33ad, not stripped
lib/modules/5.10.0-23-arm64/kernel/drivers/net/ethernet/freescale/fec.ko	ELF 64-bit LSB relocatable, ARM aarch64, version 1 (SYSV), BuildID[sha1]=50e07044d0e43bebb58202e9c3259a943ad41401, not stripped
lib/modules/5.10.0-23-arm64/kernel/drivers/net/ethernet/freescale/xgmac_mdio.ko	ELF 64-bit LSB relocatable, ARM aarch64, version 1 (SYSV), BuildID[sha1]=6f27ccd1938177a53e5a7da6351979a0d67457bd, not stripped
lib/modules/5.10.0-23-arm64/kernel/drivers/net/ethernet/freescale/dpaa2/fsl-dpaa2-ptp.ko	ELF 64-bit LSB relocatable, ARM aarch64, version 1 (SYSV), BuildID[sha1]=047ccbcaa2047c013b7584b60ddddc36af5a98f5, not stripped
lib/modules/5.10.0-23-arm64/kernel/drivers/net/ethernet/freescale/dpaa2/fsl-dpaa2-eth.ko	ELF 64-bit LSB relocatable, ARM aarch64, version 1 (SYSV), BuildID[sha1]=b158acf2856276eb6a46fe50765a81af9ef8c53a, not stripped
lib/modules/5.10.0-23-arm64/kernel/drivers/net/ethernet/freescale/enetc/fsl-enetc-vf.ko	ELF 64-bit LSB relocatable, ARM aarch64, version 1 (SYSV), BuildID[sha1]=5be2a68bfbeaaccbcb48380809493db802249db0, not stripped
lib/modules/5.10.0-23-arm64/kernel/drivers/net/ethernet/freescale/enetc/fsl-enetc.ko	ELF 64-bit LSB relocatable, ARM aarch64, version 1 (SYSV), BuildID[sha1]=e8e0498f8b0ea3e5d422bbe53c3706e4ce6d9659, not stripped
lib/modules/5.10.0-23-arm64/kernel/drivers/net/ethernet/freescale/enetc/fsl-enetc-mdio.ko	ELF 64-bit LSB relocatable, ARM aarch64, version 1 (SYSV), BuildID[sha1]=a061ca5e7d53756011f6f040763f45e5dd4b0d5a, not stripped
lib/modules/5.10.0-23-arm64/kernel/drivers/net/ethernet/freescale/enetc/fsl-enetc-ptp.ko	ELF 64-bit LSB relocatable, ARM aarch64, version 1 (SYSV), BuildID[sha1]=32e6126d4994de1cc1cf0b06b43ff04c79f6f911, not stripped
lib/modules/5.10.0-23-arm64/kernel/drivers/net/ethernet/realtek/r8169.ko	ELF 64-bit LSB relocatable, ARM aarch64, version 1 (SYSV), BuildID[sha1]=06af760321b73bc15e2a66f2b16e4f40f3ab8b75, not stripped
lib/modules/5.10.0-23-arm64/kernel/drivers/net/ethernet/realtek/8139cp.ko	ELF 64-bit LSB relocatable, ARM aarch64, version 1 (SYSV), BuildID[sha1]=d1ce81aa17bf54f82440a4ef08c8b7e688032ee7, not stripped
lib/modules/5.10.0-23-arm64/kernel/drivers/net/ethernet/realtek/8139too.ko	ELF 64-bit LSB relocatable, ARM aarch64, version 1 (SYSV), BuildID[sha1]=84ecfb93ee7497ede494af2e7220058c737a4ced, not stripped
lib/modules/5.10.0-23-arm64/kernel/drivers/net/ethernet/hisilicon/hns_mdio.ko	ELF 64-bit LSB relocatable, ARM aarch64, version 1 (SYSV), BuildID[sha1]=466aaf60a825cc3da9960b60ce6afceb3c6525aa, not stripped
lib/modules/5.10.0-23-arm64/kernel/drivers/net/ethernet/hisilicon/hisi_femac.ko	ELF 64-bit LSB relocatable, ARM aarch64, version 1 (SYSV), BuildID[sha1]=52a9f6fa20991908302d9106dd3644d6feb8f5c2, not stripped
lib/modules/5.10.0-23-arm64/kernel/drivers/net/ethernet/hisilicon/hns/hnae.ko	ELF 64-bit LSB relocatable, ARM aarch64, version 1 (SYSV), BuildID[sha1]=c332c5493c5da44945607278b2bc50ddfdae0c6f, not stripped
lib/modules/5.10.0-23-arm64/kernel/drivers/net/ethernet/hisilicon/hns/hns_enet_drv.ko	ELF 64-bit LSB relocatable, ARM aarch64, version 1 (SYSV), BuildID[sha1]=e382327dc1905adad425c78a0fb813d033d05125, not stripped
lib/modules/5.10.0-23-arm64/kernel/drivers/net/ethernet/hisilicon/hns/hns_dsaf.ko	ELF 64-bit LSB relocatable, ARM aarch64, version 1 (SYSV), BuildID[sha1]=051c8b600a53cbc7c81b5c0c80775d4b8b4f518c, not stripped
lib/modules/5.10.0-23-arm64/kernel/drivers/net/ethernet/hisilicon/hix5hd2_gmac.ko	ELF 64-bit LSB relocatable, ARM aarch64, version 1 (SYSV), BuildID[sha1]=e2864b7a4f9621774eeeb3f3421a212da72e6d16, not stripped
lib/modules/5.10.0-23-arm64/kernel/drivers/net/ethernet/hisilicon/hip04_eth.ko	ELF 64-bit LSB relocatable, ARM aarch64, version 1 (SYSV), BuildID[sha1]=70b521d8205bd6b5ad884fa14d51e6e2d988a69c, not stripped
lib/modules/5.10.0-23-arm64/kernel/drivers/net/ethernet/hisilicon/hns3/hns3pf/hclge.ko	ELF 64-bit LSB relocatable, ARM aarch64, version 1 (SYSV), BuildID[sha1]=9ebd19cd8b7878ad7c634b13c0fb10e1a175a997, not stripped
lib/modules/5.10.0-23-arm64/kernel/drivers/net/ethernet/hisilicon/hns3/hns3.ko	ELF 64-bit LSB relocatable, ARM aarch64, version 1 (SYSV), BuildID[sha1]=a7e2446105e4c7218057acae3ed3c2036ab08050, not stripped
lib/modules/5.10.0-23-arm64/kernel/drivers/net/ethernet/hisilicon/hns3/hns3vf/hclgevf.ko	ELF 64-bit LSB relocatable, ARM aarch64, version 1 (SYSV), BuildID[sha1]=5b53d28ada3b106c4242b7630a3638f7b3446218, not stripped
lib/modules/5.10.0-23-arm64/kernel/drivers/net/ethernet/hisilicon/hns3/hnae3.ko	ELF 64-bit LSB relocatable, ARM aarch64, version 1 (SYSV), BuildID[sha1]=47951041d71381175f37d3c7f9db1bb105cefdd6, not stripped
lib/modules/5.10.0-23-arm64/kernel/drivers/net/ethernet/microchip/lan743x.ko	ELF 64-bit LSB relocatable, ARM aarch64, version 1 (SYSV), BuildID[sha1]=1252640066484d781aeace6095fc9c8c7fc456e5, not stripped
lib/modules/5.10.0-23-arm64/kernel/drivers/net/ethernet/3com/3c59x.ko	ELF 64-bit LSB relocatable, ARM aarch64, version 1 (SYSV), BuildID[sha1]=e07772013cd6a80b91b1d0481c6d01f0eac9d8da, not stripped
lib/modules/5.10.0-23-arm64/kernel/drivers/net/ethernet/3com/typhoon.ko	ELF 64-bit LSB relocatable, ARM aarch64, version 1 (SYSV), BuildID[sha1]=07b2d2aa3026a83c52da745d3b218cf226317773, not stripped
lib/modules/5.10.0-23-arm64/kernel/drivers/net/ethernet/atheros/atl1e/atl1e.ko	ELF 64-bit LSB relocatable, ARM aarch64, version 1 (SYSV), BuildID[sha1]=69fc9abef53670f27606265eecf929c9c2f42838, not stripped
lib/modules/5.10.0-23-arm64/kernel/drivers/net/ethernet/atheros/alx/alx.ko	ELF 64-bit LSB relocatable, ARM aarch64, version 1 (SYSV), BuildID[sha1]=d82d1a7e037792a4d5dc7cc84c482c30691bf0e6, not stripped
lib/modules/5.10.0-23-arm64/kernel/drivers/net/ethernet/atheros/atlx/atl1.ko	ELF 64-bit LSB relocatable, ARM aarch64, version 1 (SYSV), BuildID[sha1]=e18bb7b7e4270524b4e7fe0d718edb9a075c3766, not stripped
lib/modules/5.10.0-23-arm64/kernel/drivers/net/ethernet/atheros/atlx/atl2.ko	ELF 64-bit LSB relocatable, ARM aarch64, version 1 (SYSV), BuildID[sha1]=1e34599700e7032c30d627b18fada812579e26ee, not stripped
lib/modules/5.10.0-23-arm64/kernel/drivers/net/ethernet/atheros/atl1c/atl1c.ko	ELF 64-bit LSB relocatable, ARM aarch64, version 1 (SYSV), BuildID[sha1]=811d17bfa0f13ca09fcf9d64a5af174f090dc2e3, not stripped
lib/modules/5.10.0-23-arm64/kernel/drivers/net/ethernet/8390/8390.ko	ELF 64-bit LSB relocatable, ARM aarch64, version 1 (SYSV), BuildID[sha1]=e5c76428c5ce2147f39cc0d860085066df44e8ed, not stripped
lib/modules/5.10.0-23-arm64/kernel/drivers/net/ethernet/8390/ne2k-pci.ko	ELF 64-bit LSB relocatable, ARM aarch64, version 1 (SYSV), BuildID[sha1]=4e1115c84401e48b7fa6a70ef2c79a0d1e5e5c06, not stripped
lib/modules/5.10.0-23-arm64/kernel/drivers/net/ethernet/agere/et131x.ko	ELF 64-bit LSB relocatable, ARM aarch64, version 1 (SYSV), BuildID[sha1]=15428d35afe04033df38aa2133bbde559a2c856b, not stripped
lib/modules/5.10.0-23-arm64/kernel/drivers/net/ethernet/alteon/acenic.ko	ELF 64-bit LSB relocatable, ARM aarch64, version 1 (SYSV), BuildID[sha1]=6d4494571e8c56737e8d74dfecc8a551648b57cf, not stripped
lib/modules/5.10.0-23-arm64/kernel/drivers/net/ethernet/broadcom/bnxt/bnxt_en.ko	ELF 64-bit LSB relocatable, ARM aarch64, version 1 (SYSV), BuildID[sha1]=ab2a20494c972d24aafab2353f75c616b6b4b5b2, not stripped
lib/modules/5.10.0-23-arm64/kernel/drivers/net/ethernet/broadcom/tg3.ko	ELF 64-bit LSB relocatable, ARM aarch64, version 1 (SYSV), BuildID[sha1]=f344641d28d290cb80afaa601a978b44881e2d23, not stripped
lib/modules/5.10.0-23-arm64/kernel/drivers/net/ethernet/broadcom/cnic.ko	ELF 64-bit LSB relocatable, ARM aarch64, version 1 (SYSV), BuildID[sha1]=d880e22d260fa42e67b753c13ade8293a0a44f3d, not stripped
lib/modules/5.10.0-23-arm64/kernel/drivers/net/ethernet/broadcom/bnx2x/bnx2x.ko	ELF 64-bit LSB relocatable, ARM aarch64, version 1 (SYSV), BuildID[sha1]=9b81b7be8a0912d5cc81ec0e99b8561bd08447a5, not stripped
lib/modules/5.10.0-23-arm64/kernel/drivers/net/ethernet/broadcom/bnx2.ko	ELF 64-bit LSB relocatable, ARM aarch64, version 1 (SYSV), BuildID[sha1]=afdc046be914ec4e7a8239e05d7d2e7f6dd36bcc, not stripped
lib/modules/5.10.0-23-arm64/kernel/drivers/net/ethernet/broadcom/genet/genet.ko	ELF 64-bit LSB relocatable, ARM aarch64, version 1 (SYSV), BuildID[sha1]=2d8cd50b351d8a4110a4aad3887e98feb6a1417c, not stripped
lib/modules/5.10.0-23-arm64/kernel/drivers/net/ethernet/marvell/mvneta.ko	ELF 64-bit LSB relocatable, ARM aarch64, version 1 (SYSV), BuildID[sha1]=07c1ad442ac6a0a995dad46458be680b2a3716a8, not stripped
lib/modules/5.10.0-23-arm64/kernel/drivers/net/ethernet/marvell/sky2.ko	ELF 64-bit LSB relocatable, ARM aarch64, version 1 (SYSV), BuildID[sha1]=0431f733db224340a45728e758d489aeb7400f69, not stripped
lib/modules/5.10.0-23-arm64/kernel/drivers/net/ethernet/marvell/mvmdio.ko	ELF 64-bit LSB relocatable, ARM aarch64, version 1 (SYSV), BuildID[sha1]=eefeec457247a15e73271c79b79b5ee8435574b8, not stripped
lib/modules/5.10.0-23-arm64/kernel/drivers/net/ethernet/marvell/mvpp2/mvpp2.ko	ELF 64-bit LSB relocatable, ARM aarch64, version 1 (SYSV), BuildID[sha1]=d0ae509b3f3d4d4f3abe3d3745914fde1a2dc454, not stripped
lib/modules/5.10.0-23-arm64/kernel/drivers/net/ethernet/marvell/skge.ko	ELF 64-bit LSB relocatable, ARM aarch64, version 1 (SYSV), BuildID[sha1]=02bbd5df2754fcb91073c00e89af949f3b40dbe2, not stripped
lib/modules/5.10.0-23-arm64/kernel/drivers/net/ethernet/apm/xgene-v2/xgene-enet-v2.ko	ELF 64-bit LSB relocatable, ARM aarch64, version 1 (SYSV), BuildID[sha1]=4200ada147469d661c811147da21fa301f1a1360, not stripped
lib/modules/5.10.0-23-arm64/kernel/drivers/net/ethernet/apm/xgene/xgene-enet.ko	ELF 64-bit LSB relocatable, ARM aarch64, version 1 (SYSV), BuildID[sha1]=1708aac07debc15fa89ff819565d321caabd7b45, not stripped
lib/modules/5.10.0-23-arm64/kernel/drivers/net/ethernet/emulex/benet/be2net.ko	ELF 64-bit LSB relocatable, ARM aarch64, version 1 (SYSV), BuildID[sha1]=0ac716c39f5feb65799b92c570dd0ab84ac090d3, not stripped
lib/modules/5.10.0-23-arm64/kernel/drivers/net/ethernet/aquantia/atlantic/atlantic.ko	ELF 64-bit LSB relocatable, ARM aarch64, version 1 (SYSV), BuildID[sha1]=44d7febb92ebe69c8a479351b85dc9b5fe4555ce, not stripped
lib/modules/5.10.0-23-arm64/kernel/drivers/net/ethernet/mellanox/mlx4/mlx4_core.ko	ELF 64-bit LSB relocatable, ARM aarch64, version 1 (SYSV), BuildID[sha1]=a1a49fc83eb46c9373a68a446808430271160710, not stripped
lib/modules/5.10.0-23-arm64/kernel/drivers/net/ethernet/mellanox/mlx4/mlx4_en.ko	ELF 64-bit LSB relocatable, ARM aarch64, version 1 (SYSV), BuildID[sha1]=f31b4b93e6abe8bcb8e0926bb97dc7a5acbb8327, not stripped
lib/modules/5.10.0-23-arm64/kernel/drivers/net/ethernet/mellanox/mlx5/core/mlx5_core.ko	ELF 64-bit LSB relocatable, ARM aarch64, version 1 (SYSV), BuildID[sha1]=ec19a24cbea087ac052eea7206e446edb8261fc5, not stripped
lib/modules/5.10.0-23-arm64/kernel/drivers/net/ethernet/mellanox/mlxfw/mlxfw.ko	ELF 64-bit LSB relocatable, ARM aarch64, version 1 (SYSV), BuildID[sha1]=e93bd0db5508e49b79aca115cc60782098429379, not stripped
lib/modules/5.10.0-23-arm64/kernel/drivers/net/ethernet/cavium/liquidio/liquidio_vf.ko	ELF 64-bit LSB relocatable, ARM aarch64, version 1 (SYSV), BuildID[sha1]=e5e27aea9ddb9fefca3db45c2d2fce35fc2cc24a, not stripped
lib/modules/5.10.0-23-arm64/kernel/drivers/net/ethernet/cavium/liquidio/liquidio.ko	ELF 64-bit LSB relocatable, ARM aarch64, version 1 (SYSV), BuildID[sha1]=4c29eb9b0a484f846b82b48b217e2c1e9bd08d43, not stripped
lib/modules/5.10.0-23-arm64/kernel/drivers/net/ethernet/cavium/thunder/nicvf.ko	ELF 64-bit LSB relocatable, ARM aarch64, version 1 (SYSV), BuildID[sha1]=c0dbfc2d92801b56309c56a307e31884e8e44b85, not stripped
lib/modules/5.10.0-23-arm64/kernel/drivers/net/ethernet/cavium/thunder/nicpf.ko	ELF 64-bit LSB relocatable, ARM aarch64, version 1 (SYSV), BuildID[sha1]=13277a9449ae6a66b4ca7f4b63ce0e3fe51c9096, not stripped
lib/modules/5.10.0-23-arm64/kernel/drivers/net/ethernet/cavium/thunder/thunder_bgx.ko	ELF 64-bit LSB relocatable, ARM aarch64, version 1 (SYSV), BuildID[sha1]=fd2ff9232be4cc17419bdae1b8eafa8b1e3fbe2f, not stripped
lib/modules/5.10.0-23-arm64/kernel/drivers/net/ethernet/cavium/thunder/thunder_xcv.ko	ELF 64-bit LSB relocatable, ARM aarch64, version 1 (SYSV), BuildID[sha1]=d79af351c578ebbdcf877bfcd0751731ba2cb21a, not stripped
lib/modules/5.10.0-23-arm64/kernel/drivers/net/ethernet/cavium/common/cavium_ptp.ko	ELF 64-bit LSB relocatable, ARM aarch64, version 1 (SYSV), BuildID[sha1]=686502d42803c72273eb582603e7cec3d9a42de4, not stripped
lib/modules/5.10.0-23-arm64/kernel/drivers/net/ethernet/amazon/ena/ena.ko	ELF 64-bit LSB relocatable, ARM aarch64, version 1 (SYSV), BuildID[sha1]=bb77d753880d59bf5b5480e47c9ed6ad8aad9c13, not stripped
lib/modules/5.10.0-23-arm64/kernel/drivers/net/ethernet/tehuti/tehuti.ko	ELF 64-bit LSB relocatable, ARM aarch64, version 1 (SYSV), BuildID[sha1]=48e2435209d167ee8d12cd85143d8b6bed69e599, not stripped
lib/modules/5.10.0-23-arm64/kernel/drivers/net/nlmon.ko	ELF 64-bit LSB relocatable, ARM aarch64, version 1 (SYSV), BuildID[sha1]=852d0ac8f442879f1bc8c12f9d376b132f68edd7, not stripped
lib/modules/5.10.0-23-arm64/kernel/drivers/net/tun.ko	ELF 64-bit LSB relocatable, ARM aarch64, version 1 (SYSV), BuildID[sha1]=d0046f1128bed069fac74b6e95b3c8d1ef8ccb50, not stripped
lib/modules/5.10.0-23-arm64/kernel/drivers/net/wimax/i2400m/i2400m-usb.ko	ELF 64-bit LSB relocatable, ARM aarch64, version 1 (SYSV), BuildID[sha1]=20401ea0732020564ef9a3b62ba75c2ef5744f58, not stripped
lib/modules/5.10.0-23-arm64/kernel/drivers/net/wimax/i2400m/i2400m.ko	ELF 64-bit LSB relocatable, ARM aarch64, version 1 (SYSV), BuildID[sha1]=1ea42fe207b3a552820a91fefddc22a5fd3dc6de, not stripped
lib/modules/5.10.0-23-arm64/kernel/drivers/net/mii.ko	ELF 64-bit LSB relocatable, ARM aarch64, version 1 (SYSV), BuildID[sha1]=100e0afb533ab1492cf83be28a9016460f02e6d6, not stripped
lib/modules/5.10.0-23-arm64/kernel/drivers/net/fddi/defxx.ko	ELF 64-bit LSB relocatable, ARM aarch64, version 1 (SYSV), BuildID[sha1]=ec043301189a1428a81066ff7f6c3e3ccf8a1548, not stripped
lib/modules/5.10.0-23-arm64/kernel/drivers/net/fddi/skfp/skfp.ko	ELF 64-bit LSB relocatable, ARM aarch64, version 1 (SYSV), BuildID[sha1]=27877b8218e3da2edd6b0f431b624b5d641b161e, not stripped
lib/modules/5.10.0-23-arm64/kernel/drivers/net/tap.ko	ELF 64-bit LSB relocatable, ARM aarch64, version 1 (SYSV), BuildID[sha1]=d4b6b1441c38bf919561a015ca8e9a23f12c19dd, not stripped
lib/modules/5.10.0-23-arm64/kernel/drivers/net/geneve.ko	ELF 64-bit LSB relocatable, ARM aarch64, version 1 (SYSV), BuildID[sha1]=d09bdd352948facc5f7861414dbbe3c7d5e350b1, not stripped
lib/modules/5.10.0-23-arm64/kernel/drivers/net/virtio_net.ko	ELF 64-bit LSB relocatable, ARM aarch64, version 1 (SYSV), BuildID[sha1]=6c70289b8ee1dbc71f8cf5cd5ca850f6453c0858, not stripped
lib/modules/5.10.0-23-arm64/kernel/drivers/net/macvtap.ko	ELF 64-bit LSB relocatable, ARM aarch64, version 1 (SYSV), BuildID[sha1]=6dfe22d174db02b5207520069ab163c820cb367b, not stripped
lib/modules/5.10.0-23-arm64/kernel/drivers/net/mdio/mdio-mux-meson-g12a.ko	ELF 64-bit LSB relocatable, ARM aarch64, version 1 (SYSV), BuildID[sha1]=34653300c02cdff6f30a90051cb9f89b973d6391, not stripped
lib/modules/5.10.0-23-arm64/kernel/drivers/net/mdio/mdio-xgene.ko	ELF 64-bit LSB relocatable, ARM aarch64, version 1 (SYSV), BuildID[sha1]=5d1fa016a1ff0d2e270b4dfa14d505bbd506b2e4, not stripped
lib/modules/5.10.0-23-arm64/kernel/drivers/net/mdio/mdio-mux-mmioreg.ko	ELF 64-bit LSB relocatable, ARM aarch64, version 1 (SYSV), BuildID[sha1]=5dba6f1fdefac86c87efe3b76b79306966a89b00, not stripped
lib/modules/5.10.0-23-arm64/kernel/drivers/net/mdio/mdio-hisi-femac.ko	ELF 64-bit LSB relocatable, ARM aarch64, version 1 (SYSV), BuildID[sha1]=e3d10295959e8395f560592a01dca83491ddbca0, not stripped
lib/modules/5.10.0-23-arm64/kernel/drivers/net/mdio/mdio-thunder.ko	ELF 64-bit LSB relocatable, ARM aarch64, version 1 (SYSV), BuildID[sha1]=b9f0380fc4ad76a6935da8f72e85cf228684d6ac, not stripped
lib/modules/5.10.0-23-arm64/kernel/drivers/net/mdio/mdio-bcm-unimac.ko	ELF 64-bit LSB relocatable, ARM aarch64, version 1 (SYSV), BuildID[sha1]=00a10a3295fb3c9f6a01d603b59a20e379bc92f4, not stripped
lib/modules/5.10.0-23-arm64/kernel/drivers/net/mdio/mdio-i2c.ko	ELF 64-bit LSB relocatable, ARM aarch64, version 1 (SYSV), BuildID[sha1]=3e81ecd8d8c5f10c97dee204ebdcea0c1133083f, not stripped
lib/modules/5.10.0-23-arm64/kernel/drivers/net/mdio/of_mdio.ko	ELF 64-bit LSB relocatable, ARM aarch64, version 1 (SYSV), BuildID[sha1]=2e41eea946a278b14152d14836916d9dad4377b1, not stripped
lib/modules/5.10.0-23-arm64/kernel/drivers/net/mdio/mdio-cavium.ko	ELF 64-bit LSB relocatable, ARM aarch64, version 1 (SYSV), BuildID[sha1]=46c778c565f560e7a3d0d7f9d2a1b69544bdbc0f, not stripped
lib/modules/5.10.0-23-arm64/kernel/drivers/net/mdio/mdio-mux.ko	ELF 64-bit LSB relocatable, ARM aarch64, version 1 (SYSV), BuildID[sha1]=b58aef39abdd43144e80cb118cf5b7a0c2b24b0b, not stripped
lib/modules/5.10.0-23-arm64/kernel/drivers/net/macsec.ko	ELF 64-bit LSB relocatable, ARM aarch64, version 1 (SYSV), BuildID[sha1]=8cca6def24082d63dbd8fbe4eae9ef5268d13410, not stripped
lib/modules/5.10.0-23-arm64/kernel/drivers/net/mdio.ko	ELF 64-bit LSB relocatable, ARM aarch64, version 1 (SYSV), BuildID[sha1]=addbcf5980a7b0770500572b852bfb7ef1aafa2f, not stripped
lib/modules/5.10.0-23-arm64/kernel/drivers/net/net_failover.ko	ELF 64-bit LSB relocatable, ARM aarch64, version 1 (SYSV), BuildID[sha1]=a776f2aeb21a5c3cb0fd5ffb1e09874c4c4a2b9d, not stripped
lib/modules/5.10.0-23-arm64/kernel/drivers/net/dsa/mv88e6060.ko	ELF 64-bit LSB relocatable, ARM aarch64, version 1 (SYSV), BuildID[sha1]=cd7bab328a8b2a170174b879a5790a1480f95225, not stripped
lib/modules/5.10.0-23-arm64/kernel/drivers/net/dsa/ocelot/mscc_felix.ko	ELF 64-bit LSB relocatable, ARM aarch64, version 1 (SYSV), BuildID[sha1]=28dde4478a97d0151dab436d16c23b6abecfa6fa, not stripped
lib/modules/5.10.0-23-arm64/kernel/drivers/net/dsa/mv88e6xxx/mv88e6xxx.ko	ELF 64-bit LSB relocatable, ARM aarch64, version 1 (SYSV), BuildID[sha1]=a8e2e2fda8bf7e4953e6328f658d6286ddcca725, not stripped
lib/modules/5.10.0-23-arm64/kernel/drivers/net/vrf.ko	ELF 64-bit LSB relocatable, ARM aarch64, version 1 (SYSV), BuildID[sha1]=de303f54805e36cade09bebaf4bf2419f1411bbf, not stripped
lib/modules/5.10.0-23-arm64/kernel/drivers/net/vxlan.ko	ELF 64-bit LSB relocatable, ARM aarch64, version 1 (SYSV), BuildID[sha1]=cc1d7d8a23e6d1c2ed06bac85d9191d0265e6e18, not stripped
lib/modules/5.10.0-23-arm64/kernel/drivers/net/gtp.ko	ELF 64-bit LSB relocatable, ARM aarch64, version 1 (SYSV), BuildID[sha1]=e23d83cd8c306378e58a47d7f2a4a6f6497b3d1e, not stripped
lib/modules/5.10.0-23-arm64/kernel/drivers/net/wireless/mac80211_hwsim.ko	ELF 64-bit LSB relocatable, ARM aarch64, version 1 (SYSV), BuildID[sha1]=bcfc676eeac968854f65977ed58b3cb7dde1cf34, not stripped
lib/modules/5.10.0-23-arm64/kernel/drivers/net/wireless/zydas/zd1211rw/zd1211rw.ko	ELF 64-bit LSB relocatable, ARM aarch64, version 1 (SYSV), BuildID[sha1]=ee9a841baf796104f549fa6537f7fbbf6783d2cf, not stripped
lib/modules/5.10.0-23-arm64/kernel/drivers/net/wireless/ti/wl1251/wl1251_sdio.ko	ELF 64-bit LSB relocatable, ARM aarch64, version 1 (SYSV), BuildID[sha1]=b23f6b306537e05347605788697d23364f7ef098, not stripped
lib/modules/5.10.0-23-arm64/kernel/drivers/net/wireless/ti/wl1251/wl1251_spi.ko	ELF 64-bit LSB relocatable, ARM aarch64, version 1 (SYSV), BuildID[sha1]=7db1a68d3d2f8e593a4097519ca48dd0af2611ab, not stripped
lib/modules/5.10.0-23-arm64/kernel/drivers/net/wireless/ti/wl1251/wl1251.ko	ELF 64-bit LSB relocatable, ARM aarch64, version 1 (SYSV), BuildID[sha1]=054a938319d83ae84c8325552255638d7a657597, not stripped
lib/modules/5.10.0-23-arm64/kernel/drivers/net/wireless/ti/wlcore/wlcore.ko	ELF 64-bit LSB relocatable, ARM aarch64, version 1 (SYSV), BuildID[sha1]=d888f9b1b7b3f7c5eda3a6329a4ad55b492c3c92, not stripped
lib/modules/5.10.0-23-arm64/kernel/drivers/net/wireless/ti/wlcore/wlcore_sdio.ko	ELF 64-bit LSB relocatable, ARM aarch64, version 1 (SYSV), BuildID[sha1]=6298081c49c8e7a4473e626544759a2119dd5132, not stripped
lib/modules/5.10.0-23-arm64/kernel/drivers/net/wireless/ti/wlcore/wlcore_spi.ko	ELF 64-bit LSB relocatable, ARM aarch64, version 1 (SYSV), BuildID[sha1]=a585ab72f18bfdee214089943cde0c499b88a748, not stripped
lib/modules/5.10.0-23-arm64/kernel/drivers/net/wireless/ti/wl12xx/wl12xx.ko	ELF 64-bit LSB relocatable, ARM aarch64, version 1 (SYSV), BuildID[sha1]=33f91d411e0b391a8b4c5fa7a1590dc2ae557d90, not stripped
lib/modules/5.10.0-23-arm64/kernel/drivers/net/wireless/ti/wl18xx/wl18xx.ko	ELF 64-bit LSB relocatable, ARM aarch64, version 1 (SYSV), BuildID[sha1]=3f6b8f9d086e3704d41b039849663cabd7555c89, not stripped
lib/modules/5.10.0-23-arm64/kernel/drivers/net/wireless/rndis_wlan.ko	ELF 64-bit LSB relocatable, ARM aarch64, version 1 (SYSV), BuildID[sha1]=49f8649da2e88bc9e924213ab471f5f86251b1ff, not stripped
lib/modules/5.10.0-23-arm64/kernel/drivers/net/wireless/mediatek/mt76/mt76.ko	ELF 64-bit LSB relocatable, ARM aarch64, version 1 (SYSV), BuildID[sha1]=b15a8a14cbe1a47aeeaf11ba4884a7ad0791a7ea, not stripped
lib/modules/5.10.0-23-arm64/kernel/drivers/net/wireless/mediatek/mt76/mt76x02-lib.ko	ELF 64-bit LSB relocatable, ARM aarch64, version 1 (SYSV), BuildID[sha1]=508fd2a1c49fc019d36d0ccec28d9f77ceb683ab, not stripped
lib/modules/5.10.0-23-arm64/kernel/drivers/net/wireless/mediatek/mt76/mt76x02-usb.ko	ELF 64-bit LSB relocatable, ARM aarch64, version 1 (SYSV), BuildID[sha1]=5b8131a6f3a7b15f9b48c409d67783fc3ebc8cf6, not stripped
lib/modules/5.10.0-23-arm64/kernel/drivers/net/wireless/mediatek/mt76/mt76x0/mt76x0-common.ko	ELF 64-bit LSB relocatable, ARM aarch64, version 1 (SYSV), BuildID[sha1]=5d5f205dd4c6edc1987aab23606fbbd3c1f1d858, not stripped
lib/modules/5.10.0-23-arm64/kernel/drivers/net/wireless/mediatek/mt76/mt76x0/mt76x0e.ko	ELF 64-bit LSB relocatable, ARM aarch64, version 1 (SYSV), BuildID[sha1]=03489cb7c4353e50c17bcfadc1b9af06598aa5e5, not stripped
lib/modules/5.10.0-23-arm64/kernel/drivers/net/wireless/mediatek/mt76/mt76x0/mt76x0u.ko	ELF 64-bit LSB relocatable, ARM aarch64, version 1 (SYSV), BuildID[sha1]=1c1103a5225618c5abb5ce38d32d259766357f6f, not stripped
lib/modules/5.10.0-23-arm64/kernel/drivers/net/wireless/mediatek/mt76/mt76x2/mt76x2-common.ko	ELF 64-bit LSB relocatable, ARM aarch64, version 1 (SYSV), BuildID[sha1]=e22c0b6288753a71935360d3477c1d5604cdd080, not stripped
lib/modules/5.10.0-23-arm64/kernel/drivers/net/wireless/mediatek/mt76/mt76x2/mt76x2u.ko	ELF 64-bit LSB relocatable, ARM aarch64, version 1 (SYSV), BuildID[sha1]=bdc17607ccb80d78686443645aee9b09c666963a, not stripped
lib/modules/5.10.0-23-arm64/kernel/drivers/net/wireless/mediatek/mt76/mt76x2/mt76x2e.ko	ELF 64-bit LSB relocatable, ARM aarch64, version 1 (SYSV), BuildID[sha1]=716caf1ff978b57338931c79d636d0be8779a2b3, not stripped
lib/modules/5.10.0-23-arm64/kernel/drivers/net/wireless/mediatek/mt76/mt76-usb.ko	ELF 64-bit LSB relocatable, ARM aarch64, version 1 (SYSV), BuildID[sha1]=f95608b41649b418af904e14bab526f5da63a3dd, not stripped
lib/modules/5.10.0-23-arm64/kernel/drivers/net/wireless/mediatek/mt7601u/mt7601u.ko	ELF 64-bit LSB relocatable, ARM aarch64, version 1 (SYSV), BuildID[sha1]=810e82d5a5858d3a490b2760ac4b3cc7da619fc6, not stripped
lib/modules/5.10.0-23-arm64/kernel/drivers/net/wireless/ralink/rt2x00/rt2800mmio.ko	ELF 64-bit LSB relocatable, ARM aarch64, version 1 (SYSV), BuildID[sha1]=53c8f58fdfce481b6718af42eebf5d13059bef02, not stripped
lib/modules/5.10.0-23-arm64/kernel/drivers/net/wireless/ralink/rt2x00/rt2500usb.ko	ELF 64-bit LSB relocatable, ARM aarch64, version 1 (SYSV), BuildID[sha1]=63cda75bf95cf5b20b29596584d1f6b4cc59f366, not stripped
lib/modules/5.10.0-23-arm64/kernel/drivers/net/wireless/ralink/rt2x00/rt2x00usb.ko	ELF 64-bit LSB relocatable, ARM aarch64, version 1 (SYSV), BuildID[sha1]=b972f4a8f9b540603f17b9c6779fce87f5d9e802, not stripped
lib/modules/5.10.0-23-arm64/kernel/drivers/net/wireless/ralink/rt2x00/rt2x00mmio.ko	ELF 64-bit LSB relocatable, ARM aarch64, version 1 (SYSV), BuildID[sha1]=23a69b541f51adc2ec96471bfecdddc23f0648a8, not stripped
lib/modules/5.10.0-23-arm64/kernel/drivers/net/wireless/ralink/rt2x00/rt2800pci.ko	ELF 64-bit LSB relocatable, ARM aarch64, version 1 (SYSV), BuildID[sha1]=077c6ecfb6c2cfcb9fac0e0d0d66e8702d5a799d, not stripped
lib/modules/5.10.0-23-arm64/kernel/drivers/net/wireless/ralink/rt2x00/rt2400pci.ko	ELF 64-bit LSB relocatable, ARM aarch64, version 1 (SYSV), BuildID[sha1]=29099639b0c7cd8ba45c687d23c53bff57ade1de, not stripped
lib/modules/5.10.0-23-arm64/kernel/drivers/net/wireless/ralink/rt2x00/rt2500pci.ko	ELF 64-bit LSB relocatable, ARM aarch64, version 1 (SYSV), BuildID[sha1]=bf72c3a763fe8e63ab24446d4ab5395041d4e4bc, not stripped
lib/modules/5.10.0-23-arm64/kernel/drivers/net/wireless/ralink/rt2x00/rt2800usb.ko	ELF 64-bit LSB relocatable, ARM aarch64, version 1 (SYSV), BuildID[sha1]=46e2561b4d8f998f86f39d5a5972421dd7386f3d, not stripped
lib/modules/5.10.0-23-arm64/kernel/drivers/net/wireless/ralink/rt2x00/rt2x00lib.ko	ELF 64-bit LSB relocatable, ARM aarch64, version 1 (SYSV), BuildID[sha1]=aaa6872aa712ebc13359b4483faa87c20d5cb4d9, not stripped
lib/modules/5.10.0-23-arm64/kernel/drivers/net/wireless/ralink/rt2x00/rt2800lib.ko	ELF 64-bit LSB relocatable, ARM aarch64, version 1 (SYSV), BuildID[sha1]=ee969c32c7f8bad367958655ec25efcb73728ca5, not stripped
lib/modules/5.10.0-23-arm64/kernel/drivers/net/wireless/ralink/rt2x00/rt61pci.ko	ELF 64-bit LSB relocatable, ARM aarch64, version 1 (SYSV), BuildID[sha1]=041e5ed977aa59de83258ac331926ab34abd343f, not stripped
lib/modules/5.10.0-23-arm64/kernel/drivers/net/wireless/ralink/rt2x00/rt73usb.ko	ELF 64-bit LSB relocatable, ARM aarch64, version 1 (SYSV), BuildID[sha1]=e01420d7eb4bfffabf2b5cdb3c4f1e68883cbfe5, not stripped
lib/modules/5.10.0-23-arm64/kernel/drivers/net/wireless/ralink/rt2x00/rt2x00pci.ko	ELF 64-bit LSB relocatable, ARM aarch64, version 1 (SYSV), BuildID[sha1]=fe1d9b07fb7b1b62971ae296e70d82667e7e89ae, not stripped
lib/modules/5.10.0-23-arm64/kernel/drivers/net/wireless/atmel/at76c50x-usb.ko	ELF 64-bit LSB relocatable, ARM aarch64, version 1 (SYSV), BuildID[sha1]=34bd23a93cfcc57cbdbeafc41fbd72ec6ef39f85, not stripped
lib/modules/5.10.0-23-arm64/kernel/drivers/net/wireless/intel/iwlegacy/iwl3945.ko	ELF 64-bit LSB relocatable, ARM aarch64, version 1 (SYSV), BuildID[sha1]=1c573e688bc39fbe0f96ab44a424ad6af0e6b99c, not stripped
lib/modules/5.10.0-23-arm64/kernel/drivers/net/wireless/intel/iwlegacy/iwlegacy.ko	ELF 64-bit LSB relocatable, ARM aarch64, version 1 (SYSV), BuildID[sha1]=6cf7101e1931c92222dfe04f6b76b807d3bc22a2, not stripped
lib/modules/5.10.0-23-arm64/kernel/drivers/net/wireless/intel/iwlegacy/iwl4965.ko	ELF 64-bit LSB relocatable, ARM aarch64, version 1 (SYSV), BuildID[sha1]=51b52c70157158b954ba5fd4618a453fac9541dd, not stripped
lib/modules/5.10.0-23-arm64/kernel/drivers/net/wireless/intel/ipw2x00/ipw2200.ko	ELF 64-bit LSB relocatable, ARM aarch64, version 1 (SYSV), BuildID[sha1]=ae514bbc22c3ddffb2153f092773e83e6756b884, not stripped
lib/modules/5.10.0-23-arm64/kernel/drivers/net/wireless/intel/ipw2x00/libipw.ko	ELF 64-bit LSB relocatable, ARM aarch64, version 1 (SYSV), BuildID[sha1]=34b0d6e9c208813b3fdc0ca3290026af6c9ba55c, not stripped
lib/modules/5.10.0-23-arm64/kernel/drivers/net/wireless/intel/iwlwifi/mvm/iwlmvm.ko	ELF 64-bit LSB relocatable, ARM aarch64, version 1 (SYSV), BuildID[sha1]=8f2efa4e98d70b7540dc27f0ea38ab5ea1518387, not stripped
lib/modules/5.10.0-23-arm64/kernel/drivers/net/wireless/intel/iwlwifi/iwlwifi.ko	ELF 64-bit LSB relocatable, ARM aarch64, version 1 (SYSV), BuildID[sha1]=e73d74f0fdb78a003edf6ea4395d5217531bf7bc, not stripped
lib/modules/5.10.0-23-arm64/kernel/drivers/net/wireless/intel/iwlwifi/dvm/iwldvm.ko	ELF 64-bit LSB relocatable, ARM aarch64, version 1 (SYSV), BuildID[sha1]=0c665d50d21dfd2130b00a72995076494a78b374, not stripped
lib/modules/5.10.0-23-arm64/kernel/drivers/net/wireless/admtek/adm8211.ko	ELF 64-bit LSB relocatable, ARM aarch64, version 1 (SYSV), BuildID[sha1]=5902c0cbdf4bc2b22e66d0ab177747db07c1344c, not stripped
lib/modules/5.10.0-23-arm64/kernel/drivers/net/wireless/ath/ath11k/ath11k.ko	ELF 64-bit LSB relocatable, ARM aarch64, version 1 (SYSV), BuildID[sha1]=91f42f80e5e8026ca9d2ca068387b5b9298243f2, not stripped
lib/modules/5.10.0-23-arm64/kernel/drivers/net/wireless/ath/ath11k/ath11k_pci.ko	ELF 64-bit LSB relocatable, ARM aarch64, version 1 (SYSV), BuildID[sha1]=9098021ed6cd570499d2d3ce2df0e7e73c10d832, not stripped
lib/modules/5.10.0-23-arm64/kernel/drivers/net/wireless/ath/ath5k/ath5k.ko	ELF 64-bit LSB relocatable, ARM aarch64, version 1 (SYSV), BuildID[sha1]=80126353564949f772b7f9bff6e2fd81cba0c774, not stripped
lib/modules/5.10.0-23-arm64/kernel/drivers/net/wireless/ath/ath9k/ath9k_htc.ko	ELF 64-bit LSB relocatable, ARM aarch64, version 1 (SYSV), BuildID[sha1]=7409614e1716ae0d42e340bdbe75fe1405b9f2b5, not stripped
lib/modules/5.10.0-23-arm64/kernel/drivers/net/wireless/ath/ath9k/ath9k.ko	ELF 64-bit LSB relocatable, ARM aarch64, version 1 (SYSV), BuildID[sha1]=2895a79f32404297bc55c368c7c288efc0ad86e3, not stripped
lib/modules/5.10.0-23-arm64/kernel/drivers/net/wireless/ath/ath9k/ath9k_hw.ko	ELF 64-bit LSB relocatable, ARM aarch64, version 1 (SYSV), BuildID[sha1]=3d0a803a77d834e7ed55662fc1494bfdbc01f269, not stripped
lib/modules/5.10.0-23-arm64/kernel/drivers/net/wireless/ath/ath9k/ath9k_common.ko	ELF 64-bit LSB relocatable, ARM aarch64, version 1 (SYSV), BuildID[sha1]=01ba3b570621eb326e022d2e025ec5f2f291610e, not stripped
lib/modules/5.10.0-23-arm64/kernel/drivers/net/wireless/ath/ath10k/ath10k_pci.ko	ELF 64-bit LSB relocatable, ARM aarch64, version 1 (SYSV), BuildID[sha1]=ba0dfbd25438199ec4f96850865327b8cb6a56ae, not stripped
lib/modules/5.10.0-23-arm64/kernel/drivers/net/wireless/ath/ath10k/ath10k_core.ko	ELF 64-bit LSB relocatable, ARM aarch64, version 1 (SYSV), BuildID[sha1]=9fddf4547ac27c2648bbabd91e050f71b95f27fc, not stripped
lib/modules/5.10.0-23-arm64/kernel/drivers/net/wireless/ath/ath10k/ath10k_usb.ko	ELF 64-bit LSB relocatable, ARM aarch64, version 1 (SYSV), BuildID[sha1]=dc60f9a539f4c614907d7a862cdc67f26b6e9c93, not stripped
lib/modules/5.10.0-23-arm64/kernel/drivers/net/wireless/ath/carl9170/carl9170.ko	ELF 64-bit LSB relocatable, ARM aarch64, version 1 (SYSV), BuildID[sha1]=a735f9db62f80a8920dd75f45a9ae0a6007de3cc, not stripped
lib/modules/5.10.0-23-arm64/kernel/drivers/net/wireless/ath/wcn36xx/wcn36xx.ko	ELF 64-bit LSB relocatable, ARM aarch64, version 1 (SYSV), BuildID[sha1]=190ffa0ba522cd5a1a8b7fa7490182472c356789, not stripped
lib/modules/5.10.0-23-arm64/kernel/drivers/net/wireless/ath/ar5523/ar5523.ko	ELF 64-bit LSB relocatable, ARM aarch64, version 1 (SYSV), BuildID[sha1]=4c27778ecb46712fc26c56c32284381ca84f5eba, not stripped
lib/modules/5.10.0-23-arm64/kernel/drivers/net/wireless/ath/ath.ko	ELF 64-bit LSB relocatable, ARM aarch64, version 1 (SYSV), BuildID[sha1]=7a0672a330d76fe5b448d12ab5ff90b0a4dfdaca, not stripped
lib/modules/5.10.0-23-arm64/kernel/drivers/net/wireless/ath/wil6210/wil6210.ko	ELF 64-bit LSB relocatable, ARM aarch64, version 1 (SYSV), BuildID[sha1]=9b3dc6a2cc251082eb68c37932d90199e2ce8a7d, not stripped
lib/modules/5.10.0-23-arm64/kernel/drivers/net/wireless/ath/ath6kl/ath6kl_core.ko	ELF 64-bit LSB relocatable, ARM aarch64, version 1 (SYSV), BuildID[sha1]=2e63646f06ff03e64f991a0437d2d2270e3171ef, not stripped
lib/modules/5.10.0-23-arm64/kernel/drivers/net/wireless/ath/ath6kl/ath6kl_sdio.ko	ELF 64-bit LSB relocatable, ARM aarch64, version 1 (SYSV), BuildID[sha1]=57f7c1fa39e7bef59e7ddcb0e1c32ec680cd5b88, not stripped
lib/modules/5.10.0-23-arm64/kernel/drivers/net/wireless/ath/ath6kl/ath6kl_usb.ko	ELF 64-bit LSB relocatable, ARM aarch64, version 1 (SYSV), BuildID[sha1]=b3e4ec387ed48adece42cd488053e7ffef1ebe3f, not stripped
lib/modules/5.10.0-23-arm64/kernel/drivers/net/wireless/realtek/rtl8xxxu/rtl8xxxu.ko	ELF 64-bit LSB relocatable, ARM aarch64, version 1 (SYSV), BuildID[sha1]=f2bbe2c7ed1c1d69a31f97918987f9c8ec6ca189, not stripped
lib/modules/5.10.0-23-arm64/kernel/drivers/net/wireless/realtek/rtl818x/rtl8180/rtl818x_pci.ko	ELF 64-bit LSB relocatable, ARM aarch64, version 1 (SYSV), BuildID[sha1]=e75f4de89bc6b0f6e4099fa1cafd33844167a3f8, not stripped
lib/modules/5.10.0-23-arm64/kernel/drivers/net/wireless/realtek/rtl818x/rtl8187/rtl8187.ko	ELF 64-bit LSB relocatable, ARM aarch64, version 1 (SYSV), BuildID[sha1]=0bb25b438aeea36da12a2f101c5d79844ac7f46e, not stripped
lib/modules/5.10.0-23-arm64/kernel/drivers/net/wireless/realtek/rtw88/rtw88_8822c.ko	ELF 64-bit LSB relocatable, ARM aarch64, version 1 (SYSV), BuildID[sha1]=148dedd9c7e8153d845c06ff0deecf17b9aac8e9, not stripped
lib/modules/5.10.0-23-arm64/kernel/drivers/net/wireless/realtek/rtw88/rtw88_8821c.ko	ELF 64-bit LSB relocatable, ARM aarch64, version 1 (SYSV), BuildID[sha1]=6445437678f4344e07a0e96bff2e3313e0feb5d8, not stripped
lib/modules/5.10.0-23-arm64/kernel/drivers/net/wireless/realtek/rtw88/rtw88_core.ko	ELF 64-bit LSB relocatable, ARM aarch64, version 1 (SYSV), BuildID[sha1]=0f0f962a8d7688e183cdd61564fb50ac8e6a9d68, not stripped
lib/modules/5.10.0-23-arm64/kernel/drivers/net/wireless/realtek/rtw88/rtw88_8822be.ko	ELF 64-bit LSB relocatable, ARM aarch64, version 1 (SYSV), BuildID[sha1]=d8a126565d4933ec822ea7a12ed11b84b1f99449, not stripped
lib/modules/5.10.0-23-arm64/kernel/drivers/net/wireless/realtek/rtw88/rtw88_8723d.ko	ELF 64-bit LSB relocatable, ARM aarch64, version 1 (SYSV), BuildID[sha1]=1a2fb9f6bf2b5c21ac14f7169022a5db9d126206, not stripped
lib/modules/5.10.0-23-arm64/kernel/drivers/net/wireless/realtek/rtw88/rtw88_8723de.ko	ELF 64-bit LSB relocatable, ARM aarch64, version 1 (SYSV), BuildID[sha1]=bf210f2bda8a95e263541481652bbc1221891676, not stripped
lib/modules/5.10.0-23-arm64/kernel/drivers/net/wireless/realtek/rtw88/rtw88_8822ce.ko	ELF 64-bit LSB relocatable, ARM aarch64, version 1 (SYSV), BuildID[sha1]=241a024bcba9a87e2c601811c9fe260f6566b608, not stripped
lib/modules/5.10.0-23-arm64/kernel/drivers/net/wireless/realtek/rtw88/rtw88_8822b.ko	ELF 64-bit LSB relocatable, ARM aarch64, version 1 (SYSV), BuildID[sha1]=5c7edacf6b604b2bf4f81050a364b831653dd39e, not stripped
lib/modules/5.10.0-23-arm64/kernel/drivers/net/wireless/realtek/rtw88/rtw88_pci.ko	ELF 64-bit LSB relocatable, ARM aarch64, version 1 (SYSV), BuildID[sha1]=42b39a9c631b1d4c7c0898de7d169e13772ac1aa, not stripped
lib/modules/5.10.0-23-arm64/kernel/drivers/net/wireless/realtek/rtw88/rtw88_8821ce.ko	ELF 64-bit LSB relocatable, ARM aarch64, version 1 (SYSV), BuildID[sha1]=8993a210ad3f206326b923b1a7ce5c75b23c17f8, not stripped
lib/modules/5.10.0-23-arm64/kernel/drivers/net/wireless/realtek/rtlwifi/rtl8192cu/rtl8192cu.ko	ELF 64-bit LSB relocatable, ARM aarch64, version 1 (SYSV), BuildID[sha1]=df5f823ac88eb9a0d822a75242105b50fc1da41f, not stripped
lib/modules/5.10.0-23-arm64/kernel/drivers/net/wireless/realtek/rtlwifi/rtl8723ae/rtl8723ae.ko	ELF 64-bit LSB relocatable, ARM aarch64, version 1 (SYSV), BuildID[sha1]=40f1c56c2875d108589809464e22ef4e17420a35, not stripped
lib/modules/5.10.0-23-arm64/kernel/drivers/net/wireless/realtek/rtlwifi/rtl8192c/rtl8192c-common.ko	ELF 64-bit LSB relocatable, ARM aarch64, version 1 (SYSV), BuildID[sha1]=b7bc6bf321c021d75ebe4a7fe1d8d5f99340247a, not stripped
lib/modules/5.10.0-23-arm64/kernel/drivers/net/wireless/realtek/rtlwifi/rtl8192ee/rtl8192ee.ko	ELF 64-bit LSB relocatable, ARM aarch64, version 1 (SYSV), BuildID[sha1]=ab1009b5d5be0b52541ccc515c111056cdf2082a, not stripped
lib/modules/5.10.0-23-arm64/kernel/drivers/net/wireless/realtek/rtlwifi/rtl_usb.ko	ELF 64-bit LSB relocatable, ARM aarch64, version 1 (SYSV), BuildID[sha1]=2cf9772f4c02b7058325d0c8bd5d346b2f32ea07, not stripped
lib/modules/5.10.0-23-arm64/kernel/drivers/net/wireless/realtek/rtlwifi/rtl_pci.ko	ELF 64-bit LSB relocatable, ARM aarch64, version 1 (SYSV), BuildID[sha1]=7882ea6936de083ffa3619337efadbd4e7449462, not stripped
lib/modules/5.10.0-23-arm64/kernel/drivers/net/wireless/realtek/rtlwifi/rtl8192de/rtl8192de.ko	ELF 64-bit LSB relocatable, ARM aarch64, version 1 (SYSV), BuildID[sha1]=d4f59f3e60701bb7806100c17c6ff6909de026c2, not stripped
lib/modules/5.10.0-23-arm64/kernel/drivers/net/wireless/realtek/rtlwifi/rtl8192ce/rtl8192ce.ko	ELF 64-bit LSB relocatable, ARM aarch64, version 1 (SYSV), BuildID[sha1]=26665cee9b39f1a9432e7be8b81104edf581877e, not stripped
lib/modules/5.10.0-23-arm64/kernel/drivers/net/wireless/realtek/rtlwifi/rtl8723be/rtl8723be.ko	ELF 64-bit LSB relocatable, ARM aarch64, version 1 (SYSV), BuildID[sha1]=e6b64cc624ab5ee86ae90e48fbc0d29b9116aa23, not stripped
lib/modules/5.10.0-23-arm64/kernel/drivers/net/wireless/realtek/rtlwifi/rtlwifi.ko	ELF 64-bit LSB relocatable, ARM aarch64, version 1 (SYSV), BuildID[sha1]=40bb992c8070710dcd62194275b4130c88cc878b, not stripped
lib/modules/5.10.0-23-arm64/kernel/drivers/net/wireless/realtek/rtlwifi/rtl8188ee/rtl8188ee.ko	ELF 64-bit LSB relocatable, ARM aarch64, version 1 (SYSV), BuildID[sha1]=176779f8d25b8ec1b41e142c4844a6bd75ea1a38, not stripped
lib/modules/5.10.0-23-arm64/kernel/drivers/net/wireless/realtek/rtlwifi/rtl8192se/rtl8192se.ko	ELF 64-bit LSB relocatable, ARM aarch64, version 1 (SYSV), BuildID[sha1]=d27c0ed3b09e802b6704591ca81a03898a284d3b, not stripped
lib/modules/5.10.0-23-arm64/kernel/drivers/net/wireless/realtek/rtlwifi/rtl8723com/rtl8723-common.ko	ELF 64-bit LSB relocatable, ARM aarch64, version 1 (SYSV), BuildID[sha1]=27793e505ec0255981095613c58d8003466e855f, not stripped
lib/modules/5.10.0-23-arm64/kernel/drivers/net/wireless/realtek/rtlwifi/rtl8821ae/rtl8821ae.ko	ELF 64-bit LSB relocatable, ARM aarch64, version 1 (SYSV), BuildID[sha1]=0ec756768beaf9b458a3989b0b95bb033fbf383f, not stripped
lib/modules/5.10.0-23-arm64/kernel/drivers/net/wireless/realtek/rtlwifi/btcoexist/btcoexist.ko	ELF 64-bit LSB relocatable, ARM aarch64, version 1 (SYSV), BuildID[sha1]=d6e909f01a78706b8b96c6413b08a29dd8e12858, not stripped
lib/modules/5.10.0-23-arm64/kernel/drivers/net/wireless/broadcom/b43/b43.ko	ELF 64-bit LSB relocatable, ARM aarch64, version 1 (SYSV), BuildID[sha1]=859e24c793db06c3533733d013e453e9767db71e, not stripped
lib/modules/5.10.0-23-arm64/kernel/drivers/net/wireless/broadcom/b43legacy/b43legacy.ko	ELF 64-bit LSB relocatable, ARM aarch64, version 1 (SYSV), BuildID[sha1]=a66f49706ecaa26586022ea8d97483363eed1e2f, not stripped
lib/modules/5.10.0-23-arm64/kernel/drivers/net/wireless/broadcom/brcm80211/brcmfmac/brcmfmac.ko	ELF 64-bit LSB relocatable, ARM aarch64, version 1 (SYSV), BuildID[sha1]=2bb96ea52d02b7dccf033133ba6fe23d7bda7cdb, not stripped
lib/modules/5.10.0-23-arm64/kernel/drivers/net/wireless/broadcom/brcm80211/brcmsmac/brcmsmac.ko	ELF 64-bit LSB relocatable, ARM aarch64, version 1 (SYSV), BuildID[sha1]=ce41df6ab4c67cc49ba978363ef48b911550f42e, not stripped
lib/modules/5.10.0-23-arm64/kernel/drivers/net/wireless/broadcom/brcm80211/brcmutil/brcmutil.ko	ELF 64-bit LSB relocatable, ARM aarch64, version 1 (SYSV), BuildID[sha1]=ec6ef54879d74e5b2aac38afdc416aa467917ca2, not stripped
lib/modules/5.10.0-23-arm64/kernel/drivers/net/wireless/rsi/rsi_91x.ko	ELF 64-bit LSB relocatable, ARM aarch64, version 1 (SYSV), BuildID[sha1]=056ca1404faf6af6ab91abade10a9eb7f026e404, not stripped
lib/modules/5.10.0-23-arm64/kernel/drivers/net/wireless/rsi/rsi_usb.ko	ELF 64-bit LSB relocatable, ARM aarch64, version 1 (SYSV), BuildID[sha1]=01f7e208f325919a968318dd46d9b57682ffed62, not stripped
lib/modules/5.10.0-23-arm64/kernel/drivers/net/wireless/marvell/mwl8k.ko	ELF 64-bit LSB relocatable, ARM aarch64, version 1 (SYSV), BuildID[sha1]=0c7cb26ceb9a46aef8d83692863aa2f35f2e598f, not stripped
lib/modules/5.10.0-23-arm64/kernel/drivers/net/wireless/marvell/mwifiex/mwifiex_pcie.ko	ELF 64-bit LSB relocatable, ARM aarch64, version 1 (SYSV), BuildID[sha1]=09931124ec5165efe4ab68e7fe3d33579f4217bf, not stripped
lib/modules/5.10.0-23-arm64/kernel/drivers/net/wireless/marvell/mwifiex/mwifiex_sdio.ko	ELF 64-bit LSB relocatable, ARM aarch64, version 1 (SYSV), BuildID[sha1]=e415ee88bf52bd84cde25aaf4cb221fef7ce81bb, not stripped
lib/modules/5.10.0-23-arm64/kernel/drivers/net/wireless/marvell/mwifiex/mwifiex.ko	ELF 64-bit LSB relocatable, ARM aarch64, version 1 (SYSV), BuildID[sha1]=faced06321e419d3466d52ba8a77c3d99849741e, not stripped
lib/modules/5.10.0-23-arm64/kernel/drivers/net/wireless/marvell/libertas_tf/libertas_tf.ko	ELF 64-bit LSB relocatable, ARM aarch64, version 1 (SYSV), BuildID[sha1]=592e1135c25b90fd4d58b3bc2f0de90083919064, not stripped
lib/modules/5.10.0-23-arm64/kernel/drivers/net/wireless/marvell/libertas_tf/libertas_tf_usb.ko	ELF 64-bit LSB relocatable, ARM aarch64, version 1 (SYSV), BuildID[sha1]=eb0bf76d5e7e3344a93b2d75f63d709c3d007357, not stripped
lib/modules/5.10.0-23-arm64/kernel/drivers/net/wireless/marvell/libertas/libertas.ko	ELF 64-bit LSB relocatable, ARM aarch64, version 1 (SYSV), BuildID[sha1]=58572e8541694f66e76662594ac9f3af7614be72, not stripped
lib/modules/5.10.0-23-arm64/kernel/drivers/net/wireless/marvell/libertas/libertas_sdio.ko	ELF 64-bit LSB relocatable, ARM aarch64, version 1 (SYSV), BuildID[sha1]=883182fe0148299a1b98d66100e949c948d7df83, not stripped
lib/modules/5.10.0-23-arm64/kernel/drivers/net/wireless/marvell/libertas/usb8xxx.ko	ELF 64-bit LSB relocatable, ARM aarch64, version 1 (SYSV), BuildID[sha1]=e2940cf48c50e239440ef116ff062bd7d536a074, not stripped
lib/modules/5.10.0-23-arm64/kernel/drivers/net/wireless/intersil/p54/p54usb.ko	ELF 64-bit LSB relocatable, ARM aarch64, version 1 (SYSV), BuildID[sha1]=6fd9127fe48b2874d2ca16f39edf8bd7bcba642a, not stripped
lib/modules/5.10.0-23-arm64/kernel/drivers/net/wireless/intersil/p54/p54common.ko	ELF 64-bit LSB relocatable, ARM aarch64, version 1 (SYSV), BuildID[sha1]=0297ff4c3d391ff538f729abe42b1ee901aaaf48, not stripped
lib/modules/5.10.0-23-arm64/kernel/drivers/net/wireless/intersil/p54/p54pci.ko	ELF 64-bit LSB relocatable, ARM aarch64, version 1 (SYSV), BuildID[sha1]=5c97471bec50ee77178c9bf33fd9e79069d3871d, not stripped
lib/modules/5.10.0-23-arm64/kernel/drivers/net/wireless/intersil/hostap/hostap_pci.ko	ELF 64-bit LSB relocatable, ARM aarch64, version 1 (SYSV), BuildID[sha1]=6f16714ae127ec636803ffd2c1052ef79466490e, not stripped
lib/modules/5.10.0-23-arm64/kernel/drivers/net/wireless/intersil/hostap/hostap.ko	ELF 64-bit LSB relocatable, ARM aarch64, version 1 (SYSV), BuildID[sha1]=dbe8dd24d772d3d75452421857578c43b7dd60bf, not stripped
lib/modules/5.10.0-23-arm64/kernel/drivers/net/wireless/intersil/hostap/hostap_plx.ko	ELF 64-bit LSB relocatable, ARM aarch64, version 1 (SYSV), BuildID[sha1]=c8cf1fe94e73be0f290197fe54340fe6e84945ce, not stripped
lib/modules/5.10.0-23-arm64/kernel/drivers/android/binder_linux.ko	ELF 64-bit LSB relocatable, ARM aarch64, version 1 (SYSV), BuildID[sha1]=5e1be67802b16a6adf6064da0f4c88ca15a0902c, not stripped
lib/modules/5.10.0-23-arm64/kernel/drivers/extcon/extcon-qcom-spmi-misc.ko	ELF 64-bit LSB relocatable, ARM aarch64, version 1 (SYSV), BuildID[sha1]=5f3b5fa7015b6a6cd9bac65a4208c6c263e57400, not stripped
lib/modules/5.10.0-23-arm64/kernel/drivers/extcon/extcon-usb-gpio.ko	ELF 64-bit LSB relocatable, ARM aarch64, version 1 (SYSV), BuildID[sha1]=1e94253284cdaf63b20824b18dd09e83cd92aae7, not stripped
lib/modules/5.10.0-23-arm64/kernel/drivers/extcon/extcon-usbc-cros-ec.ko	ELF 64-bit LSB relocatable, ARM aarch64, version 1 (SYSV), BuildID[sha1]=1598926424ee359f84101a7f2d4810760ef4eb32, not stripped
lib/modules/5.10.0-23-arm64/kernel/drivers/watchdog/pretimeout_panic.ko	ELF 64-bit LSB relocatable, ARM aarch64, version 1 (SYSV), BuildID[sha1]=3c05182afee926d30101ee1bc191e8b6570d24ec, not stripped
lib/modules/5.10.0-23-arm64/kernel/drivers/watchdog/bcm2835_wdt.ko	ELF 64-bit LSB relocatable, ARM aarch64, version 1 (SYSV), BuildID[sha1]=bd6410dce1d2aeba272292a744fbd66cb162cf26, not stripped
lib/modules/5.10.0-23-arm64/kernel/drivers/watchdog/qcom-wdt.ko	ELF 64-bit LSB relocatable, ARM aarch64, version 1 (SYSV), BuildID[sha1]=12371e7fb21f29fdd15a0f85e56ed5d4e624a1ce, not stripped
lib/modules/5.10.0-23-arm64/kernel/drivers/watchdog/softdog.ko	ELF 64-bit LSB relocatable, ARM aarch64, version 1 (SYSV), BuildID[sha1]=4d007c4265e534f2f91c0a7740ddaefd2024fac1, not stripped
lib/modules/5.10.0-23-arm64/kernel/drivers/watchdog/sp805_wdt.ko	ELF 64-bit LSB relocatable, ARM aarch64, version 1 (SYSV), BuildID[sha1]=be3a514c99406710da46a888e741728ce0e323bc, not stripped
lib/modules/5.10.0-23-arm64/kernel/drivers/watchdog/wdat_wdt.ko	ELF 64-bit LSB relocatable, ARM aarch64, version 1 (SYSV), BuildID[sha1]=1096a3ff2a35e972800e0a6c967d7d5b4190c821, not stripped
lib/modules/5.10.0-23-arm64/kernel/drivers/watchdog/gpio_wdt.ko	ELF 64-bit LSB relocatable, ARM aarch64, version 1 (SYSV), BuildID[sha1]=644cd17d59d86b9dd929dea7f57bbe700c168425, not stripped
lib/modules/5.10.0-23-arm64/kernel/drivers/watchdog/meson_wdt.ko	ELF 64-bit LSB relocatable, ARM aarch64, version 1 (SYSV), BuildID[sha1]=bef9166e87e5c89bc4a4760f3e4471a1776acf7b, not stripped
lib/modules/5.10.0-23-arm64/kernel/drivers/watchdog/armada_37xx_wdt.ko	ELF 64-bit LSB relocatable, ARM aarch64, version 1 (SYSV), BuildID[sha1]=de79111055fb9f791092d320f6dfe279ad95ba40, not stripped
lib/modules/5.10.0-23-arm64/kernel/drivers/watchdog/xen_wdt.ko	ELF 64-bit LSB relocatable, ARM aarch64, version 1 (SYSV), BuildID[sha1]=ce14c979c1668e5fc56ae6b1a686d8d6799f529a, not stripped
lib/modules/5.10.0-23-arm64/kernel/drivers/watchdog/dw_wdt.ko	ELF 64-bit LSB relocatable, ARM aarch64, version 1 (SYSV), BuildID[sha1]=facf5adc680ecd7d585817650f78eea3b03d9817, not stripped
lib/modules/5.10.0-23-arm64/kernel/drivers/watchdog/sunxi_wdt.ko	ELF 64-bit LSB relocatable, ARM aarch64, version 1 (SYSV), BuildID[sha1]=764cad71c197f0d63aba0f234532847afa701089, not stripped
lib/modules/5.10.0-23-arm64/kernel/drivers/watchdog/tegra_wdt.ko	ELF 64-bit LSB relocatable, ARM aarch64, version 1 (SYSV), BuildID[sha1]=db98fbefacbfdd6a8b05f0f6225c5b76651c8290, not stripped
lib/modules/5.10.0-23-arm64/kernel/drivers/watchdog/sl28cpld_wdt.ko	ELF 64-bit LSB relocatable, ARM aarch64, version 1 (SYSV), BuildID[sha1]=dbe650e9fd4c7ced17778bd8a86491aac22d0b68, not stripped
lib/modules/5.10.0-23-arm64/kernel/drivers/watchdog/meson_gxbb_wdt.ko	ELF 64-bit LSB relocatable, ARM aarch64, version 1 (SYSV), BuildID[sha1]=3460d74d5d9dece4be80183671f378368d0b7dc6, not stripped
lib/modules/5.10.0-23-arm64/kernel/drivers/watchdog/sbsa_gwdt.ko	ELF 64-bit LSB relocatable, ARM aarch64, version 1 (SYSV), BuildID[sha1]=ca0c4352ca8eec33e864b87536e05872587a8bea, not stripped
lib/modules/5.10.0-23-arm64/kernel/drivers/w1/masters/ds2482.ko	ELF 64-bit LSB relocatable, ARM aarch64, version 1 (SYSV), BuildID[sha1]=ae602c58a61c2cae7c06bf7ede9beb11182c8d3a, not stripped
lib/modules/5.10.0-23-arm64/kernel/drivers/w1/masters/w1-gpio.ko	ELF 64-bit LSB relocatable, ARM aarch64, version 1 (SYSV), BuildID[sha1]=67d38231e2033f5f53ba9515a6df25235c702a0c, not stripped
lib/modules/5.10.0-23-arm64/kernel/drivers/w1/masters/ds2490.ko	ELF 64-bit LSB relocatable, ARM aarch64, version 1 (SYSV), BuildID[sha1]=8762dfd5eaf78d89ef1a370fcd2c63461d6bf626, not stripped
lib/modules/5.10.0-23-arm64/kernel/drivers/w1/wire.ko	ELF 64-bit LSB relocatable, ARM aarch64, version 1 (SYSV), BuildID[sha1]=7c75d7fc514330e6d38f37e6f2a297a65ea837a1, not stripped
lib/modules/5.10.0-23-arm64/kernel/drivers/w1/slaves/w1_ds2406.ko	ELF 64-bit LSB relocatable, ARM aarch64, version 1 (SYSV), BuildID[sha1]=d24182d2d41235a885252da34f2305753a26d17e, not stripped
lib/modules/5.10.0-23-arm64/kernel/drivers/w1/slaves/w1_ds2780.ko	ELF 64-bit LSB relocatable, ARM aarch64, version 1 (SYSV), BuildID[sha1]=3274b1a6f086a66f7439e9e4507233bba9a76243, not stripped
lib/modules/5.10.0-23-arm64/kernel/drivers/w1/slaves/w1_ds2408.ko	ELF 64-bit LSB relocatable, ARM aarch64, version 1 (SYSV), BuildID[sha1]=24cfdaa31fe18de87e9898cf6e063bb5cb69f826, not stripped
lib/modules/5.10.0-23-arm64/kernel/drivers/w1/slaves/w1_smem.ko	ELF 64-bit LSB relocatable, ARM aarch64, version 1 (SYSV), BuildID[sha1]=20369d2d9237c1da4d296f68253ab4b762137030, not stripped
lib/modules/5.10.0-23-arm64/kernel/drivers/w1/slaves/w1_ds28e17.ko	ELF 64-bit LSB relocatable, ARM aarch64, version 1 (SYSV), BuildID[sha1]=3c6224b8c45211343991ea87e4ebc0515fd9f1fe, not stripped
lib/modules/5.10.0-23-arm64/kernel/drivers/w1/slaves/w1_ds2433.ko	ELF 64-bit LSB relocatable, ARM aarch64, version 1 (SYSV), BuildID[sha1]=13d16b88771c0bdf34dd7d5b94a667acafbfb1be, not stripped
lib/modules/5.10.0-23-arm64/kernel/drivers/w1/slaves/w1_ds2431.ko	ELF 64-bit LSB relocatable, ARM aarch64, version 1 (SYSV), BuildID[sha1]=c006d9722654d44ee6cb9a3a7820309cf72db6e2, not stripped
lib/modules/5.10.0-23-arm64/kernel/drivers/w1/slaves/w1_ds2805.ko	ELF 64-bit LSB relocatable, ARM aarch64, version 1 (SYSV), BuildID[sha1]=2d2614508411ad82dd60b2d4d0992ea1874ff4b1, not stripped
lib/modules/5.10.0-23-arm64/kernel/drivers/w1/slaves/w1_ds28e04.ko	ELF 64-bit LSB relocatable, ARM aarch64, version 1 (SYSV), BuildID[sha1]=519c7830a0f7d0ed904ddcb2215f3af16e2abd96, not stripped
lib/modules/5.10.0-23-arm64/kernel/drivers/w1/slaves/w1_ds2413.ko	ELF 64-bit LSB relocatable, ARM aarch64, version 1 (SYSV), BuildID[sha1]=8fb3e43d04ef8cfefc23a75154451dc940f66cd9, not stripped
lib/modules/5.10.0-23-arm64/kernel/drivers/w1/slaves/w1_ds2405.ko	ELF 64-bit LSB relocatable, ARM aarch64, version 1 (SYSV), BuildID[sha1]=45df5c66aba154289af4c24288ef0047bcd93306, not stripped
lib/modules/5.10.0-23-arm64/kernel/drivers/w1/slaves/w1_therm.ko	ELF 64-bit LSB relocatable, ARM aarch64, version 1 (SYSV), BuildID[sha1]=0472551f53b1005c656648316602216739eec402, not stripped
lib/modules/5.10.0-23-arm64/kernel/drivers/w1/slaves/w1_ds2781.ko	ELF 64-bit LSB relocatable, ARM aarch64, version 1 (SYSV), BuildID[sha1]=433e36a833e67d13770a3aac14a467caee39ce36, not stripped
lib/modules/5.10.0-23-arm64/kernel/drivers/w1/slaves/w1_ds2438.ko	ELF 64-bit LSB relocatable, ARM aarch64, version 1 (SYSV), BuildID[sha1]=3526f381890182285100912dba5f979be91cce0e, not stripped
lib/modules/5.10.0-23-arm64/kernel/drivers/w1/slaves/w1_ds2423.ko	ELF 64-bit LSB relocatable, ARM aarch64, version 1 (SYSV), BuildID[sha1]=12815e6c0d95b48181b016cf4662681712aefcbc, not stripped
lib/modules/5.10.0-23-arm64/kernel/drivers/base/regmap/regmap-spi.ko	ELF 64-bit LSB relocatable, ARM aarch64, version 1 (SYSV), BuildID[sha1]=27b3c98b9fc6e8de6c28e94cd925d4a3e3d85511, not stripped
lib/modules/5.10.0-23-arm64/kernel/drivers/base/regmap/regmap-sdw.ko	ELF 64-bit LSB relocatable, ARM aarch64, version 1 (SYSV), BuildID[sha1]=f813d42a54f7fc5e1dd24c7055ec2a6d7fd5f3aa, not stripped
lib/modules/5.10.0-23-arm64/kernel/drivers/usb/misc/chaoskey.ko	ELF 64-bit LSB relocatable, ARM aarch64, version 1 (SYSV), BuildID[sha1]=5ea4f43e78a0e730cf399334e3f08f62be86b343, not stripped
lib/modules/5.10.0-23-arm64/kernel/drivers/usb/misc/emi62.ko	ELF 64-bit LSB relocatable, ARM aarch64, version 1 (SYSV), BuildID[sha1]=db72797c4515317947f24fe0fcb52596a57e4619, not stripped
lib/modules/5.10.0-23-arm64/kernel/drivers/usb/misc/usb3503.ko	ELF 64-bit LSB relocatable, ARM aarch64, version 1 (SYSV), BuildID[sha1]=038ded54e1cadc45274369b8ec9289f01256bf28, not stripped
lib/modules/5.10.0-23-arm64/kernel/drivers/usb/misc/emi26.ko	ELF 64-bit LSB relocatable, ARM aarch64, version 1 (SYSV), BuildID[sha1]=46499d5c6e72169943e8f2c6d9b831f3b4d8faa8, not stripped
lib/modules/5.10.0-23-arm64/kernel/drivers/usb/misc/sisusbvga/sisusbvga.ko	ELF 64-bit LSB relocatable, ARM aarch64, version 1 (SYSV), BuildID[sha1]=99f6c6d3b9fb7b9defa02724ca66b056cbb64e93, not stripped
lib/modules/5.10.0-23-arm64/kernel/drivers/usb/misc/idmouse.ko	ELF 64-bit LSB relocatable, ARM aarch64, version 1 (SYSV), BuildID[sha1]=c994743e5f46ed7add958f21a7436aac78cfb0b2, not stripped
lib/modules/5.10.0-23-arm64/kernel/drivers/usb/misc/trancevibrator.ko	ELF 64-bit LSB relocatable, ARM aarch64, version 1 (SYSV), BuildID[sha1]=feccdb279432b13549fd82d4ee58471276bb7502, not stripped
lib/modules/5.10.0-23-arm64/kernel/drivers/usb/misc/ehset.ko	ELF 64-bit LSB relocatable, ARM aarch64, version 1 (SYSV), BuildID[sha1]=822b2772dc1366c43060e754443fb0605db1484c, not stripped
lib/modules/5.10.0-23-arm64/kernel/drivers/usb/misc/appledisplay.ko	ELF 64-bit LSB relocatable, ARM aarch64, version 1 (SYSV), BuildID[sha1]=4ff1d79e492881b4ad23918b5071ca8a16076e0c, not stripped
lib/modules/5.10.0-23-arm64/kernel/drivers/usb/misc/apple-mfi-fastcharge.ko	ELF 64-bit LSB relocatable, ARM aarch64, version 1 (SYSV), BuildID[sha1]=c493791ae354b5b3c3551cd149677e85f8a1bb0c, not stripped
lib/modules/5.10.0-23-arm64/kernel/drivers/usb/misc/isight_firmware.ko	ELF 64-bit LSB relocatable, ARM aarch64, version 1 (SYSV), BuildID[sha1]=ac9ec3d8ca010db83c0e8fbdf800080230260bd2, not stripped
lib/modules/5.10.0-23-arm64/kernel/drivers/usb/misc/usbsevseg.ko	ELF 64-bit LSB relocatable, ARM aarch64, version 1 (SYSV), BuildID[sha1]=ac476b581f7eea0b9e505202aea102202d2bb703, not stripped
lib/modules/5.10.0-23-arm64/kernel/drivers/usb/misc/cytherm.ko	ELF 64-bit LSB relocatable, ARM aarch64, version 1 (SYSV), BuildID[sha1]=4dd117737343ebaa852c53eb8191287b1d63c320, not stripped
lib/modules/5.10.0-23-arm64/kernel/drivers/usb/misc/usblcd.ko	ELF 64-bit LSB relocatable, ARM aarch64, version 1 (SYSV), BuildID[sha1]=04c791d65ff72d1848fcb585a1e07f03d41f2c49, not stripped
lib/modules/5.10.0-23-arm64/kernel/drivers/usb/misc/ldusb.ko	ELF 64-bit LSB relocatable, ARM aarch64, version 1 (SYSV), BuildID[sha1]=06a33ed9f7234220de9b7df550406d4c363a8294, not stripped
lib/modules/5.10.0-23-arm64/kernel/drivers/usb/misc/iowarrior.ko	ELF 64-bit LSB relocatable, ARM aarch64, version 1 (SYSV), BuildID[sha1]=7e60067c0fa4514101257100ec57255b21c5ad84, not stripped
lib/modules/5.10.0-23-arm64/kernel/drivers/usb/misc/ezusb.ko	ELF 64-bit LSB relocatable, ARM aarch64, version 1 (SYSV), BuildID[sha1]=299cec348cc48fba8609ce38a0307a03ea217d11, not stripped
lib/modules/5.10.0-23-arm64/kernel/drivers/usb/misc/usbtest.ko	ELF 64-bit LSB relocatable, ARM aarch64, version 1 (SYSV), BuildID[sha1]=542bffa01d6646000396a24f974d7920b13cee49, not stripped
lib/modules/5.10.0-23-arm64/kernel/drivers/usb/misc/adutux.ko	ELF 64-bit LSB relocatable, ARM aarch64, version 1 (SYSV), BuildID[sha1]=8b8789525c4c80986b1fd47f03167fb6e0fa35a5, not stripped
lib/modules/5.10.0-23-arm64/kernel/drivers/usb/misc/yurex.ko	ELF 64-bit LSB relocatable, ARM aarch64, version 1 (SYSV), BuildID[sha1]=94206ce429b79af683f84a596065acfddcd6a741, not stripped
lib/modules/5.10.0-23-arm64/kernel/drivers/usb/misc/ftdi-elan.ko	ELF 64-bit LSB relocatable, ARM aarch64, version 1 (SYSV), BuildID[sha1]=d47bbbe74a87f290076be78e749550332d5af419, not stripped
lib/modules/5.10.0-23-arm64/kernel/drivers/usb/misc/cypress_cy7c63.ko	ELF 64-bit LSB relocatable, ARM aarch64, version 1 (SYSV), BuildID[sha1]=260be2e11488e6188197c2dfbc5a46015c7d71b1, not stripped
lib/modules/5.10.0-23-arm64/kernel/drivers/usb/misc/legousbtower.ko	ELF 64-bit LSB relocatable, ARM aarch64, version 1 (SYSV), BuildID[sha1]=50d64d57ff65627a815ccd29686a29821c1558ff, not stripped
lib/modules/5.10.0-23-arm64/kernel/drivers/usb/typec/tcpm/fusb302.ko	ELF 64-bit LSB relocatable, ARM aarch64, version 1 (SYSV), BuildID[sha1]=21bde322e0158b2af8bdef2b4a65abc0f3814106, not stripped
lib/modules/5.10.0-23-arm64/kernel/drivers/usb/typec/tcpm/tcpm.ko	ELF 64-bit LSB relocatable, ARM aarch64, version 1 (SYSV), BuildID[sha1]=95ca17c0b74bdce5cb0eaec0916e7ab290d75f4b, not stripped
lib/modules/5.10.0-23-arm64/kernel/drivers/usb/typec/ucsi/ucsi_acpi.ko	ELF 64-bit LSB relocatable, ARM aarch64, version 1 (SYSV), BuildID[sha1]=da4e77433a83ad9a0614b8da5408c32c73ad6d69, not stripped
lib/modules/5.10.0-23-arm64/kernel/drivers/usb/typec/ucsi/typec_ucsi.ko	ELF 64-bit LSB relocatable, ARM aarch64, version 1 (SYSV), BuildID[sha1]=301e207d2631a89eb304ab311c5690c4743a09e6, not stripped
lib/modules/5.10.0-23-arm64/kernel/drivers/usb/typec/typec.ko	ELF 64-bit LSB relocatable, ARM aarch64, version 1 (SYSV), BuildID[sha1]=41b37be8287c1383e48474f315d99b8f4a316eca, not stripped
lib/modules/5.10.0-23-arm64/kernel/drivers/usb/typec/altmodes/typec_displayport.ko	ELF 64-bit LSB relocatable, ARM aarch64, version 1 (SYSV), BuildID[sha1]=ec7017592c20d1954448b102e61d9b1c160b082e, not stripped
lib/modules/5.10.0-23-arm64/kernel/drivers/usb/typec/altmodes/typec_nvidia.ko	ELF 64-bit LSB relocatable, ARM aarch64, version 1 (SYSV), BuildID[sha1]=57d74f7a258e155e56208d6746145b79731cf861, not stripped
lib/modules/5.10.0-23-arm64/kernel/drivers/usb/musb/sunxi.ko	ELF 64-bit LSB relocatable, ARM aarch64, version 1 (SYSV), BuildID[sha1]=f693d4729bf3ab6deee99242b9f8a4b133941b2c, not stripped
lib/modules/5.10.0-23-arm64/kernel/drivers/usb/musb/musb_hdrc.ko	ELF 64-bit LSB relocatable, ARM aarch64, version 1 (SYSV), BuildID[sha1]=0de243d72ef3904da08e438534493e40e087c4bd, not stripped
lib/modules/5.10.0-23-arm64/kernel/drivers/usb/image/mdc800.ko	ELF 64-bit LSB relocatable, ARM aarch64, version 1 (SYSV), BuildID[sha1]=b3708d1925219feec28fda636ceacf6b5108fa45, not stripped
lib/modules/5.10.0-23-arm64/kernel/drivers/usb/image/microtek.ko	ELF 64-bit LSB relocatable, ARM aarch64, version 1 (SYSV), BuildID[sha1]=1e6e9d7ae421a0ff826913743ed87dbe4cb01df9, not stripped
lib/modules/5.10.0-23-arm64/kernel/drivers/usb/core/ledtrig-usbport.ko	ELF 64-bit LSB relocatable, ARM aarch64, version 1 (SYSV), BuildID[sha1]=1d7fc553de0392fe5f76642f3e6b7e5126fdc011, not stripped
lib/modules/5.10.0-23-arm64/kernel/drivers/usb/core/usbcore.ko	ELF 64-bit LSB relocatable, ARM aarch64, version 1 (SYSV), BuildID[sha1]=531c8c6ae65dc21b730ced5bd204301e9891b2bc, not stripped
lib/modules/5.10.0-23-arm64/kernel/drivers/usb/class/cdc-wdm.ko	ELF 64-bit LSB relocatable, ARM aarch64, version 1 (SYSV), BuildID[sha1]=d168620d5f430a806e859bf521ba4707f58a08d5, not stripped
lib/modules/5.10.0-23-arm64/kernel/drivers/usb/class/usblp.ko	ELF 64-bit LSB relocatable, ARM aarch64, version 1 (SYSV), BuildID[sha1]=35e33a9de4bd865fc4a9249059f9acb7ddeab7f0, not stripped
lib/modules/5.10.0-23-arm64/kernel/drivers/usb/class/usbtmc.ko	ELF 64-bit LSB relocatable, ARM aarch64, version 1 (SYSV), BuildID[sha1]=fa91ff4e05c40862286e070248ac84621f811413, not stripped
lib/modules/5.10.0-23-arm64/kernel/drivers/usb/class/cdc-acm.ko	ELF 64-bit LSB relocatable, ARM aarch64, version 1 (SYSV), BuildID[sha1]=c98f6ebde7f56f59fb2704a6232b3d3409f18bb0, not stripped
lib/modules/5.10.0-23-arm64/kernel/drivers/usb/dwc3/dwc3-haps.ko	ELF 64-bit LSB relocatable, ARM aarch64, version 1 (SYSV), BuildID[sha1]=612e66a4ef91b298a43167b08eab722e3235fdbf, not stripped
lib/modules/5.10.0-23-arm64/kernel/drivers/usb/dwc3/dwc3-meson-g12a.ko	ELF 64-bit LSB relocatable, ARM aarch64, version 1 (SYSV), BuildID[sha1]=c9f43ee042333737e323b3d66b7e164f7eccae7a, not stripped
lib/modules/5.10.0-23-arm64/kernel/drivers/usb/dwc3/dwc3-of-simple.ko	ELF 64-bit LSB relocatable, ARM aarch64, version 1 (SYSV), BuildID[sha1]=dc2eda89f361686a63f90a5987d25b0931a2e6e5, not stripped
lib/modules/5.10.0-23-arm64/kernel/drivers/usb/dwc3/dwc3-pci.ko	ELF 64-bit LSB relocatable, ARM aarch64, version 1 (SYSV), BuildID[sha1]=8b169d5bb116c31e2a54127fd7fa3eb0b445011d, not stripped
lib/modules/5.10.0-23-arm64/kernel/drivers/usb/dwc3/dwc3.ko	ELF 64-bit LSB relocatable, ARM aarch64, version 1 (SYSV), BuildID[sha1]=dc0f8f5668220ef8349b04cc726d5b91ba369d50, not stripped
lib/modules/5.10.0-23-arm64/kernel/drivers/usb/dwc3/dwc3-qcom.ko	ELF 64-bit LSB relocatable, ARM aarch64, version 1 (SYSV), BuildID[sha1]=4984621c77ff819cdd25d862bef90f3ffb243244, not stripped
lib/modules/5.10.0-23-arm64/kernel/drivers/usb/dwc2/dwc2.ko	ELF 64-bit LSB relocatable, ARM aarch64, version 1 (SYSV), BuildID[sha1]=713afe59be8be451509b340ed0158059ca72222f, not stripped
lib/modules/5.10.0-23-arm64/kernel/drivers/usb/storage/ums-realtek.ko	ELF 64-bit LSB relocatable, ARM aarch64, version 1 (SYSV), BuildID[sha1]=fee108e1f0b367f4294c8b6f1acd41f480680972, not stripped
lib/modules/5.10.0-23-arm64/kernel/drivers/usb/storage/ums-sddr09.ko	ELF 64-bit LSB relocatable, ARM aarch64, version 1 (SYSV), BuildID[sha1]=dc445eeeff6b64e99539e68ba53f4b1db7fff35b, not stripped
lib/modules/5.10.0-23-arm64/kernel/drivers/usb/storage/ums-cypress.ko	ELF 64-bit LSB relocatable, ARM aarch64, version 1 (SYSV), BuildID[sha1]=9b1534c856833b8885845c75c937c5ecee0ccd95, not stripped
lib/modules/5.10.0-23-arm64/kernel/drivers/usb/storage/uas.ko	ELF 64-bit LSB relocatable, ARM aarch64, version 1 (SYSV), BuildID[sha1]=d97a9d6e409f0796f385486419377f5fc10a43e1, not stripped
lib/modules/5.10.0-23-arm64/kernel/drivers/usb/storage/usb-storage.ko	ELF 64-bit LSB relocatable, ARM aarch64, version 1 (SYSV), BuildID[sha1]=269f24c4871f5f77b3961286d9adb5afbce41759, not stripped
lib/modules/5.10.0-23-arm64/kernel/drivers/usb/storage/ums-sddr55.ko	ELF 64-bit LSB relocatable, ARM aarch64, version 1 (SYSV), BuildID[sha1]=37d2b04806700243c69de8dba37f19c0e1d24423, not stripped
lib/modules/5.10.0-23-arm64/kernel/drivers/usb/storage/ums-karma.ko	ELF 64-bit LSB relocatable, ARM aarch64, version 1 (SYSV), BuildID[sha1]=a5038e08664b78caf2ba24711893a374d21ce992, not stripped
lib/modules/5.10.0-23-arm64/kernel/drivers/usb/storage/ums-freecom.ko	ELF 64-bit LSB relocatable, ARM aarch64, version 1 (SYSV), BuildID[sha1]=ca5a132b045b11087c25d70682552e6efe7a702a, not stripped
lib/modules/5.10.0-23-arm64/kernel/drivers/usb/storage/ums-jumpshot.ko	ELF 64-bit LSB relocatable, ARM aarch64, version 1 (SYSV), BuildID[sha1]=60cb96d63d9108f8b0013af3d08c3761b0f96070, not stripped
lib/modules/5.10.0-23-arm64/kernel/drivers/usb/storage/ums-eneub6250.ko	ELF 64-bit LSB relocatable, ARM aarch64, version 1 (SYSV), BuildID[sha1]=fac20c935c10be483dfb4bbd27977bd6c2d98483, not stripped
lib/modules/5.10.0-23-arm64/kernel/drivers/usb/storage/ums-isd200.ko	ELF 64-bit LSB relocatable, ARM aarch64, version 1 (SYSV), BuildID[sha1]=20e6d0bb070cb00e7aec6da1ee7c0c05a132b21a, not stripped
lib/modules/5.10.0-23-arm64/kernel/drivers/usb/storage/ums-onetouch.ko	ELF 64-bit LSB relocatable, ARM aarch64, version 1 (SYSV), BuildID[sha1]=06a8f05882cdd1bfc2a0c5a7760ea271496143a3, not stripped
lib/modules/5.10.0-23-arm64/kernel/drivers/usb/storage/ums-usbat.ko	ELF 64-bit LSB relocatable, ARM aarch64, version 1 (SYSV), BuildID[sha1]=2c181d86748b094ae1150bac57e278e6051fff41, not stripped
lib/modules/5.10.0-23-arm64/kernel/drivers/usb/storage/ums-datafab.ko	ELF 64-bit LSB relocatable, ARM aarch64, version 1 (SYSV), BuildID[sha1]=89d1d7f19f1aa4ec4287b2c35d3a716257547b49, not stripped
lib/modules/5.10.0-23-arm64/kernel/drivers/usb/storage/ums-alauda.ko	ELF 64-bit LSB relocatable, ARM aarch64, version 1 (SYSV), BuildID[sha1]=978e5bcb3b631660b052a93c01d2014f9630ca63, not stripped
lib/modules/5.10.0-23-arm64/kernel/drivers/usb/serial/usb-serial-simple.ko	ELF 64-bit LSB relocatable, ARM aarch64, version 1 (SYSV), BuildID[sha1]=f103abfe20e7a45924751f590840854bce4d06ae, not stripped
lib/modules/5.10.0-23-arm64/kernel/drivers/usb/serial/mct_u232.ko	ELF 64-bit LSB relocatable, ARM aarch64, version 1 (SYSV), BuildID[sha1]=a4162823ab108cb434b1d9731d7a31fd8d720910, not stripped
lib/modules/5.10.0-23-arm64/kernel/drivers/usb/serial/navman.ko	ELF 64-bit LSB relocatable, ARM aarch64, version 1 (SYSV), BuildID[sha1]=5c74e649c18840f295238528850fb1a33ac7df48, not stripped
lib/modules/5.10.0-23-arm64/kernel/drivers/usb/serial/pl2303.ko	ELF 64-bit LSB relocatable, ARM aarch64, version 1 (SYSV), BuildID[sha1]=ccdd50b7874049441ff657d277c15c5b2c9ff05a, not stripped
lib/modules/5.10.0-23-arm64/kernel/drivers/usb/serial/ir-usb.ko	ELF 64-bit LSB relocatable, ARM aarch64, version 1 (SYSV), BuildID[sha1]=662c8dddafcec963d18a0d0ebfcc89e6b0653c57, not stripped
lib/modules/5.10.0-23-arm64/kernel/drivers/usb/serial/safe_serial.ko	ELF 64-bit LSB relocatable, ARM aarch64, version 1 (SYSV), BuildID[sha1]=4cc6631a6c440b7fc7ed2010ccd87981de7dcf25, not stripped
lib/modules/5.10.0-23-arm64/kernel/drivers/usb/serial/cyberjack.ko	ELF 64-bit LSB relocatable, ARM aarch64, version 1 (SYSV), BuildID[sha1]=37f94a7d5d73c1525cb2ceb80027cdf2e2281be1, not stripped
lib/modules/5.10.0-23-arm64/kernel/drivers/usb/serial/symbolserial.ko	ELF 64-bit LSB relocatable, ARM aarch64, version 1 (SYSV), BuildID[sha1]=43c81345d16134988bb72d722d4b354c9de2ed22, not stripped
lib/modules/5.10.0-23-arm64/kernel/drivers/usb/serial/xsens_mt.ko	ELF 64-bit LSB relocatable, ARM aarch64, version 1 (SYSV), BuildID[sha1]=a984830ba976c96e5153e583ef468041839be7ce, not stripped
lib/modules/5.10.0-23-arm64/kernel/drivers/usb/serial/kobil_sct.ko	ELF 64-bit LSB relocatable, ARM aarch64, version 1 (SYSV), BuildID[sha1]=99c7f5acafcae386078a78825bf5f4c49deb14fe, not stripped
lib/modules/5.10.0-23-arm64/kernel/drivers/usb/serial/metro-usb.ko	ELF 64-bit LSB relocatable, ARM aarch64, version 1 (SYSV), BuildID[sha1]=6e1849f2be047534930f81e3c6d432a486f53215, not stripped
lib/modules/5.10.0-23-arm64/kernel/drivers/usb/serial/ssu100.ko	ELF 64-bit LSB relocatable, ARM aarch64, version 1 (SYSV), BuildID[sha1]=5ec9c3ca8a54130e1319b8e1d72b7649130035c2, not stripped
lib/modules/5.10.0-23-arm64/kernel/drivers/usb/serial/mos7720.ko	ELF 64-bit LSB relocatable, ARM aarch64, version 1 (SYSV), BuildID[sha1]=9529cad16c470d0980e9f7f4ddd5397a97c27eb4, not stripped
lib/modules/5.10.0-23-arm64/kernel/drivers/usb/serial/ch341.ko	ELF 64-bit LSB relocatable, ARM aarch64, version 1 (SYSV), BuildID[sha1]=bb80863a6e03a8e056ffabc53742aaea409c54b5, not stripped
lib/modules/5.10.0-23-arm64/kernel/drivers/usb/serial/ark3116.ko	ELF 64-bit LSB relocatable, ARM aarch64, version 1 (SYSV), BuildID[sha1]=6cd1a176a7a52d2d864f9948e44eb6034e51ba03, not stripped
lib/modules/5.10.0-23-arm64/kernel/drivers/usb/serial/cypress_m8.ko	ELF 64-bit LSB relocatable, ARM aarch64, version 1 (SYSV), BuildID[sha1]=1cdbdf52f9b89d266867159bcdbf025ebc5f8984, not stripped
lib/modules/5.10.0-23-arm64/kernel/drivers/usb/serial/visor.ko	ELF 64-bit LSB relocatable, ARM aarch64, version 1 (SYSV), BuildID[sha1]=04a9b03ceea9b45dbf1f7d604fb49b8cd5a42067, not stripped
lib/modules/5.10.0-23-arm64/kernel/drivers/usb/serial/usb_wwan.ko	ELF 64-bit LSB relocatable, ARM aarch64, version 1 (SYSV), BuildID[sha1]=f68b82ab7a5887fe2d722ad3ee2a3b64ff017239, not stripped
lib/modules/5.10.0-23-arm64/kernel/drivers/usb/serial/opticon.ko	ELF 64-bit LSB relocatable, ARM aarch64, version 1 (SYSV), BuildID[sha1]=75ae9e1243eaf2ea8c6e10034cf8c7b298ecafe1, not stripped
lib/modules/5.10.0-23-arm64/kernel/drivers/usb/serial/garmin_gps.ko	ELF 64-bit LSB relocatable, ARM aarch64, version 1 (SYSV), BuildID[sha1]=52f4aafdc59c6a20b2d89bba2c508acc79b5f194, not stripped
lib/modules/5.10.0-23-arm64/kernel/drivers/usb/serial/mxuport.ko	ELF 64-bit LSB relocatable, ARM aarch64, version 1 (SYSV), BuildID[sha1]=562ce4c3df72aaedbe7e0274c6c661f404ff69f3, not stripped
lib/modules/5.10.0-23-arm64/kernel/drivers/usb/serial/belkin_sa.ko	ELF 64-bit LSB relocatable, ARM aarch64, version 1 (SYSV), BuildID[sha1]=b7dc5819ee71715060b70f601e82b36d40224d06, not stripped
lib/modules/5.10.0-23-arm64/kernel/drivers/usb/serial/ftdi_sio.ko	ELF 64-bit LSB relocatable, ARM aarch64, version 1 (SYSV), BuildID[sha1]=280394e67cfe39894a5263b4f8763fd85c87e2f9, not stripped
lib/modules/5.10.0-23-arm64/kernel/drivers/usb/serial/mos7840.ko	ELF 64-bit LSB relocatable, ARM aarch64, version 1 (SYSV), BuildID[sha1]=014e3cab1c6ed4ad0a07d875814ef719a80623d5, not stripped
lib/modules/5.10.0-23-arm64/kernel/drivers/usb/serial/usbserial.ko	ELF 64-bit LSB relocatable, ARM aarch64, version 1 (SYSV), BuildID[sha1]=cc839164e9777d8e5cd829c0a1eef9dca997edb5, not stripped
lib/modules/5.10.0-23-arm64/kernel/drivers/usb/serial/qcserial.ko	ELF 64-bit LSB relocatable, ARM aarch64, version 1 (SYSV), BuildID[sha1]=90253549ca9a42060a930893e926bfb6438cacdd, not stripped
lib/modules/5.10.0-23-arm64/kernel/drivers/usb/serial/kl5kusb105.ko	ELF 64-bit LSB relocatable, ARM aarch64, version 1 (SYSV), BuildID[sha1]=0154f134a755e1459418428a45e8285f98243b08, not stripped
lib/modules/5.10.0-23-arm64/kernel/drivers/usb/serial/usb_debug.ko	ELF 64-bit LSB relocatable, ARM aarch64, version 1 (SYSV), BuildID[sha1]=553c51793ffe326cfaa6df7d380df328ed458dcc, not stripped
lib/modules/5.10.0-23-arm64/kernel/drivers/usb/serial/io_edgeport.ko	ELF 64-bit LSB relocatable, ARM aarch64, version 1 (SYSV), BuildID[sha1]=d7ba4589354d6eaed7b464f553259bacb2d92d8c, not stripped
lib/modules/5.10.0-23-arm64/kernel/drivers/usb/serial/whiteheat.ko	ELF 64-bit LSB relocatable, ARM aarch64, version 1 (SYSV), BuildID[sha1]=2fe1d29a1ef617df1b4fd2cc42859b5a0322ee22, not stripped
lib/modules/5.10.0-23-arm64/kernel/drivers/usb/serial/omninet.ko	ELF 64-bit LSB relocatable, ARM aarch64, version 1 (SYSV), BuildID[sha1]=7df5c4525fa9c56d9c45dd58b96f73d7ba06248a, not stripped
lib/modules/5.10.0-23-arm64/kernel/drivers/usb/serial/cp210x.ko	ELF 64-bit LSB relocatable, ARM aarch64, version 1 (SYSV), BuildID[sha1]=daa4f75f4e818bd034b1e12f24395d930c58a18d, not stripped
lib/modules/5.10.0-23-arm64/kernel/drivers/usb/serial/option.ko	ELF 64-bit LSB relocatable, ARM aarch64, version 1 (SYSV), BuildID[sha1]=a60f65043bf5bde79edcd78b10b616951ee2125d, not stripped
lib/modules/5.10.0-23-arm64/kernel/drivers/usb/serial/io_ti.ko	ELF 64-bit LSB relocatable, ARM aarch64, version 1 (SYSV), BuildID[sha1]=61a83269b0c2a0506d261ebe6cb803982db00e45, not stripped
lib/modules/5.10.0-23-arm64/kernel/drivers/usb/serial/iuu_phoenix.ko	ELF 64-bit LSB relocatable, ARM aarch64, version 1 (SYSV), BuildID[sha1]=dad967ebf9b7c7f6f767757146c065d85224c976, not stripped
lib/modules/5.10.0-23-arm64/kernel/drivers/usb/serial/empeg.ko	ELF 64-bit LSB relocatable, ARM aarch64, version 1 (SYSV), BuildID[sha1]=eb48d654d39ac56493e4b51a06338cd01d9f8f81, not stripped
lib/modules/5.10.0-23-arm64/kernel/drivers/usb/serial/ipaq.ko	ELF 64-bit LSB relocatable, ARM aarch64, version 1 (SYSV), BuildID[sha1]=d5614f025cdee10e60a929df18cc73351c2f636c, not stripped
lib/modules/5.10.0-23-arm64/kernel/drivers/usb/serial/upd78f0730.ko	ELF 64-bit LSB relocatable, ARM aarch64, version 1 (SYSV), BuildID[sha1]=9da9b6f84d1df87f465cbd0c28bcd5cb2c0a6878, not stripped
lib/modules/5.10.0-23-arm64/kernel/drivers/usb/serial/f81534.ko	ELF 64-bit LSB relocatable, ARM aarch64, version 1 (SYSV), BuildID[sha1]=333fa420b3119954fc6440461b1db47b154b6215, not stripped
lib/modules/5.10.0-23-arm64/kernel/drivers/usb/serial/quatech2.ko	ELF 64-bit LSB relocatable, ARM aarch64, version 1 (SYSV), BuildID[sha1]=03319c39425f208effb78c070f2bb8e09c50ad5f, not stripped
lib/modules/5.10.0-23-arm64/kernel/drivers/usb/serial/f81232.ko	ELF 64-bit LSB relocatable, ARM aarch64, version 1 (SYSV), BuildID[sha1]=d615e3acf196fe5d69b3573ab5cb9b6161c7c91f, not stripped
lib/modules/5.10.0-23-arm64/kernel/drivers/usb/serial/qcaux.ko	ELF 64-bit LSB relocatable, ARM aarch64, version 1 (SYSV), BuildID[sha1]=5c7be0e92efdf628fe1f246d4f9e04c5ec164242, not stripped
lib/modules/5.10.0-23-arm64/kernel/drivers/usb/serial/sierra.ko	ELF 64-bit LSB relocatable, ARM aarch64, version 1 (SYSV), BuildID[sha1]=d97307fa8970b18703c9779b7357c104b18d5e6c, not stripped
lib/modules/5.10.0-23-arm64/kernel/drivers/usb/serial/ipw.ko	ELF 64-bit LSB relocatable, ARM aarch64, version 1 (SYSV), BuildID[sha1]=d2888cb57654a857e19a923dffa1cf128bc01f27, not stripped
lib/modules/5.10.0-23-arm64/kernel/drivers/usb/serial/wishbone-serial.ko	ELF 64-bit LSB relocatable, ARM aarch64, version 1 (SYSV), BuildID[sha1]=7345c0be28f5a98049e4cd830008045f90792504, not stripped
lib/modules/5.10.0-23-arm64/kernel/drivers/usb/serial/keyspan.ko	ELF 64-bit LSB relocatable, ARM aarch64, version 1 (SYSV), BuildID[sha1]=20d01ab410fa772a65fa5614a4e14ccc9b4ce4b8, not stripped
lib/modules/5.10.0-23-arm64/kernel/drivers/usb/serial/digi_acceleport.ko	ELF 64-bit LSB relocatable, ARM aarch64, version 1 (SYSV), BuildID[sha1]=5e598d9025d8c19751dbd570189f2dcc96be3bdf, not stripped
lib/modules/5.10.0-23-arm64/kernel/drivers/usb/serial/aircable.ko	ELF 64-bit LSB relocatable, ARM aarch64, version 1 (SYSV), BuildID[sha1]=a98ad1645571facf693283640427913703c5adcb, not stripped
lib/modules/5.10.0-23-arm64/kernel/drivers/usb/serial/spcp8x5.ko	ELF 64-bit LSB relocatable, ARM aarch64, version 1 (SYSV), BuildID[sha1]=a8162bd428e75050414221e83fd86fa6d79976cd, not stripped
lib/modules/5.10.0-23-arm64/kernel/drivers/usb/serial/oti6858.ko	ELF 64-bit LSB relocatable, ARM aarch64, version 1 (SYSV), BuildID[sha1]=c1d75d75cb175666f1b4d6648b9586b0de68a739, not stripped
lib/modules/5.10.0-23-arm64/kernel/drivers/usb/serial/ti_usb_3410_5052.ko	ELF 64-bit LSB relocatable, ARM aarch64, version 1 (SYSV), BuildID[sha1]=1c7a90fe1985c4233d15d3ff16ffbfff148ab048, not stripped
lib/modules/5.10.0-23-arm64/kernel/drivers/usb/serial/keyspan_pda.ko	ELF 64-bit LSB relocatable, ARM aarch64, version 1 (SYSV), BuildID[sha1]=bc322fb413f8d79a95f28d6b8c508c50beda415b, not stripped
lib/modules/5.10.0-23-arm64/kernel/drivers/usb/phy/phy-generic.ko	ELF 64-bit LSB relocatable, ARM aarch64, version 1 (SYSV), BuildID[sha1]=3c906abd52251bc6a3965363968158000bd58988, not stripped
lib/modules/5.10.0-23-arm64/kernel/drivers/usb/phy/phy-tegra-usb.ko	ELF 64-bit LSB relocatable, ARM aarch64, version 1 (SYSV), BuildID[sha1]=9ed3bee93a09ca095a6728a79705d4536ab88c61, not stripped
lib/modules/5.10.0-23-arm64/kernel/drivers/usb/host/xhci-plat-hcd.ko	ELF 64-bit LSB relocatable, ARM aarch64, version 1 (SYSV), BuildID[sha1]=c4a5cb4a5bbba5d5f8dd2c4ed1067564c2321214, not stripped
lib/modules/5.10.0-23-arm64/kernel/drivers/usb/host/xhci-hcd.ko	ELF 64-bit LSB relocatable, ARM aarch64, version 1 (SYSV), BuildID[sha1]=4c63012097fce5f084d2d115c006d9c35b2da8f6, not stripped
lib/modules/5.10.0-23-arm64/kernel/drivers/usb/host/ehci-orion.ko	ELF 64-bit LSB relocatable, ARM aarch64, version 1 (SYSV), BuildID[sha1]=b9c8359546765046d8575d0890060ecc24a7297d, not stripped
lib/modules/5.10.0-23-arm64/kernel/drivers/usb/host/ehci-hcd.ko	ELF 64-bit LSB relocatable, ARM aarch64, version 1 (SYSV), BuildID[sha1]=4af69ecd328ab6302dce768330d9ae179f68fc3e, not stripped
lib/modules/5.10.0-23-arm64/kernel/drivers/usb/host/xhci-pci.ko	ELF 64-bit LSB relocatable, ARM aarch64, version 1 (SYSV), BuildID[sha1]=59a346b8d599039de960959e840db9017b855bb2, not stripped
lib/modules/5.10.0-23-arm64/kernel/drivers/usb/host/ohci-hcd.ko	ELF 64-bit LSB relocatable, ARM aarch64, version 1 (SYSV), BuildID[sha1]=bc069ba53b6dd53230b47d529e279831c6e3487f, not stripped
lib/modules/5.10.0-23-arm64/kernel/drivers/usb/host/ehci-pci.ko	ELF 64-bit LSB relocatable, ARM aarch64, version 1 (SYSV), BuildID[sha1]=aad40d2ba1226d34b03c9f026a3ae67ab1334d0e, not stripped
lib/modules/5.10.0-23-arm64/kernel/drivers/usb/host/ehci-platform.ko	ELF 64-bit LSB relocatable, ARM aarch64, version 1 (SYSV), BuildID[sha1]=9afb967ba851ee13d2afa9cbefdefa8c96f3bfd3, not stripped
lib/modules/5.10.0-23-arm64/kernel/drivers/usb/host/ohci-pci.ko	ELF 64-bit LSB relocatable, ARM aarch64, version 1 (SYSV), BuildID[sha1]=784595443cd4fcc611449da89878a49e515f0e96, not stripped
lib/modules/5.10.0-23-arm64/kernel/drivers/usb/host/xhci-tegra.ko	ELF 64-bit LSB relocatable, ARM aarch64, version 1 (SYSV), BuildID[sha1]=fda3c64d912764215105e7e3e1dc57fff77f4844, not stripped
lib/modules/5.10.0-23-arm64/kernel/drivers/usb/host/u132-hcd.ko	ELF 64-bit LSB relocatable, ARM aarch64, version 1 (SYSV), BuildID[sha1]=5a37675a48c61eb8d0cc204f60dc29bf60607358, not stripped
lib/modules/5.10.0-23-arm64/kernel/drivers/usb/host/ohci-platform.ko	ELF 64-bit LSB relocatable, ARM aarch64, version 1 (SYSV), BuildID[sha1]=e5da47220409f72c058a31c5059bd13e8baa4cdd, not stripped
lib/modules/5.10.0-23-arm64/kernel/drivers/usb/host/ehci-tegra.ko	ELF 64-bit LSB relocatable, ARM aarch64, version 1 (SYSV), BuildID[sha1]=7df06a5b1096cef407824dad5b588d067ffc972a, not stripped
lib/modules/5.10.0-23-arm64/kernel/drivers/usb/isp1760/isp1760.ko	ELF 64-bit LSB relocatable, ARM aarch64, version 1 (SYSV), BuildID[sha1]=8a9fb934717cb1243cb942dfe637fc702e958d3c, not stripped
lib/modules/5.10.0-23-arm64/kernel/drivers/usb/mon/usbmon.ko	ELF 64-bit LSB relocatable, ARM aarch64, version 1 (SYSV), BuildID[sha1]=b5cd7a7cb45ee2b01e4a152cd0d987b6e966c338, not stripped
lib/modules/5.10.0-23-arm64/kernel/drivers/usb/roles/roles.ko	ELF 64-bit LSB relocatable, ARM aarch64, version 1 (SYSV), BuildID[sha1]=9656294c74809f7835b0e42fd3db5b46ade3aff0, not stripped
lib/modules/5.10.0-23-arm64/kernel/drivers/usb/gadget/libcomposite.ko	ELF 64-bit LSB relocatable, ARM aarch64, version 1 (SYSV), BuildID[sha1]=353caff41ca34c634978ac34be2ff1ef28a5782c, not stripped
lib/modules/5.10.0-23-arm64/kernel/drivers/usb/gadget/function/usb_f_ecm_subset.ko	ELF 64-bit LSB relocatable, ARM aarch64, version 1 (SYSV), BuildID[sha1]=bb824d9f2e0ecbb8d358a3c924841911b9e8d6d6, not stripped
lib/modules/5.10.0-23-arm64/kernel/drivers/usb/gadget/function/usb_f_acm.ko	ELF 64-bit LSB relocatable, ARM aarch64, version 1 (SYSV), BuildID[sha1]=f439a7ef436d201127b88cd00c6ddde9ceca5007, not stripped
lib/modules/5.10.0-23-arm64/kernel/drivers/usb/gadget/function/usb_f_uvc.ko	ELF 64-bit LSB relocatable, ARM aarch64, version 1 (SYSV), BuildID[sha1]=982b79dbf503457c239eba9bd80e28f6482e0e5a, not stripped
lib/modules/5.10.0-23-arm64/kernel/drivers/usb/gadget/function/u_serial.ko	ELF 64-bit LSB relocatable, ARM aarch64, version 1 (SYSV), BuildID[sha1]=f71ac3b9ab1d3eaf2e70cfd454b2dd75da781658, not stripped
lib/modules/5.10.0-23-arm64/kernel/drivers/usb/gadget/function/usb_f_mass_storage.ko	ELF 64-bit LSB relocatable, ARM aarch64, version 1 (SYSV), BuildID[sha1]=a4c094883380272d25a78be5cc3672c66f4d9608, not stripped
lib/modules/5.10.0-23-arm64/kernel/drivers/usb/gadget/function/usb_f_printer.ko	ELF 64-bit LSB relocatable, ARM aarch64, version 1 (SYSV), BuildID[sha1]=ed36418a396bc7daf21e204770a198a6604993e5, not stripped
lib/modules/5.10.0-23-arm64/kernel/drivers/usb/gadget/function/u_audio.ko	ELF 64-bit LSB relocatable, ARM aarch64, version 1 (SYSV), BuildID[sha1]=7626920bc011b5ca3647aef2fd427d66a2342d22, not stripped
lib/modules/5.10.0-23-arm64/kernel/drivers/usb/gadget/function/usb_f_uac2.ko	ELF 64-bit LSB relocatable, ARM aarch64, version 1 (SYSV), BuildID[sha1]=1e281b15587ff390e4cc2e648954ae87370477c1, not stripped
lib/modules/5.10.0-23-arm64/kernel/drivers/usb/gadget/function/usb_f_eem.ko	ELF 64-bit LSB relocatable, ARM aarch64, version 1 (SYSV), BuildID[sha1]=c151191c6dad364a57606b29a45ae0a9700657c0, not stripped
lib/modules/5.10.0-23-arm64/kernel/drivers/usb/gadget/function/usb_f_fs.ko	ELF 64-bit LSB relocatable, ARM aarch64, version 1 (SYSV), BuildID[sha1]=768606638e13c204b4ec4188e503a9890ca565e0, not stripped
lib/modules/5.10.0-23-arm64/kernel/drivers/usb/gadget/function/usb_f_rndis.ko	ELF 64-bit LSB relocatable, ARM aarch64, version 1 (SYSV), BuildID[sha1]=bed27e19d89a8c4ae286b973d4046f60777e8240, not stripped
lib/modules/5.10.0-23-arm64/kernel/drivers/usb/gadget/function/usb_f_obex.ko	ELF 64-bit LSB relocatable, ARM aarch64, version 1 (SYSV), BuildID[sha1]=a65f0adaaa24dbfb474ac8534c8311144dfe882b, not stripped
lib/modules/5.10.0-23-arm64/kernel/drivers/usb/gadget/function/usb_f_ncm.ko	ELF 64-bit LSB relocatable, ARM aarch64, version 1 (SYSV), BuildID[sha1]=f089163b8fc244451740673ced14605ad6551d2a, not stripped
lib/modules/5.10.0-23-arm64/kernel/drivers/usb/gadget/function/usb_f_phonet.ko	ELF 64-bit LSB relocatable, ARM aarch64, version 1 (SYSV), BuildID[sha1]=2d41b0a1c0a1f14f6a9f86ccd4f38606d843d813, not stripped
lib/modules/5.10.0-23-arm64/kernel/drivers/usb/gadget/function/usb_f_uac1.ko	ELF 64-bit LSB relocatable, ARM aarch64, version 1 (SYSV), BuildID[sha1]=2b1537802268d5a4a6589a028841a754edd5eeca, not stripped
lib/modules/5.10.0-23-arm64/kernel/drivers/usb/gadget/function/usb_f_serial.ko	ELF 64-bit LSB relocatable, ARM aarch64, version 1 (SYSV), BuildID[sha1]=18c661718f66b55f0fcfc4623d4f77675a197702, not stripped
lib/modules/5.10.0-23-arm64/kernel/drivers/usb/gadget/function/usb_f_ss_lb.ko	ELF 64-bit LSB relocatable, ARM aarch64, version 1 (SYSV), BuildID[sha1]=b94a9251fe2b2985c06364a3598657738ae6f506, not stripped
lib/modules/5.10.0-23-arm64/kernel/drivers/usb/gadget/function/u_ether.ko	ELF 64-bit LSB relocatable, ARM aarch64, version 1 (SYSV), BuildID[sha1]=76e8ac5fab01e9e8019dff3a11b4e4c968f04811, not stripped
lib/modules/5.10.0-23-arm64/kernel/drivers/usb/gadget/function/usb_f_hid.ko	ELF 64-bit LSB relocatable, ARM aarch64, version 1 (SYSV), BuildID[sha1]=7cd9419123d1120a74334c0872be32da7c77b7d2, not stripped
lib/modules/5.10.0-23-arm64/kernel/drivers/usb/gadget/function/usb_f_ecm.ko	ELF 64-bit LSB relocatable, ARM aarch64, version 1 (SYSV), BuildID[sha1]=75ab18c4530cf02bf90ac45c22578611b6c5d259, not stripped
lib/modules/5.10.0-23-arm64/kernel/drivers/usb/gadget/function/usb_f_midi.ko	ELF 64-bit LSB relocatable, ARM aarch64, version 1 (SYSV), BuildID[sha1]=4e477fc8f69d8fcaa03e9e3adbe999d3c8304a03, not stripped
lib/modules/5.10.0-23-arm64/kernel/drivers/usb/gadget/udc/dummy_hcd.ko	ELF 64-bit LSB relocatable, ARM aarch64, version 1 (SYSV), BuildID[sha1]=a3c6ee83f82c0acb5f1b92a0259e6c0881bea689, not stripped
lib/modules/5.10.0-23-arm64/kernel/drivers/usb/gadget/udc/net2280.ko	ELF 64-bit LSB relocatable, ARM aarch64, version 1 (SYSV), BuildID[sha1]=5ca32d694ee1f454e4a01dc480f540d6dc3d5141, not stripped
lib/modules/5.10.0-23-arm64/kernel/drivers/usb/gadget/udc/udc-core.ko	ELF 64-bit LSB relocatable, ARM aarch64, version 1 (SYSV), BuildID[sha1]=3c02821c056f908c64f6a9cc59ab8eab2f5daccb, not stripped
lib/modules/5.10.0-23-arm64/kernel/drivers/usb/gadget/legacy/g_ether.ko	ELF 64-bit LSB relocatable, ARM aarch64, version 1 (SYSV), BuildID[sha1]=04c62376338a9354caeb87a88796a2ac8bea60d6, not stripped
lib/modules/5.10.0-23-arm64/kernel/drivers/usb/gadget/legacy/gadgetfs.ko	ELF 64-bit LSB relocatable, ARM aarch64, version 1 (SYSV), BuildID[sha1]=0700fcef796c2c21a8b193e4b487d2c6f9189747, not stripped
lib/modules/5.10.0-23-arm64/kernel/drivers/usb/gadget/legacy/g_ffs.ko	ELF 64-bit LSB relocatable, ARM aarch64, version 1 (SYSV), BuildID[sha1]=8d8a4df612f6376a3a5baf138df23267f8d83ae9, not stripped
lib/modules/5.10.0-23-arm64/kernel/drivers/usb/gadget/legacy/g_serial.ko	ELF 64-bit LSB relocatable, ARM aarch64, version 1 (SYSV), BuildID[sha1]=7a7fd626bb040842c04f26cdd1d0401fad8575a5, not stripped
lib/modules/5.10.0-23-arm64/kernel/drivers/usb/common/usb-common.ko	ELF 64-bit LSB relocatable, ARM aarch64, version 1 (SYSV), BuildID[sha1]=ac208506f2dd9d3edb5782045d657fddef327cc7, not stripped
lib/modules/5.10.0-23-arm64/kernel/drivers/usb/common/usb-conn-gpio.ko	ELF 64-bit LSB relocatable, ARM aarch64, version 1 (SYSV), BuildID[sha1]=5c004b7caca7a9879f54c7579540388de80561fa, not stripped
lib/modules/5.10.0-23-arm64/kernel/drivers/usb/common/ulpi.ko	ELF 64-bit LSB relocatable, ARM aarch64, version 1 (SYSV), BuildID[sha1]=d9c11c7b9ab99a2fbc9002eca8c4bf3182f099f6, not stripped
lib/modules/5.10.0-23-arm64/kernel/drivers/usb/chipidea/ci_hdrc_pci.ko	ELF 64-bit LSB relocatable, ARM aarch64, version 1 (SYSV), BuildID[sha1]=1235186439a15870cf82835416206c63a0f67dde, not stripped
lib/modules/5.10.0-23-arm64/kernel/drivers/usb/chipidea/ci_hdrc_tegra.ko	ELF 64-bit LSB relocatable, ARM aarch64, version 1 (SYSV), BuildID[sha1]=3af65500c93ce013a94b6c8197c2faa191b30343, not stripped
lib/modules/5.10.0-23-arm64/kernel/drivers/usb/chipidea/ci_hdrc_usb2.ko	ELF 64-bit LSB relocatable, ARM aarch64, version 1 (SYSV), BuildID[sha1]=d93913808a9ee44d7a902cbcf01be993d96efccf, not stripped
lib/modules/5.10.0-23-arm64/kernel/drivers/usb/chipidea/ci_hdrc_imx.ko	ELF 64-bit LSB relocatable, ARM aarch64, version 1 (SYSV), BuildID[sha1]=4f12aa925afe836c28332be15346044ba048b5d9, not stripped
lib/modules/5.10.0-23-arm64/kernel/drivers/usb/chipidea/ci_hdrc_msm.ko	ELF 64-bit LSB relocatable, ARM aarch64, version 1 (SYSV), BuildID[sha1]=b3ed1e8b3a5c455c2305686e99c941a64518f8dc, not stripped
lib/modules/5.10.0-23-arm64/kernel/drivers/usb/chipidea/usbmisc_imx.ko	ELF 64-bit LSB relocatable, ARM aarch64, version 1 (SYSV), BuildID[sha1]=ceea988614b486759607a6f1f52f3c1ff423d6f8, not stripped
lib/modules/5.10.0-23-arm64/kernel/drivers/usb/chipidea/ci_hdrc.ko	ELF 64-bit LSB relocatable, ARM aarch64, version 1 (SYSV), BuildID[sha1]=2deba94672f8ae9e81487a20103f5355a7dfe542, not stripped
lib/modules/5.10.0-23-arm64/kernel/drivers/usb/usbip/usbip-vudc.ko	ELF 64-bit LSB relocatable, ARM aarch64, version 1 (SYSV), BuildID[sha1]=3d0c195134777888a1563c8652267c19c3664556, not stripped
lib/modules/5.10.0-23-arm64/kernel/drivers/usb/usbip/usbip-host.ko	ELF 64-bit LSB relocatable, ARM aarch64, version 1 (SYSV), BuildID[sha1]=076383a4b7a12f790c6eaaf6739cce7683f2f7c5, not stripped
lib/modules/5.10.0-23-arm64/kernel/drivers/usb/usbip/usbip-core.ko	ELF 64-bit LSB relocatable, ARM aarch64, version 1 (SYSV), BuildID[sha1]=6ad5e64762f045ea2fa06e3672cf54864caa6366, not stripped
lib/modules/5.10.0-23-arm64/kernel/drivers/usb/usbip/vhci-hcd.ko	ELF 64-bit LSB relocatable, ARM aarch64, version 1 (SYSV), BuildID[sha1]=1086cf2a943285e7ad896a6998af3ba98cfc76e0, not stripped
lib/modules/5.10.0-23-arm64/kernel/drivers/mfd/lpc_sch.ko	ELF 64-bit LSB relocatable, ARM aarch64, version 1 (SYSV), BuildID[sha1]=a5569cadbf7ea762872fea0b150ad607da8d2fda, not stripped
lib/modules/5.10.0-23-arm64/kernel/drivers/mfd/viperboard.ko	ELF 64-bit LSB relocatable, ARM aarch64, version 1 (SYSV), BuildID[sha1]=f420e73cee95bea701f39d80ebfdc35c3f12a80f, not stripped
lib/modules/5.10.0-23-arm64/kernel/drivers/mfd/cros_ec_dev.ko	ELF 64-bit LSB relocatable, ARM aarch64, version 1 (SYSV), BuildID[sha1]=dc48a34355081323a8e67f5132a1a8146cd396fc, not stripped
lib/modules/5.10.0-23-arm64/kernel/drivers/mfd/hi655x-pmic.ko	ELF 64-bit LSB relocatable, ARM aarch64, version 1 (SYSV), BuildID[sha1]=5f14b86d0624a1ea426a93c261ef726e986aa943, not stripped
lib/modules/5.10.0-23-arm64/kernel/drivers/mfd/axp20x.ko	ELF 64-bit LSB relocatable, ARM aarch64, version 1 (SYSV), BuildID[sha1]=1d1ad7960e43391d283e18af0cebde4fda2c692f, not stripped
lib/modules/5.10.0-23-arm64/kernel/drivers/mfd/qcom_rpm.ko	ELF 64-bit LSB relocatable, ARM aarch64, version 1 (SYSV), BuildID[sha1]=a29f3a729e36898219665ab1c18671f840500ef3, not stripped
lib/modules/5.10.0-23-arm64/kernel/drivers/mfd/axp20x-i2c.ko	ELF 64-bit LSB relocatable, ARM aarch64, version 1 (SYSV), BuildID[sha1]=6c09a59e2546ec494b6b14a86e87ffb5752bb959, not stripped
lib/modules/5.10.0-23-arm64/kernel/drivers/mfd/rk808.ko	ELF 64-bit LSB relocatable, ARM aarch64, version 1 (SYSV), BuildID[sha1]=9e7018788946b61ed0e9dbde8eeec924fbcf9bf4, not stripped
lib/modules/5.10.0-23-arm64/kernel/drivers/mfd/axp20x-rsb.ko	ELF 64-bit LSB relocatable, ARM aarch64, version 1 (SYSV), BuildID[sha1]=011e60b6b313450e8d976f8aebd0a6b19504ab5a, not stripped
lib/modules/5.10.0-23-arm64/kernel/drivers/mfd/qcom-spmi-pmic.ko	ELF 64-bit LSB relocatable, ARM aarch64, version 1 (SYSV), BuildID[sha1]=8c25a3b4ccbb43f0a02851164ded0e8b6679d755, not stripped
lib/modules/5.10.0-23-arm64/kernel/drivers/phy/qualcomm/phy-qcom-usb-hs.ko	ELF 64-bit LSB relocatable, ARM aarch64, version 1 (SYSV), BuildID[sha1]=825381785f636e5c1d35625e71a4dbcba5c791b6, not stripped
lib/modules/5.10.0-23-arm64/kernel/drivers/phy/qualcomm/phy-qcom-qusb2.ko	ELF 64-bit LSB relocatable, ARM aarch64, version 1 (SYSV), BuildID[sha1]=90835e2c7c1d4acf173dae559562af12a42d6c3f, not stripped
lib/modules/5.10.0-23-arm64/kernel/drivers/phy/qualcomm/phy-qcom-usb-hsic.ko	ELF 64-bit LSB relocatable, ARM aarch64, version 1 (SYSV), BuildID[sha1]=968094eafa675eda674b25b2c9d6d97a9ce269a9, not stripped
lib/modules/5.10.0-23-arm64/kernel/drivers/phy/qualcomm/phy-qcom-ipq806x-sata.ko	ELF 64-bit LSB relocatable, ARM aarch64, version 1 (SYSV), BuildID[sha1]=9cbf327994919a950c7359f0a6160e01198e000b, not stripped
lib/modules/5.10.0-23-arm64/kernel/drivers/phy/qualcomm/phy-qcom-apq8064-sata.ko	ELF 64-bit LSB relocatable, ARM aarch64, version 1 (SYSV), BuildID[sha1]=32e321a2057fceffc08f916bd554143449b5b5df, not stripped
lib/modules/5.10.0-23-arm64/kernel/drivers/phy/qualcomm/phy-qcom-qmp.ko	ELF 64-bit LSB relocatable, ARM aarch64, version 1 (SYSV), BuildID[sha1]=bcadd78470bd3e2f871c2e49b78443ea860a92d6, not stripped
lib/modules/5.10.0-23-arm64/kernel/drivers/phy/allwinner/phy-sun4i-usb.ko	ELF 64-bit LSB relocatable, ARM aarch64, version 1 (SYSV), BuildID[sha1]=f8b78f19fa75a076878ee9a03931ae7e33641d63, not stripped
lib/modules/5.10.0-23-arm64/kernel/drivers/phy/rockchip/phy-rockchip-emmc.ko	ELF 64-bit LSB relocatable, ARM aarch64, version 1 (SYSV), BuildID[sha1]=7f67e40c8629e72393468d57958ee1df6daaabc1, not stripped
lib/modules/5.10.0-23-arm64/kernel/drivers/phy/rockchip/phy-rockchip-typec.ko	ELF 64-bit LSB relocatable, ARM aarch64, version 1 (SYSV), BuildID[sha1]=7738dde4635aa6df801b218494348180beb83cac, not stripped
lib/modules/5.10.0-23-arm64/kernel/drivers/phy/rockchip/phy-rockchip-usb.ko	ELF 64-bit LSB relocatable, ARM aarch64, version 1 (SYSV), BuildID[sha1]=b8f96e01a1750e95cc929a5dc494abef0005403c, not stripped
lib/modules/5.10.0-23-arm64/kernel/drivers/phy/rockchip/phy-rockchip-dp.ko	ELF 64-bit LSB relocatable, ARM aarch64, version 1 (SYSV), BuildID[sha1]=ef455e86a9a4e4bcdfe6a2d6b9085bce95c36838, not stripped
lib/modules/5.10.0-23-arm64/kernel/drivers/phy/rockchip/phy-rockchip-inno-usb2.ko	ELF 64-bit LSB relocatable, ARM aarch64, version 1 (SYSV), BuildID[sha1]=59ad7ccc68b17d0ac84290675548d87970096cfe, not stripped
lib/modules/5.10.0-23-arm64/kernel/drivers/phy/rockchip/phy-rockchip-inno-hdmi.ko	ELF 64-bit LSB relocatable, ARM aarch64, version 1 (SYSV), BuildID[sha1]=45d3a2723cd9f89c762ca38e8bd0190473857726, not stripped
lib/modules/5.10.0-23-arm64/kernel/drivers/phy/rockchip/phy-rockchip-pcie.ko	ELF 64-bit LSB relocatable, ARM aarch64, version 1 (SYSV), BuildID[sha1]=75477f69dbe3267b5ae2396f3a96a2d8b3cce05f, not stripped
lib/modules/5.10.0-23-arm64/kernel/drivers/phy/phy-xgene.ko	ELF 64-bit LSB relocatable, ARM aarch64, version 1 (SYSV), BuildID[sha1]=a4fd8929fc7a34dd4e7e1772692b4144a38db898, not stripped
lib/modules/5.10.0-23-arm64/kernel/drivers/phy/amlogic/phy-meson8b-usb2.ko	ELF 64-bit LSB relocatable, ARM aarch64, version 1 (SYSV), BuildID[sha1]=88ac3a19bb028c4ff517d6805849cf556f0deb11, not stripped
lib/modules/5.10.0-23-arm64/kernel/drivers/phy/hisilicon/phy-hi6220-usb.ko	ELF 64-bit LSB relocatable, ARM aarch64, version 1 (SYSV), BuildID[sha1]=e7268234d7692798bc74f403c7fbedd380591ee4, not stripped
lib/modules/5.10.0-23-arm64/kernel/drivers/phy/tegra/phy-tegra-xusb.ko	ELF 64-bit LSB relocatable, ARM aarch64, version 1 (SYSV), BuildID[sha1]=6e464aa15c098b9d2b5141a959c58f5f361eed75, not stripped
lib/modules/5.10.0-23-arm64/kernel/drivers/phy/marvell/phy-mvebu-a3700-comphy.ko	ELF 64-bit LSB relocatable, ARM aarch64, version 1 (SYSV), BuildID[sha1]=8179b459a68621a0b9a0942ec0bffdff00c07874, not stripped
lib/modules/5.10.0-23-arm64/kernel/drivers/phy/marvell/phy-mvebu-cp110-comphy.ko	ELF 64-bit LSB relocatable, ARM aarch64, version 1 (SYSV), BuildID[sha1]=11923cd6020458568d58a8a00462eca435576828, not stripped
lib/modules/5.10.0-23-arm64/kernel/drivers/phy/marvell/phy-mvebu-a3700-utmi.ko	ELF 64-bit LSB relocatable, ARM aarch64, version 1 (SYSV), BuildID[sha1]=510a7576369e9d45b5c00a7e14e993f11121ca01, not stripped
lib/modules/5.10.0-23-arm64/kernel/drivers/rpmsg/qcom_glink.ko	ELF 64-bit LSB relocatable, ARM aarch64, version 1 (SYSV), BuildID[sha1]=fe556cc8c63a6712e96a7caf299d04fa61b7667e, not stripped
lib/modules/5.10.0-23-arm64/kernel/drivers/rpmsg/qcom_glink_rpm.ko	ELF 64-bit LSB relocatable, ARM aarch64, version 1 (SYSV), BuildID[sha1]=559af36f61b32a17d801b33e9f11c37c10c998f6, not stripped
lib/modules/5.10.0-23-arm64/kernel/drivers/rpmsg/rpmsg_core.ko	ELF 64-bit LSB relocatable, ARM aarch64, version 1 (SYSV), BuildID[sha1]=44b90dfd88f8859907692c838088076618e18a0a, not stripped
lib/modules/5.10.0-23-arm64/kernel/drivers/parport/parport.ko	ELF 64-bit LSB relocatable, ARM aarch64, version 1 (SYSV), BuildID[sha1]=28fd75a8a5c2df01713f562d04d15fe81c01f79e, not stripped
lib/modules/5.10.0-23-arm64/kernel/drivers/nvmem/nvmem-imx-ocotp.ko	ELF 64-bit LSB relocatable, ARM aarch64, version 1 (SYSV), BuildID[sha1]=d795fd8419d71e7570acad05e9f7b43fbcc4ff53, not stripped
lib/modules/5.10.0-23-arm64/kernel/drivers/nvmem/nvmem_meson_efuse.ko	ELF 64-bit LSB relocatable, ARM aarch64, version 1 (SYSV), BuildID[sha1]=f65df1f97b3be629da6bf21ae73e7492aca967bc, not stripped
lib/modules/5.10.0-23-arm64/kernel/drivers/nvmem/nvmem_qfprom.ko	ELF 64-bit LSB relocatable, ARM aarch64, version 1 (SYSV), BuildID[sha1]=e4b40e55ff2c5da995ecaf6758ec26a314dbf817, not stripped
lib/modules/5.10.0-23-arm64/kernel/drivers/nvmem/nvmem_rockchip_efuse.ko	ELF 64-bit LSB relocatable, ARM aarch64, version 1 (SYSV), BuildID[sha1]=9630c8a5ee7c32a1f2be6f8883778dc9ebdbef71, not stripped
lib/modules/5.10.0-23-arm64/kernel/drivers/nvmem/nvmem_sunxi_sid.ko	ELF 64-bit LSB relocatable, ARM aarch64, version 1 (SYSV), BuildID[sha1]=d452801bf4515f94a196b076f350fd0183110b7d, not stripped
lib/modules/5.10.0-23-arm64/kernel/drivers/hwmon/tmp102.ko	ELF 64-bit LSB relocatable, ARM aarch64, version 1 (SYSV), BuildID[sha1]=6e1ae2b3f772d3c08c33e3352833a0be4d438646, not stripped
lib/modules/5.10.0-23-arm64/kernel/drivers/hwmon/adm1029.ko	ELF 64-bit LSB relocatable, ARM aarch64, version 1 (SYSV), BuildID[sha1]=4864790848c9ae25815396ac07c237c7f4b35a04, not stripped
lib/modules/5.10.0-23-arm64/kernel/drivers/hwmon/ad7418.ko	ELF 64-bit LSB relocatable, ARM aarch64, version 1 (SYSV), BuildID[sha1]=c6af00cddbe4a8863c36778928ec42961c19f272, not stripped
lib/modules/5.10.0-23-arm64/kernel/drivers/hwmon/max1111.ko	ELF 64-bit LSB relocatable, ARM aarch64, version 1 (SYSV), BuildID[sha1]=e88d054b8f0e3b61693ffa0e0d0360764ac9012f, not stripped
lib/modules/5.10.0-23-arm64/kernel/drivers/hwmon/aspeed-pwm-tacho.ko	ELF 64-bit LSB relocatable, ARM aarch64, version 1 (SYSV), BuildID[sha1]=c60fd4418661df4f03126448e3532915b95a8fe7, not stripped
lib/modules/5.10.0-23-arm64/kernel/drivers/hwmon/lm90.ko	ELF 64-bit LSB relocatable, ARM aarch64, version 1 (SYSV), BuildID[sha1]=4c1b7e88666f872b31078431a12e875ba25b0111, not stripped
lib/modules/5.10.0-23-arm64/kernel/drivers/hwmon/ftsteutates.ko	ELF 64-bit LSB relocatable, ARM aarch64, version 1 (SYSV), BuildID[sha1]=ebcb473f29441ac9085ce9fbc2c434c1e3088241, not stripped
lib/modules/5.10.0-23-arm64/kernel/drivers/hwmon/max6650.ko	ELF 64-bit LSB relocatable, ARM aarch64, version 1 (SYSV), BuildID[sha1]=24b46aa90c9e62e2129ec5e36d8afb0bb420b18d, not stripped
lib/modules/5.10.0-23-arm64/kernel/drivers/hwmon/nct6775.ko	ELF 64-bit LSB relocatable, ARM aarch64, version 1 (SYSV), BuildID[sha1]=e2b9902f15c37e1c7611406ca577fcaa09924584, not stripped
lib/modules/5.10.0-23-arm64/kernel/drivers/hwmon/npcm750-pwm-fan.ko	ELF 64-bit LSB relocatable, ARM aarch64, version 1 (SYSV), BuildID[sha1]=8ec68811a46f7ad414acc5ba4ea2db1e05e9edce, not stripped
lib/modules/5.10.0-23-arm64/kernel/drivers/hwmon/g760a.ko	ELF 64-bit LSB relocatable, ARM aarch64, version 1 (SYSV), BuildID[sha1]=6fc4a246a46cdb88a781c4046fd54747a8bc0e31, not stripped
lib/modules/5.10.0-23-arm64/kernel/drivers/hwmon/emc1403.ko	ELF 64-bit LSB relocatable, ARM aarch64, version 1 (SYSV), BuildID[sha1]=318f6ff63c133292b6b27ec4ad7ffeae465cf203, not stripped
lib/modules/5.10.0-23-arm64/kernel/drivers/hwmon/dme1737.ko	ELF 64-bit LSB relocatable, ARM aarch64, version 1 (SYSV), BuildID[sha1]=f17abe6f912d3c4d4df8f0268268e17f1c07f544, not stripped
lib/modules/5.10.0-23-arm64/kernel/drivers/hwmon/pwm-fan.ko	ELF 64-bit LSB relocatable, ARM aarch64, version 1 (SYSV), BuildID[sha1]=11d6b259ff0b7b50384442a224f85760ba6435a8, not stripped
lib/modules/5.10.0-23-arm64/kernel/drivers/hwmon/adcxx.ko	ELF 64-bit LSB relocatable, ARM aarch64, version 1 (SYSV), BuildID[sha1]=a140073ef283103d015957b40414048ddbd73cd0, not stripped
lib/modules/5.10.0-23-arm64/kernel/drivers/hwmon/tmp401.ko	ELF 64-bit LSB relocatable, ARM aarch64, version 1 (SYSV), BuildID[sha1]=2bbafc4f0a89e56bc3e4f89caab60c385636b461, not stripped
lib/modules/5.10.0-23-arm64/kernel/drivers/hwmon/asc7621.ko	ELF 64-bit LSB relocatable, ARM aarch64, version 1 (SYSV), BuildID[sha1]=0d9c768146019e707a01ca7f78bc1b5acbe883d2, not stripped
lib/modules/5.10.0-23-arm64/kernel/drivers/hwmon/f75375s.ko	ELF 64-bit LSB relocatable, ARM aarch64, version 1 (SYSV), BuildID[sha1]=1f2e6cc41d3eee7a0f791e1b880a1a0593c687be, not stripped
lib/modules/5.10.0-23-arm64/kernel/drivers/hwmon/pc87427.ko	ELF 64-bit LSB relocatable, ARM aarch64, version 1 (SYSV), BuildID[sha1]=dd36b1c88266ed5c9eadfad14d2315f997c7237b, not stripped
lib/modules/5.10.0-23-arm64/kernel/drivers/hwmon/ds620.ko	ELF 64-bit LSB relocatable, ARM aarch64, version 1 (SYSV), BuildID[sha1]=ab036e28d87353a9600049b33c2fde28fc66b4dc, not stripped
lib/modules/5.10.0-23-arm64/kernel/drivers/hwmon/adm9240.ko	ELF 64-bit LSB relocatable, ARM aarch64, version 1 (SYSV), BuildID[sha1]=4610bd4a488637a84c0933d6b2c39b5aaa72f81a, not stripped
lib/modules/5.10.0-23-arm64/kernel/drivers/hwmon/ltc4215.ko	ELF 64-bit LSB relocatable, ARM aarch64, version 1 (SYSV), BuildID[sha1]=7a0bcff3822de83f5661dd6dc6131b8831984e47, not stripped
lib/modules/5.10.0-23-arm64/kernel/drivers/hwmon/amc6821.ko	ELF 64-bit LSB relocatable, ARM aarch64, version 1 (SYSV), BuildID[sha1]=21850ea5249055e87410056adc5006c826bdbf25, not stripped
lib/modules/5.10.0-23-arm64/kernel/drivers/hwmon/sl28cpld-hwmon.ko	ELF 64-bit LSB relocatable, ARM aarch64, version 1 (SYSV), BuildID[sha1]=386cc6dcf1d29c4ab1638ee6ae5cb59a52ee74a9, not stripped
lib/modules/5.10.0-23-arm64/kernel/drivers/hwmon/lm73.ko	ELF 64-bit LSB relocatable, ARM aarch64, version 1 (SYSV), BuildID[sha1]=b673ec3cf6d97244e2fcba492a87443b5ef06a28, not stripped
lib/modules/5.10.0-23-arm64/kernel/drivers/hwmon/adt7462.ko	ELF 64-bit LSB relocatable, ARM aarch64, version 1 (SYSV), BuildID[sha1]=aea2feca85fc24d941348fa44834d155e4b82dd5, not stripped
lib/modules/5.10.0-23-arm64/kernel/drivers/hwmon/lm93.ko	ELF 64-bit LSB relocatable, ARM aarch64, version 1 (SYSV), BuildID[sha1]=907899a107d75a41001fc18ef9796510deaf81f4, not stripped
lib/modules/5.10.0-23-arm64/kernel/drivers/hwmon/w83773g.ko	ELF 64-bit LSB relocatable, ARM aarch64, version 1 (SYSV), BuildID[sha1]=c14fbaef3e38c4323e9dc504330b34e133a3e2e2, not stripped
lib/modules/5.10.0-23-arm64/kernel/drivers/hwmon/smm665.ko	ELF 64-bit LSB relocatable, ARM aarch64, version 1 (SYSV), BuildID[sha1]=9637550036cb2d2c8cc6db011e375729b9eacb67, not stripped
lib/modules/5.10.0-23-arm64/kernel/drivers/hwmon/max16065.ko	ELF 64-bit LSB relocatable, ARM aarch64, version 1 (SYSV), BuildID[sha1]=04696c2a8b420b51fc0ad1f3938f0d0c2db81576, not stripped
lib/modules/5.10.0-23-arm64/kernel/drivers/hwmon/i5k_amb.ko	ELF 64-bit LSB relocatable, ARM aarch64, version 1 (SYSV), BuildID[sha1]=fdcf439eb839ca9e3e76e8a32cb286f8e33a066a, not stripped
lib/modules/5.10.0-23-arm64/kernel/drivers/hwmon/thmc50.ko	ELF 64-bit LSB relocatable, ARM aarch64, version 1 (SYSV), BuildID[sha1]=fbdff44227c87ac8f1d429a9948cdff243e34c94, not stripped
lib/modules/5.10.0-23-arm64/kernel/drivers/hwmon/atxp1.ko	ELF 64-bit LSB relocatable, ARM aarch64, version 1 (SYSV), BuildID[sha1]=a5de7570fffb7e2a2791c3a95d65eb39b07bcd0f, not stripped
lib/modules/5.10.0-23-arm64/kernel/drivers/hwmon/sch56xx-common.ko	ELF 64-bit LSB relocatable, ARM aarch64, version 1 (SYSV), BuildID[sha1]=7d750a30201bade6b67e611b0a533a77549fc2f3, not stripped
lib/modules/5.10.0-23-arm64/kernel/drivers/hwmon/ads7871.ko	ELF 64-bit LSB relocatable, ARM aarch64, version 1 (SYSV), BuildID[sha1]=e66e15f57f868345dc4d038142597142d6624d68, not stripped
lib/modules/5.10.0-23-arm64/kernel/drivers/hwmon/sch5627.ko	ELF 64-bit LSB relocatable, ARM aarch64, version 1 (SYSV), BuildID[sha1]=3faaf871c870a74e38b9e3b64dd6eb6c121eba16, not stripped
lib/modules/5.10.0-23-arm64/kernel/drivers/hwmon/tmp421.ko	ELF 64-bit LSB relocatable, ARM aarch64, version 1 (SYSV), BuildID[sha1]=5b6f80632535560b3ffb14754befc19724973c69, not stripped
lib/modules/5.10.0-23-arm64/kernel/drivers/hwmon/xgene-hwmon.ko	ELF 64-bit LSB relocatable, ARM aarch64, version 1 (SYSV), BuildID[sha1]=c0c1e6701094caf13c5e87d4826da8142cc5ed63, not stripped
lib/modules/5.10.0-23-arm64/kernel/drivers/hwmon/ltc4151.ko	ELF 64-bit LSB relocatable, ARM aarch64, version 1 (SYSV), BuildID[sha1]=21c03f33c92a46cbf862c94c0d966952c5b14213, not stripped
lib/modules/5.10.0-23-arm64/kernel/drivers/hwmon/lm95241.ko	ELF 64-bit LSB relocatable, ARM aarch64, version 1 (SYSV), BuildID[sha1]=0532e7db6f399f2d4013ec6f93965f91e6d760f9, not stripped
lib/modules/5.10.0-23-arm64/kernel/drivers/hwmon/smsc47m192.ko	ELF 64-bit LSB relocatable, ARM aarch64, version 1 (SYSV), BuildID[sha1]=fe715389b4803bd98829eef740ab73e6bc5e03e4, not stripped
lib/modules/5.10.0-23-arm64/kernel/drivers/hwmon/nct6683.ko	ELF 64-bit LSB relocatable, ARM aarch64, version 1 (SYSV), BuildID[sha1]=14be9b82e497f85f4576682c07c00fefd1daa651, not stripped
lib/modules/5.10.0-23-arm64/kernel/drivers/hwmon/max1668.ko	ELF 64-bit LSB relocatable, ARM aarch64, version 1 (SYSV), BuildID[sha1]=aac650ba470d01c49bf0749b51f16fbf3b7d2290, not stripped
lib/modules/5.10.0-23-arm64/kernel/drivers/hwmon/ltc4245.ko	ELF 64-bit LSB relocatable, ARM aarch64, version 1 (SYSV), BuildID[sha1]=33d333ab2dc8f157d017f81878f27c67b724972e, not stripped
lib/modules/5.10.0-23-arm64/kernel/drivers/hwmon/f71882fg.ko	ELF 64-bit LSB relocatable, ARM aarch64, version 1 (SYSV), BuildID[sha1]=7d56a04b0cc5f849c5e393fd18dc88c0a28e916c, not stripped
lib/modules/5.10.0-23-arm64/kernel/drivers/hwmon/ibmaem.ko	ELF 64-bit LSB relocatable, ARM aarch64, version 1 (SYSV), BuildID[sha1]=b6bb0cce731944f0b16f7ee7517be3bfb9f923fc, not stripped
lib/modules/5.10.0-23-arm64/kernel/drivers/hwmon/adt7470.ko	ELF 64-bit LSB relocatable, ARM aarch64, version 1 (SYSV), BuildID[sha1]=2e88432aa44bc8eccd09c46bf94c8ddb3623b56c, not stripped
lib/modules/5.10.0-23-arm64/kernel/drivers/hwmon/nct7802.ko	ELF 64-bit LSB relocatable, ARM aarch64, version 1 (SYSV), BuildID[sha1]=38d6b367469e2a23ab39c59ec13f7ededa7708b0, not stripped
lib/modules/5.10.0-23-arm64/kernel/drivers/hwmon/adt7411.ko	ELF 64-bit LSB relocatable, ARM aarch64, version 1 (SYSV), BuildID[sha1]=d3e6ab299d85756958997cf7668f8112ed9379e9, not stripped
lib/modules/5.10.0-23-arm64/kernel/drivers/hwmon/vt1211.ko	ELF 64-bit LSB relocatable, ARM aarch64, version 1 (SYSV), BuildID[sha1]=89562008964f0a4beb3e54b8b567b3b70bbd4011, not stripped
lib/modules/5.10.0-23-arm64/kernel/drivers/hwmon/w83627ehf.ko	ELF 64-bit LSB relocatable, ARM aarch64, version 1 (SYSV), BuildID[sha1]=e831b43ba6ecf7e4e4108ea3978f5a7d6173a457, not stripped
lib/modules/5.10.0-23-arm64/kernel/drivers/hwmon/lm70.ko	ELF 64-bit LSB relocatable, ARM aarch64, version 1 (SYSV), BuildID[sha1]=39ff0bfa445ca1a156586bd31e50b102215897c4, not stripped
lib/modules/5.10.0-23-arm64/kernel/drivers/hwmon/adt7475.ko	ELF 64-bit LSB relocatable, ARM aarch64, version 1 (SYSV), BuildID[sha1]=40a5e55c7e67c7d8c4f157553ddc8d1e7597f66a, not stripped
lib/modules/5.10.0-23-arm64/kernel/drivers/hwmon/ad7414.ko	ELF 64-bit LSB relocatable, ARM aarch64, version 1 (SYSV), BuildID[sha1]=9c48d36cc2cd092f9dd4ec3b74449ba22bd15e78, not stripped
lib/modules/5.10.0-23-arm64/kernel/drivers/hwmon/drivetemp.ko	ELF 64-bit LSB relocatable, ARM aarch64, version 1 (SYSV), BuildID[sha1]=e33239ea4d420dc7520ea3ba9c866d2f234db97f, not stripped
lib/modules/5.10.0-23-arm64/kernel/drivers/hwmon/max6642.ko	ELF 64-bit LSB relocatable, ARM aarch64, version 1 (SYSV), BuildID[sha1]=602f65ac32a08fd1b1d8269cacae4576a1b1f455, not stripped
lib/modules/5.10.0-23-arm64/kernel/drivers/hwmon/hwmon-vid.ko	ELF 64-bit LSB relocatable, ARM aarch64, version 1 (SYSV), BuildID[sha1]=0e371d500b33950548cf8ce9a00e0cddbdf9d24f, not stripped
lib/modules/5.10.0-23-arm64/kernel/drivers/hwmon/ltc4261.ko	ELF 64-bit LSB relocatable, ARM aarch64, version 1 (SYSV), BuildID[sha1]=657c0727108926574c2fe201ed9649fad1a7618e, not stripped
lib/modules/5.10.0-23-arm64/kernel/drivers/hwmon/max6639.ko	ELF 64-bit LSB relocatable, ARM aarch64, version 1 (SYSV), BuildID[sha1]=10f3bc02d8f00a697038f26d38a13e467748c598, not stripped
lib/modules/5.10.0-23-arm64/kernel/drivers/hwmon/ibmpex.ko	ELF 64-bit LSB relocatable, ARM aarch64, version 1 (SYSV), BuildID[sha1]=883a75f38a8111f2320f57f692cd5985f6f9ebc9, not stripped
lib/modules/5.10.0-23-arm64/kernel/drivers/hwmon/nct7904.ko	ELF 64-bit LSB relocatable, ARM aarch64, version 1 (SYSV), BuildID[sha1]=42314da7e8e4a461a5e5085b590c5719fafb11e3, not stripped
lib/modules/5.10.0-23-arm64/kernel/drivers/hwmon/w83795.ko	ELF 64-bit LSB relocatable, ARM aarch64, version 1 (SYSV), BuildID[sha1]=cebd7473eeefcbe116266bf574ab2f0edece225f, not stripped
lib/modules/5.10.0-23-arm64/kernel/drivers/hwmon/lm95245.ko	ELF 64-bit LSB relocatable, ARM aarch64, version 1 (SYSV), BuildID[sha1]=735896833fbb12442d8bfb7ca64efe4a49843473, not stripped
lib/modules/5.10.0-23-arm64/kernel/drivers/hwmon/emc2103.ko	ELF 64-bit LSB relocatable, ARM aarch64, version 1 (SYSV), BuildID[sha1]=95a223690d02997b29065e24c63871d9699be619, not stripped
lib/modules/5.10.0-23-arm64/kernel/drivers/hwmon/emc6w201.ko	ELF 64-bit LSB relocatable, ARM aarch64, version 1 (SYSV), BuildID[sha1]=6f487d64c5af4edb31190c0cc42ea3020b9492ab, not stripped
lib/modules/5.10.0-23-arm64/kernel/drivers/hwmon/sht21.ko	ELF 64-bit LSB relocatable, ARM aarch64, version 1 (SYSV), BuildID[sha1]=21e099bb1fa87c4eeed829f0719ea47179b64247, not stripped
lib/modules/5.10.0-23-arm64/kernel/drivers/hwmon/w83l786ng.ko	ELF 64-bit LSB relocatable, ARM aarch64, version 1 (SYSV), BuildID[sha1]=176c979854a2b24fc18aec6bd270de0d91940323, not stripped
lib/modules/5.10.0-23-arm64/kernel/drivers/hwmon/jc42.ko	ELF 64-bit LSB relocatable, ARM aarch64, version 1 (SYSV), BuildID[sha1]=200320c8e03a16b9890978da47fc66df8c0be02a, not stripped
lib/modules/5.10.0-23-arm64/kernel/drivers/hwmon/lm75.ko	ELF 64-bit LSB relocatable, ARM aarch64, version 1 (SYSV), BuildID[sha1]=070948dee3660a1e7939cedeb73d6735d20a8536, not stripped
lib/modules/5.10.0-23-arm64/kernel/drivers/hwmon/w83793.ko	ELF 64-bit LSB relocatable, ARM aarch64, version 1 (SYSV), BuildID[sha1]=8da48c72096dfb8fe08a3a3c3f63aef16a08eb7f, not stripped
lib/modules/5.10.0-23-arm64/kernel/drivers/hwmon/w83792d.ko	ELF 64-bit LSB relocatable, ARM aarch64, version 1 (SYSV), BuildID[sha1]=7c0c51a101b3760ec29ccc356d55e9d98c9cfdcb, not stripped
lib/modules/5.10.0-23-arm64/kernel/drivers/hwmon/ntc_thermistor.ko	ELF 64-bit LSB relocatable, ARM aarch64, version 1 (SYSV), BuildID[sha1]=4fab44a2036b8c605898c48b952995083ce41aae, not stripped
lib/modules/5.10.0-23-arm64/kernel/drivers/hwmon/vt8231.ko	ELF 64-bit LSB relocatable, ARM aarch64, version 1 (SYSV), BuildID[sha1]=83e44a999215a99f65ae435c609da5e6298a0f25, not stripped
lib/modules/5.10.0-23-arm64/kernel/drivers/hwmon/ads7828.ko	ELF 64-bit LSB relocatable, ARM aarch64, version 1 (SYSV), BuildID[sha1]=68da2bdfecbd0862b206bbec4bb8776b3c2633a9, not stripped
lib/modules/5.10.0-23-arm64/kernel/drivers/hwmon/lineage-pem.ko	ELF 64-bit LSB relocatable, ARM aarch64, version 1 (SYSV), BuildID[sha1]=d294e5cf24c95139b27a3326aed59de3f9110582, not stripped
lib/modules/5.10.0-23-arm64/kernel/drivers/hwmon/w83791d.ko	ELF 64-bit LSB relocatable, ARM aarch64, version 1 (SYSV), BuildID[sha1]=5b67f23834088e90348c2a211995282c779ac80c, not stripped
lib/modules/5.10.0-23-arm64/kernel/drivers/block/xen-blkback/xen-blkback.ko	ELF 64-bit LSB relocatable, ARM aarch64, version 1 (SYSV), BuildID[sha1]=22fe00bd77bd02a59a46314ce9a851306d9669cf, not stripped
lib/modules/5.10.0-23-arm64/kernel/drivers/block/nbd.ko	ELF 64-bit LSB relocatable, ARM aarch64, version 1 (SYSV), BuildID[sha1]=d273af7878304ec01853a95fc1b3df70d1271bd8, not stripped
lib/modules/5.10.0-23-arm64/kernel/drivers/block/null_blk/null_blk.ko	ELF 64-bit LSB relocatable, ARM aarch64, version 1 (SYSV), BuildID[sha1]=9952d23ad670aca0a195ac55a72d64c7cca7c522, not stripped
lib/modules/5.10.0-23-arm64/kernel/drivers/block/skd.ko	ELF 64-bit LSB relocatable, ARM aarch64, version 1 (SYSV), BuildID[sha1]=101a7dba9b66c4c8b02a06349716f53256540570, not stripped
lib/modules/5.10.0-23-arm64/kernel/drivers/block/drbd/drbd.ko	ELF 64-bit LSB relocatable, ARM aarch64, version 1 (SYSV), BuildID[sha1]=825c2177f3696989ef6127b9eab7e7b0c3ac3f29, not stripped
lib/modules/5.10.0-23-arm64/kernel/drivers/block/aoe/aoe.ko	ELF 64-bit LSB relocatable, ARM aarch64, version 1 (SYSV), BuildID[sha1]=02bc8481517fd2576dff9e35ab591c7c90d54c63, not stripped
lib/modules/5.10.0-23-arm64/kernel/drivers/block/mtip32xx/mtip32xx.ko	ELF 64-bit LSB relocatable, ARM aarch64, version 1 (SYSV), BuildID[sha1]=ac90e4469d876bd74a5ac76dac3856638b7b66ec, not stripped
lib/modules/5.10.0-23-arm64/kernel/drivers/block/rbd.ko	ELF 64-bit LSB relocatable, ARM aarch64, version 1 (SYSV), BuildID[sha1]=6529ee7581e9b7fba3adc18ca5cd6e4a4bc73cc8, not stripped
lib/modules/5.10.0-23-arm64/kernel/drivers/block/zram/zram.ko	ELF 64-bit LSB relocatable, ARM aarch64, version 1 (SYSV), BuildID[sha1]=365c8e5e746ed64b29a9e8a75fac64a2a1facfd1, not stripped
lib/modules/5.10.0-23-arm64/kernel/drivers/block/virtio_blk.ko	ELF 64-bit LSB relocatable, ARM aarch64, version 1 (SYSV), BuildID[sha1]=604b86cbbcc1c7fdec136b70b631684f5e44d179, not stripped
lib/modules/5.10.0-23-arm64/kernel/drivers/block/xen-blkfront.ko	ELF 64-bit LSB relocatable, ARM aarch64, version 1 (SYSV), BuildID[sha1]=3eb06c1d18920fee595f0d2afc3cc15daa8a912f, not stripped
lib/modules/5.10.0-23-arm64/kernel/drivers/block/brd.ko	ELF 64-bit LSB relocatable, ARM aarch64, version 1 (SYSV), BuildID[sha1]=1db8493e1edd75da9ef4ff6fc59269bb64d4bc90, not stripped
lib/modules/5.10.0-23-arm64/kernel/drivers/block/loop.ko	ELF 64-bit LSB relocatable, ARM aarch64, version 1 (SYSV), BuildID[sha1]=8e8e8cfb80d3b4967f1d2b7137ca648ed4687222, not stripped
lib/modules/5.10.0-23-arm64/kernel/drivers/uio/uio_aec.ko	ELF 64-bit LSB relocatable, ARM aarch64, version 1 (SYSV), BuildID[sha1]=077f00b222010db100a4c73a9b568206e1bf68fd, not stripped
lib/modules/5.10.0-23-arm64/kernel/drivers/uio/uio_pci_generic.ko	ELF 64-bit LSB relocatable, ARM aarch64, version 1 (SYSV), BuildID[sha1]=9b5930b8c116ad4abd3a0c19001feee0bfb70690, not stripped
lib/modules/5.10.0-23-arm64/kernel/drivers/uio/uio_netx.ko	ELF 64-bit LSB relocatable, ARM aarch64, version 1 (SYSV), BuildID[sha1]=396213bdcae1ec7ac674a695d35b8b90ba691cb8, not stripped
lib/modules/5.10.0-23-arm64/kernel/drivers/uio/uio_mf624.ko	ELF 64-bit LSB relocatable, ARM aarch64, version 1 (SYSV), BuildID[sha1]=095a94faee288985d1b11bed4e52a6e5cbc231fe, not stripped
lib/modules/5.10.0-23-arm64/kernel/drivers/uio/uio_cif.ko	ELF 64-bit LSB relocatable, ARM aarch64, version 1 (SYSV), BuildID[sha1]=d8526480202a3692e96674fc84053c00419ac4f1, not stripped
lib/modules/5.10.0-23-arm64/kernel/drivers/uio/uio_sercos3.ko	ELF 64-bit LSB relocatable, ARM aarch64, version 1 (SYSV), BuildID[sha1]=fcbbd2de77d83916c065c7bdedb34f32e781c97f, not stripped
lib/modules/5.10.0-23-arm64/kernel/drivers/uio/uio.ko	ELF 64-bit LSB relocatable, ARM aarch64, version 1 (SYSV), BuildID[sha1]=e3864e48667dc76a874aa73af7d7a08db7e1344e, not stripped
lib/modules/5.10.0-23-arm64/kernel/drivers/mmc/core/sdio_uart.ko	ELF 64-bit LSB relocatable, ARM aarch64, version 1 (SYSV), BuildID[sha1]=c8a5626c69ae1c1724a2c047b88e181f1a7aa26c, not stripped
lib/modules/5.10.0-23-arm64/kernel/drivers/mmc/host/sdhci-msm.ko	ELF 64-bit LSB relocatable, ARM aarch64, version 1 (SYSV), BuildID[sha1]=b2a88fa98c7dc430c2629715fbd60b29bac68f5c, not stripped
lib/modules/5.10.0-23-arm64/kernel/drivers/mmc/host/sdhci-acpi.ko	ELF 64-bit LSB relocatable, ARM aarch64, version 1 (SYSV), BuildID[sha1]=e398713b398d2c63bb6326ec5aa9ab8ee641c190, not stripped
lib/modules/5.10.0-23-arm64/kernel/drivers/mmc/host/dw_mmc.ko	ELF 64-bit LSB relocatable, ARM aarch64, version 1 (SYSV), BuildID[sha1]=2d1d1cc77535762801952457f2c46e47605f148e, not stripped
lib/modules/5.10.0-23-arm64/kernel/drivers/mmc/host/dw_mmc-k3.ko	ELF 64-bit LSB relocatable, ARM aarch64, version 1 (SYSV), BuildID[sha1]=038f9760732c84e4af329bef0a9236ab9e7be857, not stripped
lib/modules/5.10.0-23-arm64/kernel/drivers/mmc/host/sdhci-tegra.ko	ELF 64-bit LSB relocatable, ARM aarch64, version 1 (SYSV), BuildID[sha1]=b6e57806421b6280303dcda9b5e313674bdac340, not stripped
lib/modules/5.10.0-23-arm64/kernel/drivers/mmc/host/sunxi-mmc.ko	ELF 64-bit LSB relocatable, ARM aarch64, version 1 (SYSV), BuildID[sha1]=dab819bfe3111ce2ab1dea22ce1ddb4ba99fad0a, not stripped
lib/modules/5.10.0-23-arm64/kernel/drivers/mmc/host/vub300.ko	ELF 64-bit LSB relocatable, ARM aarch64, version 1 (SYSV), BuildID[sha1]=7c7bcfcee7b3751dc7d2f121e4cf63aca3ff896a, not stripped
lib/modules/5.10.0-23-arm64/kernel/drivers/mmc/host/mmc_spi.ko	ELF 64-bit LSB relocatable, ARM aarch64, version 1 (SYSV), BuildID[sha1]=aff6e541e749bf2eccd4b29c2bd6f8698a5f7df6, not stripped
lib/modules/5.10.0-23-arm64/kernel/drivers/mmc/host/sdhci-esdhc-imx.ko	ELF 64-bit LSB relocatable, ARM aarch64, version 1 (SYSV), BuildID[sha1]=086fe2fc2f1013aeb22dde0eb6f4ba5ad34a0fbf, not stripped
lib/modules/5.10.0-23-arm64/kernel/drivers/mmc/host/armmmci.ko	ELF 64-bit LSB relocatable, ARM aarch64, version 1 (SYSV), BuildID[sha1]=051047598d9cc5f3cffec1b78d3c4a634066db90, not stripped
lib/modules/5.10.0-23-arm64/kernel/drivers/mmc/host/dw_mmc-pltfm.ko	ELF 64-bit LSB relocatable, ARM aarch64, version 1 (SYSV), BuildID[sha1]=f60ceaea46fc1249acc0e9b0d29c82595e9ba948, not stripped
lib/modules/5.10.0-23-arm64/kernel/drivers/mmc/host/via-sdmmc.ko	ELF 64-bit LSB relocatable, ARM aarch64, version 1 (SYSV), BuildID[sha1]=a0b90b52cfc85578dbde53c9e4952376b2f5af63, not stripped
lib/modules/5.10.0-23-arm64/kernel/drivers/mmc/host/sdhci-pltfm.ko	ELF 64-bit LSB relocatable, ARM aarch64, version 1 (SYSV), BuildID[sha1]=b6bda3d44d3930f85097c926a5ba895fc5c5ee18, not stripped
lib/modules/5.10.0-23-arm64/kernel/drivers/mmc/host/bcm2835.ko	ELF 64-bit LSB relocatable, ARM aarch64, version 1 (SYSV), BuildID[sha1]=2d67798b551667377ac916214943693e84bbf5e8, not stripped
lib/modules/5.10.0-23-arm64/kernel/drivers/mmc/host/rtsx_pci_sdmmc.ko	ELF 64-bit LSB relocatable, ARM aarch64, version 1 (SYSV), BuildID[sha1]=b555d481e97622b61ab0bc258f438d01af4dc080, not stripped
lib/modules/5.10.0-23-arm64/kernel/drivers/mmc/host/dw_mmc-rockchip.ko	ELF 64-bit LSB relocatable, ARM aarch64, version 1 (SYSV), BuildID[sha1]=f0a9b88b9871e60e12717d5288a7af3ce016fb81, not stripped
lib/modules/5.10.0-23-arm64/kernel/drivers/mmc/host/toshsd.ko	ELF 64-bit LSB relocatable, ARM aarch64, version 1 (SYSV), BuildID[sha1]=ea8a6f5314a8a5f5f996c24a9a3c3bd070a5b7dd, not stripped
lib/modules/5.10.0-23-arm64/kernel/drivers/mmc/host/of_mmc_spi.ko	ELF 64-bit LSB relocatable, ARM aarch64, version 1 (SYSV), BuildID[sha1]=d3a349f61ad4da66f459605941a335775be0edb7, not stripped
lib/modules/5.10.0-23-arm64/kernel/drivers/mmc/host/sdhci-of-arasan.ko	ELF 64-bit LSB relocatable, ARM aarch64, version 1 (SYSV), BuildID[sha1]=4f3f9215fbaac93b1b452fa0fc067e14c400651a, not stripped
lib/modules/5.10.0-23-arm64/kernel/drivers/mmc/host/cqhci.ko	ELF 64-bit LSB relocatable, ARM aarch64, version 1 (SYSV), BuildID[sha1]=9f346454c43502686c70c7ad1aa5adb0b15116a6, not stripped
lib/modules/5.10.0-23-arm64/kernel/drivers/mmc/host/sdhci-iproc.ko	ELF 64-bit LSB relocatable, ARM aarch64, version 1 (SYSV), BuildID[sha1]=ebcec14de5030cf98ac5a55c44ea67f7215801be, not stripped
lib/modules/5.10.0-23-arm64/kernel/drivers/mmc/host/sdhci-xenon-driver.ko	ELF 64-bit LSB relocatable, ARM aarch64, version 1 (SYSV), BuildID[sha1]=5db3ba7d6b5ce45a27e6c6827f585d3c00d1f2a1, not stripped
lib/modules/5.10.0-23-arm64/kernel/drivers/mmc/host/rtsx_usb_sdmmc.ko	ELF 64-bit LSB relocatable, ARM aarch64, version 1 (SYSV), BuildID[sha1]=731fccd8894e5a9ba691c639aff4c02c8cbaeb60, not stripped
lib/modules/5.10.0-23-arm64/kernel/drivers/mmc/host/meson-gx-mmc.ko	ELF 64-bit LSB relocatable, ARM aarch64, version 1 (SYSV), BuildID[sha1]=59ffa5cc9ce39e41d7d917343fe324de4130bdb5, not stripped
lib/modules/5.10.0-23-arm64/kernel/drivers/mmc/host/sdhci.ko	ELF 64-bit LSB relocatable, ARM aarch64, version 1 (SYSV), BuildID[sha1]=a601c00e9eef2a0331dc913c10e4acc094699435, not stripped
lib/modules/5.10.0-23-arm64/kernel/drivers/mmc/host/sdhci-pci.ko	ELF 64-bit LSB relocatable, ARM aarch64, version 1 (SYSV), BuildID[sha1]=63d57f791df2573e7d2cc772671f5d5e662c4669, not stripped
lib/modules/5.10.0-23-arm64/kernel/drivers/mmc/host/sdhci-of-esdhc.ko	ELF 64-bit LSB relocatable, ARM aarch64, version 1 (SYSV), BuildID[sha1]=e8efd57b74ffa86d5b65572af362223bd6c1f8f7, not stripped
lib/modules/5.10.0-23-arm64/kernel/drivers/mmc/host/sdhci_f_sdh30.ko	ELF 64-bit LSB relocatable, ARM aarch64, version 1 (SYSV), BuildID[sha1]=8f93a584aa87f54ab98fa614aa085a754712be7e, not stripped
lib/modules/5.10.0-23-arm64/kernel/drivers/mmc/host/cb710-mmc.ko	ELF 64-bit LSB relocatable, ARM aarch64, version 1 (SYSV), BuildID[sha1]=b1285ebdcf627391b55022b1ec970e068ec91aeb, not stripped
lib/modules/5.10.0-23-arm64/kernel/drivers/mmc/host/ushc.ko	ELF 64-bit LSB relocatable, ARM aarch64, version 1 (SYSV), BuildID[sha1]=730f3897055c72202e0de48394e10eabd3a7ca3d, not stripped
lib/modules/5.10.0-23-arm64/kernel/drivers/mmc/host/tifm_sd.ko	ELF 64-bit LSB relocatable, ARM aarch64, version 1 (SYSV), BuildID[sha1]=886012d0f8fedc68de3564b56226f0f6e2fc7451, not stripped
lib/modules/5.10.0-23-arm64/kernel/drivers/ssb/ssb.ko	ELF 64-bit LSB relocatable, ARM aarch64, version 1 (SYSV), BuildID[sha1]=674ed4245e486c3515cb42ae94641bbfbf435dda, not stripped
lib/modules/5.10.0-23-arm64/kernel/drivers/power/supply/axp20x_battery.ko	ELF 64-bit LSB relocatable, ARM aarch64, version 1 (SYSV), BuildID[sha1]=5741293b175c10c60e12c889aaa0a547c69c758f, not stripped
lib/modules/5.10.0-23-arm64/kernel/drivers/power/supply/sbs-battery.ko	ELF 64-bit LSB relocatable, ARM aarch64, version 1 (SYSV), BuildID[sha1]=5307e79423d566bde9fee77790cdc76a896d63ae, not stripped
lib/modules/5.10.0-23-arm64/kernel/drivers/power/supply/axp288_fuel_gauge.ko	ELF 64-bit LSB relocatable, ARM aarch64, version 1 (SYSV), BuildID[sha1]=ea073d0055ee52174edb9f96f837c2258fc294b7, not stripped
lib/modules/5.10.0-23-arm64/kernel/drivers/power/supply/axp20x_usb_power.ko	ELF 64-bit LSB relocatable, ARM aarch64, version 1 (SYSV), BuildID[sha1]=8b9e06ef6afb85c5693a09c169a934ef223652e6, not stripped
lib/modules/5.10.0-23-arm64/kernel/drivers/power/supply/ds2760_battery.ko	ELF 64-bit LSB relocatable, ARM aarch64, version 1 (SYSV), BuildID[sha1]=a72a505c1981a2f2757bde2d99ec3f81204708e2, not stripped
lib/modules/5.10.0-23-arm64/kernel/drivers/power/supply/cw2015_battery.ko	ELF 64-bit LSB relocatable, ARM aarch64, version 1 (SYSV), BuildID[sha1]=fa5db21ca6c1ff63d9426ed18ef273278b6ca308, not stripped
lib/modules/5.10.0-23-arm64/kernel/drivers/power/supply/gpio-charger.ko	ELF 64-bit LSB relocatable, ARM aarch64, version 1 (SYSV), BuildID[sha1]=1f5477a6b319ffc5689b7ed98080af85eb2dca71, not stripped
lib/modules/5.10.0-23-arm64/kernel/drivers/power/supply/axp20x_ac_power.ko	ELF 64-bit LSB relocatable, ARM aarch64, version 1 (SYSV), BuildID[sha1]=06481780fa342168a6a587293fc51120ca935854, not stripped
lib/modules/5.10.0-23-arm64/kernel/drivers/power/supply/cros_usbpd-charger.ko	ELF 64-bit LSB relocatable, ARM aarch64, version 1 (SYSV), BuildID[sha1]=53742ebd53909e78bc8ce795c11346bb51d6369b, not stripped
lib/modules/5.10.0-23-arm64/kernel/drivers/power/supply/bq27xxx_battery.ko	ELF 64-bit LSB relocatable, ARM aarch64, version 1 (SYSV), BuildID[sha1]=464dafd1ec9b81ab850d3f9d99837fcd002eb719, not stripped
lib/modules/5.10.0-23-arm64/kernel/drivers/power/supply/bq27xxx_battery_hdq.ko	ELF 64-bit LSB relocatable, ARM aarch64, version 1 (SYSV), BuildID[sha1]=f7849eaadc88be14fd89167ca57aca66206970c1, not stripped
lib/modules/5.10.0-23-arm64/kernel/drivers/power/supply/qcom_smbb.ko	ELF 64-bit LSB relocatable, ARM aarch64, version 1 (SYSV), BuildID[sha1]=8a064bd8bd66e6d63410481e832b82c0aea08fee, not stripped
lib/modules/5.10.0-23-arm64/kernel/drivers/xen/xen-front-pgdir-shbuf.ko	ELF 64-bit LSB relocatable, ARM aarch64, version 1 (SYSV), BuildID[sha1]=0f30f186dfb1073fc7ecf199d91967d1e0bf5ecc, not stripped
lib/modules/5.10.0-23-arm64/kernel/drivers/xen/xen-scsiback.ko	ELF 64-bit LSB relocatable, ARM aarch64, version 1 (SYSV), BuildID[sha1]=cd55964640552a7b38866a9c532cd59d8560fee5, not stripped
lib/modules/5.10.0-23-arm64/kernel/drivers/xen/xenfs/xenfs.ko	ELF 64-bit LSB relocatable, ARM aarch64, version 1 (SYSV), BuildID[sha1]=b1a7b500abbd94e7664aa11f18f64584f08a7322, not stripped
lib/modules/5.10.0-23-arm64/kernel/drivers/xen/xen-evtchn.ko	ELF 64-bit LSB relocatable, ARM aarch64, version 1 (SYSV), BuildID[sha1]=905453b4b9467367a62ed59af2aea46ac8da8f3d, not stripped
lib/modules/5.10.0-23-arm64/kernel/drivers/xen/xen-gntdev.ko	ELF 64-bit LSB relocatable, ARM aarch64, version 1 (SYSV), BuildID[sha1]=eb7695e9d3d4d78b69984b23574a6e2f999215fb, not stripped
lib/modules/5.10.0-23-arm64/kernel/drivers/xen/xen-privcmd.ko	ELF 64-bit LSB relocatable, ARM aarch64, version 1 (SYSV), BuildID[sha1]=c60877d236de735f3a483c6486cbf7362a028119, not stripped
lib/modules/5.10.0-23-arm64/kernel/drivers/xen/xen-gntalloc.ko	ELF 64-bit LSB relocatable, ARM aarch64, version 1 (SYSV), BuildID[sha1]=14353245ffe6b7a58fe374d5697439f69b55ffa2, not stripped
lib/modules/5.10.0-23-arm64/kernel/drivers/reset/reset-raspberrypi.ko	ELF 64-bit LSB relocatable, ARM aarch64, version 1 (SYSV), BuildID[sha1]=c8526939e288a96685be59323087878ea1dc79f8, not stripped
lib/modules/5.10.0-23-arm64/kernel/drivers/cpufreq/raspberrypi-cpufreq.ko	ELF 64-bit LSB relocatable, ARM aarch64, version 1 (SYSV), BuildID[sha1]=3a3c7d5ad0f75e95dc49bcb95cb6528361c3ffc5, not stripped
lib/modules/5.10.0-23-arm64/kernel/drivers/cpufreq/tegra20-cpufreq.ko	ELF 64-bit LSB relocatable, ARM aarch64, version 1 (SYSV), BuildID[sha1]=057f356eac828e9e356504f63a27bdcafa996631, not stripped
lib/modules/5.10.0-23-arm64/kernel/drivers/cpufreq/qoriq-cpufreq.ko	ELF 64-bit LSB relocatable, ARM aarch64, version 1 (SYSV), BuildID[sha1]=dfd27f98e1c49fb551037e83f321a4ac4303ff60, not stripped
lib/modules/5.10.0-23-arm64/kernel/drivers/cpufreq/cpufreq_userspace.ko	ELF 64-bit LSB relocatable, ARM aarch64, version 1 (SYSV), BuildID[sha1]=e1a8f8f0ce26bf4d90cedc56b06c57bd285216a4, not stripped
lib/modules/5.10.0-23-arm64/kernel/drivers/cpufreq/cpufreq-dt.ko	ELF 64-bit LSB relocatable, ARM aarch64, version 1 (SYSV), BuildID[sha1]=2e83e2086bd1288698afad66a845d4460dd71924, not stripped
lib/modules/5.10.0-23-arm64/kernel/drivers/cpufreq/cpufreq_conservative.ko	ELF 64-bit LSB relocatable, ARM aarch64, version 1 (SYSV), BuildID[sha1]=ed8f8e13b16c773037d43fb5467ed367fc177f3e, not stripped
lib/modules/5.10.0-23-arm64/kernel/drivers/cpufreq/cppc_cpufreq.ko	ELF 64-bit LSB relocatable, ARM aarch64, version 1 (SYSV), BuildID[sha1]=d30bba0dcf2ddf24a48d6ccafa8caa4f2d14e8ad, not stripped
lib/modules/5.10.0-23-arm64/kernel/drivers/cpufreq/cpufreq_ondemand.ko	ELF 64-bit LSB relocatable, ARM aarch64, version 1 (SYSV), BuildID[sha1]=03f3ec7745e4881c8afe0d08d947a8448eae1eb3, not stripped
lib/modules/5.10.0-23-arm64/kernel/drivers/cpufreq/cpufreq_powersave.ko	ELF 64-bit LSB relocatable, ARM aarch64, version 1 (SYSV), BuildID[sha1]=ae3db97515df847f6f20fe993673b952eadc2622, not stripped
lib/modules/5.10.0-23-arm64/kernel/drivers/cpufreq/armada-37xx-cpufreq.ko	ELF 64-bit LSB relocatable, ARM aarch64, version 1 (SYSV), BuildID[sha1]=e7154ad8847407c23e5fdbda0fc8755dff7a1086, not stripped
lib/modules/5.10.0-23-arm64/kernel/drivers/firmware/turris-mox-rwtm.ko	ELF 64-bit LSB relocatable, ARM aarch64, version 1 (SYSV), BuildID[sha1]=39b8658ddfec09e57ea3f5e15ac17851fb1cbf0a, not stripped
lib/modules/5.10.0-23-arm64/kernel/drivers/firmware/google/coreboot_table.ko	ELF 64-bit LSB relocatable, ARM aarch64, version 1 (SYSV), BuildID[sha1]=bab6936b441ef2917be7b1f7cbfd850d7aa63e62, not stripped
lib/modules/5.10.0-23-arm64/kernel/drivers/firmware/google/memconsole.ko	ELF 64-bit LSB relocatable, ARM aarch64, version 1 (SYSV), BuildID[sha1]=dd26bd17dc31a8dec5b75edd1aadcd0c91f5b9d4, not stripped
lib/modules/5.10.0-23-arm64/kernel/drivers/firmware/google/memconsole-coreboot.ko	ELF 64-bit LSB relocatable, ARM aarch64, version 1 (SYSV), BuildID[sha1]=45b850346e72af1ad57f49ff73f04c7715ed7d52, not stripped
lib/modules/5.10.0-23-arm64/kernel/drivers/firmware/efi/efibc.ko	ELF 64-bit LSB relocatable, ARM aarch64, version 1 (SYSV), BuildID[sha1]=36def4b8e01d1b10991b463ddf16f53891de46cc, not stripped
lib/modules/5.10.0-23-arm64/kernel/drivers/firmware/efi/capsule-loader.ko	ELF 64-bit LSB relocatable, ARM aarch64, version 1 (SYSV), BuildID[sha1]=2bfa3976390913fde73bd0e09b4a8ff847b7171b, not stripped
lib/modules/5.10.0-23-arm64/kernel/drivers/firmware/efi/efi-pstore.ko	ELF 64-bit LSB relocatable, ARM aarch64, version 1 (SYSV), BuildID[sha1]=ca02c0dd561b6e94c00d193259919769eb297cb8, not stripped
lib/modules/5.10.0-23-arm64/kernel/drivers/firmware/qemu_fw_cfg.ko	ELF 64-bit LSB relocatable, ARM aarch64, version 1 (SYSV), BuildID[sha1]=a35bbb75eb5072392b9c7c07ecfc53fd90dc23f2, not stripped
lib/modules/5.10.0-23-arm64/kernel/drivers/md/dm-verity.ko	ELF 64-bit LSB relocatable, ARM aarch64, version 1 (SYSV), BuildID[sha1]=e596746b20f8bb9188a40a79b8577c9debd3167c, not stripped
lib/modules/5.10.0-23-arm64/kernel/drivers/md/linear.ko	ELF 64-bit LSB relocatable, ARM aarch64, version 1 (SYSV), BuildID[sha1]=7507db78fa7feb93abe867ba143227d5c0701a22, not stripped
lib/modules/5.10.0-23-arm64/kernel/drivers/md/dm-integrity.ko	ELF 64-bit LSB relocatable, ARM aarch64, version 1 (SYSV), BuildID[sha1]=8dc5d4684815a50c9203a696646c604a7e78c857, not stripped
lib/modules/5.10.0-23-arm64/kernel/drivers/md/bcache/bcache.ko	ELF 64-bit LSB relocatable, ARM aarch64, version 1 (SYSV), BuildID[sha1]=788209305f8e65c0fb4ce711dce5f361925caa41, not stripped
lib/modules/5.10.0-23-arm64/kernel/drivers/md/md-cluster.ko	ELF 64-bit LSB relocatable, ARM aarch64, version 1 (SYSV), BuildID[sha1]=201d4f54bc009d3a0253738c7c6b20a74c32ca36, not stripped
lib/modules/5.10.0-23-arm64/kernel/drivers/md/dm-zoned.ko	ELF 64-bit LSB relocatable, ARM aarch64, version 1 (SYSV), BuildID[sha1]=aa1b34309b02481f7dea141e621144ef7f371536, not stripped
lib/modules/5.10.0-23-arm64/kernel/drivers/md/dm-raid.ko	ELF 64-bit LSB relocatable, ARM aarch64, version 1 (SYSV), BuildID[sha1]=5ce05fa90c85f8945a95bed9d107a42befbf9804, not stripped
lib/modules/5.10.0-23-arm64/kernel/drivers/md/dm-thin-pool.ko	ELF 64-bit LSB relocatable, ARM aarch64, version 1 (SYSV), BuildID[sha1]=f76749a5a11b5387f031fb61d811922dd3bc8c26, not stripped
lib/modules/5.10.0-23-arm64/kernel/drivers/md/dm-bio-prison.ko	ELF 64-bit LSB relocatable, ARM aarch64, version 1 (SYSV), BuildID[sha1]=69b97b497ae744f429f94fe1fc937ee4f83690ae, not stripped
lib/modules/5.10.0-23-arm64/kernel/drivers/md/dm-region-hash.ko	ELF 64-bit LSB relocatable, ARM aarch64, version 1 (SYSV), BuildID[sha1]=f36572d9bdae2b156889fc33ba8103314a2633a6, not stripped
lib/modules/5.10.0-23-arm64/kernel/drivers/md/multipath.ko	ELF 64-bit LSB relocatable, ARM aarch64, version 1 (SYSV), BuildID[sha1]=d21e1f6581ab2437a3e0c8fb16c5816ec4df50f4, not stripped
lib/modules/5.10.0-23-arm64/kernel/drivers/md/dm-log.ko	ELF 64-bit LSB relocatable, ARM aarch64, version 1 (SYSV), BuildID[sha1]=a86b4cd4159b7f80a07523c9194f97ffa53d2e87, not stripped
lib/modules/5.10.0-23-arm64/kernel/drivers/md/dm-flakey.ko	ELF 64-bit LSB relocatable, ARM aarch64, version 1 (SYSV), BuildID[sha1]=f9b786887c6664bc3740d771ec2832781f4424b4, not stripped
lib/modules/5.10.0-23-arm64/kernel/drivers/md/dm-era.ko	ELF 64-bit LSB relocatable, ARM aarch64, version 1 (SYSV), BuildID[sha1]=185352f1a60ddd915faf1960209b9d17a2ef3663, not stripped
lib/modules/5.10.0-23-arm64/kernel/drivers/md/dm-snapshot.ko	ELF 64-bit LSB relocatable, ARM aarch64, version 1 (SYSV), BuildID[sha1]=dfe8bed73981d520420c136136aadf294f09103d, not stripped
lib/modules/5.10.0-23-arm64/kernel/drivers/md/dm-mirror.ko	ELF 64-bit LSB relocatable, ARM aarch64, version 1 (SYSV), BuildID[sha1]=8fb7bd0f6be8e448ca61a42be2dad2b71b6b14ee, not stripped
lib/modules/5.10.0-23-arm64/kernel/drivers/md/dm-writecache.ko	ELF 64-bit LSB relocatable, ARM aarch64, version 1 (SYSV), BuildID[sha1]=7b372164c1514a02c04090cb82d53c81980fd1fe, not stripped
lib/modules/5.10.0-23-arm64/kernel/drivers/md/raid456.ko	ELF 64-bit LSB relocatable, ARM aarch64, version 1 (SYSV), BuildID[sha1]=6c1f631e2e557b3a39c41693dd9bdd1f760a3b63, not stripped
lib/modules/5.10.0-23-arm64/kernel/drivers/md/dm-queue-length.ko	ELF 64-bit LSB relocatable, ARM aarch64, version 1 (SYSV), BuildID[sha1]=fecaa397b498aa18efee65fdccc42cdf2130bad9, not stripped
lib/modules/5.10.0-23-arm64/kernel/drivers/md/dm-round-robin.ko	ELF 64-bit LSB relocatable, ARM aarch64, version 1 (SYSV), BuildID[sha1]=ebcf1562e840166225c8a11356d31019400852b3, not stripped
lib/modules/5.10.0-23-arm64/kernel/drivers/md/dm-unstripe.ko	ELF 64-bit LSB relocatable, ARM aarch64, version 1 (SYSV), BuildID[sha1]=76ed129e10aa32505007c44d59306b1eef81c332, not stripped
lib/modules/5.10.0-23-arm64/kernel/drivers/md/dm-multipath.ko	ELF 64-bit LSB relocatable, ARM aarch64, version 1 (SYSV), BuildID[sha1]=39003fd51bd1041ac8bdef46416dfdca51657047, not stripped
lib/modules/5.10.0-23-arm64/kernel/drivers/md/dm-crypt.ko	ELF 64-bit LSB relocatable, ARM aarch64, version 1 (SYSV), BuildID[sha1]=c2cc2aa4d223125204c33ba9737276d622812b9f, not stripped
lib/modules/5.10.0-23-arm64/kernel/drivers/md/dm-cache.ko	ELF 64-bit LSB relocatable, ARM aarch64, version 1 (SYSV), BuildID[sha1]=0013a0e8fed8da8b6e4463707ce149d67074d154, not stripped
lib/modules/5.10.0-23-arm64/kernel/drivers/md/dm-switch.ko	ELF 64-bit LSB relocatable, ARM aarch64, version 1 (SYSV), BuildID[sha1]=7eb7b27a6dd0a00a690b6f20a0eb4d48349e6436, not stripped
lib/modules/5.10.0-23-arm64/kernel/drivers/md/dm-log-writes.ko	ELF 64-bit LSB relocatable, ARM aarch64, version 1 (SYSV), BuildID[sha1]=77f57443f6c63d819a819cd78927e66fa080bd6a, not stripped
lib/modules/5.10.0-23-arm64/kernel/drivers/md/dm-zero.ko	ELF 64-bit LSB relocatable, ARM aarch64, version 1 (SYSV), BuildID[sha1]=f86ea7e40ca28352981ddf147ce8d85b968d6685, not stripped
lib/modules/5.10.0-23-arm64/kernel/drivers/md/dm-bufio.ko	ELF 64-bit LSB relocatable, ARM aarch64, version 1 (SYSV), BuildID[sha1]=fe948e220bcf4627ab9a7527cd8162d35d325379, not stripped
lib/modules/5.10.0-23-arm64/kernel/drivers/md/dm-mod.ko	ELF 64-bit LSB relocatable, ARM aarch64, version 1 (SYSV), BuildID[sha1]=f10e6cc5791634b16c96a898d46dc27b252bffa8, not stripped
lib/modules/5.10.0-23-arm64/kernel/drivers/md/dm-cache-smq.ko	ELF 64-bit LSB relocatable, ARM aarch64, version 1 (SYSV), BuildID[sha1]=77f9d46b6cd93dc459ef1d90b5c0e1af490d5676, not stripped
lib/modules/5.10.0-23-arm64/kernel/drivers/md/raid1.ko	ELF 64-bit LSB relocatable, ARM aarch64, version 1 (SYSV), BuildID[sha1]=1530383a9e97a229ea30b3c92ec4f66b8eaa88ae, not stripped
lib/modules/5.10.0-23-arm64/kernel/drivers/md/dm-delay.ko	ELF 64-bit LSB relocatable, ARM aarch64, version 1 (SYSV), BuildID[sha1]=0ae2ee539b4436bf12db2a3bad2e31f3427023b4, not stripped
lib/modules/5.10.0-23-arm64/kernel/drivers/md/md-mod.ko	ELF 64-bit LSB relocatable, ARM aarch64, version 1 (SYSV), BuildID[sha1]=864760d1879772adc64470ec9d76c0c35f91d1a4, not stripped
lib/modules/5.10.0-23-arm64/kernel/drivers/md/faulty.ko	ELF 64-bit LSB relocatable, ARM aarch64, version 1 (SYSV), BuildID[sha1]=72c85955cdfefbd89d328c2bfda0afccde64e10f, not stripped
lib/modules/5.10.0-23-arm64/kernel/drivers/md/raid0.ko	ELF 64-bit LSB relocatable, ARM aarch64, version 1 (SYSV), BuildID[sha1]=dbc6b70e70c7a74afe7928f4bd3d4cbb36e50e0a, not stripped
lib/modules/5.10.0-23-arm64/kernel/drivers/md/dm-service-time.ko	ELF 64-bit LSB relocatable, ARM aarch64, version 1 (SYSV), BuildID[sha1]=8c8daf090727b6c69bf48f554d64a994553251eb, not stripped
lib/modules/5.10.0-23-arm64/kernel/drivers/md/persistent-data/dm-persistent-data.ko	ELF 64-bit LSB relocatable, ARM aarch64, version 1 (SYSV), BuildID[sha1]=d825e86176ef9c4eb80b51e95e1f30091fc77886, not stripped
lib/modules/5.10.0-23-arm64/kernel/drivers/md/dm-log-userspace.ko	ELF 64-bit LSB relocatable, ARM aarch64, version 1 (SYSV), BuildID[sha1]=5def97c4fa9a6c0b03f4b87d06797eead39c2d2b, not stripped
lib/modules/5.10.0-23-arm64/kernel/drivers/md/raid10.ko	ELF 64-bit LSB relocatable, ARM aarch64, version 1 (SYSV), BuildID[sha1]=a35fa7f8fa105ab5a25702ded16cc399f2e6a1e3, not stripped
lib/modules/5.10.0-23-arm64/kernel/drivers/infiniband/core/ib_umad.ko	ELF 64-bit LSB relocatable, ARM aarch64, version 1 (SYSV), BuildID[sha1]=c4ec342f547cf643df94252b03fc883b8472b271, not stripped
lib/modules/5.10.0-23-arm64/kernel/drivers/infiniband/core/iw_cm.ko	ELF 64-bit LSB relocatable, ARM aarch64, version 1 (SYSV), BuildID[sha1]=33de7183ef743b9119b8996690559ebbac1908e7, not stripped
lib/modules/5.10.0-23-arm64/kernel/drivers/infiniband/core/ib_cm.ko	ELF 64-bit LSB relocatable, ARM aarch64, version 1 (SYSV), BuildID[sha1]=142f2dac3e888e024abbde0aa72e10b1cba6bbfd, not stripped
lib/modules/5.10.0-23-arm64/kernel/drivers/infiniband/core/ib_core.ko	ELF 64-bit LSB relocatable, ARM aarch64, version 1 (SYSV), BuildID[sha1]=65734d74097220f662de76ad1ea4554b562886d8, not stripped
lib/modules/5.10.0-23-arm64/kernel/drivers/infiniband/core/ib_uverbs.ko	ELF 64-bit LSB relocatable, ARM aarch64, version 1 (SYSV), BuildID[sha1]=400e04291b6a9b2cf05c5481650d9066672c099e, not stripped
lib/modules/5.10.0-23-arm64/kernel/drivers/infiniband/core/rdma_cm.ko	ELF 64-bit LSB relocatable, ARM aarch64, version 1 (SYSV), BuildID[sha1]=eac84cff7bfead257491f7840711717ea8236a21, not stripped
lib/modules/5.10.0-23-arm64/kernel/drivers/infiniband/core/rdma_ucm.ko	ELF 64-bit LSB relocatable, ARM aarch64, version 1 (SYSV), BuildID[sha1]=63bfbb7c895c26fffd3fa5dc84f9f5eb6485593c, not stripped
lib/modules/5.10.0-23-arm64/kernel/drivers/infiniband/ulp/isert/ib_isert.ko	ELF 64-bit LSB relocatable, ARM aarch64, version 1 (SYSV), BuildID[sha1]=e165799f0a17cb27579272ecf5a54e88a481f1ad, not stripped
lib/modules/5.10.0-23-arm64/kernel/drivers/infiniband/ulp/srp/ib_srp.ko	ELF 64-bit LSB relocatable, ARM aarch64, version 1 (SYSV), BuildID[sha1]=5e9378c7d6cd784869c808d7e64118801be31825, not stripped
lib/modules/5.10.0-23-arm64/kernel/drivers/infiniband/ulp/iser/ib_iser.ko	ELF 64-bit LSB relocatable, ARM aarch64, version 1 (SYSV), BuildID[sha1]=7f3cf9c7dbc4694de7a3f78e8829b57bdea83b0f, not stripped
lib/modules/5.10.0-23-arm64/kernel/drivers/infiniband/ulp/srpt/ib_srpt.ko	ELF 64-bit LSB relocatable, ARM aarch64, version 1 (SYSV), BuildID[sha1]=2a71003fa5c39e0f681883f37f2ff1ca3c19315c, not stripped
lib/modules/5.10.0-23-arm64/kernel/drivers/infiniband/ulp/ipoib/ib_ipoib.ko	ELF 64-bit LSB relocatable, ARM aarch64, version 1 (SYSV), BuildID[sha1]=193a9a366c9ee199b59dd7e38ca4d4ce2330a5d7, not stripped
lib/modules/5.10.0-23-arm64/kernel/drivers/infiniband/sw/rxe/rdma_rxe.ko	ELF 64-bit LSB relocatable, ARM aarch64, version 1 (SYSV), BuildID[sha1]=b86c054cdba98363530abb03c0414c4b83e7c8c0, not stripped
lib/modules/5.10.0-23-arm64/kernel/drivers/infiniband/hw/qedr/qedr.ko	ELF 64-bit LSB relocatable, ARM aarch64, version 1 (SYSV), BuildID[sha1]=0685f5c46ab256ce14bacfb5652593b57a9dcefe, not stripped
lib/modules/5.10.0-23-arm64/kernel/drivers/infiniband/hw/hns/hns-roce-hw-v1.ko	ELF 64-bit LSB relocatable, ARM aarch64, version 1 (SYSV), BuildID[sha1]=0597d1b21349a480ee73435cb67c0bb238424b2e, not stripped
lib/modules/5.10.0-23-arm64/kernel/drivers/infiniband/hw/hns/hns-roce-hw-v2.ko	ELF 64-bit LSB relocatable, ARM aarch64, version 1 (SYSV), BuildID[sha1]=2499a823947ebbe469e06da0c679e8c832aea29e, not stripped
lib/modules/5.10.0-23-arm64/kernel/drivers/infiniband/hw/cxgb4/iw_cxgb4.ko	ELF 64-bit LSB relocatable, ARM aarch64, version 1 (SYSV), BuildID[sha1]=be128a4442ad767624d61a15ca1ecb92aee90549, not stripped
lib/modules/5.10.0-23-arm64/kernel/drivers/infiniband/hw/mthca/ib_mthca.ko	ELF 64-bit LSB relocatable, ARM aarch64, version 1 (SYSV), BuildID[sha1]=420fadcbf853672ad40b6234d13c629e88de098a, not stripped
lib/modules/5.10.0-23-arm64/kernel/drivers/infiniband/hw/i40iw/i40iw.ko	ELF 64-bit LSB relocatable, ARM aarch64, version 1 (SYSV), BuildID[sha1]=b11518b4673d9fb48af28f3b8a1c7a64d9c45574, not stripped
lib/modules/5.10.0-23-arm64/kernel/drivers/infiniband/hw/mlx4/mlx4_ib.ko	ELF 64-bit LSB relocatable, ARM aarch64, version 1 (SYSV), BuildID[sha1]=a1ff2a529f4ccad9f92827830eb7efd6ff51e4a0, not stripped
lib/modules/5.10.0-23-arm64/kernel/drivers/infiniband/hw/mlx5/mlx5_ib.ko	ELF 64-bit LSB relocatable, ARM aarch64, version 1 (SYSV), BuildID[sha1]=140c5d0f6136aa14f4eb8c6ceb286daef35b9984, not stripped
lib/modules/5.10.0-23-arm64/kernel/drivers/infiniband/hw/ocrdma/ocrdma.ko	ELF 64-bit LSB relocatable, ARM aarch64, version 1 (SYSV), BuildID[sha1]=a7f8be1d526d1f914ee5a3f81ae6f425759baaa1, not stripped
lib/modules/5.10.0-23-arm64/kernel/drivers/acpi/acpi_ipmi.ko	ELF 64-bit LSB relocatable, ARM aarch64, version 1 (SYSV), BuildID[sha1]=6ba54564a8fafa95483fe1ab561e8b9fda2e09a9, not stripped
lib/modules/5.10.0-23-arm64/kernel/drivers/acpi/acpi_tad.ko	ELF 64-bit LSB relocatable, ARM aarch64, version 1 (SYSV), BuildID[sha1]=b0c6cf19529acf3880d36e5d83ea4d0b4bc5e41a, not stripped
lib/modules/5.10.0-23-arm64/kernel/drivers/acpi/nfit/nfit.ko	ELF 64-bit LSB relocatable, ARM aarch64, version 1 (SYSV), BuildID[sha1]=01e924c7716cda0aeb1b154ced80a46cbc8f5414, not stripped
lib/modules/5.10.0-23-arm64/kernel/drivers/acpi/apei/einj.ko	ELF 64-bit LSB relocatable, ARM aarch64, version 1 (SYSV), BuildID[sha1]=10d67135983377facb50294dcdf91c4a449c3252, not stripped
lib/modules/5.10.0-23-arm64/kernel/drivers/i2c/busses/i2c-bcm2835.ko	ELF 64-bit LSB relocatable, ARM aarch64, version 1 (SYSV), BuildID[sha1]=acd647e737f0980363d608ac3d0de5f939485939, not stripped
lib/modules/5.10.0-23-arm64/kernel/drivers/i2c/busses/i2c-rk3x.ko	ELF 64-bit LSB relocatable, ARM aarch64, version 1 (SYSV), BuildID[sha1]=395c730601710bcfee9529543f2fdbe72211009b, not stripped
lib/modules/5.10.0-23-arm64/kernel/drivers/i2c/busses/i2c-mv64xxx.ko	ELF 64-bit LSB relocatable, ARM aarch64, version 1 (SYSV), BuildID[sha1]=4ebe94131441581c7df88ca62ed817d2171c9e28, not stripped
lib/modules/5.10.0-23-arm64/kernel/drivers/i2c/busses/i2c-thunderx.ko	ELF 64-bit LSB relocatable, ARM aarch64, version 1 (SYSV), BuildID[sha1]=1a5606bb167921fd1f222c28182cd8e3c4c61052, not stripped
lib/modules/5.10.0-23-arm64/kernel/drivers/i2c/busses/i2c-qup.ko	ELF 64-bit LSB relocatable, ARM aarch64, version 1 (SYSV), BuildID[sha1]=71bda12cc9262dd4a1752a3227acbd954a13f04b, not stripped
lib/modules/5.10.0-23-arm64/kernel/drivers/i2c/busses/i2c-viperboard.ko	ELF 64-bit LSB relocatable, ARM aarch64, version 1 (SYSV), BuildID[sha1]=ac937cd961d35ca7c646d13b7bc57a24597a107b, not stripped
lib/modules/5.10.0-23-arm64/kernel/drivers/i2c/busses/i2c-designware-core.ko	ELF 64-bit LSB relocatable, ARM aarch64, version 1 (SYSV), BuildID[sha1]=2e1af34cde8090abaf324d4f2af51b5df5cd1f17, not stripped
lib/modules/5.10.0-23-arm64/kernel/drivers/i2c/busses/i2c-simtec.ko	ELF 64-bit LSB relocatable, ARM aarch64, version 1 (SYSV), BuildID[sha1]=0fd727e4ac89d328e3110f520ebdd0a22908d420, not stripped
lib/modules/5.10.0-23-arm64/kernel/drivers/i2c/busses/i2c-designware-platform.ko	ELF 64-bit LSB relocatable, ARM aarch64, version 1 (SYSV), BuildID[sha1]=bb12134e73fe81dd01d19aec3084af91c8d5032f, not stripped
lib/modules/5.10.0-23-arm64/kernel/drivers/i2c/busses/i2c-pxa.ko	ELF 64-bit LSB relocatable, ARM aarch64, version 1 (SYSV), BuildID[sha1]=a0da4134324b99a5385fa5e7a1c89168a87dce5d, not stripped
lib/modules/5.10.0-23-arm64/kernel/drivers/i2c/busses/i2c-pca-platform.ko	ELF 64-bit LSB relocatable, ARM aarch64, version 1 (SYSV), BuildID[sha1]=f14268aca0490b1fcb61ddb5d9c6e476d5b6223c, not stripped
lib/modules/5.10.0-23-arm64/kernel/drivers/i2c/busses/i2c-cros-ec-tunnel.ko	ELF 64-bit LSB relocatable, ARM aarch64, version 1 (SYSV), BuildID[sha1]=10b181d33f6a5f4ed9e1d5d7997ac9873c25ee19, not stripped
lib/modules/5.10.0-23-arm64/kernel/drivers/i2c/busses/i2c-xlp9xx.ko	ELF 64-bit LSB relocatable, ARM aarch64, version 1 (SYSV), BuildID[sha1]=90a04401f2dceabf48cbfefab13c887457875fd4, not stripped
lib/modules/5.10.0-23-arm64/kernel/drivers/i2c/busses/i2c-imx.ko	ELF 64-bit LSB relocatable, ARM aarch64, version 1 (SYSV), BuildID[sha1]=f7861d9407ca128db0cc8a3830d1afdb02e03c0c, not stripped
lib/modules/5.10.0-23-arm64/kernel/drivers/i2c/busses/i2c-taos-evm.ko	ELF 64-bit LSB relocatable, ARM aarch64, version 1 (SYSV), BuildID[sha1]=3ebe90022752e2e974a9815abcf0ee1b57d41327, not stripped
lib/modules/5.10.0-23-arm64/kernel/drivers/i2c/busses/i2c-meson.ko	ELF 64-bit LSB relocatable, ARM aarch64, version 1 (SYSV), BuildID[sha1]=64e7fe275d56d7df63e6836665c0d94fb33b60c0, not stripped
lib/modules/5.10.0-23-arm64/kernel/drivers/i2c/busses/i2c-tiny-usb.ko	ELF 64-bit LSB relocatable, ARM aarch64, version 1 (SYSV), BuildID[sha1]=57c237e390a7891dbe4697eff4804e24a58000f2, not stripped
lib/modules/5.10.0-23-arm64/kernel/drivers/i2c/busses/i2c-ocores.ko	ELF 64-bit LSB relocatable, ARM aarch64, version 1 (SYSV), BuildID[sha1]=a55adfc5c4de89ca55a679c91c7ff3a6ff4bb0d3, not stripped
lib/modules/5.10.0-23-arm64/kernel/drivers/i2c/busses/i2c-robotfuzz-osif.ko	ELF 64-bit LSB relocatable, ARM aarch64, version 1 (SYSV), BuildID[sha1]=588fdabf7afa247619060864604f5c2a2f37c40b, not stripped
lib/modules/5.10.0-23-arm64/kernel/drivers/i2c/busses/i2c-tegra.ko	ELF 64-bit LSB relocatable, ARM aarch64, version 1 (SYSV), BuildID[sha1]=7c64227fe7b4121aeed243510f4e07eb863b14a7, not stripped
lib/modules/5.10.0-23-arm64/kernel/drivers/i2c/busses/i2c-xgene-slimpro.ko	ELF 64-bit LSB relocatable, ARM aarch64, version 1 (SYSV), BuildID[sha1]=77197efe5e1bbaa8aded609448d6bc3e23ab3bb8, not stripped
lib/modules/5.10.0-23-arm64/kernel/drivers/i2c/busses/i2c-gpio.ko	ELF 64-bit LSB relocatable, ARM aarch64, version 1 (SYSV), BuildID[sha1]=ec55729cef723efb104c8e069d0469c012585705, not stripped
lib/modules/5.10.0-23-arm64/kernel/drivers/i2c/busses/i2c-diolan-u2c.ko	ELF 64-bit LSB relocatable, ARM aarch64, version 1 (SYSV), BuildID[sha1]=67d679e27662d25907dd16af1ca17d6240c96364, not stripped
lib/modules/5.10.0-23-arm64/kernel/drivers/i2c/busses/i2c-isch.ko	ELF 64-bit LSB relocatable, ARM aarch64, version 1 (SYSV), BuildID[sha1]=6512ce7b0c44835728713fde6d868e6614e21f66, not stripped
lib/modules/5.10.0-23-arm64/kernel/drivers/i2c/muxes/i2c-mux-pca954x.ko	ELF 64-bit LSB relocatable, ARM aarch64, version 1 (SYSV), BuildID[sha1]=84a3b25977b4af873b98e789cdf7d59400012d7d, not stripped
lib/modules/5.10.0-23-arm64/kernel/drivers/i2c/i2c-mux.ko	ELF 64-bit LSB relocatable, ARM aarch64, version 1 (SYSV), BuildID[sha1]=2d1f78fe148496abb193980a5ff0d9779e697837, not stripped
lib/modules/5.10.0-23-arm64/kernel/drivers/i2c/algos/i2c-algo-pca.ko	ELF 64-bit LSB relocatable, ARM aarch64, version 1 (SYSV), BuildID[sha1]=a99df16abd4f62de36ecbe0d06cbf47e9476a2a9, not stripped
lib/modules/5.10.0-23-arm64/kernel/drivers/i2c/algos/i2c-algo-bit.ko	ELF 64-bit LSB relocatable, ARM aarch64, version 1 (SYSV), BuildID[sha1]=e3af9c0779a92839c1fb3d062718209cafbd512f, not stripped
lib/modules/5.10.0-23-arm64/kernel/drivers/i2c/i2c-dev.ko	ELF 64-bit LSB relocatable, ARM aarch64, version 1 (SYSV), BuildID[sha1]=33e62bd7d31ddc07b929c90a4684356a4133e238, not stripped
lib/modules/5.10.0-23-arm64/kernel/drivers/i2c/i2c-smbus.ko	ELF 64-bit LSB relocatable, ARM aarch64, version 1 (SYSV), BuildID[sha1]=1259b46e2cce8fa0fdf60cfc3586fd5345c80766, not stripped
lib/modules/5.10.0-23-arm64/kernel/drivers/atm/suni.ko	ELF 64-bit LSB relocatable, ARM aarch64, version 1 (SYSV), BuildID[sha1]=424562568f7b312596742affb5e538f6e6561535, not stripped
lib/modules/5.10.0-23-arm64/kernel/drivers/atm/adummy.ko	ELF 64-bit LSB relocatable, ARM aarch64, version 1 (SYSV), BuildID[sha1]=caab4c14ef5a03690f580a8088ea8a2ffb3eafd4, not stripped
lib/modules/5.10.0-23-arm64/kernel/drivers/atm/fore_200e.ko	ELF 64-bit LSB relocatable, ARM aarch64, version 1 (SYSV), BuildID[sha1]=5291a6cce8a6a44450d81f7277bdb9d97a56a597, not stripped
lib/modules/5.10.0-23-arm64/kernel/drivers/atm/nicstar.ko	ELF 64-bit LSB relocatable, ARM aarch64, version 1 (SYSV), BuildID[sha1]=fb00dca8e41783e2d62b9c59a582263c29ba5bd6, not stripped
lib/modules/5.10.0-23-arm64/kernel/drivers/atm/solos-pci.ko	ELF 64-bit LSB relocatable, ARM aarch64, version 1 (SYSV), BuildID[sha1]=450f53a50a81b9bf8bf589bd0ccc4635a6a007d3, not stripped
lib/modules/5.10.0-23-arm64/kernel/drivers/atm/idt77105.ko	ELF 64-bit LSB relocatable, ARM aarch64, version 1 (SYSV), BuildID[sha1]=a3044d7adef38a3aa2eb9ac50baaffc110d49a14, not stripped
lib/modules/5.10.0-23-arm64/kernel/drivers/atm/iphase.ko	ELF 64-bit LSB relocatable, ARM aarch64, version 1 (SYSV), BuildID[sha1]=1548722592f34cd96ec4273f6334f793bc17a3be, not stripped
lib/modules/5.10.0-23-arm64/kernel/drivers/message/fusion/mptfc.ko	ELF 64-bit LSB relocatable, ARM aarch64, version 1 (SYSV), BuildID[sha1]=c8b5c72d84b938c5af2ab1799ba7e8792521d116, not stripped
lib/modules/5.10.0-23-arm64/kernel/drivers/message/fusion/mptscsih.ko	ELF 64-bit LSB relocatable, ARM aarch64, version 1 (SYSV), BuildID[sha1]=a510b04ffcdc82ed3846bc789f8f71d48f57f70a, not stripped
lib/modules/5.10.0-23-arm64/kernel/drivers/message/fusion/mptsas.ko	ELF 64-bit LSB relocatable, ARM aarch64, version 1 (SYSV), BuildID[sha1]=c7b502337d679c73ae6b2f52c340457e70f1d05a, not stripped
lib/modules/5.10.0-23-arm64/kernel/drivers/message/fusion/mptbase.ko	ELF 64-bit LSB relocatable, ARM aarch64, version 1 (SYSV), BuildID[sha1]=2b15031f68f6d4ffae1d5383f6b6ac4876368089, not stripped
lib/modules/5.10.0-23-arm64/kernel/drivers/message/fusion/mptspi.ko	ELF 64-bit LSB relocatable, ARM aarch64, version 1 (SYSV), BuildID[sha1]=d1ad72f6b59e38d6c197309e4cef19a1d4ec8d9f, not stripped
lib/modules/5.10.0-23-arm64/kernel/drivers/message/fusion/mptctl.ko	ELF 64-bit LSB relocatable, ARM aarch64, version 1 (SYSV), BuildID[sha1]=28ee1ec0409defeabaafd2c548b5e1836bbd04e3, not stripped
lib/modules/5.10.0-23-arm64/kernel/drivers/staging/media/sunxi/cedrus/sunxi-cedrus.ko	ELF 64-bit LSB relocatable, ARM aarch64, version 1 (SYSV), BuildID[sha1]=ac5ea5e52c3cbee3439c67374e36f075ff0b134d, not stripped
lib/modules/5.10.0-23-arm64/kernel/drivers/staging/rtl8723bs/r8723bs.ko	ELF 64-bit LSB relocatable, ARM aarch64, version 1 (SYSV), BuildID[sha1]=21d637ba58e164e33f830157b723b3fdf67764e1, not stripped
lib/modules/5.10.0-23-arm64/kernel/drivers/staging/android/ashmem_linux.ko	ELF 64-bit LSB relocatable, ARM aarch64, version 1 (SYSV), BuildID[sha1]=f57666471a54f9d3f26ce0ecdf22246cf7a3782c, not stripped
lib/modules/5.10.0-23-arm64/kernel/drivers/staging/rtl8188eu/r8188eu.ko	ELF 64-bit LSB relocatable, ARM aarch64, version 1 (SYSV), BuildID[sha1]=647c31ad3564882f2d5fa2f1674b33af841f046f, not stripped
lib/modules/5.10.0-23-arm64/kernel/drivers/staging/rtl8712/r8712u.ko	ELF 64-bit LSB relocatable, ARM aarch64, version 1 (SYSV), BuildID[sha1]=58e7a739ebf4ccbad3d6296b918a6d2bb6b5c371, not stripped
lib/modules/5.10.0-23-arm64/kernel/drivers/staging/qlge/qlge.ko	ELF 64-bit LSB relocatable, ARM aarch64, version 1 (SYSV), BuildID[sha1]=a29dc257c17cbf61a0f410c608e38e4284eba5b9, not stripped
lib/modules/5.10.0-23-arm64/kernel/drivers/staging/vc04_services/bcm2835-audio/snd-bcm2835.ko	ELF 64-bit LSB relocatable, ARM aarch64, version 1 (SYSV), BuildID[sha1]=5731ad83ad6f2464ba4d7ab2591cf1cc0ac20eae, not stripped
lib/modules/5.10.0-23-arm64/kernel/drivers/staging/vc04_services/vchiq-mmal/bcm2835-mmal-vchiq.ko	ELF 64-bit LSB relocatable, ARM aarch64, version 1 (SYSV), BuildID[sha1]=6c1503222a706061f41af1b79cb800b6b695085f, not stripped
lib/modules/5.10.0-23-arm64/kernel/drivers/staging/vc04_services/vchiq.ko	ELF 64-bit LSB relocatable, ARM aarch64, version 1 (SYSV), BuildID[sha1]=b90088bcb4ad33f4580eafa1cb509ea0a3e4358a, not stripped
lib/modules/5.10.0-23-arm64/kernel/drivers/staging/vc04_services/bcm2835-camera/bcm2835-v4l2.ko	ELF 64-bit LSB relocatable, ARM aarch64, version 1 (SYSV), BuildID[sha1]=98650769f38ba3dac7c0d5d5504561421c891d47, not stripped
lib/modules/5.10.0-23-arm64/kernel/drivers/devfreq/rk3399_dmc.ko	ELF 64-bit LSB relocatable, ARM aarch64, version 1 (SYSV), BuildID[sha1]=1770ed7a254154871e8b77160a5a3de8956c2e06, not stripped
lib/modules/5.10.0-23-arm64/kernel/drivers/devfreq/event/rockchip-dfi.ko	ELF 64-bit LSB relocatable, ARM aarch64, version 1 (SYSV), BuildID[sha1]=dd00cb5fbc3f9a9e628e719bc8dba237446f08a5, not stripped
lib/modules/5.10.0-23-arm64/kernel/drivers/devfreq/governor_simpleondemand.ko	ELF 64-bit LSB relocatable, ARM aarch64, version 1 (SYSV), BuildID[sha1]=69fdcd6dc5d6d6870670c9d08d0e1068287b51f7, not stripped
lib/modules/5.10.0-23-arm64/kernel/drivers/soc/rockchip/io-domain.ko	ELF 64-bit LSB relocatable, ARM aarch64, version 1 (SYSV), BuildID[sha1]=98a1399098552aaaaf74a59404e81f0abaf4bbf6, not stripped
lib/modules/5.10.0-23-arm64/kernel/drivers/soc/fsl/dpaa2-console.ko	ELF 64-bit LSB relocatable, ARM aarch64, version 1 (SYSV), BuildID[sha1]=f4dac65289c5d8bccd052b62ab1291cd13ba0938, not stripped
lib/modules/5.10.0-23-arm64/kernel/drivers/soc/fsl/dpio/fsl-mc-dpio.ko	ELF 64-bit LSB relocatable, ARM aarch64, version 1 (SYSV), BuildID[sha1]=dcc63adbd76b09d2e5f2defb7303897a385099d0, not stripped
lib/modules/5.10.0-23-arm64/kernel/drivers/soc/qcom/qmi_helpers.ko	ELF 64-bit LSB relocatable, ARM aarch64, version 1 (SYSV), BuildID[sha1]=9ec6bfe0b77617ab0a6df83a6e680321281ca69f, not stripped
lib/modules/5.10.0-23-arm64/kernel/drivers/soc/qcom/wcnss_ctrl.ko	ELF 64-bit LSB relocatable, ARM aarch64, version 1 (SYSV), BuildID[sha1]=da29013494748bd13e7fad519e61bb38b7af65e9, not stripped
lib/modules/5.10.0-23-arm64/kernel/drivers/soc/qcom/smd-rpm.ko	ELF 64-bit LSB relocatable, ARM aarch64, version 1 (SYSV), BuildID[sha1]=b52300785ece27c90170968e86eff9b6acea2917, not stripped
lib/modules/5.10.0-23-arm64/kernel/drivers/soc/qcom/mdt_loader.ko	ELF 64-bit LSB relocatable, ARM aarch64, version 1 (SYSV), BuildID[sha1]=f606fd8a2fc4488fe3f38ce676aca308a1f00212, not stripped
lib/modules/5.10.0-23-arm64/kernel/drivers/soc/qcom/qcom_gsbi.ko	ELF 64-bit LSB relocatable, ARM aarch64, version 1 (SYSV), BuildID[sha1]=81dab675c2207ac36aad43a86d78cb46fe6d712e, not stripped
lib/modules/5.10.0-23-arm64/kernel/drivers/soc/amlogic/meson-canvas.ko	ELF 64-bit LSB relocatable, ARM aarch64, version 1 (SYSV), BuildID[sha1]=da0ea112d47b8d2581971d377c805b56d7e5d4c4, not stripped
lib/modules/5.10.0-23-arm64/kernel/drivers/pwm/pwm-rockchip.ko	ELF 64-bit LSB relocatable, ARM aarch64, version 1 (SYSV), BuildID[sha1]=adc46b24dec74017e4e53f1e32b00b964f081ede, not stripped
lib/modules/5.10.0-23-arm64/kernel/drivers/pwm/pwm-sl28cpld.ko	ELF 64-bit LSB relocatable, ARM aarch64, version 1 (SYSV), BuildID[sha1]=dc4f5475e18ea077669bd08a5b8087bc18cf6c87, not stripped
lib/modules/5.10.0-23-arm64/kernel/drivers/pwm/pwm-sun4i.ko	ELF 64-bit LSB relocatable, ARM aarch64, version 1 (SYSV), BuildID[sha1]=49ee2f686d1a093abb92cb95ad3c4cc3db7d5674, not stripped
lib/modules/5.10.0-23-arm64/kernel/drivers/pwm/pwm-tegra.ko	ELF 64-bit LSB relocatable, ARM aarch64, version 1 (SYSV), BuildID[sha1]=179604a81fc8563701f18bbc144262429727e211, not stripped
lib/modules/5.10.0-23-arm64/kernel/drivers/pwm/pwm-meson.ko	ELF 64-bit LSB relocatable, ARM aarch64, version 1 (SYSV), BuildID[sha1]=91f1073683098332a788f0a8b53eb38540d83694, not stripped
lib/modules/5.10.0-23-arm64/kernel/drivers/pwm/pwm-bcm2835.ko	ELF 64-bit LSB relocatable, ARM aarch64, version 1 (SYSV), BuildID[sha1]=996be7840ac163262ba7004f43cd9c606fdcdc17, not stripped
lib/modules/5.10.0-23-arm64/kernel/drivers/pwm/pwm-cros-ec.ko	ELF 64-bit LSB relocatable, ARM aarch64, version 1 (SYSV), BuildID[sha1]=567939348d8ebe29605fef89983bb69d319f900a, not stripped
lib/modules/5.10.0-23-arm64/kernel/drivers/nvdimm/nd_pmem.ko	ELF 64-bit LSB relocatable, ARM aarch64, version 1 (SYSV), BuildID[sha1]=892dbd8e551ae3c3fdf626709310371ed06629c5, not stripped
lib/modules/5.10.0-23-arm64/kernel/drivers/nvdimm/libnvdimm.ko	ELF 64-bit LSB relocatable, ARM aarch64, version 1 (SYSV), BuildID[sha1]=d09242bc11bbb6c9996a1a8a334ac03038750e25, not stripped
lib/modules/5.10.0-23-arm64/kernel/drivers/nvdimm/nd_virtio.ko	ELF 64-bit LSB relocatable, ARM aarch64, version 1 (SYSV), BuildID[sha1]=b797aa69014c496548586949a4e9e9192178d9ac, not stripped
lib/modules/5.10.0-23-arm64/kernel/drivers/nvdimm/of_pmem.ko	ELF 64-bit LSB relocatable, ARM aarch64, version 1 (SYSV), BuildID[sha1]=b45efa94fd0a5eb646e6594a1d1dd0eaf1ae3a54, not stripped
lib/modules/5.10.0-23-arm64/kernel/drivers/nvdimm/virtio_pmem.ko	ELF 64-bit LSB relocatable, ARM aarch64, version 1 (SYSV), BuildID[sha1]=0ef2743b315fc555676f6191951ebdd7ea10c0c0, not stripped
lib/modules/5.10.0-23-arm64/kernel/drivers/nvdimm/nd_btt.ko	ELF 64-bit LSB relocatable, ARM aarch64, version 1 (SYSV), BuildID[sha1]=dbaa98f3761c0358ad2853a43b282a952d7a58a0, not stripped
lib/modules/5.10.0-23-arm64/kernel/drivers/nvdimm/nd_blk.ko	ELF 64-bit LSB relocatable, ARM aarch64, version 1 (SYSV), BuildID[sha1]=ece53b1005f5fdc1876a7519dddb3125baba6911, not stripped
lib/modules/5.10.0-23-arm64/kernel/drivers/spi/spi-meson-spicc.ko	ELF 64-bit LSB relocatable, ARM aarch64, version 1 (SYSV), BuildID[sha1]=f93113bdccbcc4749361cda4676b46ee4afb779d, not stripped
lib/modules/5.10.0-23-arm64/kernel/drivers/spi/spi-armada-3700.ko	ELF 64-bit LSB relocatable, ARM aarch64, version 1 (SYSV), BuildID[sha1]=f00554b665c78252a24e002374e1aa9cd448e6e1, not stripped
lib/modules/5.10.0-23-arm64/kernel/drivers/spi/spi-bitbang.ko	ELF 64-bit LSB relocatable, ARM aarch64, version 1 (SYSV), BuildID[sha1]=417f4ea6a33de23fce69e01ef1c4667b793a37ff, not stripped
lib/modules/5.10.0-23-arm64/kernel/drivers/spi/spi-bcm2835.ko	ELF 64-bit LSB relocatable, ARM aarch64, version 1 (SYSV), BuildID[sha1]=45f0bccbb7115254b14cb64b2dcbd4325ba8504f, not stripped
lib/modules/5.10.0-23-arm64/kernel/drivers/spi/spi-qup.ko	ELF 64-bit LSB relocatable, ARM aarch64, version 1 (SYSV), BuildID[sha1]=f5472e86c8dd0a8b29bea87e0cc9c3eeba275061, not stripped
lib/modules/5.10.0-23-arm64/kernel/drivers/spi/spi-butterfly.ko	ELF 64-bit LSB relocatable, ARM aarch64, version 1 (SYSV), BuildID[sha1]=58ab14cad3660b8fe9c5dd2200dbc7d8b393a86a, not stripped
lib/modules/5.10.0-23-arm64/kernel/drivers/spi/spi-meson-spifc.ko	ELF 64-bit LSB relocatable, ARM aarch64, version 1 (SYSV), BuildID[sha1]=6c9f0c88ece400a02ea67a14ad45db9fb856947a, not stripped
lib/modules/5.10.0-23-arm64/kernel/drivers/spi/spi-thunderx.ko	ELF 64-bit LSB relocatable, ARM aarch64, version 1 (SYSV), BuildID[sha1]=1f51ed3ab26b5bc88589c92b095e1979cc39499d, not stripped
lib/modules/5.10.0-23-arm64/kernel/drivers/spi/spi-fsl-dspi.ko	ELF 64-bit LSB relocatable, ARM aarch64, version 1 (SYSV), BuildID[sha1]=86678bf79825d7d412b06601ea1f4ae4b2dc1ce5, not stripped
lib/modules/5.10.0-23-arm64/kernel/drivers/spi/spi-xlp.ko	ELF 64-bit LSB relocatable, ARM aarch64, version 1 (SYSV), BuildID[sha1]=ea04ee4acbf4b7f6a887a822a1b70e06eda49d3d, not stripped
lib/modules/5.10.0-23-arm64/kernel/drivers/spi/spi-tegra20-slink.ko	ELF 64-bit LSB relocatable, ARM aarch64, version 1 (SYSV), BuildID[sha1]=71d98e5c655099c4780732a61fd25b7cbb19b156, not stripped
lib/modules/5.10.0-23-arm64/kernel/drivers/spi/spi-lm70llp.ko	ELF 64-bit LSB relocatable, ARM aarch64, version 1 (SYSV), BuildID[sha1]=b4dcde0bead4c14bc0f415a75b93e97e36af48ef, not stripped
lib/modules/5.10.0-23-arm64/kernel/drivers/spi/spi-tegra20-sflash.ko	ELF 64-bit LSB relocatable, ARM aarch64, version 1 (SYSV), BuildID[sha1]=7876c2da5312fddab190094b5cdadba481c55e96, not stripped
lib/modules/5.10.0-23-arm64/kernel/drivers/spi/spi-nxp-fspi.ko	ELF 64-bit LSB relocatable, ARM aarch64, version 1 (SYSV), BuildID[sha1]=48597018497dbfe98ba4318148bf085ec5f75679, not stripped
lib/modules/5.10.0-23-arm64/kernel/drivers/spi/spi-bcm2835aux.ko	ELF 64-bit LSB relocatable, ARM aarch64, version 1 (SYSV), BuildID[sha1]=70d0b3149c39371594dffec7c0977b793e355367, not stripped
lib/modules/5.10.0-23-arm64/kernel/drivers/spi/spi-rockchip.ko	ELF 64-bit LSB relocatable, ARM aarch64, version 1 (SYSV), BuildID[sha1]=287d45a3e2c532ee2b63f0b68b2a82344d0095ca, not stripped
lib/modules/5.10.0-23-arm64/kernel/drivers/spi/spi-tegra114.ko	ELF 64-bit LSB relocatable, ARM aarch64, version 1 (SYSV), BuildID[sha1]=7578178e7e058b93fa07499d60a81d88d1c5e930, not stripped
lib/modules/5.10.0-23-arm64/kernel/drivers/edac/xgene_edac.ko	ELF 64-bit LSB relocatable, ARM aarch64, version 1 (SYSV), BuildID[sha1]=ddc0c7c149bddffe8e81cfda4814e7d25655ef04, not stripped
lib/modules/5.10.0-23-arm64/kernel/drivers/edac/thunderx_edac.ko	ELF 64-bit LSB relocatable, ARM aarch64, version 1 (SYSV), BuildID[sha1]=a12854c4029f321f47906d268378028464f0036b, not stripped
lib/modules/5.10.0-23-arm64/kernel/drivers/edac/layerscape_edac_mod.ko	ELF 64-bit LSB relocatable, ARM aarch64, version 1 (SYSV), BuildID[sha1]=61e9c3f4b9bea72e03af1f957c4432788875c9bf, not stripped
lib/modules/5.10.0-23-arm64/kernel/drivers/gnss/gnss-ubx.ko	ELF 64-bit LSB relocatable, ARM aarch64, version 1 (SYSV), BuildID[sha1]=3f22d3d17e1e3cefd1977ac278c4f98cd6c53471, not stripped
lib/modules/5.10.0-23-arm64/kernel/drivers/gnss/gnss.ko	ELF 64-bit LSB relocatable, ARM aarch64, version 1 (SYSV), BuildID[sha1]=5b2cad96e3bd3323830c455ead05482185d960d1, not stripped
lib/modules/5.10.0-23-arm64/kernel/drivers/gnss/gnss-serial.ko	ELF 64-bit LSB relocatable, ARM aarch64, version 1 (SYSV), BuildID[sha1]=8e73b4278b4adc715f007e404505d53edd3231ab, not stripped
lib/modules/5.10.0-23-arm64/kernel/drivers/gnss/gnss-sirf.ko	ELF 64-bit LSB relocatable, ARM aarch64, version 1 (SYSV), BuildID[sha1]=beedcd70f457dc3d70dc786cd89674b2b52d7ad1, not stripped
lib/modules/5.10.0-23-arm64/kernel/drivers/gpu/drm/panel/panel-simple.ko	ELF 64-bit LSB relocatable, ARM aarch64, version 1 (SYSV), BuildID[sha1]=d1ac69cddc9faf33841a41c1ef34f346a580fe87, not stripped
lib/modules/5.10.0-23-arm64/kernel/drivers/gpu/drm/panel/panel-raspberrypi-touchscreen.ko	ELF 64-bit LSB relocatable, ARM aarch64, version 1 (SYSV), BuildID[sha1]=8ee97c8b866ff96255f9a6e3020ce9ed57e302ef, not stripped
lib/modules/5.10.0-23-arm64/kernel/drivers/gpu/drm/amd/amdgpu/amdgpu.ko	ELF 64-bit LSB relocatable, ARM aarch64, version 1 (SYSV), BuildID[sha1]=c7e487be123a7b380e54db09f5ff239b2a636b8f, not stripped
lib/modules/5.10.0-23-arm64/kernel/drivers/gpu/drm/panfrost/panfrost.ko	ELF 64-bit LSB relocatable, ARM aarch64, version 1 (SYSV), BuildID[sha1]=969100f982a124926b0cdc2d7cd146914374f6a2, not stripped
lib/modules/5.10.0-23-arm64/kernel/drivers/gpu/drm/virtio/virtio-gpu.ko	ELF 64-bit LSB relocatable, ARM aarch64, version 1 (SYSV), BuildID[sha1]=3671d8ff8509ac2b5710fbd0154445dd9b3884e7, not stripped
lib/modules/5.10.0-23-arm64/kernel/drivers/gpu/drm/drm_vram_helper.ko	ELF 64-bit LSB relocatable, ARM aarch64, version 1 (SYSV), BuildID[sha1]=45f7d4438b8601167bf7b3b5dcc197c0011fae87, not stripped
lib/modules/5.10.0-23-arm64/kernel/drivers/gpu/drm/rockchip/rockchipdrm.ko	ELF 64-bit LSB relocatable, ARM aarch64, version 1 (SYSV), BuildID[sha1]=afd7989337343d71019f63a13449614cb6dee35b, not stripped
lib/modules/5.10.0-23-arm64/kernel/drivers/gpu/drm/vc4/vc4.ko	ELF 64-bit LSB relocatable, ARM aarch64, version 1 (SYSV), BuildID[sha1]=13d7faf3ed6a28e0e523e9f49cb7ead7e3acb005, not stripped
lib/modules/5.10.0-23-arm64/kernel/drivers/gpu/drm/radeon/radeon.ko	ELF 64-bit LSB relocatable, ARM aarch64, version 1 (SYSV), BuildID[sha1]=6151a8b8f89675e8018dbd40fda740f3db7f2e70, not stripped
lib/modules/5.10.0-23-arm64/kernel/drivers/gpu/drm/qxl/qxl.ko	ELF 64-bit LSB relocatable, ARM aarch64, version 1 (SYSV), BuildID[sha1]=943e49cfd7c892f1ccb795cc8da15cadc0d11bab, not stripped
lib/modules/5.10.0-23-arm64/kernel/drivers/gpu/drm/tiny/cirrus.ko	ELF 64-bit LSB relocatable, ARM aarch64, version 1 (SYSV), BuildID[sha1]=90e2a78be04a469c59509fd2bcb0a5224ce458d8, not stripped
lib/modules/5.10.0-23-arm64/kernel/drivers/gpu/drm/scheduler/gpu-sched.ko	ELF 64-bit LSB relocatable, ARM aarch64, version 1 (SYSV), BuildID[sha1]=c99205b8d414f587d8c12c5a2d974e2fa3b4b992, not stripped
lib/modules/5.10.0-23-arm64/kernel/drivers/gpu/drm/ast/ast.ko	ELF 64-bit LSB relocatable, ARM aarch64, version 1 (SYSV), BuildID[sha1]=ea1b9ce47b328678ce1d86b0fb8c76508714a1ee, not stripped
lib/modules/5.10.0-23-arm64/kernel/drivers/gpu/drm/nouveau/nouveau.ko	ELF 64-bit LSB relocatable, ARM aarch64, version 1 (SYSV), BuildID[sha1]=aabfc774404038d78879f9427213e62d182425ea, not stripped
lib/modules/5.10.0-23-arm64/kernel/drivers/gpu/drm/bridge/nxp-ptn3460.ko	ELF 64-bit LSB relocatable, ARM aarch64, version 1 (SYSV), BuildID[sha1]=88181b1eb5d6cae15f403ca645a5fde6f1d86b5c, not stripped
lib/modules/5.10.0-23-arm64/kernel/drivers/gpu/drm/bridge/adv7511/adv7511.ko	ELF 64-bit LSB relocatable, ARM aarch64, version 1 (SYSV), BuildID[sha1]=7394207bac53162f7bb0c66ff62f1b0edb25ebfd, not stripped
lib/modules/5.10.0-23-arm64/kernel/drivers/gpu/drm/bridge/analogix/analogix_dp.ko	ELF 64-bit LSB relocatable, ARM aarch64, version 1 (SYSV), BuildID[sha1]=02b69493f8a38462f0b693edcb61d558de0e3495, not stripped
lib/modules/5.10.0-23-arm64/kernel/drivers/gpu/drm/bridge/analogix/analogix-anx6345.ko	ELF 64-bit LSB relocatable, ARM aarch64, version 1 (SYSV), BuildID[sha1]=43efbbe48b52cf0cbc21cdc9c015c234e6a0fe22, not stripped
lib/modules/5.10.0-23-arm64/kernel/drivers/gpu/drm/bridge/synopsys/dw-mipi-dsi.ko	ELF 64-bit LSB relocatable, ARM aarch64, version 1 (SYSV), BuildID[sha1]=81cc24e29a093c88d31db3176d4803d83e0a2f0f, not stripped
lib/modules/5.10.0-23-arm64/kernel/drivers/gpu/drm/bridge/synopsys/dw-hdmi.ko	ELF 64-bit LSB relocatable, ARM aarch64, version 1 (SYSV), BuildID[sha1]=3334c4cb8d6b87ef240add3cf4492f7ef990b391, not stripped
lib/modules/5.10.0-23-arm64/kernel/drivers/gpu/drm/bridge/synopsys/dw-hdmi-i2s-audio.ko	ELF 64-bit LSB relocatable, ARM aarch64, version 1 (SYSV), BuildID[sha1]=323ca58a4934b6b98a5f8fe92968e09a7c1dd306, not stripped
lib/modules/5.10.0-23-arm64/kernel/drivers/gpu/drm/bridge/synopsys/dw-hdmi-cec.ko	ELF 64-bit LSB relocatable, ARM aarch64, version 1 (SYSV), BuildID[sha1]=9e2db71854646e5c3fb4086906b21f754844880b, not stripped
lib/modules/5.10.0-23-arm64/kernel/drivers/gpu/drm/lima/lima.ko	ELF 64-bit LSB relocatable, ARM aarch64, version 1 (SYSV), BuildID[sha1]=510f66b06f31481e9d236a4dabb6961825d4362a, not stripped
lib/modules/5.10.0-23-arm64/kernel/drivers/gpu/drm/sun4i/sun4i-frontend.ko	ELF 64-bit LSB relocatable, ARM aarch64, version 1 (SYSV), BuildID[sha1]=20e71ec1e3b8fac8e3232121d310b934ac0345cd, not stripped
lib/modules/5.10.0-23-arm64/kernel/drivers/gpu/drm/sun4i/sun6i_drc.ko	ELF 64-bit LSB relocatable, ARM aarch64, version 1 (SYSV), BuildID[sha1]=6d58d04d78bfbe69b57b797ec0ae40292af0e4e2, not stripped
lib/modules/5.10.0-23-arm64/kernel/drivers/gpu/drm/sun4i/sun4i-tcon.ko	ELF 64-bit LSB relocatable, ARM aarch64, version 1 (SYSV), BuildID[sha1]=c48ce3147420469b629e9bbaefacafeb269464a6, not stripped
lib/modules/5.10.0-23-arm64/kernel/drivers/gpu/drm/sun4i/sun8i-mixer.ko	ELF 64-bit LSB relocatable, ARM aarch64, version 1 (SYSV), BuildID[sha1]=c7212f6f88d4c1c221df2c824d2c542d6b9574f8, not stripped
lib/modules/5.10.0-23-arm64/kernel/drivers/gpu/drm/sun4i/sun8i-drm-hdmi.ko	ELF 64-bit LSB relocatable, ARM aarch64, version 1 (SYSV), BuildID[sha1]=984948f1a53757f575bfc50b0b5780060df55feb, not stripped
lib/modules/5.10.0-23-arm64/kernel/drivers/gpu/drm/sun4i/sun4i-drm.ko	ELF 64-bit LSB relocatable, ARM aarch64, version 1 (SYSV), BuildID[sha1]=68d417c3b693736676743274d75202881deb21c0, not stripped
lib/modules/5.10.0-23-arm64/kernel/drivers/gpu/drm/sun4i/sun4i_tv.ko	ELF 64-bit LSB relocatable, ARM aarch64, version 1 (SYSV), BuildID[sha1]=5b7f3ad20367e5e48eb4c95642b1699949a1bb52, not stripped
lib/modules/5.10.0-23-arm64/kernel/drivers/gpu/drm/sun4i/sun4i-backend.ko	ELF 64-bit LSB relocatable, ARM aarch64, version 1 (SYSV), BuildID[sha1]=6ab48a376dd3b5b0459fdecb0a3869f8cd23576c, not stripped
lib/modules/5.10.0-23-arm64/kernel/drivers/gpu/drm/sun4i/sun4i-drm-hdmi.ko	ELF 64-bit LSB relocatable, ARM aarch64, version 1 (SYSV), BuildID[sha1]=bbe7cd67596b111fcc86717aab40d1399ad118f3, not stripped
lib/modules/5.10.0-23-arm64/kernel/drivers/gpu/drm/sun4i/sun8i_tcon_top.ko	ELF 64-bit LSB relocatable, ARM aarch64, version 1 (SYSV), BuildID[sha1]=14af01bc0e0204edd8a2256572760adeb2c0b2d4, not stripped
lib/modules/5.10.0-23-arm64/kernel/drivers/gpu/drm/arm/mali-dp.ko	ELF 64-bit LSB relocatable, ARM aarch64, version 1 (SYSV), BuildID[sha1]=f259b2021dcfb33d47bb6acd8cee842f5e7409c4, not stripped
lib/modules/5.10.0-23-arm64/kernel/drivers/gpu/drm/arm/hdlcd.ko	ELF 64-bit LSB relocatable, ARM aarch64, version 1 (SYSV), BuildID[sha1]=421dfa68799f6855a057ae3c3225a25bcb1b3634, not stripped
lib/modules/5.10.0-23-arm64/kernel/drivers/gpu/drm/bochs/bochs-drm.ko	ELF 64-bit LSB relocatable, ARM aarch64, version 1 (SYSV), BuildID[sha1]=b830aab3155339be48bfc99a8c77ba45df359533, not stripped
lib/modules/5.10.0-23-arm64/kernel/drivers/gpu/drm/meson/meson_dw_hdmi.ko	ELF 64-bit LSB relocatable, ARM aarch64, version 1 (SYSV), BuildID[sha1]=a4351dde68186963786a1142cd1b77a9747b9842, not stripped
lib/modules/5.10.0-23-arm64/kernel/drivers/gpu/drm/meson/meson-drm.ko	ELF 64-bit LSB relocatable, ARM aarch64, version 1 (SYSV), BuildID[sha1]=cad23985aaee657070479dac4934f74874927682, not stripped
lib/modules/5.10.0-23-arm64/kernel/drivers/gpu/drm/drm_ttm_helper.ko	ELF 64-bit LSB relocatable, ARM aarch64, version 1 (SYSV), BuildID[sha1]=e251e898c2ea72e1cfa872109907ee9b83913666, not stripped
lib/modules/5.10.0-23-arm64/kernel/drivers/gpu/drm/hisilicon/hibmc/hibmc-drm.ko	ELF 64-bit LSB relocatable, ARM aarch64, version 1 (SYSV), BuildID[sha1]=a91ea9e0f655cffb6da4eb43d948f4afc7d3de8b, not stripped
lib/modules/5.10.0-23-arm64/kernel/drivers/gpu/drm/hisilicon/kirin/dw_drm_dsi.ko	ELF 64-bit LSB relocatable, ARM aarch64, version 1 (SYSV), BuildID[sha1]=a42d31a98e151a7f21e45501247871107809f5c7, not stripped
lib/modules/5.10.0-23-arm64/kernel/drivers/gpu/drm/hisilicon/kirin/kirin-drm.ko	ELF 64-bit LSB relocatable, ARM aarch64, version 1 (SYSV), BuildID[sha1]=0fd72428250cd5cc00e513836c63cab37110377d, not stripped
lib/modules/5.10.0-23-arm64/kernel/drivers/gpu/drm/drm.ko	ELF 64-bit LSB relocatable, ARM aarch64, version 1 (SYSV), BuildID[sha1]=9aaeb3b56e81d8602917755a86b3d7a9ee0aa401, not stripped
lib/modules/5.10.0-23-arm64/kernel/drivers/gpu/drm/tegra/tegra-drm.ko	ELF 64-bit LSB relocatable, ARM aarch64, version 1 (SYSV), BuildID[sha1]=003d4d8cd48acbd02bc3b7d3a59efbb895404d4e, not stripped
lib/modules/5.10.0-23-arm64/kernel/drivers/gpu/drm/msm/msm.ko	ELF 64-bit LSB relocatable, ARM aarch64, version 1 (SYSV), BuildID[sha1]=43324c440957e748a128ba3f6d92964fd655b5fb, not stripped
lib/modules/5.10.0-23-arm64/kernel/drivers/gpu/drm/drm_kms_helper.ko	ELF 64-bit LSB relocatable, ARM aarch64, version 1 (SYSV), BuildID[sha1]=6a6877d9fea8f6af0cdea51ab4e3c74991b672f2, not stripped
lib/modules/5.10.0-23-arm64/kernel/drivers/gpu/drm/udl/udl.ko	ELF 64-bit LSB relocatable, ARM aarch64, version 1 (SYSV), BuildID[sha1]=8e05a2dc8d8b8882a9ecc2bbb94418ddcc714e33, not stripped
lib/modules/5.10.0-23-arm64/kernel/drivers/gpu/drm/vgem/vgem.ko	ELF 64-bit LSB relocatable, ARM aarch64, version 1 (SYSV), BuildID[sha1]=2f5bd2e02f0ced595e2c35e2b304b57dd77b1fa0, not stripped
lib/modules/5.10.0-23-arm64/kernel/drivers/gpu/drm/ttm/ttm.ko	ELF 64-bit LSB relocatable, ARM aarch64, version 1 (SYSV), BuildID[sha1]=3a864cc5970d91ee351ac1a7ce354069a82331cc, not stripped
lib/modules/5.10.0-23-arm64/kernel/drivers/gpu/host1x/host1x.ko	ELF 64-bit LSB relocatable, ARM aarch64, version 1 (SYSV), BuildID[sha1]=d6d818a80b56efbfe8381087c9c972e877e5a9d2, not stripped
lib/modules/5.10.0-23-arm64/kernel/net/packet/af_packet_diag.ko	ELF 64-bit LSB relocatable, ARM aarch64, version 1 (SYSV), BuildID[sha1]=ac0accbb431938ae242a58557eb2ecd1a358f399, not stripped
lib/modules/5.10.0-23-arm64/kernel/net/llc/llc2.ko	ELF 64-bit LSB relocatable, ARM aarch64, version 1 (SYSV), BuildID[sha1]=61c914df7f38b74ebc9080e6cbc219e348c4f398, not stripped
lib/modules/5.10.0-23-arm64/kernel/net/llc/llc.ko	ELF 64-bit LSB relocatable, ARM aarch64, version 1 (SYSV), BuildID[sha1]=a10905d5943721daafbf7d992e9fb5a71c1123f3, not stripped
lib/modules/5.10.0-23-arm64/kernel/net/mac80211/mac80211.ko	ELF 64-bit LSB relocatable, ARM aarch64, version 1 (SYSV), BuildID[sha1]=8b54cb36b0f047a355059bb37061f59901587909, not stripped
lib/modules/5.10.0-23-arm64/kernel/net/appletalk/appletalk.ko	ELF 64-bit LSB relocatable, ARM aarch64, version 1 (SYSV), BuildID[sha1]=749650fa79aa9a960d2090c52d0fea7c5af53046, not stripped
lib/modules/5.10.0-23-arm64/kernel/net/core/failover.ko	ELF 64-bit LSB relocatable, ARM aarch64, version 1 (SYSV), BuildID[sha1]=ae94ff1206b86e7c11abacdd52ec0b576e7ae389, not stripped
lib/modules/5.10.0-23-arm64/kernel/net/core/drop_monitor.ko	ELF 64-bit LSB relocatable, ARM aarch64, version 1 (SYSV), BuildID[sha1]=32b67b9afa05ebd5591c81437de93a433051ec7c, not stripped
lib/modules/5.10.0-23-arm64/kernel/net/core/pktgen.ko	ELF 64-bit LSB relocatable, ARM aarch64, version 1 (SYSV), BuildID[sha1]=c4da9460c352dc107703407fe23d68a7e757ab2f, not stripped
lib/modules/5.10.0-23-arm64/kernel/net/unix/unix_diag.ko	ELF 64-bit LSB relocatable, ARM aarch64, version 1 (SYSV), BuildID[sha1]=98111d84b2063685301165892773dfcaab081eb3, not stripped
lib/modules/5.10.0-23-arm64/kernel/net/mac802154/mac802154.ko	ELF 64-bit LSB relocatable, ARM aarch64, version 1 (SYSV), BuildID[sha1]=9f2149baf7a7b23934586735469a0536f99a43aa, not stripped
lib/modules/5.10.0-23-arm64/kernel/net/ieee802154/ieee802154.ko	ELF 64-bit LSB relocatable, ARM aarch64, version 1 (SYSV), BuildID[sha1]=07d1f6149965076e1f08f073119c9aaacccec4a2, not stripped
lib/modules/5.10.0-23-arm64/kernel/net/ieee802154/6lowpan/ieee802154_6lowpan.ko	ELF 64-bit LSB relocatable, ARM aarch64, version 1 (SYSV), BuildID[sha1]=4ac1465e23294e56a695b334468ab8721c34f0cc, not stripped
lib/modules/5.10.0-23-arm64/kernel/net/ieee802154/ieee802154_socket.ko	ELF 64-bit LSB relocatable, ARM aarch64, version 1 (SYSV), BuildID[sha1]=f37f5aa52a2a56aed6a53b0c7907e15c24b778d8, not stripped
lib/modules/5.10.0-23-arm64/kernel/net/ife/ife.ko	ELF 64-bit LSB relocatable, ARM aarch64, version 1 (SYSV), BuildID[sha1]=382ded83f2f16d5585873b1a66d3484c2acf2d23, not stripped
lib/modules/5.10.0-23-arm64/kernel/net/ceph/libceph.ko	ELF 64-bit LSB relocatable, ARM aarch64, version 1 (SYSV), BuildID[sha1]=6159cfd1cc5ad9619ae52f720c08751dc34fc90e, not stripped
lib/modules/5.10.0-23-arm64/kernel/net/nsh/nsh.ko	ELF 64-bit LSB relocatable, ARM aarch64, version 1 (SYSV), BuildID[sha1]=b6e37ed1aea2c3dc0f042013b0a4fa99761af1af, not stripped
lib/modules/5.10.0-23-arm64/kernel/net/netfilter/xt_mark.ko	ELF 64-bit LSB relocatable, ARM aarch64, version 1 (SYSV), BuildID[sha1]=1b150b7a65e0faa3f79bb2b44cc271197feedd89, not stripped
lib/modules/5.10.0-23-arm64/kernel/net/netfilter/nf_nat.ko	ELF 64-bit LSB relocatable, ARM aarch64, version 1 (SYSV), BuildID[sha1]=7ad94c6195b1e8dd29f1f05753a2e6350ef4f051, not stripped
lib/modules/5.10.0-23-arm64/kernel/net/netfilter/nfnetlink_cttimeout.ko	ELF 64-bit LSB relocatable, ARM aarch64, version 1 (SYSV), BuildID[sha1]=45a8e826ea1311f1c47e5cce75eac674f9ba32f2, not stripped
lib/modules/5.10.0-23-arm64/kernel/net/netfilter/nf_nat_irc.ko	ELF 64-bit LSB relocatable, ARM aarch64, version 1 (SYSV), BuildID[sha1]=eae38678bc1520c7e17ebd8037f72e531b213490, not stripped
lib/modules/5.10.0-23-arm64/kernel/net/netfilter/nf_conntrack.ko	ELF 64-bit LSB relocatable, ARM aarch64, version 1 (SYSV), BuildID[sha1]=1c739db0f5b6c98083306c197d741742fbb3e228, not stripped
lib/modules/5.10.0-23-arm64/kernel/net/netfilter/xt_HL.ko	ELF 64-bit LSB relocatable, ARM aarch64, version 1 (SYSV), BuildID[sha1]=e889cbbed9cdf921c8e4c855fac0581bdbbf12f6, not stripped
lib/modules/5.10.0-23-arm64/kernel/net/netfilter/xt_dscp.ko	ELF 64-bit LSB relocatable, ARM aarch64, version 1 (SYSV), BuildID[sha1]=639ae12874f1994af63618142b79075918aa496a, not stripped
lib/modules/5.10.0-23-arm64/kernel/net/netfilter/xt_conntrack.ko	ELF 64-bit LSB relocatable, ARM aarch64, version 1 (SYSV), BuildID[sha1]=b45730a5ccb0ab2b066c26ec5bf83867c049d092, not stripped
lib/modules/5.10.0-23-arm64/kernel/net/netfilter/nf_synproxy_core.ko	ELF 64-bit LSB relocatable, ARM aarch64, version 1 (SYSV), BuildID[sha1]=14dcc34a299026194a6b6e0dccc0e83fddcdbc77, not stripped
lib/modules/5.10.0-23-arm64/kernel/net/netfilter/xt_cpu.ko	ELF 64-bit LSB relocatable, ARM aarch64, version 1 (SYSV), BuildID[sha1]=462edf64b87f8d125595d6bb04a4a45c8c72046a, not stripped
lib/modules/5.10.0-23-arm64/kernel/net/netfilter/nft_compat.ko	ELF 64-bit LSB relocatable, ARM aarch64, version 1 (SYSV), BuildID[sha1]=07fa15d67ba2ef431436d1f66b731b84fe015367, not stripped
lib/modules/5.10.0-23-arm64/kernel/net/netfilter/nft_socket.ko	ELF 64-bit LSB relocatable, ARM aarch64, version 1 (SYSV), BuildID[sha1]=cf8d80c979e55f556c1520f473758525ba8d85d3, not stripped
lib/modules/5.10.0-23-arm64/kernel/net/netfilter/xt_limit.ko	ELF 64-bit LSB relocatable, ARM aarch64, version 1 (SYSV), BuildID[sha1]=e51ee656bcf18bee13e43c43d175ecb8addfb152, not stripped
lib/modules/5.10.0-23-arm64/kernel/net/netfilter/nft_reject.ko	ELF 64-bit LSB relocatable, ARM aarch64, version 1 (SYSV), BuildID[sha1]=a21c831393095a33b34d1069c1147fc5c13b13cb, not stripped
lib/modules/5.10.0-23-arm64/kernel/net/netfilter/nf_nat_sip.ko	ELF 64-bit LSB relocatable, ARM aarch64, version 1 (SYSV), BuildID[sha1]=38646334db4dcf3dca9b5bbb74f9827ed31f5d92, not stripped
lib/modules/5.10.0-23-arm64/kernel/net/netfilter/xt_devgroup.ko	ELF 64-bit LSB relocatable, ARM aarch64, version 1 (SYSV), BuildID[sha1]=f6f955da56ee5d553878aaccfb04a0fca1f75c93, not stripped
lib/modules/5.10.0-23-arm64/kernel/net/netfilter/xt_ipcomp.ko	ELF 64-bit LSB relocatable, ARM aarch64, version 1 (SYSV), BuildID[sha1]=f0af22dcd2b8402b07868e739aa336539078128c, not stripped
lib/modules/5.10.0-23-arm64/kernel/net/netfilter/nft_numgen.ko	ELF 64-bit LSB relocatable, ARM aarch64, version 1 (SYSV), BuildID[sha1]=69b8a8c72b4fbe0a67dc93c0a82f295266ffce85, not stripped
lib/modules/5.10.0-23-arm64/kernel/net/netfilter/nft_nat.ko	ELF 64-bit LSB relocatable, ARM aarch64, version 1 (SYSV), BuildID[sha1]=c1151d19e2086d6914294d7ebf362cff6ca61675, not stripped
lib/modules/5.10.0-23-arm64/kernel/net/netfilter/xt_tcpmss.ko	ELF 64-bit LSB relocatable, ARM aarch64, version 1 (SYSV), BuildID[sha1]=5003f0e2ec3a1dbdf7bfb49d1f67ae4dd4c18f09, not stripped
lib/modules/5.10.0-23-arm64/kernel/net/netfilter/xt_connmark.ko	ELF 64-bit LSB relocatable, ARM aarch64, version 1 (SYSV), BuildID[sha1]=44e57e70067b7339999d01542e834e0e7c0536b4, not stripped
lib/modules/5.10.0-23-arm64/kernel/net/netfilter/nf_conntrack_pptp.ko	ELF 64-bit LSB relocatable, ARM aarch64, version 1 (SYSV), BuildID[sha1]=40d2537d9cf8c72eaad2e8bc389e46da880ba35f, not stripped
lib/modules/5.10.0-23-arm64/kernel/net/netfilter/nfnetlink_log.ko	ELF 64-bit LSB relocatable, ARM aarch64, version 1 (SYSV), BuildID[sha1]=aed132b45d699b6c97cd39d8aedaf3b3e56b968c, not stripped
lib/modules/5.10.0-23-arm64/kernel/net/netfilter/xt_cgroup.ko	ELF 64-bit LSB relocatable, ARM aarch64, version 1 (SYSV), BuildID[sha1]=2cdbc104c7c3c4687fc683cdec764bcd8338ed2b, not stripped
lib/modules/5.10.0-23-arm64/kernel/net/netfilter/nft_fib_inet.ko	ELF 64-bit LSB relocatable, ARM aarch64, version 1 (SYSV), BuildID[sha1]=17a2e37b9fdd9da586d9989311e93da9958c7ad4, not stripped
lib/modules/5.10.0-23-arm64/kernel/net/netfilter/nfnetlink_cthelper.ko	ELF 64-bit LSB relocatable, ARM aarch64, version 1 (SYSV), BuildID[sha1]=4367805a0ef264875e1c9f82a29129633d73354a, not stripped
lib/modules/5.10.0-23-arm64/kernel/net/netfilter/nft_limit.ko	ELF 64-bit LSB relocatable, ARM aarch64, version 1 (SYSV), BuildID[sha1]=99bfc3f869c0294e47a4c8cfaef0ad33b1ae49a2, not stripped
lib/modules/5.10.0-23-arm64/kernel/net/netfilter/xt_u32.ko	ELF 64-bit LSB relocatable, ARM aarch64, version 1 (SYSV), BuildID[sha1]=55239d325c904ee047dc2e2355e85bf472226aff, not stripped
lib/modules/5.10.0-23-arm64/kernel/net/netfilter/xt_recent.ko	ELF 64-bit LSB relocatable, ARM aarch64, version 1 (SYSV), BuildID[sha1]=94fc1201b26c922bb34952537798246f3c51da51, not stripped
lib/modules/5.10.0-23-arm64/kernel/net/netfilter/xt_set.ko	ELF 64-bit LSB relocatable, ARM aarch64, version 1 (SYSV), BuildID[sha1]=2847da5c66bdb4458b62736684e5e9d7f3e1137f, not stripped
lib/modules/5.10.0-23-arm64/kernel/net/netfilter/xt_AUDIT.ko	ELF 64-bit LSB relocatable, ARM aarch64, version 1 (SYSV), BuildID[sha1]=dcbfab135ddb483b7b8f7e7697d0f39c20d07c3b, not stripped
lib/modules/5.10.0-23-arm64/kernel/net/netfilter/xt_esp.ko	ELF 64-bit LSB relocatable, ARM aarch64, version 1 (SYSV), BuildID[sha1]=c050f571b0137ea11a71961af67b3e09bb7db791, not stripped
lib/modules/5.10.0-23-arm64/kernel/net/netfilter/xt_pkttype.ko	ELF 64-bit LSB relocatable, ARM aarch64, version 1 (SYSV), BuildID[sha1]=572f7773a7481af7d25e0b96349fb1af5cab25d8, not stripped
lib/modules/5.10.0-23-arm64/kernel/net/netfilter/xt_mac.ko	ELF 64-bit LSB relocatable, ARM aarch64, version 1 (SYSV), BuildID[sha1]=db48c031c5b4109f0b505910ba152f67e6211471, not stripped
lib/modules/5.10.0-23-arm64/kernel/net/netfilter/nft_hash.ko	ELF 64-bit LSB relocatable, ARM aarch64, version 1 (SYSV), BuildID[sha1]=e091bdd9e7e63b197862cda75a901d534be68126, not stripped
lib/modules/5.10.0-23-arm64/kernel/net/netfilter/xt_osf.ko	ELF 64-bit LSB relocatable, ARM aarch64, version 1 (SYSV), BuildID[sha1]=5cf0d422191d4ca87cecf6edb5d273b583f7d690, not stripped
lib/modules/5.10.0-23-arm64/kernel/net/netfilter/xt_comment.ko	ELF 64-bit LSB relocatable, ARM aarch64, version 1 (SYSV), BuildID[sha1]=0d6e401c79544ddb339f46baacd3e6c706363d51, not stripped
lib/modules/5.10.0-23-arm64/kernel/net/netfilter/xt_MASQUERADE.ko	ELF 64-bit LSB relocatable, ARM aarch64, version 1 (SYSV), BuildID[sha1]=e4e1a07e75279fb6594c6e0e6fdd31061ad7c1b4, not stripped
lib/modules/5.10.0-23-arm64/kernel/net/netfilter/nft_flow_offload.ko	ELF 64-bit LSB relocatable, ARM aarch64, version 1 (SYSV), BuildID[sha1]=250edf61a754a3dfd6c1b29b9a46516c6268e10f, not stripped
lib/modules/5.10.0-23-arm64/kernel/net/netfilter/nft_connlimit.ko	ELF 64-bit LSB relocatable, ARM aarch64, version 1 (SYSV), BuildID[sha1]=1dd0c235d5e69f37d26ad05a691913437d9c7d7b, not stripped
lib/modules/5.10.0-23-arm64/kernel/net/netfilter/xt_HMARK.ko	ELF 64-bit LSB relocatable, ARM aarch64, version 1 (SYSV), BuildID[sha1]=3051a811a9a71410fc64b8d1ccba4a7ccc254d01, not stripped
lib/modules/5.10.0-23-arm64/kernel/net/netfilter/xt_cluster.ko	ELF 64-bit LSB relocatable, ARM aarch64, version 1 (SYSV), BuildID[sha1]=efbe78f079df45d1a23b60873d31fbb9acc542c2, not stripped
lib/modules/5.10.0-23-arm64/kernel/net/netfilter/xt_quota.ko	ELF 64-bit LSB relocatable, ARM aarch64, version 1 (SYSV), BuildID[sha1]=4ff8ef25b69caaea9ac737200458802eee18ea72, not stripped
lib/modules/5.10.0-23-arm64/kernel/net/netfilter/nf_flow_table_inet.ko	ELF 64-bit LSB relocatable, ARM aarch64, version 1 (SYSV), BuildID[sha1]=c75be0e5b0582d5b9ddb03037d9db1c5245276f8, not stripped
lib/modules/5.10.0-23-arm64/kernel/net/netfilter/nft_osf.ko	ELF 64-bit LSB relocatable, ARM aarch64, version 1 (SYSV), BuildID[sha1]=0e1bfe6e533ee79ee10bffaef66eeb1f114fa7ae, not stripped
lib/modules/5.10.0-23-arm64/kernel/net/netfilter/xt_physdev.ko	ELF 64-bit LSB relocatable, ARM aarch64, version 1 (SYSV), BuildID[sha1]=8e69a9b66c8c540ef510014eb37302f069ded860, not stripped
lib/modules/5.10.0-23-arm64/kernel/net/netfilter/xt_nat.ko	ELF 64-bit LSB relocatable, ARM aarch64, version 1 (SYSV), BuildID[sha1]=32e0380c44ecf89c5b1dc9761db2a6b55a2e7881, not stripped
lib/modules/5.10.0-23-arm64/kernel/net/netfilter/xt_DSCP.ko	ELF 64-bit LSB relocatable, ARM aarch64, version 1 (SYSV), BuildID[sha1]=5d499d1ce287e6cef693b11d28d2132931baf61c, not stripped
lib/modules/5.10.0-23-arm64/kernel/net/netfilter/xt_helper.ko	ELF 64-bit LSB relocatable, ARM aarch64, version 1 (SYSV), BuildID[sha1]=828f82ae98ae6701bedfbe077ac2a4ea9fd726d8, not stripped
lib/modules/5.10.0-23-arm64/kernel/net/netfilter/xt_TEE.ko	ELF 64-bit LSB relocatable, ARM aarch64, version 1 (SYSV), BuildID[sha1]=b172978a5aba1618664aa17b4a69e15c8a0cad9a, not stripped
lib/modules/5.10.0-23-arm64/kernel/net/netfilter/xt_connlabel.ko	ELF 64-bit LSB relocatable, ARM aarch64, version 1 (SYSV), BuildID[sha1]=bf778594c32e3398674e6dc438d67dc98d52bdf5, not stripped
lib/modules/5.10.0-23-arm64/kernel/net/netfilter/nf_nat_tftp.ko	ELF 64-bit LSB relocatable, ARM aarch64, version 1 (SYSV), BuildID[sha1]=b93f34ed6aceff361528631026fb33999393e6b2, not stripped
lib/modules/5.10.0-23-arm64/kernel/net/netfilter/xt_rateest.ko	ELF 64-bit LSB relocatable, ARM aarch64, version 1 (SYSV), BuildID[sha1]=4e9be7de71661dab599ec563f98bbb6bc1e9c0a9, not stripped
lib/modules/5.10.0-23-arm64/kernel/net/netfilter/xt_IDLETIMER.ko	ELF 64-bit LSB relocatable, ARM aarch64, version 1 (SYSV), BuildID[sha1]=6dc5f5e10dbc1aa3b9551baf40b6e7ef67dcc6c4, not stripped
lib/modules/5.10.0-23-arm64/kernel/net/netfilter/xt_CHECKSUM.ko	ELF 64-bit LSB relocatable, ARM aarch64, version 1 (SYSV), BuildID[sha1]=3fe1a428e9e673450208b94d78e0279fcab78367, not stripped
lib/modules/5.10.0-23-arm64/kernel/net/netfilter/xt_hl.ko	ELF 64-bit LSB relocatable, ARM aarch64, version 1 (SYSV), BuildID[sha1]=259afe59b5b99179615fece96257e44b23f321e1, not stripped
lib/modules/5.10.0-23-arm64/kernel/net/netfilter/nf_conntrack_sip.ko	ELF 64-bit LSB relocatable, ARM aarch64, version 1 (SYSV), BuildID[sha1]=abbacaa238f7e79fc8b91cbdcc63f031bfd58a6c, not stripped
lib/modules/5.10.0-23-arm64/kernel/net/netfilter/xt_NETMAP.ko	ELF 64-bit LSB relocatable, ARM aarch64, version 1 (SYSV), BuildID[sha1]=99ef67416ab6c2822add78af42b953885dda3699, not stripped
lib/modules/5.10.0-23-arm64/kernel/net/netfilter/nf_conntrack_broadcast.ko	ELF 64-bit LSB relocatable, ARM aarch64, version 1 (SYSV), BuildID[sha1]=9bb9652bcd3321be8f58ff2066e2f55ce6722dea, not stripped
lib/modules/5.10.0-23-arm64/kernel/net/netfilter/nft_synproxy.ko	ELF 64-bit LSB relocatable, ARM aarch64, version 1 (SYSV), BuildID[sha1]=d60e4d68a1cfade514748d5d7b8a8295b324ce3c, not stripped
lib/modules/5.10.0-23-arm64/kernel/net/netfilter/xt_nfacct.ko	ELF 64-bit LSB relocatable, ARM aarch64, version 1 (SYSV), BuildID[sha1]=20e2748aab147bc2765eac5f038d2dc0b3b89ef6, not stripped
lib/modules/5.10.0-23-arm64/kernel/net/netfilter/xt_dccp.ko	ELF 64-bit LSB relocatable, ARM aarch64, version 1 (SYSV), BuildID[sha1]=1c5d66871b7ed41723a662bde2ffdb86eb857b0a, not stripped
lib/modules/5.10.0-23-arm64/kernel/net/netfilter/xt_TPROXY.ko	ELF 64-bit LSB relocatable, ARM aarch64, version 1 (SYSV), BuildID[sha1]=05b2e6ed6b66c23b02bba4a571375eb867b736ca, not stripped
lib/modules/5.10.0-23-arm64/kernel/net/netfilter/nft_tunnel.ko	ELF 64-bit LSB relocatable, ARM aarch64, version 1 (SYSV), BuildID[sha1]=1d5ca4cadef46a43040f00203794f3942e26bf22, not stripped
lib/modules/5.10.0-23-arm64/kernel/net/netfilter/xt_connlimit.ko	ELF 64-bit LSB relocatable, ARM aarch64, version 1 (SYSV), BuildID[sha1]=d3fccf5324a9bfc18841b0fc1785eee28ee188d2, not stripped
lib/modules/5.10.0-23-arm64/kernel/net/netfilter/nft_tproxy.ko	ELF 64-bit LSB relocatable, ARM aarch64, version 1 (SYSV), BuildID[sha1]=4fa7f4c26d3d906f083b15aa84ebf6cea2f75e91, not stripped
lib/modules/5.10.0-23-arm64/kernel/net/netfilter/ipset/ip_set_bitmap_ipmac.ko	ELF 64-bit LSB relocatable, ARM aarch64, version 1 (SYSV), BuildID[sha1]=c872c86ee7e7f95a617416da5fdff01894453804, not stripped
lib/modules/5.10.0-23-arm64/kernel/net/netfilter/ipset/ip_set_hash_netport.ko	ELF 64-bit LSB relocatable, ARM aarch64, version 1 (SYSV), BuildID[sha1]=b173651ba82beb47a1f2990f8f86d12a2396975c, not stripped
lib/modules/5.10.0-23-arm64/kernel/net/netfilter/ipset/ip_set_hash_netportnet.ko	ELF 64-bit LSB relocatable, ARM aarch64, version 1 (SYSV), BuildID[sha1]=12a4f920f36d3e84bb7f5e81d1d164717665471e, not stripped
lib/modules/5.10.0-23-arm64/kernel/net/netfilter/ipset/ip_set_hash_netiface.ko	ELF 64-bit LSB relocatable, ARM aarch64, version 1 (SYSV), BuildID[sha1]=a8c6efcc7295ac4cbab9a6c4b1db6d8eb2b25960, not stripped
lib/modules/5.10.0-23-arm64/kernel/net/netfilter/ipset/ip_set_hash_mac.ko	ELF 64-bit LSB relocatable, ARM aarch64, version 1 (SYSV), BuildID[sha1]=953c0cce60bb0ca86ddeb6a45683a93593d53e33, not stripped
lib/modules/5.10.0-23-arm64/kernel/net/netfilter/ipset/ip_set_hash_ip.ko	ELF 64-bit LSB relocatable, ARM aarch64, version 1 (SYSV), BuildID[sha1]=09b8ad4f0577a21064e63d87bc54a43dc4107d76, not stripped
lib/modules/5.10.0-23-arm64/kernel/net/netfilter/ipset/ip_set_hash_ipportip.ko	ELF 64-bit LSB relocatable, ARM aarch64, version 1 (SYSV), BuildID[sha1]=63359a6f9f84678d3083f128aa03e06f6a975cac, not stripped
lib/modules/5.10.0-23-arm64/kernel/net/netfilter/ipset/ip_set_hash_ipmark.ko	ELF 64-bit LSB relocatable, ARM aarch64, version 1 (SYSV), BuildID[sha1]=fd73322456f604bb6e7167a307a615e26ee91507, not stripped
lib/modules/5.10.0-23-arm64/kernel/net/netfilter/ipset/ip_set_list_set.ko	ELF 64-bit LSB relocatable, ARM aarch64, version 1 (SYSV), BuildID[sha1]=be4b2614b7dc9ae10d314cdda8a7082a2b82da47, not stripped
lib/modules/5.10.0-23-arm64/kernel/net/netfilter/ipset/ip_set_bitmap_ip.ko	ELF 64-bit LSB relocatable, ARM aarch64, version 1 (SYSV), BuildID[sha1]=5b3e5f02d46ec3a46e60e7656d2b92cf97ce4382, not stripped
lib/modules/5.10.0-23-arm64/kernel/net/netfilter/ipset/ip_set_hash_ipport.ko	ELF 64-bit LSB relocatable, ARM aarch64, version 1 (SYSV), BuildID[sha1]=f6f81ba98690eb63ddd7b4d3796bb661558c19e9, not stripped
lib/modules/5.10.0-23-arm64/kernel/net/netfilter/ipset/ip_set_hash_netnet.ko	ELF 64-bit LSB relocatable, ARM aarch64, version 1 (SYSV), BuildID[sha1]=0b54fdb32f6a48bd76d459d2c385f6a0abc7ea0c, not stripped
lib/modules/5.10.0-23-arm64/kernel/net/netfilter/ipset/ip_set_hash_ipmac.ko	ELF 64-bit LSB relocatable, ARM aarch64, version 1 (SYSV), BuildID[sha1]=3e10ffccbf21b840f9f29ca68a175088af9717fb, not stripped
lib/modules/5.10.0-23-arm64/kernel/net/netfilter/ipset/ip_set_hash_net.ko	ELF 64-bit LSB relocatable, ARM aarch64, version 1 (SYSV), BuildID[sha1]=0a830a0bba79b79ac5cdf3f79bb904811b64f27a, not stripped
lib/modules/5.10.0-23-arm64/kernel/net/netfilter/ipset/ip_set_bitmap_port.ko	ELF 64-bit LSB relocatable, ARM aarch64, version 1 (SYSV), BuildID[sha1]=b1babdaaffb6ec09f1fd5471893c42c785d96d05, not stripped
lib/modules/5.10.0-23-arm64/kernel/net/netfilter/ipset/ip_set.ko	ELF 64-bit LSB relocatable, ARM aarch64, version 1 (SYSV), BuildID[sha1]=feee359791d7b675335cb0fd93e76c2fd9e64422, not stripped
lib/modules/5.10.0-23-arm64/kernel/net/netfilter/ipset/ip_set_hash_ipportnet.ko	ELF 64-bit LSB relocatable, ARM aarch64, version 1 (SYSV), BuildID[sha1]=eedf9827fc6afd0f06a00258c76f20ed6b5d5050, not stripped
lib/modules/5.10.0-23-arm64/kernel/net/netfilter/nf_flow_table.ko	ELF 64-bit LSB relocatable, ARM aarch64, version 1 (SYSV), BuildID[sha1]=8907355fb28c4b5fd5fe0d97df72adbac1453ead, not stripped
lib/modules/5.10.0-23-arm64/kernel/net/netfilter/nft_ct.ko	ELF 64-bit LSB relocatable, ARM aarch64, version 1 (SYSV), BuildID[sha1]=957689d3591593120f2d19a5ef7ccf83c946c0f6, not stripped
lib/modules/5.10.0-23-arm64/kernel/net/netfilter/xt_connbytes.ko	ELF 64-bit LSB relocatable, ARM aarch64, version 1 (SYSV), BuildID[sha1]=f231f2bdd10b4339448934fdb086bf751a5922c4, not stripped
lib/modules/5.10.0-23-arm64/kernel/net/netfilter/nf_conntrack_irc.ko	ELF 64-bit LSB relocatable, ARM aarch64, version 1 (SYSV), BuildID[sha1]=f6c70aa7f752e963ab8a72dbfa113164804ce9b8, not stripped
lib/modules/5.10.0-23-arm64/kernel/net/netfilter/nft_quota.ko	ELF 64-bit LSB relocatable, ARM aarch64, version 1 (SYSV), BuildID[sha1]=ebf5a859afc63d00a7adfc51068a2474f374561b, not stripped
lib/modules/5.10.0-23-arm64/kernel/net/netfilter/xt_time.ko	ELF 64-bit LSB relocatable, ARM aarch64, version 1 (SYSV), BuildID[sha1]=c63a19b528d206bc1400044f084f9cd99aac100d, not stripped
lib/modules/5.10.0-23-arm64/kernel/net/netfilter/nft_masq.ko	ELF 64-bit LSB relocatable, ARM aarch64, version 1 (SYSV), BuildID[sha1]=f2733c455d597be7a0264ac635c14ad18672b544, not stripped
lib/modules/5.10.0-23-arm64/kernel/net/netfilter/nf_log_common.ko	ELF 64-bit LSB relocatable, ARM aarch64, version 1 (SYSV), BuildID[sha1]=7496df5682d8bcbda3930875723e75999ef33b6b, not stripped
lib/modules/5.10.0-23-arm64/kernel/net/netfilter/nft_redir.ko	ELF 64-bit LSB relocatable, ARM aarch64, version 1 (SYSV), BuildID[sha1]=369cde3ba5e34076f633b66be97d797343493d5d, not stripped
lib/modules/5.10.0-23-arm64/kernel/net/netfilter/xt_socket.ko	ELF 64-bit LSB relocatable, ARM aarch64, version 1 (SYSV), BuildID[sha1]=a6f02c553c367608f4256c56f4d614aa2b52c3b4, not stripped
lib/modules/5.10.0-23-arm64/kernel/net/netfilter/xt_RATEEST.ko	ELF 64-bit LSB relocatable, ARM aarch64, version 1 (SYSV), BuildID[sha1]=404523faaeb00614afa591ee477c73f4fb62c2e4, not stripped
lib/modules/5.10.0-23-arm64/kernel/net/netfilter/xt_LOG.ko	ELF 64-bit LSB relocatable, ARM aarch64, version 1 (SYSV), BuildID[sha1]=5f407ca3d1ac3b7b1c021bfd35cc78bc982ffd0c, not stripped
lib/modules/5.10.0-23-arm64/kernel/net/netfilter/nft_fib_netdev.ko	ELF 64-bit LSB relocatable, ARM aarch64, version 1 (SYSV), BuildID[sha1]=a63837ea808c176969efac45a22d54ae54e260d8, not stripped
lib/modules/5.10.0-23-arm64/kernel/net/netfilter/nf_log_netdev.ko	ELF 64-bit LSB relocatable, ARM aarch64, version 1 (SYSV), BuildID[sha1]=78f8403e83db77697e2df2cd96ab5d69ee21bd66, not stripped
lib/modules/5.10.0-23-arm64/kernel/net/netfilter/xt_REDIRECT.ko	ELF 64-bit LSB relocatable, ARM aarch64, version 1 (SYSV), BuildID[sha1]=60905308794a9fc6d9d93513b9ea5626788c304b, not stripped
lib/modules/5.10.0-23-arm64/kernel/net/netfilter/nf_nat_ftp.ko	ELF 64-bit LSB relocatable, ARM aarch64, version 1 (SYSV), BuildID[sha1]=72f64ebfacbbe0f25b4a09f3382a67a0f6132f3b, not stripped
lib/modules/5.10.0-23-arm64/kernel/net/netfilter/xt_TRACE.ko	ELF 64-bit LSB relocatable, ARM aarch64, version 1 (SYSV), BuildID[sha1]=2ffc23f9d6c2001ae76b64e970589d81d6d2e65f, not stripped
lib/modules/5.10.0-23-arm64/kernel/net/netfilter/nfnetlink_acct.ko	ELF 64-bit LSB relocatable, ARM aarch64, version 1 (SYSV), BuildID[sha1]=2772ff1ff00cef9e798bb0bc145a569128810885, not stripped
lib/modules/5.10.0-23-arm64/kernel/net/netfilter/nf_tables.ko	ELF 64-bit LSB relocatable, ARM aarch64, version 1 (SYSV), BuildID[sha1]=0e86281396972067a561f942e9b3a312cbb721b9, not stripped
lib/modules/5.10.0-23-arm64/kernel/net/netfilter/nft_fib.ko	ELF 64-bit LSB relocatable, ARM aarch64, version 1 (SYSV), BuildID[sha1]=f6252d26392d2fc9d887d1464524c94ff8c7e6f6, not stripped
lib/modules/5.10.0-23-arm64/kernel/net/netfilter/nft_log.ko	ELF 64-bit LSB relocatable, ARM aarch64, version 1 (SYSV), BuildID[sha1]=6280c569d11d8e546c5530ed250c4b5cf047102d, not stripped
lib/modules/5.10.0-23-arm64/kernel/net/netfilter/xt_LED.ko	ELF 64-bit LSB relocatable, ARM aarch64, version 1 (SYSV), BuildID[sha1]=651e20286f171632b3ff259a46006bda91f232e9, not stripped
lib/modules/5.10.0-23-arm64/kernel/net/netfilter/xt_TCPMSS.ko	ELF 64-bit LSB relocatable, ARM aarch64, version 1 (SYSV), BuildID[sha1]=8076b65df84b95972ecc96278e02261070dad777, not stripped
lib/modules/5.10.0-23-arm64/kernel/net/netfilter/nf_conntrack_ftp.ko	ELF 64-bit LSB relocatable, ARM aarch64, version 1 (SYSV), BuildID[sha1]=c386713e181bb89c9d365fb6986b276037f16d45, not stripped
lib/modules/5.10.0-23-arm64/kernel/net/netfilter/nf_conntrack_netlink.ko	ELF 64-bit LSB relocatable, ARM aarch64, version 1 (SYSV), BuildID[sha1]=3d5c4c820de997744eb4ab9710a874488d86fb0f, not stripped
lib/modules/5.10.0-23-arm64/kernel/net/netfilter/xt_string.ko	ELF 64-bit LSB relocatable, ARM aarch64, version 1 (SYSV), BuildID[sha1]=f9a24c7b1f6b00beb822481424832e0779db6a28, not stripped
lib/modules/5.10.0-23-arm64/kernel/net/netfilter/nf_conncount.ko	ELF 64-bit LSB relocatable, ARM aarch64, version 1 (SYSV), BuildID[sha1]=d7f64a776dd24cce03974f721a2a4d42283e3f46, not stripped
lib/modules/5.10.0-23-arm64/kernel/net/netfilter/xt_CT.ko	ELF 64-bit LSB relocatable, ARM aarch64, version 1 (SYSV), BuildID[sha1]=692dfc242f05f52ab393aa3a9c645bf29ef22e0a, not stripped
lib/modules/5.10.0-23-arm64/kernel/net/netfilter/xt_NFLOG.ko	ELF 64-bit LSB relocatable, ARM aarch64, version 1 (SYSV), BuildID[sha1]=3bd4245f08245a3675cd70c4a54fa591f5c87981, not stripped
lib/modules/5.10.0-23-arm64/kernel/net/netfilter/nft_chain_nat.ko	ELF 64-bit LSB relocatable, ARM aarch64, version 1 (SYSV), BuildID[sha1]=9de83bf099bf389e4f49698b7b0223c83a19bb62, not stripped
lib/modules/5.10.0-23-arm64/kernel/net/netfilter/nf_conntrack_netbios_ns.ko	ELF 64-bit LSB relocatable, ARM aarch64, version 1 (SYSV), BuildID[sha1]=5bcb7e8f22871ab164c423e224a317cb97076c91, not stripped
lib/modules/5.10.0-23-arm64/kernel/net/netfilter/nfnetlink_queue.ko	ELF 64-bit LSB relocatable, ARM aarch64, version 1 (SYSV), BuildID[sha1]=cd776ca58f3c2267f7981b91abc319d48aa1d59d, not stripped
lib/modules/5.10.0-23-arm64/kernel/net/netfilter/nfnetlink_osf.ko	ELF 64-bit LSB relocatable, ARM aarch64, version 1 (SYSV), BuildID[sha1]=94e3ea835b61e694a0b03328708241b62f4b6a7f, not stripped
lib/modules/5.10.0-23-arm64/kernel/net/netfilter/xt_policy.ko	ELF 64-bit LSB relocatable, ARM aarch64, version 1 (SYSV), BuildID[sha1]=60e75e67cc9ede0b223f170b299685a1bbcd5412, not stripped
lib/modules/5.10.0-23-arm64/kernel/net/netfilter/nf_conntrack_h323.ko	ELF 64-bit LSB relocatable, ARM aarch64, version 1 (SYSV), BuildID[sha1]=e2ba3730ee74869e4f46a2b13b060b3ed944237e, not stripped
lib/modules/5.10.0-23-arm64/kernel/net/netfilter/x_tables.ko	ELF 64-bit LSB relocatable, ARM aarch64, version 1 (SYSV), BuildID[sha1]=61f1ab2b2a54f4f1d2c7dd7f19f8dd718e073ab9, not stripped
lib/modules/5.10.0-23-arm64/kernel/net/netfilter/nf_conntrack_sane.ko	ELF 64-bit LSB relocatable, ARM aarch64, version 1 (SYSV), BuildID[sha1]=f73741e28a832e2c3c253eadb57b1f590ebe1edd, not stripped
lib/modules/5.10.0-23-arm64/kernel/net/netfilter/xt_state.ko	ELF 64-bit LSB relocatable, ARM aarch64, version 1 (SYSV), BuildID[sha1]=42e960200d33a2e779c99bd32e3251ccc83d9cb7, not stripped
lib/modules/5.10.0-23-arm64/kernel/net/netfilter/nft_xfrm.ko	ELF 64-bit LSB relocatable, ARM aarch64, version 1 (SYSV), BuildID[sha1]=71e0f4a2540a8511922ea72ed8e6b4a7c871a219, not stripped
lib/modules/5.10.0-23-arm64/kernel/net/netfilter/ipvs/ip_vs_wlc.ko	ELF 64-bit LSB relocatable, ARM aarch64, version 1 (SYSV), BuildID[sha1]=eeba87135219845ff02f8deed4aa8ba013a1598c, not stripped
lib/modules/5.10.0-23-arm64/kernel/net/netfilter/ipvs/ip_vs_mh.ko	ELF 64-bit LSB relocatable, ARM aarch64, version 1 (SYSV), BuildID[sha1]=83c300fcebd679d689be3a4d0b6fda8fcf29c09b, not stripped
lib/modules/5.10.0-23-arm64/kernel/net/netfilter/ipvs/ip_vs_lc.ko	ELF 64-bit LSB relocatable, ARM aarch64, version 1 (SYSV), BuildID[sha1]=88c09a954cc4e79e7ff8626ed32114a810e8104c, not stripped
lib/modules/5.10.0-23-arm64/kernel/net/netfilter/ipvs/ip_vs_lblcr.ko	ELF 64-bit LSB relocatable, ARM aarch64, version 1 (SYSV), BuildID[sha1]=f1837e096bfb536e210df5da48480a24e38f2c7b, not stripped
lib/modules/5.10.0-23-arm64/kernel/net/netfilter/ipvs/ip_vs.ko	ELF 64-bit LSB relocatable, ARM aarch64, version 1 (SYSV), BuildID[sha1]=65ce65c43a50fecd03af3b5ca971b81ef9397452, not stripped
lib/modules/5.10.0-23-arm64/kernel/net/netfilter/ipvs/ip_vs_wrr.ko	ELF 64-bit LSB relocatable, ARM aarch64, version 1 (SYSV), BuildID[sha1]=018b0f711b9ddf1f1588918b398416349e071163, not stripped
lib/modules/5.10.0-23-arm64/kernel/net/netfilter/ipvs/ip_vs_dh.ko	ELF 64-bit LSB relocatable, ARM aarch64, version 1 (SYSV), BuildID[sha1]=a812594dc61fc3f9a2c4b4c2e56ac22461c54e72, not stripped
lib/modules/5.10.0-23-arm64/kernel/net/netfilter/ipvs/ip_vs_sed.ko	ELF 64-bit LSB relocatable, ARM aarch64, version 1 (SYSV), BuildID[sha1]=f85b3c680e610b8941548dcb58a5b61040a8bb8c, not stripped
lib/modules/5.10.0-23-arm64/kernel/net/netfilter/ipvs/ip_vs_lblc.ko	ELF 64-bit LSB relocatable, ARM aarch64, version 1 (SYSV), BuildID[sha1]=425671db95abb0cf39da57f4360f755c38b9fdad, not stripped
lib/modules/5.10.0-23-arm64/kernel/net/netfilter/ipvs/ip_vs_rr.ko	ELF 64-bit LSB relocatable, ARM aarch64, version 1 (SYSV), BuildID[sha1]=2bb5813a689970c6fe418424189fa45b2f53a80d, not stripped
lib/modules/5.10.0-23-arm64/kernel/net/netfilter/ipvs/ip_vs_ovf.ko	ELF 64-bit LSB relocatable, ARM aarch64, version 1 (SYSV), BuildID[sha1]=4d7577534d21d4ef49e4894cbe031715e64aef68, not stripped
lib/modules/5.10.0-23-arm64/kernel/net/netfilter/ipvs/ip_vs_ftp.ko	ELF 64-bit LSB relocatable, ARM aarch64, version 1 (SYSV), BuildID[sha1]=f6f9935f35af5996b8a12f0db5c538dc499672c4, not stripped
lib/modules/5.10.0-23-arm64/kernel/net/netfilter/ipvs/ip_vs_nq.ko	ELF 64-bit LSB relocatable, ARM aarch64, version 1 (SYSV), BuildID[sha1]=5f80e6d7db180c225dc377ca9b15fedb5e4c5e78, not stripped
lib/modules/5.10.0-23-arm64/kernel/net/netfilter/ipvs/ip_vs_sh.ko	ELF 64-bit LSB relocatable, ARM aarch64, version 1 (SYSV), BuildID[sha1]=04bff80f21470baed2469072bb2d95b4904d372b, not stripped
lib/modules/5.10.0-23-arm64/kernel/net/netfilter/ipvs/ip_vs_pe_sip.ko	ELF 64-bit LSB relocatable, ARM aarch64, version 1 (SYSV), BuildID[sha1]=92afe6c1940f90cdcb053cf4d99237689c832e62, not stripped
lib/modules/5.10.0-23-arm64/kernel/net/netfilter/ipvs/ip_vs_fo.ko	ELF 64-bit LSB relocatable, ARM aarch64, version 1 (SYSV), BuildID[sha1]=1bf6a06e3758acbe7613e3e957b2b3219899fd9a, not stripped
lib/modules/5.10.0-23-arm64/kernel/net/netfilter/xt_ecn.ko	ELF 64-bit LSB relocatable, ARM aarch64, version 1 (SYSV), BuildID[sha1]=419153aa726664655791e6d1bdc738f440c1e73b, not stripped
lib/modules/5.10.0-23-arm64/kernel/net/netfilter/xt_l2tp.ko	ELF 64-bit LSB relocatable, ARM aarch64, version 1 (SYSV), BuildID[sha1]=bbc4fcc8976471667bbf97bdd344bbb1feb5c796, not stripped
lib/modules/5.10.0-23-arm64/kernel/net/netfilter/xt_owner.ko	ELF 64-bit LSB relocatable, ARM aarch64, version 1 (SYSV), BuildID[sha1]=c8b88a0cfc619fd85ea46f673ef67f3476150bb1, not stripped
lib/modules/5.10.0-23-arm64/kernel/net/netfilter/xt_iprange.ko	ELF 64-bit LSB relocatable, ARM aarch64, version 1 (SYSV), BuildID[sha1]=5ba11348f01120bc65e1c67d63b2f1b8e0268d23, not stripped
lib/modules/5.10.0-23-arm64/kernel/net/netfilter/nfnetlink.ko	ELF 64-bit LSB relocatable, ARM aarch64, version 1 (SYSV), BuildID[sha1]=73f12639c94f5f89a5c09f16a620f1fe68b146f6, not stripped
lib/modules/5.10.0-23-arm64/kernel/net/netfilter/nft_queue.ko	ELF 64-bit LSB relocatable, ARM aarch64, version 1 (SYSV), BuildID[sha1]=25453ffddebe0d971808133f25ad6acbb3a1c91c, not stripped
lib/modules/5.10.0-23-arm64/kernel/net/netfilter/xt_hashlimit.ko	ELF 64-bit LSB relocatable, ARM aarch64, version 1 (SYSV), BuildID[sha1]=3f399c24460732613c997a0a7679c87731bb9042, not stripped
lib/modules/5.10.0-23-arm64/kernel/net/netfilter/xt_realm.ko	ELF 64-bit LSB relocatable, ARM aarch64, version 1 (SYSV), BuildID[sha1]=b45eae7d7edd449e00cf555465418c694cff8d61, not stripped
lib/modules/5.10.0-23-arm64/kernel/net/netfilter/xt_bpf.ko	ELF 64-bit LSB relocatable, ARM aarch64, version 1 (SYSV), BuildID[sha1]=cf747d775bc95a6b22c42d4ef3959e8dece7c96f, not stripped
lib/modules/5.10.0-23-arm64/kernel/net/netfilter/nft_fwd_netdev.ko	ELF 64-bit LSB relocatable, ARM aarch64, version 1 (SYSV), BuildID[sha1]=04527ec1c8e29b083bdda9332e46469b03d183c8, not stripped
lib/modules/5.10.0-23-arm64/kernel/net/netfilter/nf_conntrack_tftp.ko	ELF 64-bit LSB relocatable, ARM aarch64, version 1 (SYSV), BuildID[sha1]=71143d4c64621d20cac048c2e016999e4892718a, not stripped
lib/modules/5.10.0-23-arm64/kernel/net/netfilter/xt_ipvs.ko	ELF 64-bit LSB relocatable, ARM aarch64, version 1 (SYSV), BuildID[sha1]=158d3505465b03147a1c69cdf5b6a4799695dca2, not stripped
lib/modules/5.10.0-23-arm64/kernel/net/netfilter/xt_statistic.ko	ELF 64-bit LSB relocatable, ARM aarch64, version 1 (SYSV), BuildID[sha1]=998aa52cb7514ca845182978e9eaa488a1204db0, not stripped
lib/modules/5.10.0-23-arm64/kernel/net/netfilter/xt_multiport.ko	ELF 64-bit LSB relocatable, ARM aarch64, version 1 (SYSV), BuildID[sha1]=52e97f310e846d54c83476f82ea3d653a4de1bec, not stripped
lib/modules/5.10.0-23-arm64/kernel/net/netfilter/xt_CONNSECMARK.ko	ELF 64-bit LSB relocatable, ARM aarch64, version 1 (SYSV), BuildID[sha1]=7b96b0df1c82bf197722ddd599d8badc8ad468c3, not stripped
lib/modules/5.10.0-23-arm64/kernel/net/netfilter/nft_reject_inet.ko	ELF 64-bit LSB relocatable, ARM aarch64, version 1 (SYSV), BuildID[sha1]=4e9beaaf8e24106a77fe89c2656b15f9a47ef991, not stripped
lib/modules/5.10.0-23-arm64/kernel/net/netfilter/xt_NFQUEUE.ko	ELF 64-bit LSB relocatable, ARM aarch64, version 1 (SYSV), BuildID[sha1]=212e260e2a0bbd2a6e690cf903957bbf6f7f6044, not stripped
lib/modules/5.10.0-23-arm64/kernel/net/netfilter/nft_dup_netdev.ko	ELF 64-bit LSB relocatable, ARM aarch64, version 1 (SYSV), BuildID[sha1]=9655ef761fecc224366a9293c28ec2a40957b0c3, not stripped
lib/modules/5.10.0-23-arm64/kernel/net/netfilter/nft_counter.ko	ELF 64-bit LSB relocatable, ARM aarch64, version 1 (SYSV), BuildID[sha1]=c4394b44d4c1d246d76df2846689359fc7cf33a9, not stripped
lib/modules/5.10.0-23-arm64/kernel/net/netfilter/xt_SECMARK.ko	ELF 64-bit LSB relocatable, ARM aarch64, version 1 (SYSV), BuildID[sha1]=ea67f16bd711a0aa6f0db88a5d450ddeab9f2b31, not stripped
lib/modules/5.10.0-23-arm64/kernel/net/netfilter/xt_addrtype.ko	ELF 64-bit LSB relocatable, ARM aarch64, version 1 (SYSV), BuildID[sha1]=a7cf93477d405a258f44f84f22994314b083327b, not stripped
lib/modules/5.10.0-23-arm64/kernel/net/netfilter/nft_objref.ko	ELF 64-bit LSB relocatable, ARM aarch64, version 1 (SYSV), BuildID[sha1]=ae0d203e7bf420463dc9d4343b644d55babaf4ec, not stripped
lib/modules/5.10.0-23-arm64/kernel/net/netfilter/nf_conntrack_snmp.ko	ELF 64-bit LSB relocatable, ARM aarch64, version 1 (SYSV), BuildID[sha1]=eed336e955b47673d2b797711458cd4db72d8a5f, not stripped
lib/modules/5.10.0-23-arm64/kernel/net/netfilter/nf_nat_amanda.ko	ELF 64-bit LSB relocatable, ARM aarch64, version 1 (SYSV), BuildID[sha1]=32743c96a4225ca6cb05120e527292948124dd5a, not stripped
lib/modules/5.10.0-23-arm64/kernel/net/netfilter/xt_CLASSIFY.ko	ELF 64-bit LSB relocatable, ARM aarch64, version 1 (SYSV), BuildID[sha1]=dfd7cda28dd0dc6406a8a73f55aa92d008805278, not stripped
lib/modules/5.10.0-23-arm64/kernel/net/netfilter/xt_sctp.ko	ELF 64-bit LSB relocatable, ARM aarch64, version 1 (SYSV), BuildID[sha1]=e093d768247ba32517c7585e2b26cbe38f441b6b, not stripped
lib/modules/5.10.0-23-arm64/kernel/net/netfilter/nf_conntrack_amanda.ko	ELF 64-bit LSB relocatable, ARM aarch64, version 1 (SYSV), BuildID[sha1]=11ff87ef97a85fe97d4aa785e96c6062dae82825, not stripped
lib/modules/5.10.0-23-arm64/kernel/net/netfilter/xt_tcpudp.ko	ELF 64-bit LSB relocatable, ARM aarch64, version 1 (SYSV), BuildID[sha1]=68e85eb4df02eda74bb8a0587db29b192f0f03c1, not stripped
lib/modules/5.10.0-23-arm64/kernel/net/netfilter/nf_dup_netdev.ko	ELF 64-bit LSB relocatable, ARM aarch64, version 1 (SYSV), BuildID[sha1]=a9ceee623e1c80229e5eb75aac83636bbfbab8ac, not stripped
lib/modules/5.10.0-23-arm64/kernel/net/netfilter/xt_length.ko	ELF 64-bit LSB relocatable, ARM aarch64, version 1 (SYSV), BuildID[sha1]=7f7e41a79bdfa84636332d4e158b0315853cdcf8, not stripped
lib/modules/5.10.0-23-arm64/kernel/net/netfilter/xt_TCPOPTSTRIP.ko	ELF 64-bit LSB relocatable, ARM aarch64, version 1 (SYSV), BuildID[sha1]=01118663b931e393592b3a66d29a795297859453, not stripped
lib/modules/5.10.0-23-arm64/kernel/net/6lowpan/nhc_ghc_icmpv6.ko	ELF 64-bit LSB relocatable, ARM aarch64, version 1 (SYSV), BuildID[sha1]=710cca3a96ce94f9dd9b07fc79f1c4c11f63b948, not stripped
lib/modules/5.10.0-23-arm64/kernel/net/6lowpan/nhc_ghc_ext_route.ko	ELF 64-bit LSB relocatable, ARM aarch64, version 1 (SYSV), BuildID[sha1]=9d4b5423d67e91366d6057201f190027b8c507cb, not stripped
lib/modules/5.10.0-23-arm64/kernel/net/6lowpan/nhc_ipv6.ko	ELF 64-bit LSB relocatable, ARM aarch64, version 1 (SYSV), BuildID[sha1]=f8f800654eaac90c7c30da5638ba79b347998431, not stripped
lib/modules/5.10.0-23-arm64/kernel/net/6lowpan/nhc_fragment.ko	ELF 64-bit LSB relocatable, ARM aarch64, version 1 (SYSV), BuildID[sha1]=9d722bb9db685f86d1a3d4690b5dd9fc379353e2, not stripped
lib/modules/5.10.0-23-arm64/kernel/net/6lowpan/nhc_mobility.ko	ELF 64-bit LSB relocatable, ARM aarch64, version 1 (SYSV), BuildID[sha1]=e372836f443c68ec1aa8b135d88d1bc8d288e4b7, not stripped
lib/modules/5.10.0-23-arm64/kernel/net/6lowpan/nhc_dest.ko	ELF 64-bit LSB relocatable, ARM aarch64, version 1 (SYSV), BuildID[sha1]=eeaae6285a9b74476a342a6d3279bfb2fe1027ba, not stripped
lib/modules/5.10.0-23-arm64/kernel/net/6lowpan/nhc_ghc_ext_frag.ko	ELF 64-bit LSB relocatable, ARM aarch64, version 1 (SYSV), BuildID[sha1]=7150dccea12997a5253c6cf64b808c45a8c1211d, not stripped
lib/modules/5.10.0-23-arm64/kernel/net/6lowpan/nhc_routing.ko	ELF 64-bit LSB relocatable, ARM aarch64, version 1 (SYSV), BuildID[sha1]=3fd8216c2804a13567740b5375e4dda5c4af5c01, not stripped
lib/modules/5.10.0-23-arm64/kernel/net/6lowpan/nhc_hop.ko	ELF 64-bit LSB relocatable, ARM aarch64, version 1 (SYSV), BuildID[sha1]=86df3ef71170a1965850965fce5034135b7ae668, not stripped
lib/modules/5.10.0-23-arm64/kernel/net/6lowpan/nhc_ghc_udp.ko	ELF 64-bit LSB relocatable, ARM aarch64, version 1 (SYSV), BuildID[sha1]=d88353b0a472a1b6b63ec430685172d7346a5806, not stripped
lib/modules/5.10.0-23-arm64/kernel/net/6lowpan/nhc_ghc_ext_dest.ko	ELF 64-bit LSB relocatable, ARM aarch64, version 1 (SYSV), BuildID[sha1]=721630d5f89c60bd7df113f45a706388fa07e76d, not stripped
lib/modules/5.10.0-23-arm64/kernel/net/6lowpan/nhc_ghc_ext_hop.ko	ELF 64-bit LSB relocatable, ARM aarch64, version 1 (SYSV), BuildID[sha1]=565b7961d41e0bcf88485fdf046162040b0a99fd, not stripped
lib/modules/5.10.0-23-arm64/kernel/net/6lowpan/nhc_udp.ko	ELF 64-bit LSB relocatable, ARM aarch64, version 1 (SYSV), BuildID[sha1]=5844bd4dbe2ac836570cb4e43634d79ac74631fd, not stripped
lib/modules/5.10.0-23-arm64/kernel/net/6lowpan/6lowpan.ko	ELF 64-bit LSB relocatable, ARM aarch64, version 1 (SYSV), BuildID[sha1]=77d98562b0db0d2063f0ad18ccf3e7e1979b3f84, not stripped
lib/modules/5.10.0-23-arm64/kernel/net/sched/act_gate.ko	ELF 64-bit LSB relocatable, ARM aarch64, version 1 (SYSV), BuildID[sha1]=640d02c902bc25938bccbaddbc3c15acf0a2ab8f, not stripped
lib/modules/5.10.0-23-arm64/kernel/net/sched/sch_taprio.ko	ELF 64-bit LSB relocatable, ARM aarch64, version 1 (SYSV), BuildID[sha1]=2d7ae6f12f08e0f0d0c2efda25e31c62a09d7861, not stripped
lib/modules/5.10.0-23-arm64/kernel/net/sched/em_ipt.ko	ELF 64-bit LSB relocatable, ARM aarch64, version 1 (SYSV), BuildID[sha1]=7e8cd8d5216aa82836b970cf91a70fef827d2e07, not stripped
lib/modules/5.10.0-23-arm64/kernel/net/sched/sch_cbq.ko	ELF 64-bit LSB relocatable, ARM aarch64, version 1 (SYSV), BuildID[sha1]=de020e0c154c6399f905b5e55a8f21ce7d285252, not stripped
lib/modules/5.10.0-23-arm64/kernel/net/sched/sch_htb.ko	ELF 64-bit LSB relocatable, ARM aarch64, version 1 (SYSV), BuildID[sha1]=e6a0feaeb825feb314ce132e47afc501e6b7b26b, not stripped
lib/modules/5.10.0-23-arm64/kernel/net/sched/em_canid.ko	ELF 64-bit LSB relocatable, ARM aarch64, version 1 (SYSV), BuildID[sha1]=8eb026c1687f621c2f737c095385e1a5ae843c22, not stripped
lib/modules/5.10.0-23-arm64/kernel/net/sched/act_vlan.ko	ELF 64-bit LSB relocatable, ARM aarch64, version 1 (SYSV), BuildID[sha1]=b7094426e168a248bef2bb375c60c7837fa636d2, not stripped
lib/modules/5.10.0-23-arm64/kernel/net/sched/act_connmark.ko	ELF 64-bit LSB relocatable, ARM aarch64, version 1 (SYSV), BuildID[sha1]=b7e2aca21c4b6c7b79cf89243b595482e493efb8, not stripped
lib/modules/5.10.0-23-arm64/kernel/net/sched/sch_dsmark.ko	ELF 64-bit LSB relocatable, ARM aarch64, version 1 (SYSV), BuildID[sha1]=d60dff9124688c03473014a852e5a32f32d39777, not stripped
lib/modules/5.10.0-23-arm64/kernel/net/sched/sch_hfsc.ko	ELF 64-bit LSB relocatable, ARM aarch64, version 1 (SYSV), BuildID[sha1]=d9a0b7cb61b0dffb4ff4b85c5f01fa0bfae11c4f, not stripped
lib/modules/5.10.0-23-arm64/kernel/net/sched/sch_qfq.ko	ELF 64-bit LSB relocatable, ARM aarch64, version 1 (SYSV), BuildID[sha1]=b22296ce1ce94a955e4a048533fc0d7c4127c0a4, not stripped
lib/modules/5.10.0-23-arm64/kernel/net/sched/act_csum.ko	ELF 64-bit LSB relocatable, ARM aarch64, version 1 (SYSV), BuildID[sha1]=78fc8758fadab4ea6e1207e7990da1fc2b232cfb, not stripped
lib/modules/5.10.0-23-arm64/kernel/net/sched/act_bpf.ko	ELF 64-bit LSB relocatable, ARM aarch64, version 1 (SYSV), BuildID[sha1]=5ed579dcd37dadf62356ff5d08be5053c183d194, not stripped
lib/modules/5.10.0-23-arm64/kernel/net/sched/sch_ingress.ko	ELF 64-bit LSB relocatable, ARM aarch64, version 1 (SYSV), BuildID[sha1]=49fc3fe3a3b223552c465c51764f692172182d7a, not stripped
lib/modules/5.10.0-23-arm64/kernel/net/sched/sch_mqprio.ko	ELF 64-bit LSB relocatable, ARM aarch64, version 1 (SYSV), BuildID[sha1]=15af29e548847e971907708d0249defef87268fb, not stripped
lib/modules/5.10.0-23-arm64/kernel/net/sched/cls_u32.ko	ELF 64-bit LSB relocatable, ARM aarch64, version 1 (SYSV), BuildID[sha1]=48af5860e435b08e4adbc681efa361cf9758756e, not stripped
lib/modules/5.10.0-23-arm64/kernel/net/sched/sch_pie.ko	ELF 64-bit LSB relocatable, ARM aarch64, version 1 (SYSV), BuildID[sha1]=180f1f255be9dded649eff5cb76155859ad398a2, not stripped
lib/modules/5.10.0-23-arm64/kernel/net/sched/sch_ets.ko	ELF 64-bit LSB relocatable, ARM aarch64, version 1 (SYSV), BuildID[sha1]=e3835ba0b79ebf5598764a62ae63ddd37e21fa30, not stripped
lib/modules/5.10.0-23-arm64/kernel/net/sched/sch_cbs.ko	ELF 64-bit LSB relocatable, ARM aarch64, version 1 (SYSV), BuildID[sha1]=79ecfce1e865815ebc72e6cac5f7ca3acb35928d, not stripped
lib/modules/5.10.0-23-arm64/kernel/net/sched/sch_sfq.ko	ELF 64-bit LSB relocatable, ARM aarch64, version 1 (SYSV), BuildID[sha1]=1b56a27d85a9fed1538e81fc611535f580bdca29, not stripped
lib/modules/5.10.0-23-arm64/kernel/net/sched/sch_choke.ko	ELF 64-bit LSB relocatable, ARM aarch64, version 1 (SYSV), BuildID[sha1]=2679521734b071da0c0ef836fac2056c8dad2efc, not stripped
lib/modules/5.10.0-23-arm64/kernel/net/sched/act_skbmod.ko	ELF 64-bit LSB relocatable, ARM aarch64, version 1 (SYSV), BuildID[sha1]=232866770d2bbf6f2d83790a2f6feb35b278662d, not stripped
lib/modules/5.10.0-23-arm64/kernel/net/sched/act_sample.ko	ELF 64-bit LSB relocatable, ARM aarch64, version 1 (SYSV), BuildID[sha1]=f887441c4558ab4ae0695c2fdf99acd40793678a, not stripped
lib/modules/5.10.0-23-arm64/kernel/net/sched/sch_skbprio.ko	ELF 64-bit LSB relocatable, ARM aarch64, version 1 (SYSV), BuildID[sha1]=bab77b0299f55f7c525a8c5d73697fd0b0041d19, not stripped
lib/modules/5.10.0-23-arm64/kernel/net/sched/cls_rsvp6.ko	ELF 64-bit LSB relocatable, ARM aarch64, version 1 (SYSV), BuildID[sha1]=d7822b7deb7762983c71a15121fcec86e7126ac3, not stripped
lib/modules/5.10.0-23-arm64/kernel/net/sched/em_u32.ko	ELF 64-bit LSB relocatable, ARM aarch64, version 1 (SYSV), BuildID[sha1]=2bc9cb776df28472d74f60640eafb643d147eea9, not stripped
lib/modules/5.10.0-23-arm64/kernel/net/sched/sch_cake.ko	ELF 64-bit LSB relocatable, ARM aarch64, version 1 (SYSV), BuildID[sha1]=c3c1d7fe1c013a91309e61b36098efbe9c160592, not stripped
lib/modules/5.10.0-23-arm64/kernel/net/sched/sch_plug.ko	ELF 64-bit LSB relocatable, ARM aarch64, version 1 (SYSV), BuildID[sha1]=aba6c55e0bf9c4f76cd34ce094fcef1575ed703d, not stripped
lib/modules/5.10.0-23-arm64/kernel/net/sched/act_mpls.ko	ELF 64-bit LSB relocatable, ARM aarch64, version 1 (SYSV), BuildID[sha1]=770c40391341d5ae41cb7bf38b6bf970d82c30a2, not stripped
lib/modules/5.10.0-23-arm64/kernel/net/sched/sch_etf.ko	ELF 64-bit LSB relocatable, ARM aarch64, version 1 (SYSV), BuildID[sha1]=a6d4c13f7eea87caf1a6e1399a9795e7af088009, not stripped
lib/modules/5.10.0-23-arm64/kernel/net/sched/em_ipset.ko	ELF 64-bit LSB relocatable, ARM aarch64, version 1 (SYSV), BuildID[sha1]=1997dbc65f5ce49709acf84ae8f75e529ff42205, not stripped
lib/modules/5.10.0-23-arm64/kernel/net/sched/sch_sfb.ko	ELF 64-bit LSB relocatable, ARM aarch64, version 1 (SYSV), BuildID[sha1]=3f5d5fd329cc5d8dd8bbc92afa8c41ebfac822c6, not stripped
lib/modules/5.10.0-23-arm64/kernel/net/sched/act_mirred.ko	ELF 64-bit LSB relocatable, ARM aarch64, version 1 (SYSV), BuildID[sha1]=ebb9cc4b6afefeea2cdaf6bf4c033649080456a8, not stripped
lib/modules/5.10.0-23-arm64/kernel/net/sched/act_police.ko	ELF 64-bit LSB relocatable, ARM aarch64, version 1 (SYSV), BuildID[sha1]=49e0f7cb321947d36afa0e76f0505b7ab73e4bbb, not stripped
lib/modules/5.10.0-23-arm64/kernel/net/sched/act_skbedit.ko	ELF 64-bit LSB relocatable, ARM aarch64, version 1 (SYSV), BuildID[sha1]=fcaf1b4b3268331750ddc727d791af694c8932a7, not stripped
lib/modules/5.10.0-23-arm64/kernel/net/sched/act_ife.ko	ELF 64-bit LSB relocatable, ARM aarch64, version 1 (SYSV), BuildID[sha1]=5428ab622485df4bf137c57e3927e102bfa9a1a9, not stripped
lib/modules/5.10.0-23-arm64/kernel/net/sched/sch_tbf.ko	ELF 64-bit LSB relocatable, ARM aarch64, version 1 (SYSV), BuildID[sha1]=fae260c09316317ed399340135a030fea9846084, not stripped
lib/modules/5.10.0-23-arm64/kernel/net/sched/act_meta_skbprio.ko	ELF 64-bit LSB relocatable, ARM aarch64, version 1 (SYSV), BuildID[sha1]=b3688b3ec3d79d3ac9eb446a695cc1aec4b6a69b, not stripped
lib/modules/5.10.0-23-arm64/kernel/net/sched/act_nat.ko	ELF 64-bit LSB relocatable, ARM aarch64, version 1 (SYSV), BuildID[sha1]=36e1cd0c13f5716e48ecaed3004bbbde870cb393, not stripped
lib/modules/5.10.0-23-arm64/kernel/net/sched/cls_matchall.ko	ELF 64-bit LSB relocatable, ARM aarch64, version 1 (SYSV), BuildID[sha1]=4bad37db8c1124b8e67765fceb7f9cb9d68ef2fb, not stripped
lib/modules/5.10.0-23-arm64/kernel/net/sched/sch_prio.ko	ELF 64-bit LSB relocatable, ARM aarch64, version 1 (SYSV), BuildID[sha1]=6dfb7159561615ee1ce7e58e4cfb8878d50ab59a, not stripped
lib/modules/5.10.0-23-arm64/kernel/net/sched/sch_codel.ko	ELF 64-bit LSB relocatable, ARM aarch64, version 1 (SYSV), BuildID[sha1]=a4bdac586a6b0a24b1e82f6522added5f821d742, not stripped
lib/modules/5.10.0-23-arm64/kernel/net/sched/act_meta_skbtcindex.ko	ELF 64-bit LSB relocatable, ARM aarch64, version 1 (SYSV), BuildID[sha1]=b3a103379491d765facad75574b7e14895ae0329, not stripped
lib/modules/5.10.0-23-arm64/kernel/net/sched/cls_fw.ko	ELF 64-bit LSB relocatable, ARM aarch64, version 1 (SYSV), BuildID[sha1]=b321d59e8ed8b1bcb1ba5589515780772d6f7ad0, not stripped
lib/modules/5.10.0-23-arm64/kernel/net/sched/cls_flow.ko	ELF 64-bit LSB relocatable, ARM aarch64, version 1 (SYSV), BuildID[sha1]=1552e4f3ac6dbf7d4c3fbe07743b026b080caab8, not stripped
lib/modules/5.10.0-23-arm64/kernel/net/sched/act_simple.ko	ELF 64-bit LSB relocatable, ARM aarch64, version 1 (SYSV), BuildID[sha1]=b875610c39f01f98c92116957cc1f73d120b56a7, not stripped
lib/modules/5.10.0-23-arm64/kernel/net/sched/act_gact.ko	ELF 64-bit LSB relocatable, ARM aarch64, version 1 (SYSV), BuildID[sha1]=d92c0207bc2cfd706a32338b8b1407743a388bff, not stripped
lib/modules/5.10.0-23-arm64/kernel/net/sched/act_ipt.ko	ELF 64-bit LSB relocatable, ARM aarch64, version 1 (SYSV), BuildID[sha1]=a2de6dea8703d0a4824d747d929bc2509b128485, not stripped
lib/modules/5.10.0-23-arm64/kernel/net/sched/cls_rsvp.ko	ELF 64-bit LSB relocatable, ARM aarch64, version 1 (SYSV), BuildID[sha1]=be55c9031808d0c51689fa904c4b027e2a7dcb21, not stripped
lib/modules/5.10.0-23-arm64/kernel/net/sched/sch_teql.ko	ELF 64-bit LSB relocatable, ARM aarch64, version 1 (SYSV), BuildID[sha1]=a159fb8eb5ca57ad01ef9589ef082e291848ace1, not stripped
lib/modules/5.10.0-23-arm64/kernel/net/sched/sch_gred.ko	ELF 64-bit LSB relocatable, ARM aarch64, version 1 (SYSV), BuildID[sha1]=e356295785fa2b6ba466b295604c2fb8d4a2ebac, not stripped
lib/modules/5.10.0-23-arm64/kernel/net/sched/act_ct.ko	ELF 64-bit LSB relocatable, ARM aarch64, version 1 (SYSV), BuildID[sha1]=0d954ef042a5639040c500f6edb06a0cce9f526f, not stripped
lib/modules/5.10.0-23-arm64/kernel/net/sched/em_meta.ko	ELF 64-bit LSB relocatable, ARM aarch64, version 1 (SYSV), BuildID[sha1]=4d3aec2ed58a997d801f4f4bf91ed0fc6fb37494, not stripped
lib/modules/5.10.0-23-arm64/kernel/net/sched/sch_multiq.ko	ELF 64-bit LSB relocatable, ARM aarch64, version 1 (SYSV), BuildID[sha1]=da1104bb45e27fc6e94d875350ca0f746a105edf, not stripped
lib/modules/5.10.0-23-arm64/kernel/net/sched/cls_bpf.ko	ELF 64-bit LSB relocatable, ARM aarch64, version 1 (SYSV), BuildID[sha1]=752e638737e439dca47b8a1292fb21cc287ba08f, not stripped
lib/modules/5.10.0-23-arm64/kernel/net/sched/em_text.ko	ELF 64-bit LSB relocatable, ARM aarch64, version 1 (SYSV), BuildID[sha1]=7e80bfd53ec494d06653c9b30110e654f36374ec, not stripped
lib/modules/5.10.0-23-arm64/kernel/net/sched/cls_cgroup.ko	ELF 64-bit LSB relocatable, ARM aarch64, version 1 (SYSV), BuildID[sha1]=8530bc7325646b3f38dd1a58f647ec97548fd2b3, not stripped
lib/modules/5.10.0-23-arm64/kernel/net/sched/sch_red.ko	ELF 64-bit LSB relocatable, ARM aarch64, version 1 (SYSV), BuildID[sha1]=56581b64469096c37ef9903e8ac90b72842285dd, not stripped
lib/modules/5.10.0-23-arm64/kernel/net/sched/em_cmp.ko	ELF 64-bit LSB relocatable, ARM aarch64, version 1 (SYSV), BuildID[sha1]=7c30c984d9db7794ab6647cf08ac3875b382d4a1, not stripped
lib/modules/5.10.0-23-arm64/kernel/net/sched/sch_netem.ko	ELF 64-bit LSB relocatable, ARM aarch64, version 1 (SYSV), BuildID[sha1]=29a29f8690522ae3b549982cb23697048287695a, not stripped
lib/modules/5.10.0-23-arm64/kernel/net/sched/act_ctinfo.ko	ELF 64-bit LSB relocatable, ARM aarch64, version 1 (SYSV), BuildID[sha1]=aca1317556c6105e820fdece1d95f30909c2dd33, not stripped
lib/modules/5.10.0-23-arm64/kernel/net/sched/cls_flower.ko	ELF 64-bit LSB relocatable, ARM aarch64, version 1 (SYSV), BuildID[sha1]=5db71643ee58a9a386837cd80fd69e1be359d8a4, not stripped
lib/modules/5.10.0-23-arm64/kernel/net/sched/cls_route.ko	ELF 64-bit LSB relocatable, ARM aarch64, version 1 (SYSV), BuildID[sha1]=5ab1fb9b46c141dd9b66aef86f04ff40427bc08b, not stripped
lib/modules/5.10.0-23-arm64/kernel/net/sched/sch_fq_codel.ko	ELF 64-bit LSB relocatable, ARM aarch64, version 1 (SYSV), BuildID[sha1]=28119b115e31982e34fe57569941e31847e70c74, not stripped
lib/modules/5.10.0-23-arm64/kernel/net/sched/act_meta_mark.ko	ELF 64-bit LSB relocatable, ARM aarch64, version 1 (SYSV), BuildID[sha1]=d09597315e747891db598ae2980d038db210cae9, not stripped
lib/modules/5.10.0-23-arm64/kernel/net/sched/sch_hhf.ko	ELF 64-bit LSB relocatable, ARM aarch64, version 1 (SYSV), BuildID[sha1]=7745835fbc6cc9581deff2935aee4c67ce1be9a1, not stripped
lib/modules/5.10.0-23-arm64/kernel/net/sched/sch_atm.ko	ELF 64-bit LSB relocatable, ARM aarch64, version 1 (SYSV), BuildID[sha1]=adc8f111a056517d6496c0fed0f22a6b511af799, not stripped
lib/modules/5.10.0-23-arm64/kernel/net/sched/act_pedit.ko	ELF 64-bit LSB relocatable, ARM aarch64, version 1 (SYSV), BuildID[sha1]=6d2ffa7e4950db400a283b541c292989bd9eb9d8, not stripped
lib/modules/5.10.0-23-arm64/kernel/net/sched/act_tunnel_key.ko	ELF 64-bit LSB relocatable, ARM aarch64, version 1 (SYSV), BuildID[sha1]=813190199855049b98d6f516b0d11aaa4505afee, not stripped
lib/modules/5.10.0-23-arm64/kernel/net/sched/sch_fq.ko	ELF 64-bit LSB relocatable, ARM aarch64, version 1 (SYSV), BuildID[sha1]=68a6cf6e9e1853ee1b27354b5f7bc92f080391ed, not stripped
lib/modules/5.10.0-23-arm64/kernel/net/sched/sch_fq_pie.ko	ELF 64-bit LSB relocatable, ARM aarch64, version 1 (SYSV), BuildID[sha1]=a6b939d2d1021270253a5c2bff563240154ca4a8, not stripped
lib/modules/5.10.0-23-arm64/kernel/net/sched/sch_drr.ko	ELF 64-bit LSB relocatable, ARM aarch64, version 1 (SYSV), BuildID[sha1]=6d42a267f1fb44900290bd8865e728dcc3d175ea, not stripped
lib/modules/5.10.0-23-arm64/kernel/net/sched/em_nbyte.ko	ELF 64-bit LSB relocatable, ARM aarch64, version 1 (SYSV), BuildID[sha1]=6f7933a8a7950effc866691dbed4ae812408959a, not stripped
lib/modules/5.10.0-23-arm64/kernel/net/sched/cls_basic.ko	ELF 64-bit LSB relocatable, ARM aarch64, version 1 (SYSV), BuildID[sha1]=ab0ebb65672a585c586d476ad348967a07f6cb13, not stripped
lib/modules/5.10.0-23-arm64/kernel/net/rose/rose.ko	ELF 64-bit LSB relocatable, ARM aarch64, version 1 (SYSV), BuildID[sha1]=03ed635a66a4f6117922173b5d942d77eac0da53, not stripped
lib/modules/5.10.0-23-arm64/kernel/net/sctp/sctp.ko	ELF 64-bit LSB relocatable, ARM aarch64, version 1 (SYSV), BuildID[sha1]=8449be5cb776ffe4ad5eadf8e49d20b2b86977e4, not stripped
lib/modules/5.10.0-23-arm64/kernel/net/sctp/sctp_diag.ko	ELF 64-bit LSB relocatable, ARM aarch64, version 1 (SYSV), BuildID[sha1]=0b2681f12f8fdae5ff2e663c320141b715ed9617, not stripped
lib/modules/5.10.0-23-arm64/kernel/net/bluetooth/hidp/hidp.ko	ELF 64-bit LSB relocatable, ARM aarch64, version 1 (SYSV), BuildID[sha1]=075dab7ebf9b82aa53ddb2e8adb473ad3df0904a, not stripped
lib/modules/5.10.0-23-arm64/kernel/net/bluetooth/bluetooth.ko	ELF 64-bit LSB relocatable, ARM aarch64, version 1 (SYSV), BuildID[sha1]=0ad49701a9ac6a894c342ce217d821d56ec19a15, not stripped
lib/modules/5.10.0-23-arm64/kernel/net/bluetooth/bluetooth_6lowpan.ko	ELF 64-bit LSB relocatable, ARM aarch64, version 1 (SYSV), BuildID[sha1]=92a75a54c3c4fd089e9f8de2bd78c38d307065de, not stripped
lib/modules/5.10.0-23-arm64/kernel/net/bluetooth/rfcomm/rfcomm.ko	ELF 64-bit LSB relocatable, ARM aarch64, version 1 (SYSV), BuildID[sha1]=3faf7b1a6b86f8ff7d97fc700bbaec3bf43b8444, not stripped
lib/modules/5.10.0-23-arm64/kernel/net/bluetooth/bnep/bnep.ko	ELF 64-bit LSB relocatable, ARM aarch64, version 1 (SYSV), BuildID[sha1]=438d6566f58247af8fa19e20c5fc09bd37568d19, not stripped
lib/modules/5.10.0-23-arm64/kernel/net/phonet/phonet.ko	ELF 64-bit LSB relocatable, ARM aarch64, version 1 (SYSV), BuildID[sha1]=12dc9e3d889ff6b341ed5103cdbbd33719dffc61, not stripped
lib/modules/5.10.0-23-arm64/kernel/net/phonet/pn_pep.ko	ELF 64-bit LSB relocatable, ARM aarch64, version 1 (SYSV), BuildID[sha1]=ee10666d0bf9b4a620acf5aa4b0670cdebcd3de0, not stripped
lib/modules/5.10.0-23-arm64/kernel/net/8021q/8021q.ko	ELF 64-bit LSB relocatable, ARM aarch64, version 1 (SYSV), BuildID[sha1]=2a0aaadd5ef5eccc40eccbea6d26ea8a1894cc0c, not stripped
lib/modules/5.10.0-23-arm64/kernel/net/l2tp/l2tp_core.ko	ELF 64-bit LSB relocatable, ARM aarch64, version 1 (SYSV), BuildID[sha1]=4fe8a5a0ef738c04815019fb55c62492dea23093, not stripped
lib/modules/5.10.0-23-arm64/kernel/net/l2tp/l2tp_debugfs.ko	ELF 64-bit LSB relocatable, ARM aarch64, version 1 (SYSV), BuildID[sha1]=b75f23dfa5d09653aa2ff8f0ba4dd06921fd6a9b, not stripped
lib/modules/5.10.0-23-arm64/kernel/net/l2tp/l2tp_eth.ko	ELF 64-bit LSB relocatable, ARM aarch64, version 1 (SYSV), BuildID[sha1]=5d8d57e563c6a90f290dc18d6bab2ebe955e41ac, not stripped
lib/modules/5.10.0-23-arm64/kernel/net/l2tp/l2tp_netlink.ko	ELF 64-bit LSB relocatable, ARM aarch64, version 1 (SYSV), BuildID[sha1]=78fca8dab65a9afb60957e729ce459337e5510c6, not stripped
lib/modules/5.10.0-23-arm64/kernel/net/l2tp/l2tp_ip6.ko	ELF 64-bit LSB relocatable, ARM aarch64, version 1 (SYSV), BuildID[sha1]=5848d0294854db224e4276aae13e3270ff96184b, not stripped
lib/modules/5.10.0-23-arm64/kernel/net/l2tp/l2tp_ip.ko	ELF 64-bit LSB relocatable, ARM aarch64, version 1 (SYSV), BuildID[sha1]=8dfefc1000fbbfe4a80a042fd115f9ddb9a479bd, not stripped
lib/modules/5.10.0-23-arm64/kernel/net/l2tp/l2tp_ppp.ko	ELF 64-bit LSB relocatable, ARM aarch64, version 1 (SYSV), BuildID[sha1]=0bc66778d1584a6bde51c061966e2c83d390a14c, not stripped
lib/modules/5.10.0-23-arm64/kernel/net/tipc/diag.ko	ELF 64-bit LSB relocatable, ARM aarch64, version 1 (SYSV), BuildID[sha1]=0a9b44028de6dd20c3ca91a84633dcdca6ea9659, not stripped
lib/modules/5.10.0-23-arm64/kernel/net/tipc/tipc.ko	ELF 64-bit LSB relocatable, ARM aarch64, version 1 (SYSV), BuildID[sha1]=f271695f0c24974913d65d5eb3b65414b7f8128d, not stripped
lib/modules/5.10.0-23-arm64/kernel/net/nfc/nfc_digital.ko	ELF 64-bit LSB relocatable, ARM aarch64, version 1 (SYSV), BuildID[sha1]=4d474c168caf9e75d67756392f231084340fb9bc, not stripped
lib/modules/5.10.0-23-arm64/kernel/net/nfc/nfc.ko	ELF 64-bit LSB relocatable, ARM aarch64, version 1 (SYSV), BuildID[sha1]=b31447ac8b63ab20a2ce230c63b173c86e88a3a5, not stripped
lib/modules/5.10.0-23-arm64/kernel/net/xfrm/xfrm_interface.ko	ELF 64-bit LSB relocatable, ARM aarch64, version 1 (SYSV), BuildID[sha1]=a357360a3a3dfb389ab246308db0ce7f610f09a3, not stripped
lib/modules/5.10.0-23-arm64/kernel/net/xfrm/xfrm_ipcomp.ko	ELF 64-bit LSB relocatable, ARM aarch64, version 1 (SYSV), BuildID[sha1]=11a8aef138d655106cf0362b9ad7c5e967914c0c, not stripped
lib/modules/5.10.0-23-arm64/kernel/net/xfrm/xfrm_algo.ko	ELF 64-bit LSB relocatable, ARM aarch64, version 1 (SYSV), BuildID[sha1]=52f3044528d87a990eeb3e29892a5aa7cb3e6282, not stripped
lib/modules/5.10.0-23-arm64/kernel/net/xfrm/xfrm_user.ko	ELF 64-bit LSB relocatable, ARM aarch64, version 1 (SYSV), BuildID[sha1]=240dc066a38bcf9f22a57aa4e020b1b2bcfe2848, not stripped
lib/modules/5.10.0-23-arm64/kernel/net/802/stp.ko	ELF 64-bit LSB relocatable, ARM aarch64, version 1 (SYSV), BuildID[sha1]=a8e0dd98d3e8cd316f3582588b7d4ad61592ef73, not stripped
lib/modules/5.10.0-23-arm64/kernel/net/802/garp.ko	ELF 64-bit LSB relocatable, ARM aarch64, version 1 (SYSV), BuildID[sha1]=90a5a5814c7290f32a4f3d6c69dce7b798ad0dfc, not stripped
lib/modules/5.10.0-23-arm64/kernel/net/802/p8022.ko	ELF 64-bit LSB relocatable, ARM aarch64, version 1 (SYSV), BuildID[sha1]=dfee494d9feec919729987cb86ea40ed9c025706, not stripped
lib/modules/5.10.0-23-arm64/kernel/net/802/mrp.ko	ELF 64-bit LSB relocatable, ARM aarch64, version 1 (SYSV), BuildID[sha1]=7631e90b89e68ad0b024d3fb03285479daddd600, not stripped
lib/modules/5.10.0-23-arm64/kernel/net/802/psnap.ko	ELF 64-bit LSB relocatable, ARM aarch64, version 1 (SYSV), BuildID[sha1]=c538562647f092d2ed193fb3eb431b35fdffd416, not stripped
lib/modules/5.10.0-23-arm64/kernel/net/bridge/netfilter/ebt_redirect.ko	ELF 64-bit LSB relocatable, ARM aarch64, version 1 (SYSV), BuildID[sha1]=117c71fb16cbe5eb91b49918c7b6fc982e726455, not stripped
lib/modules/5.10.0-23-arm64/kernel/net/bridge/netfilter/ebt_vlan.ko	ELF 64-bit LSB relocatable, ARM aarch64, version 1 (SYSV), BuildID[sha1]=8dba2d8773a826c49bb279ac348b7ccadf49ec58, not stripped
lib/modules/5.10.0-23-arm64/kernel/net/bridge/netfilter/ebtable_filter.ko	ELF 64-bit LSB relocatable, ARM aarch64, version 1 (SYSV), BuildID[sha1]=33c86cd3775854c6961ce2f1321bbdae6bd2aabc, not stripped
lib/modules/5.10.0-23-arm64/kernel/net/bridge/netfilter/nf_log_bridge.ko	ELF 64-bit LSB relocatable, ARM aarch64, version 1 (SYSV), BuildID[sha1]=130e7f5b64abbac75a8a0ccfbfdcc269a90ae4ac, not stripped
lib/modules/5.10.0-23-arm64/kernel/net/bridge/netfilter/ebt_mark.ko	ELF 64-bit LSB relocatable, ARM aarch64, version 1 (SYSV), BuildID[sha1]=25cd090af609dbebdcd836f0fabc34cf98f52890, not stripped
lib/modules/5.10.0-23-arm64/kernel/net/bridge/netfilter/ebt_log.ko	ELF 64-bit LSB relocatable, ARM aarch64, version 1 (SYSV), BuildID[sha1]=fe4414ea06c3d1e59b6f4d0a2eafa0ff8bbd6610, not stripped
lib/modules/5.10.0-23-arm64/kernel/net/bridge/netfilter/ebt_arp.ko	ELF 64-bit LSB relocatable, ARM aarch64, version 1 (SYSV), BuildID[sha1]=f12e65e3a0b8364020ab9be9586ff8df8c9dbb08, not stripped
lib/modules/5.10.0-23-arm64/kernel/net/bridge/netfilter/nf_conntrack_bridge.ko	ELF 64-bit LSB relocatable, ARM aarch64, version 1 (SYSV), BuildID[sha1]=2981551a2d15bdead67fd77e4b3ed3e352faaa22, not stripped
lib/modules/5.10.0-23-arm64/kernel/net/bridge/netfilter/ebtables.ko	ELF 64-bit LSB relocatable, ARM aarch64, version 1 (SYSV), BuildID[sha1]=fc019d037d60178c1ecb5dd03caacdfae29f78e2, not stripped
lib/modules/5.10.0-23-arm64/kernel/net/bridge/netfilter/ebt_among.ko	ELF 64-bit LSB relocatable, ARM aarch64, version 1 (SYSV), BuildID[sha1]=bc345937fa7bb70c48ba2bef64e995b1ca7d8468, not stripped
lib/modules/5.10.0-23-arm64/kernel/net/bridge/netfilter/ebt_dnat.ko	ELF 64-bit LSB relocatable, ARM aarch64, version 1 (SYSV), BuildID[sha1]=919a91eed452c91d1b6a5d517f5cebf1f1c519e5, not stripped
lib/modules/5.10.0-23-arm64/kernel/net/bridge/netfilter/ebtable_broute.ko	ELF 64-bit LSB relocatable, ARM aarch64, version 1 (SYSV), BuildID[sha1]=c85a3bda01472f3dc25a3d1fd665847bd23d6d01, not stripped
lib/modules/5.10.0-23-arm64/kernel/net/bridge/netfilter/ebt_limit.ko	ELF 64-bit LSB relocatable, ARM aarch64, version 1 (SYSV), BuildID[sha1]=4b4911999ee0dfccaf742ada25f5ec05bf1ea3f3, not stripped
lib/modules/5.10.0-23-arm64/kernel/net/bridge/netfilter/ebtable_nat.ko	ELF 64-bit LSB relocatable, ARM aarch64, version 1 (SYSV), BuildID[sha1]=fa69e9598e0e2ae2e8adf3c7c7fea3bb4afbe61c, not stripped
lib/modules/5.10.0-23-arm64/kernel/net/bridge/netfilter/ebt_802_3.ko	ELF 64-bit LSB relocatable, ARM aarch64, version 1 (SYSV), BuildID[sha1]=b5da8afa5f37f83e7c826112876951bc779e6e2c, not stripped
lib/modules/5.10.0-23-arm64/kernel/net/bridge/netfilter/ebt_stp.ko	ELF 64-bit LSB relocatable, ARM aarch64, version 1 (SYSV), BuildID[sha1]=61b9051cc71092ca64617bea03de9ef5de3200a4, not stripped
lib/modules/5.10.0-23-arm64/kernel/net/bridge/netfilter/nft_reject_bridge.ko	ELF 64-bit LSB relocatable, ARM aarch64, version 1 (SYSV), BuildID[sha1]=8080fa519a11938ae34ff8d079a721f276998f18, not stripped
lib/modules/5.10.0-23-arm64/kernel/net/bridge/netfilter/ebt_ip6.ko	ELF 64-bit LSB relocatable, ARM aarch64, version 1 (SYSV), BuildID[sha1]=c4532b62db68d220b7bdc2761386b916f2f2ceb5, not stripped
lib/modules/5.10.0-23-arm64/kernel/net/bridge/netfilter/nft_meta_bridge.ko	ELF 64-bit LSB relocatable, ARM aarch64, version 1 (SYSV), BuildID[sha1]=e8ee60a7588a5f9209b8f4418577e0210bc258a2, not stripped
lib/modules/5.10.0-23-arm64/kernel/net/bridge/netfilter/ebt_pkttype.ko	ELF 64-bit LSB relocatable, ARM aarch64, version 1 (SYSV), BuildID[sha1]=2253b6fab1b76cd2b0e1ef5e38c5af067dbb4bb2, not stripped
lib/modules/5.10.0-23-arm64/kernel/net/bridge/netfilter/ebt_mark_m.ko	ELF 64-bit LSB relocatable, ARM aarch64, version 1 (SYSV), BuildID[sha1]=ae96222cfbf2360b1bdd2a69dac20aae0bdce588, not stripped
lib/modules/5.10.0-23-arm64/kernel/net/bridge/netfilter/ebt_snat.ko	ELF 64-bit LSB relocatable, ARM aarch64, version 1 (SYSV), BuildID[sha1]=c8c2deb8f74250abc09401f2c72d6094593e47dd, not stripped
lib/modules/5.10.0-23-arm64/kernel/net/bridge/netfilter/ebt_arpreply.ko	ELF 64-bit LSB relocatable, ARM aarch64, version 1 (SYSV), BuildID[sha1]=0baffdbed22c2d9faefb2a2fb11d02a26d35c502, not stripped
lib/modules/5.10.0-23-arm64/kernel/net/bridge/netfilter/ebt_nflog.ko	ELF 64-bit LSB relocatable, ARM aarch64, version 1 (SYSV), BuildID[sha1]=2ab0ff3463c41059018f306ff4033273cf66237e, not stripped
lib/modules/5.10.0-23-arm64/kernel/net/bridge/netfilter/ebt_ip.ko	ELF 64-bit LSB relocatable, ARM aarch64, version 1 (SYSV), BuildID[sha1]=8f98918d27cf5e172d08c0e548305facfec37849, not stripped
lib/modules/5.10.0-23-arm64/kernel/net/bridge/bridge.ko	ELF 64-bit LSB relocatable, ARM aarch64, version 1 (SYSV), BuildID[sha1]=cbb2e61a400e262bfd106de1fc46d2cb048e1460, not stripped
lib/modules/5.10.0-23-arm64/kernel/net/bridge/br_netfilter.ko	ELF 64-bit LSB relocatable, ARM aarch64, version 1 (SYSV), BuildID[sha1]=2578df044970d6c32882e491ea58d936de90ba69, not stripped
lib/modules/5.10.0-23-arm64/kernel/net/dns_resolver/dns_resolver.ko	ELF 64-bit LSB relocatable, ARM aarch64, version 1 (SYSV), BuildID[sha1]=3ad4b1fc2f3eacb9cfbc2f663f5e8ebce2ed5faf, not stripped
lib/modules/5.10.0-23-arm64/kernel/net/ipv6/tunnel6.ko	ELF 64-bit LSB relocatable, ARM aarch64, version 1 (SYSV), BuildID[sha1]=885edfa1f4c846281aa6bf36408ae367355720f6, not stripped
lib/modules/5.10.0-23-arm64/kernel/net/ipv6/ila/ila.ko	ELF 64-bit LSB relocatable, ARM aarch64, version 1 (SYSV), BuildID[sha1]=a373f5c623e40e00d379de570cbd401419705b77, not stripped
lib/modules/5.10.0-23-arm64/kernel/net/ipv6/netfilter/ip6t_hbh.ko	ELF 64-bit LSB relocatable, ARM aarch64, version 1 (SYSV), BuildID[sha1]=52bbcf2677662b524d558e7f0ff349172f038ffd, not stripped
lib/modules/5.10.0-23-arm64/kernel/net/ipv6/netfilter/ip6table_security.ko	ELF 64-bit LSB relocatable, ARM aarch64, version 1 (SYSV), BuildID[sha1]=3160bc6562ebd6198d9f4715bbf0a586abfb1a14, not stripped
lib/modules/5.10.0-23-arm64/kernel/net/ipv6/netfilter/nft_fib_ipv6.ko	ELF 64-bit LSB relocatable, ARM aarch64, version 1 (SYSV), BuildID[sha1]=cf2986be987f85b420fac1eeabe016082afe5389, not stripped
lib/modules/5.10.0-23-arm64/kernel/net/ipv6/netfilter/ip6t_NPT.ko	ELF 64-bit LSB relocatable, ARM aarch64, version 1 (SYSV), BuildID[sha1]=edbddedad7c8fc44a127910b46a4af56378eab8c, not stripped
lib/modules/5.10.0-23-arm64/kernel/net/ipv6/netfilter/ip6table_raw.ko	ELF 64-bit LSB relocatable, ARM aarch64, version 1 (SYSV), BuildID[sha1]=603342e034869d02511a2e91ac662cba390f26db, not stripped
lib/modules/5.10.0-23-arm64/kernel/net/ipv6/netfilter/ip6t_srh.ko	ELF 64-bit LSB relocatable, ARM aarch64, version 1 (SYSV), BuildID[sha1]=01f4a9591a0c58ff24d8fee09e41dec854f5f927, not stripped
lib/modules/5.10.0-23-arm64/kernel/net/ipv6/netfilter/nf_defrag_ipv6.ko	ELF 64-bit LSB relocatable, ARM aarch64, version 1 (SYSV), BuildID[sha1]=72f3426f03c475e5064b0f6f4e9469bb85a67085, not stripped
lib/modules/5.10.0-23-arm64/kernel/net/ipv6/netfilter/ip6t_mh.ko	ELF 64-bit LSB relocatable, ARM aarch64, version 1 (SYSV), BuildID[sha1]=e5f376aafdafec0e404ce5f322137a41e4cf5642, not stripped
lib/modules/5.10.0-23-arm64/kernel/net/ipv6/netfilter/ip6t_SYNPROXY.ko	ELF 64-bit LSB relocatable, ARM aarch64, version 1 (SYSV), BuildID[sha1]=e06d30236431b91c4cd306ebd5398f88e479ad5e, not stripped
lib/modules/5.10.0-23-arm64/kernel/net/ipv6/netfilter/nf_socket_ipv6.ko	ELF 64-bit LSB relocatable, ARM aarch64, version 1 (SYSV), BuildID[sha1]=db68482956f92a121e1b8c2214bb4625f40d535f, not stripped
lib/modules/5.10.0-23-arm64/kernel/net/ipv6/netfilter/ip6t_rt.ko	ELF 64-bit LSB relocatable, ARM aarch64, version 1 (SYSV), BuildID[sha1]=bf233a98b22fc20089805378ccae5c753cbd38fc, not stripped
lib/modules/5.10.0-23-arm64/kernel/net/ipv6/netfilter/ip6t_REJECT.ko	ELF 64-bit LSB relocatable, ARM aarch64, version 1 (SYSV), BuildID[sha1]=27734156b16f655f446b7df4c6067ed7096a093a, not stripped
lib/modules/5.10.0-23-arm64/kernel/net/ipv6/netfilter/nf_flow_table_ipv6.ko	ELF 64-bit LSB relocatable, ARM aarch64, version 1 (SYSV), BuildID[sha1]=a7bbb3b432049bbe0796c94020e1cd84f0596763, not stripped
lib/modules/5.10.0-23-arm64/kernel/net/ipv6/netfilter/ip6_tables.ko	ELF 64-bit LSB relocatable, ARM aarch64, version 1 (SYSV), BuildID[sha1]=6a4d942a54d0bc64674190f30eb2b1101a30428e, not stripped
lib/modules/5.10.0-23-arm64/kernel/net/ipv6/netfilter/ip6table_filter.ko	ELF 64-bit LSB relocatable, ARM aarch64, version 1 (SYSV), BuildID[sha1]=721c2ce815b964f8336ba2ed70273beb3858fdb1, not stripped
lib/modules/5.10.0-23-arm64/kernel/net/ipv6/netfilter/ip6table_nat.ko	ELF 64-bit LSB relocatable, ARM aarch64, version 1 (SYSV), BuildID[sha1]=bb58296e9178dc3b541e8afbf51ff6aa616ada0a, not stripped
lib/modules/5.10.0-23-arm64/kernel/net/ipv6/netfilter/nft_dup_ipv6.ko	ELF 64-bit LSB relocatable, ARM aarch64, version 1 (SYSV), BuildID[sha1]=d1c6d844ca6a17c24c88b77afbd95cefd8b1cf4c, not stripped
lib/modules/5.10.0-23-arm64/kernel/net/ipv6/netfilter/nf_dup_ipv6.ko	ELF 64-bit LSB relocatable, ARM aarch64, version 1 (SYSV), BuildID[sha1]=8520f50fb3bfe0d2ce359988c0258ed303bd3498, not stripped
lib/modules/5.10.0-23-arm64/kernel/net/ipv6/netfilter/ip6t_rpfilter.ko	ELF 64-bit LSB relocatable, ARM aarch64, version 1 (SYSV), BuildID[sha1]=8177dba554c5288815a7a2217dea977b7b6c60eb, not stripped
lib/modules/5.10.0-23-arm64/kernel/net/ipv6/netfilter/nf_log_ipv6.ko	ELF 64-bit LSB relocatable, ARM aarch64, version 1 (SYSV), BuildID[sha1]=e83eeaf99ba70562848a2d24c7287c6f1a68c290, not stripped
lib/modules/5.10.0-23-arm64/kernel/net/ipv6/netfilter/ip6table_mangle.ko	ELF 64-bit LSB relocatable, ARM aarch64, version 1 (SYSV), BuildID[sha1]=747d1933d0cc3e60835f6a33a64b567f62054c34, not stripped
lib/modules/5.10.0-23-arm64/kernel/net/ipv6/netfilter/ip6t_ipv6header.ko	ELF 64-bit LSB relocatable, ARM aarch64, version 1 (SYSV), BuildID[sha1]=e5fa0a13be55fef66d5c0affd013bbfce4e44a23, not stripped
lib/modules/5.10.0-23-arm64/kernel/net/ipv6/netfilter/ip6t_ah.ko	ELF 64-bit LSB relocatable, ARM aarch64, version 1 (SYSV), BuildID[sha1]=e90465262d3e008ccc2a592fd059630b890cab01, not stripped
lib/modules/5.10.0-23-arm64/kernel/net/ipv6/netfilter/ip6t_frag.ko	ELF 64-bit LSB relocatable, ARM aarch64, version 1 (SYSV), BuildID[sha1]=da717e9e6fa745ce148ebb049d397fa48f40b2b7, not stripped
lib/modules/5.10.0-23-arm64/kernel/net/ipv6/netfilter/nf_tproxy_ipv6.ko	ELF 64-bit LSB relocatable, ARM aarch64, version 1 (SYSV), BuildID[sha1]=59cff6b5127daea903a0e296563d1d47ec7d8fe6, not stripped
lib/modules/5.10.0-23-arm64/kernel/net/ipv6/netfilter/nf_reject_ipv6.ko	ELF 64-bit LSB relocatable, ARM aarch64, version 1 (SYSV), BuildID[sha1]=66593ffba9c190130cc4fa012d63aa6faca995ab, not stripped
lib/modules/5.10.0-23-arm64/kernel/net/ipv6/netfilter/nft_reject_ipv6.ko	ELF 64-bit LSB relocatable, ARM aarch64, version 1 (SYSV), BuildID[sha1]=98b6ad169b09477338f5a5b5de390eea51485a1c, not stripped
lib/modules/5.10.0-23-arm64/kernel/net/ipv6/netfilter/ip6t_eui64.ko	ELF 64-bit LSB relocatable, ARM aarch64, version 1 (SYSV), BuildID[sha1]=b0c4870d505dca90121db448e07c99ac8826304c, not stripped
lib/modules/5.10.0-23-arm64/kernel/net/ipv6/ah6.ko	ELF 64-bit LSB relocatable, ARM aarch64, version 1 (SYSV), BuildID[sha1]=59453bee5321ea8261a88e902e0454586256999d, not stripped
lib/modules/5.10.0-23-arm64/kernel/net/ipv6/ipcomp6.ko	ELF 64-bit LSB relocatable, ARM aarch64, version 1 (SYSV), BuildID[sha1]=9687d0edccfb4640a608e272694d682ea031bf02, not stripped
lib/modules/5.10.0-23-arm64/kernel/net/ipv6/ip6_gre.ko	ELF 64-bit LSB relocatable, ARM aarch64, version 1 (SYSV), BuildID[sha1]=906e836cbbcf3b21cc979f61277cd4ece5435011, not stripped
lib/modules/5.10.0-23-arm64/kernel/net/ipv6/sit.ko	ELF 64-bit LSB relocatable, ARM aarch64, version 1 (SYSV), BuildID[sha1]=b095291d5b75445a30b6feeff9594ad179dc9b07, not stripped
lib/modules/5.10.0-23-arm64/kernel/net/ipv6/ip6_udp_tunnel.ko	ELF 64-bit LSB relocatable, ARM aarch64, version 1 (SYSV), BuildID[sha1]=433dbc21d1fbaccbf9e174f18e2b04e01b12d844, not stripped
lib/modules/5.10.0-23-arm64/kernel/net/ipv6/fou6.ko	ELF 64-bit LSB relocatable, ARM aarch64, version 1 (SYSV), BuildID[sha1]=18fd5eb3bc6f0357f6f889dfec6e4dd204488512, not stripped
lib/modules/5.10.0-23-arm64/kernel/net/ipv6/ip6_vti.ko	ELF 64-bit LSB relocatable, ARM aarch64, version 1 (SYSV), BuildID[sha1]=4d7056007fb6608b94ae98b3fe587dafd3ef8ca2, not stripped
lib/modules/5.10.0-23-arm64/kernel/net/ipv6/xfrm6_tunnel.ko	ELF 64-bit LSB relocatable, ARM aarch64, version 1 (SYSV), BuildID[sha1]=2a187244a781f16a2d409207984646b3fbe5f225, not stripped
lib/modules/5.10.0-23-arm64/kernel/net/ipv6/esp6.ko	ELF 64-bit LSB relocatable, ARM aarch64, version 1 (SYSV), BuildID[sha1]=78bf435d62d4fe98bd7acd677884e9f526f12fa8, not stripped
lib/modules/5.10.0-23-arm64/kernel/net/ipv6/ip6_tunnel.ko	ELF 64-bit LSB relocatable, ARM aarch64, version 1 (SYSV), BuildID[sha1]=899b2f7fff09a368284984894020e05f2a2c6564, not stripped
lib/modules/5.10.0-23-arm64/kernel/net/ipv6/esp6_offload.ko	ELF 64-bit LSB relocatable, ARM aarch64, version 1 (SYSV), BuildID[sha1]=ed38e110aa9c8214875f93c78a3a37837c4e5b82, not stripped
lib/modules/5.10.0-23-arm64/kernel/net/vmw_vsock/vsock_diag.ko	ELF 64-bit LSB relocatable, ARM aarch64, version 1 (SYSV), BuildID[sha1]=675bdcaefe4031ad84b80a16a3ca78a494714b46, not stripped
lib/modules/5.10.0-23-arm64/kernel/net/vmw_vsock/vmw_vsock_virtio_transport_common.ko	ELF 64-bit LSB relocatable, ARM aarch64, version 1 (SYSV), BuildID[sha1]=2a8673b29860818edde9639ea397dbb98339baec, not stripped
lib/modules/5.10.0-23-arm64/kernel/net/vmw_vsock/vsock_loopback.ko	ELF 64-bit LSB relocatable, ARM aarch64, version 1 (SYSV), BuildID[sha1]=88c86bf2c40644096731f6a04009d878183ee57d, not stripped
lib/modules/5.10.0-23-arm64/kernel/net/vmw_vsock/vsock.ko	ELF 64-bit LSB relocatable, ARM aarch64, version 1 (SYSV), BuildID[sha1]=f0ee066e17ebbb33961ceb955d971bf246ab5c9f, not stripped
lib/modules/5.10.0-23-arm64/kernel/net/vmw_vsock/vmw_vsock_virtio_transport.ko	ELF 64-bit LSB relocatable, ARM aarch64, version 1 (SYSV), BuildID[sha1]=9aa4bcf93aa059d7f2c240c7fbc7323aa5dd95ea, not stripped
lib/modules/5.10.0-23-arm64/kernel/net/rxrpc/rxrpc.ko	ELF 64-bit LSB relocatable, ARM aarch64, version 1 (SYSV), BuildID[sha1]=ef2729f0df024b7a1cb2b3e043a4f21bd1d18ee2, not stripped
lib/modules/5.10.0-23-arm64/kernel/net/can/can-isotp.ko	ELF 64-bit LSB relocatable, ARM aarch64, version 1 (SYSV), BuildID[sha1]=ec6a781980d11680e79e69efb31058df6e58144d, not stripped
lib/modules/5.10.0-23-arm64/kernel/net/can/can-gw.ko	ELF 64-bit LSB relocatable, ARM aarch64, version 1 (SYSV), BuildID[sha1]=ba8f04c67598249c406cacfa1d8357f869e4a450, not stripped
lib/modules/5.10.0-23-arm64/kernel/net/can/j1939/can-j1939.ko	ELF 64-bit LSB relocatable, ARM aarch64, version 1 (SYSV), BuildID[sha1]=28e74d17ab21f5ccd5024caf62f0762c217c003c, not stripped
lib/modules/5.10.0-23-arm64/kernel/net/can/can-bcm.ko	ELF 64-bit LSB relocatable, ARM aarch64, version 1 (SYSV), BuildID[sha1]=28ed80f7fb559f6389ce06d68247d02b3ecd4863, not stripped
lib/modules/5.10.0-23-arm64/kernel/net/can/can-raw.ko	ELF 64-bit LSB relocatable, ARM aarch64, version 1 (SYSV), BuildID[sha1]=dda24518e4c56758b07aa9d2be93e7be01970efd, not stripped
lib/modules/5.10.0-23-arm64/kernel/net/can/can.ko	ELF 64-bit LSB relocatable, ARM aarch64, version 1 (SYSV), BuildID[sha1]=13e963d48ae3beb7fe0d9f7e7561a1301d12a76f, not stripped
lib/modules/5.10.0-23-arm64/kernel/net/rfkill/rfkill.ko	ELF 64-bit LSB relocatable, ARM aarch64, version 1 (SYSV), BuildID[sha1]=d55af170da1533bda69086694b50c65bc76bfefb, not stripped
lib/modules/5.10.0-23-arm64/kernel/net/smc/smc_diag.ko	ELF 64-bit LSB relocatable, ARM aarch64, version 1 (SYSV), BuildID[sha1]=be10e80cfafd15dc9311dc8938eff1910cd581d7, not stripped
lib/modules/5.10.0-23-arm64/kernel/net/smc/smc.ko	ELF 64-bit LSB relocatable, ARM aarch64, version 1 (SYSV), BuildID[sha1]=c58da26f5e3f2570b911d68cc891890467f20e40, not stripped
lib/modules/5.10.0-23-arm64/kernel/net/9p/9pnet_virtio.ko	ELF 64-bit LSB relocatable, ARM aarch64, version 1 (SYSV), BuildID[sha1]=96269a8a0d8a831fe384a7b237491321a64eb93f, not stripped
lib/modules/5.10.0-23-arm64/kernel/net/9p/9pnet_xen.ko	ELF 64-bit LSB relocatable, ARM aarch64, version 1 (SYSV), BuildID[sha1]=bf0dfe68c0c868c5afa300eb05b681c737336849, not stripped
lib/modules/5.10.0-23-arm64/kernel/net/9p/9pnet_rdma.ko	ELF 64-bit LSB relocatable, ARM aarch64, version 1 (SYSV), BuildID[sha1]=f5f577dd4ecbcfb3a378ee76125fb4def40839f1, not stripped
lib/modules/5.10.0-23-arm64/kernel/net/9p/9pnet.ko	ELF 64-bit LSB relocatable, ARM aarch64, version 1 (SYSV), BuildID[sha1]=8c8508a39104319e1b7617b5a960cb4fb1f79b94, not stripped
lib/modules/5.10.0-23-arm64/kernel/net/batman-adv/batman-adv.ko	ELF 64-bit LSB relocatable, ARM aarch64, version 1 (SYSV), BuildID[sha1]=0a2b6387d1bdd803168f5bdd102bada88aa7d0f4, not stripped
lib/modules/5.10.0-23-arm64/kernel/net/wimax/wimax.ko	ELF 64-bit LSB relocatable, ARM aarch64, version 1 (SYSV), BuildID[sha1]=23e2e14cc9fcef83acc1a1d0bd05d5e15dba4909, not stripped
lib/modules/5.10.0-23-arm64/kernel/net/netlink/netlink_diag.ko	ELF 64-bit LSB relocatable, ARM aarch64, version 1 (SYSV), BuildID[sha1]=8b484850ce53cee5d8db65f737893e6f3cb86fa5, not stripped
lib/modules/5.10.0-23-arm64/kernel/net/sunrpc/sunrpc.ko	ELF 64-bit LSB relocatable, ARM aarch64, version 1 (SYSV), BuildID[sha1]=e7091c58149d49c0152b611a7dc6b03c4f209417, not stripped
lib/modules/5.10.0-23-arm64/kernel/net/sunrpc/xprtrdma/rpcrdma.ko	ELF 64-bit LSB relocatable, ARM aarch64, version 1 (SYSV), BuildID[sha1]=57e893d190cde89f647bcb4e9f79b60c01692e22, not stripped
lib/modules/5.10.0-23-arm64/kernel/net/sunrpc/auth_gss/auth_rpcgss.ko	ELF 64-bit LSB relocatable, ARM aarch64, version 1 (SYSV), BuildID[sha1]=66976a75fca0beff30d018f5a67f242232d1fd36, not stripped
lib/modules/5.10.0-23-arm64/kernel/net/sunrpc/auth_gss/rpcsec_gss_krb5.ko	ELF 64-bit LSB relocatable, ARM aarch64, version 1 (SYSV), BuildID[sha1]=46a74edc6182a594d013ebf9ae1b81fabadc8d91, not stripped
lib/modules/5.10.0-23-arm64/kernel/net/key/af_key.ko	ELF 64-bit LSB relocatable, ARM aarch64, version 1 (SYSV), BuildID[sha1]=34e43895d0084d55c7145f36fbde6705d1e7ad72, not stripped
lib/modules/5.10.0-23-arm64/kernel/net/dccp/dccp.ko	ELF 64-bit LSB relocatable, ARM aarch64, version 1 (SYSV), BuildID[sha1]=f2212eff1a6a0f5b743aa992a3b80f7fcd8f9842, not stripped
lib/modules/5.10.0-23-arm64/kernel/net/dccp/dccp_ipv6.ko	ELF 64-bit LSB relocatable, ARM aarch64, version 1 (SYSV), BuildID[sha1]=16573fcea79f41bd08736cbbac8f26681144b35f, not stripped
lib/modules/5.10.0-23-arm64/kernel/net/dccp/dccp_diag.ko	ELF 64-bit LSB relocatable, ARM aarch64, version 1 (SYSV), BuildID[sha1]=8e8cfbe81625649b7d8c2c5f89f6224a1e02bfe9, not stripped
lib/modules/5.10.0-23-arm64/kernel/net/dccp/dccp_ipv4.ko	ELF 64-bit LSB relocatable, ARM aarch64, version 1 (SYSV), BuildID[sha1]=17ad0a704aa85a81260723c8f69dea6c76e9850c, not stripped
lib/modules/5.10.0-23-arm64/kernel/net/ipv4/tcp_htcp.ko	ELF 64-bit LSB relocatable, ARM aarch64, version 1 (SYSV), BuildID[sha1]=fc94cb3794c7d836eeb80abd8128310768aed486, not stripped
lib/modules/5.10.0-23-arm64/kernel/net/ipv4/udp_diag.ko	ELF 64-bit LSB relocatable, ARM aarch64, version 1 (SYSV), BuildID[sha1]=8a9c20ae0b873a84a60269adfb1c76ae43ef27a5, not stripped
lib/modules/5.10.0-23-arm64/kernel/net/ipv4/tcp_veno.ko	ELF 64-bit LSB relocatable, ARM aarch64, version 1 (SYSV), BuildID[sha1]=13ab4a05e413902dafcf30af700d5a4a8955c48f, not stripped
lib/modules/5.10.0-23-arm64/kernel/net/ipv4/inet_diag.ko	ELF 64-bit LSB relocatable, ARM aarch64, version 1 (SYSV), BuildID[sha1]=8b420df446e0d4079ee0cb7330d23dfadcbcd27f, not stripped
lib/modules/5.10.0-23-arm64/kernel/net/ipv4/tcp_highspeed.ko	ELF 64-bit LSB relocatable, ARM aarch64, version 1 (SYSV), BuildID[sha1]=4570a3602acd495f63e1853103b736b77ba5fd9b, not stripped
lib/modules/5.10.0-23-arm64/kernel/net/ipv4/tunnel4.ko	ELF 64-bit LSB relocatable, ARM aarch64, version 1 (SYSV), BuildID[sha1]=3b9a864109e65f8d8d6b5b5666d20a33c23d7aa8, not stripped
lib/modules/5.10.0-23-arm64/kernel/net/ipv4/tcp_diag.ko	ELF 64-bit LSB relocatable, ARM aarch64, version 1 (SYSV), BuildID[sha1]=cf54dd5e9e29fc3c041dc5095a0b1e88da424b0f, not stripped
lib/modules/5.10.0-23-arm64/kernel/net/ipv4/tcp_yeah.ko	ELF 64-bit LSB relocatable, ARM aarch64, version 1 (SYSV), BuildID[sha1]=0c1fcc26906dd4b2b6ba454b199e51669dcb547f, not stripped
lib/modules/5.10.0-23-arm64/kernel/net/ipv4/ipcomp.ko	ELF 64-bit LSB relocatable, ARM aarch64, version 1 (SYSV), BuildID[sha1]=e3ec49675105acc1c8b93aaf9694a0a715929daf, not stripped
lib/modules/5.10.0-23-arm64/kernel/net/ipv4/tcp_vegas.ko	ELF 64-bit LSB relocatable, ARM aarch64, version 1 (SYSV), BuildID[sha1]=8c9d13772c734ece57e12a942dbb07e6c6b8d5ae, not stripped
lib/modules/5.10.0-23-arm64/kernel/net/ipv4/raw_diag.ko	ELF 64-bit LSB relocatable, ARM aarch64, version 1 (SYSV), BuildID[sha1]=99c41107b1fd1e13aa60d095b565f4ad90a31528, not stripped
lib/modules/5.10.0-23-arm64/kernel/net/ipv4/ip_vti.ko	ELF 64-bit LSB relocatable, ARM aarch64, version 1 (SYSV), BuildID[sha1]=c552c81fc6b096d65f9ed390996fab8367e80a9e, not stripped
lib/modules/5.10.0-23-arm64/kernel/net/ipv4/netfilter/nf_nat_h323.ko	ELF 64-bit LSB relocatable, ARM aarch64, version 1 (SYSV), BuildID[sha1]=0dc8fa80f17478bd7f01e5d87dd79d99e7c8bd3f, not stripped
lib/modules/5.10.0-23-arm64/kernel/net/ipv4/netfilter/nf_nat_pptp.ko	ELF 64-bit LSB relocatable, ARM aarch64, version 1 (SYSV), BuildID[sha1]=dea1f2392d0fad79830646ea373d4f1579776e12, not stripped
lib/modules/5.10.0-23-arm64/kernel/net/ipv4/netfilter/nf_log_ipv4.ko	ELF 64-bit LSB relocatable, ARM aarch64, version 1 (SYSV), BuildID[sha1]=d4d11acd7e1a06eb967bdc4076a26fc317d852a2, not stripped
lib/modules/5.10.0-23-arm64/kernel/net/ipv4/netfilter/ipt_REJECT.ko	ELF 64-bit LSB relocatable, ARM aarch64, version 1 (SYSV), BuildID[sha1]=166666a52190daaba8a46667c400d140f68c745a, not stripped
lib/modules/5.10.0-23-arm64/kernel/net/ipv4/netfilter/arpt_mangle.ko	ELF 64-bit LSB relocatable, ARM aarch64, version 1 (SYSV), BuildID[sha1]=c3965a0cfc0d233fb331dda7ca12bb71de4388e1, not stripped
lib/modules/5.10.0-23-arm64/kernel/net/ipv4/netfilter/ipt_ECN.ko	ELF 64-bit LSB relocatable, ARM aarch64, version 1 (SYSV), BuildID[sha1]=b82e99b052e2de79c0f990b8e5776815ceba3460, not stripped
lib/modules/5.10.0-23-arm64/kernel/net/ipv4/netfilter/nft_fib_ipv4.ko	ELF 64-bit LSB relocatable, ARM aarch64, version 1 (SYSV), BuildID[sha1]=5bf72cfd44d0bc17e958bf6e701cd4c996c20757, not stripped
lib/modules/5.10.0-23-arm64/kernel/net/ipv4/netfilter/nf_tproxy_ipv4.ko	ELF 64-bit LSB relocatable, ARM aarch64, version 1 (SYSV), BuildID[sha1]=370d6d2f102736ae391702cc0b65a5368133806d, not stripped
lib/modules/5.10.0-23-arm64/kernel/net/ipv4/netfilter/nf_defrag_ipv4.ko	ELF 64-bit LSB relocatable, ARM aarch64, version 1 (SYSV), BuildID[sha1]=a6c3056b580f970b5d796ebe82c9cab3c522df2c, not stripped
lib/modules/5.10.0-23-arm64/kernel/net/ipv4/netfilter/nf_dup_ipv4.ko	ELF 64-bit LSB relocatable, ARM aarch64, version 1 (SYSV), BuildID[sha1]=352a0824092ec1a2df852212dced5c08f0d88b11, not stripped
lib/modules/5.10.0-23-arm64/kernel/net/ipv4/netfilter/iptable_raw.ko	ELF 64-bit LSB relocatable, ARM aarch64, version 1 (SYSV), BuildID[sha1]=dd142da0f4ccfb3d30d6f6699136cd62450eaa86, not stripped
lib/modules/5.10.0-23-arm64/kernel/net/ipv4/netfilter/iptable_mangle.ko	ELF 64-bit LSB relocatable, ARM aarch64, version 1 (SYSV), BuildID[sha1]=ce7b919fcd2bec51a00331614ba3f0501b58f8c4, not stripped
lib/modules/5.10.0-23-arm64/kernel/net/ipv4/netfilter/ip_tables.ko	ELF 64-bit LSB relocatable, ARM aarch64, version 1 (SYSV), BuildID[sha1]=e6ccfdb7a2d3716edc7f1836449f1dc62b97f7df, not stripped
lib/modules/5.10.0-23-arm64/kernel/net/ipv4/netfilter/iptable_security.ko	ELF 64-bit LSB relocatable, ARM aarch64, version 1 (SYSV), BuildID[sha1]=030dd0ea2626cacc2e05fa233054cec3bd9c5504, not stripped
lib/modules/5.10.0-23-arm64/kernel/net/ipv4/netfilter/nf_reject_ipv4.ko	ELF 64-bit LSB relocatable, ARM aarch64, version 1 (SYSV), BuildID[sha1]=c031f460228869d36d1417ad5e92df77034b5779, not stripped
lib/modules/5.10.0-23-arm64/kernel/net/ipv4/netfilter/nft_dup_ipv4.ko	ELF 64-bit LSB relocatable, ARM aarch64, version 1 (SYSV), BuildID[sha1]=17de3726d96cf3aafbda3262d644fbe7740fcb1a, not stripped
lib/modules/5.10.0-23-arm64/kernel/net/ipv4/netfilter/ipt_ah.ko	ELF 64-bit LSB relocatable, ARM aarch64, version 1 (SYSV), BuildID[sha1]=c6ee99fbbb2c87c87220a799c0162ad3515d81a5, not stripped
lib/modules/5.10.0-23-arm64/kernel/net/ipv4/netfilter/ipt_SYNPROXY.ko	ELF 64-bit LSB relocatable, ARM aarch64, version 1 (SYSV), BuildID[sha1]=d0961468f8b9b6daf4aa1115bee857048c5a7ff4, not stripped
lib/modules/5.10.0-23-arm64/kernel/net/ipv4/netfilter/nf_socket_ipv4.ko	ELF 64-bit LSB relocatable, ARM aarch64, version 1 (SYSV), BuildID[sha1]=4d1d01aa92bfe715634a62832118f3b22fdfb9d5, not stripped
lib/modules/5.10.0-23-arm64/kernel/net/ipv4/netfilter/nft_reject_ipv4.ko	ELF 64-bit LSB relocatable, ARM aarch64, version 1 (SYSV), BuildID[sha1]=16df156b5201b57f678781222923e23916e69bd7, not stripped
lib/modules/5.10.0-23-arm64/kernel/net/ipv4/netfilter/ipt_CLUSTERIP.ko	ELF 64-bit LSB relocatable, ARM aarch64, version 1 (SYSV), BuildID[sha1]=e569b7fedb8acf86421d0595e85de39c71cb1a4e, not stripped
lib/modules/5.10.0-23-arm64/kernel/net/ipv4/netfilter/arp_tables.ko	ELF 64-bit LSB relocatable, ARM aarch64, version 1 (SYSV), BuildID[sha1]=1165eaa1234e522b1ce24a9b2fe46b2f7708250d, not stripped
lib/modules/5.10.0-23-arm64/kernel/net/ipv4/netfilter/ipt_rpfilter.ko	ELF 64-bit LSB relocatable, ARM aarch64, version 1 (SYSV), BuildID[sha1]=170d9730f43cbc9f450a6551d90cfb898e5289c9, not stripped
lib/modules/5.10.0-23-arm64/kernel/net/ipv4/netfilter/iptable_nat.ko	ELF 64-bit LSB relocatable, ARM aarch64, version 1 (SYSV), BuildID[sha1]=958c5ac04c87d4824d6edd26be8f522ac8760afe, not stripped
lib/modules/5.10.0-23-arm64/kernel/net/ipv4/netfilter/iptable_filter.ko	ELF 64-bit LSB relocatable, ARM aarch64, version 1 (SYSV), BuildID[sha1]=c44d42bdf85fd283140cd456d233c35dff7eec71, not stripped
lib/modules/5.10.0-23-arm64/kernel/net/ipv4/netfilter/nf_nat_snmp_basic.ko	ELF 64-bit LSB relocatable, ARM aarch64, version 1 (SYSV), BuildID[sha1]=a845f347420e8236a37ae09b4abcfbd9b385e8bb, not stripped
lib/modules/5.10.0-23-arm64/kernel/net/ipv4/netfilter/arptable_filter.ko	ELF 64-bit LSB relocatable, ARM aarch64, version 1 (SYSV), BuildID[sha1]=4072027c3d4ced70114d8022c12877f7991edd7b, not stripped
lib/modules/5.10.0-23-arm64/kernel/net/ipv4/netfilter/nf_log_arp.ko	ELF 64-bit LSB relocatable, ARM aarch64, version 1 (SYSV), BuildID[sha1]=1c12fc44b7a0cf628628368401e4c137ecbdd245, not stripped
lib/modules/5.10.0-23-arm64/kernel/net/ipv4/netfilter/nf_flow_table_ipv4.ko	ELF 64-bit LSB relocatable, ARM aarch64, version 1 (SYSV), BuildID[sha1]=8e3936f286b8a0a752de86b184fe7cbeb3860349, not stripped
lib/modules/5.10.0-23-arm64/kernel/net/ipv4/ip_tunnel.ko	ELF 64-bit LSB relocatable, ARM aarch64, version 1 (SYSV), BuildID[sha1]=487b363f5a100fbe34c1d1e0fbcad8bf41b80f5a, not stripped
lib/modules/5.10.0-23-arm64/kernel/net/ipv4/udp_tunnel.ko	ELF 64-bit LSB relocatable, ARM aarch64, version 1 (SYSV), BuildID[sha1]=c76d33190ce6659fc0370eee08f12cf75162382f, not stripped
lib/modules/5.10.0-23-arm64/kernel/net/ipv4/tcp_westwood.ko	ELF 64-bit LSB relocatable, ARM aarch64, version 1 (SYSV), BuildID[sha1]=aa831e9719c9f41f366115489158064a4877a7fc, not stripped
lib/modules/5.10.0-23-arm64/kernel/net/ipv4/esp4_offload.ko	ELF 64-bit LSB relocatable, ARM aarch64, version 1 (SYSV), BuildID[sha1]=f7fadf9a4175a1d7a30db4ef6219578bcff598a3, not stripped
lib/modules/5.10.0-23-arm64/kernel/net/ipv4/tcp_lp.ko	ELF 64-bit LSB relocatable, ARM aarch64, version 1 (SYSV), BuildID[sha1]=21d04edc4c6b09fec594a6c6a1534c6bcfba0467, not stripped
lib/modules/5.10.0-23-arm64/kernel/net/ipv4/tcp_bbr.ko	ELF 64-bit LSB relocatable, ARM aarch64, version 1 (SYSV), BuildID[sha1]=d0ff818b64ee22ffe5c8680963858ca8a0e53c61, not stripped
lib/modules/5.10.0-23-arm64/kernel/net/ipv4/tcp_hybla.ko	ELF 64-bit LSB relocatable, ARM aarch64, version 1 (SYSV), BuildID[sha1]=368b7b39fcce834dfbde2d9847bd2ba64ea6b80d, not stripped
lib/modules/5.10.0-23-arm64/kernel/net/ipv4/tcp_bic.ko	ELF 64-bit LSB relocatable, ARM aarch64, version 1 (SYSV), BuildID[sha1]=ed7b1f10588d20714e199e2573a209e036ceec8c, not stripped
lib/modules/5.10.0-23-arm64/kernel/net/ipv4/tcp_nv.ko	ELF 64-bit LSB relocatable, ARM aarch64, version 1 (SYSV), BuildID[sha1]=88d21c4a126d7ce9ee5223b33bc13d1c1760c63f, not stripped
lib/modules/5.10.0-23-arm64/kernel/net/ipv4/ip_gre.ko	ELF 64-bit LSB relocatable, ARM aarch64, version 1 (SYSV), BuildID[sha1]=738e6a834d5d79a9e59a289c77066e126912156c, not stripped
lib/modules/5.10.0-23-arm64/kernel/net/ipv4/ipip.ko	ELF 64-bit LSB relocatable, ARM aarch64, version 1 (SYSV), BuildID[sha1]=f77ac431f9ca9b70d1be574fe9f55405fb904c86, not stripped
lib/modules/5.10.0-23-arm64/kernel/net/ipv4/ah4.ko	ELF 64-bit LSB relocatable, ARM aarch64, version 1 (SYSV), BuildID[sha1]=47db0b93d492dc4e8148198aae22913b0dc02ef5, not stripped
lib/modules/5.10.0-23-arm64/kernel/net/ipv4/tcp_dctcp.ko	ELF 64-bit LSB relocatable, ARM aarch64, version 1 (SYSV), BuildID[sha1]=777575cd3981999dc5591b18eef53cf4324c0460, not stripped
lib/modules/5.10.0-23-arm64/kernel/net/ipv4/xfrm4_tunnel.ko	ELF 64-bit LSB relocatable, ARM aarch64, version 1 (SYSV), BuildID[sha1]=6f41bc48842cc0a5e71e9392b766aded54fc1cff, not stripped
lib/modules/5.10.0-23-arm64/kernel/net/ipv4/gre.ko	ELF 64-bit LSB relocatable, ARM aarch64, version 1 (SYSV), BuildID[sha1]=87fbee7c6f997241cc08117dadf61a38891bc719, not stripped
lib/modules/5.10.0-23-arm64/kernel/net/ipv4/tcp_cdg.ko	ELF 64-bit LSB relocatable, ARM aarch64, version 1 (SYSV), BuildID[sha1]=2e445e0680adb75b53c4a5850b0a93a16861ab61, not stripped
lib/modules/5.10.0-23-arm64/kernel/net/ipv4/fou.ko	ELF 64-bit LSB relocatable, ARM aarch64, version 1 (SYSV), BuildID[sha1]=8e4e998d4c9a4ccefdc1c5c4e6b41c19d76c4cba, not stripped
lib/modules/5.10.0-23-arm64/kernel/net/ipv4/tcp_illinois.ko	ELF 64-bit LSB relocatable, ARM aarch64, version 1 (SYSV), BuildID[sha1]=861c38db8fa8649ea2fb76a5be2d64a161378364, not stripped
lib/modules/5.10.0-23-arm64/kernel/net/ipv4/esp4.ko	ELF 64-bit LSB relocatable, ARM aarch64, version 1 (SYSV), BuildID[sha1]=d9c36e18cbfdb49fb06ea024e803ef08808ccab4, not stripped
lib/modules/5.10.0-23-arm64/kernel/net/ipv4/tcp_scalable.ko	ELF 64-bit LSB relocatable, ARM aarch64, version 1 (SYSV), BuildID[sha1]=0483c143628a633c874bafe73c396b588bf77676, not stripped
lib/modules/5.10.0-23-arm64/kernel/net/atm/br2684.ko	ELF 64-bit LSB relocatable, ARM aarch64, version 1 (SYSV), BuildID[sha1]=31d1ef216199747ce6f2c007a0fdf0f1133680ef, not stripped
lib/modules/5.10.0-23-arm64/kernel/net/atm/atm.ko	ELF 64-bit LSB relocatable, ARM aarch64, version 1 (SYSV), BuildID[sha1]=9aa9bef704dc81e1c68ba440439f85ae9f004014, not stripped
lib/modules/5.10.0-23-arm64/kernel/net/atm/pppoatm.ko	ELF 64-bit LSB relocatable, ARM aarch64, version 1 (SYSV), BuildID[sha1]=d287f1ae28c34a4555642cc141368b80daf04c0e, not stripped
lib/modules/5.10.0-23-arm64/kernel/net/atm/clip.ko	ELF 64-bit LSB relocatable, ARM aarch64, version 1 (SYSV), BuildID[sha1]=f0758561b231837dc7e0315e8594edcd99f81b5b, not stripped
lib/modules/5.10.0-23-arm64/kernel/net/atm/lec.ko	ELF 64-bit LSB relocatable, ARM aarch64, version 1 (SYSV), BuildID[sha1]=65da8b2f41bd50312788cca6fe6683d0434e29f7, not stripped
lib/modules/5.10.0-23-arm64/kernel/net/atm/mpoa.ko	ELF 64-bit LSB relocatable, ARM aarch64, version 1 (SYSV), BuildID[sha1]=9c8585ed0f6318ab0428e04c2cdbc1eef1c00456, not stripped
lib/modules/5.10.0-23-arm64/kernel/net/mpls/mpls_iptunnel.ko	ELF 64-bit LSB relocatable, ARM aarch64, version 1 (SYSV), BuildID[sha1]=0b8451813e9bb77c10e3e561eecd0de21dc5f7e6, not stripped
lib/modules/5.10.0-23-arm64/kernel/net/mpls/mpls_router.ko	ELF 64-bit LSB relocatable, ARM aarch64, version 1 (SYSV), BuildID[sha1]=41a0162422e36f57d55f7ab74fc1f66e3ae63b40, not stripped
lib/modules/5.10.0-23-arm64/kernel/net/openvswitch/openvswitch.ko	ELF 64-bit LSB relocatable, ARM aarch64, version 1 (SYSV), BuildID[sha1]=6745c2fe23734d4481da6a3d1a7d1884b3b00351, not stripped
lib/modules/5.10.0-23-arm64/kernel/net/openvswitch/vport-geneve.ko	ELF 64-bit LSB relocatable, ARM aarch64, version 1 (SYSV), BuildID[sha1]=4bfa9dbdff6c8ff9414f2cda1256414f1f58f1ad, not stripped
lib/modules/5.10.0-23-arm64/kernel/net/openvswitch/vport-vxlan.ko	ELF 64-bit LSB relocatable, ARM aarch64, version 1 (SYSV), BuildID[sha1]=33388999b1550b445503a9edf57a6ec7877c778a, not stripped
lib/modules/5.10.0-23-arm64/kernel/net/openvswitch/vport-gre.ko	ELF 64-bit LSB relocatable, ARM aarch64, version 1 (SYSV), BuildID[sha1]=95710a6a5b7022bb649342a34aa96f10860a7959, not stripped
lib/modules/5.10.0-23-arm64/kernel/net/ax25/ax25.ko	ELF 64-bit LSB relocatable, ARM aarch64, version 1 (SYSV), BuildID[sha1]=156e3f252c645d767bbea5a8ff3c41becc5fa053, not stripped
lib/modules/5.10.0-23-arm64/kernel/net/dsa/tag_trailer.ko	ELF 64-bit LSB relocatable, ARM aarch64, version 1 (SYSV), BuildID[sha1]=890befb913445ff347cd66cd3f1def2dfa4499c4, not stripped
lib/modules/5.10.0-23-arm64/kernel/net/dsa/dsa_core.ko	ELF 64-bit LSB relocatable, ARM aarch64, version 1 (SYSV), BuildID[sha1]=d77c2b4ef72a03d0c40c1942266031b864967a23, not stripped
lib/modules/5.10.0-23-arm64/kernel/net/dsa/tag_edsa.ko	ELF 64-bit LSB relocatable, ARM aarch64, version 1 (SYSV), BuildID[sha1]=4d3f8cc85e2d01d655892391dea0b2c809e999c8, not stripped
lib/modules/5.10.0-23-arm64/kernel/net/dsa/tag_ocelot.ko	ELF 64-bit LSB relocatable, ARM aarch64, version 1 (SYSV), BuildID[sha1]=4d9e1bae49cdbfc146e5221513e331a1277c8469, not stripped
lib/modules/5.10.0-23-arm64/kernel/net/dsa/tag_dsa.ko	ELF 64-bit LSB relocatable, ARM aarch64, version 1 (SYSV), BuildID[sha1]=0be75525b2106700fa74da7a03977247a2124e90, not stripped
lib/modules/5.10.0-23-arm64/kernel/net/psample/psample.ko	ELF 64-bit LSB relocatable, ARM aarch64, version 1 (SYSV), BuildID[sha1]=4cfc2a7e5210b0df510ce88b96232e3916429044, not stripped
lib/modules/5.10.0-23-arm64/kernel/net/rds/rds_tcp.ko	ELF 64-bit LSB relocatable, ARM aarch64, version 1 (SYSV), BuildID[sha1]=91b380402fb46f10dc1c77dd738df96ad493a723, not stripped
lib/modules/5.10.0-23-arm64/kernel/net/rds/rds.ko	ELF 64-bit LSB relocatable, ARM aarch64, version 1 (SYSV), BuildID[sha1]=f0abbe4ca8b2c682f9a8896dc55b1289fb62acc3, not stripped
lib/modules/5.10.0-23-arm64/kernel/net/rds/rds_rdma.ko	ELF 64-bit LSB relocatable, ARM aarch64, version 1 (SYSV), BuildID[sha1]=c0a37a42c6ea7b171294e4d650e73a1ae9fbf0be, not stripped
lib/modules/5.10.0-23-arm64/kernel/net/qrtr/qrtr.ko	ELF 64-bit LSB relocatable, ARM aarch64, version 1 (SYSV), BuildID[sha1]=802c90f001881b5790ddedc4b98fd77cb8f2b32b, not stripped
lib/modules/5.10.0-23-arm64/kernel/net/qrtr/qrtr-mhi.ko	ELF 64-bit LSB relocatable, ARM aarch64, version 1 (SYSV), BuildID[sha1]=94194917dbcff9be005339d4e9e3c212768b0da4, not stripped
lib/modules/5.10.0-23-arm64/kernel/net/wireless/lib80211_crypt_ccmp.ko	ELF 64-bit LSB relocatable, ARM aarch64, version 1 (SYSV), BuildID[sha1]=8cf4c5034f60ded591403d7bf8d9f9fd91c63fc3, not stripped
lib/modules/5.10.0-23-arm64/kernel/net/wireless/lib80211_crypt_wep.ko	ELF 64-bit LSB relocatable, ARM aarch64, version 1 (SYSV), BuildID[sha1]=008e235a6f61634d18dd5118b480f0cae59a4b13, not stripped
lib/modules/5.10.0-23-arm64/kernel/net/wireless/lib80211.ko	ELF 64-bit LSB relocatable, ARM aarch64, version 1 (SYSV), BuildID[sha1]=f8a44a0ce8f69e855ec5be2c33125894009bbdb8, not stripped
lib/modules/5.10.0-23-arm64/kernel/net/wireless/cfg80211.ko	ELF 64-bit LSB relocatable, ARM aarch64, version 1 (SYSV), BuildID[sha1]=62cd79fb7b0eba1ff6eed9fdf5f62f4cb056736a, not stripped
lib/modules/5.10.0-23-arm64/kernel/net/wireless/lib80211_crypt_tkip.ko	ELF 64-bit LSB relocatable, ARM aarch64, version 1 (SYSV), BuildID[sha1]=6e6e8c0ac147b7489b860699f05d47811a406e20, not stripped
lib/modules/5.10.0-23-arm64/kernel/net/netrom/netrom.ko	ELF 64-bit LSB relocatable, ARM aarch64, version 1 (SYSV), BuildID[sha1]=7babd11536540eed4171203f398816223f9fb78d, not stripped
lib/modules/5.10.0-23-arm64/kernel/mm/z3fold.ko	ELF 64-bit LSB relocatable, ARM aarch64, version 1 (SYSV), BuildID[sha1]=f94778f0fc431e0a1bea6f23a8778f12388f89cf, not stripped
lib/modules/5.10.0-23-arm64/kernel/mm/zsmalloc.ko	ELF 64-bit LSB relocatable, ARM aarch64, version 1 (SYSV), BuildID[sha1]=65d0cd6db8ae9de9985ea83af6cf4a61a815bb5d, not stripped
lib/modules/5.10.0-23-arm64/kernel/mm/hwpoison-inject.ko	ELF 64-bit LSB relocatable, ARM aarch64, version 1 (SYSV), BuildID[sha1]=ad53c21b4af7ae6ce28a9dded00b5839bff16478, not stripped
lib/modules/5.10.0-23-arm64/kernel/block/kyber-iosched.ko	ELF 64-bit LSB relocatable, ARM aarch64, version 1 (SYSV), BuildID[sha1]=b29fba8b94b7a5de8c7e77564f8b20cfc8c57133, not stripped
lib/modules/5.10.0-23-arm64/kernel/block/t10-pi.ko	ELF 64-bit LSB relocatable, ARM aarch64, version 1 (SYSV), BuildID[sha1]=e4e8d373d4ac9c8e262226ac6f74bff526e24b3f, not stripped
lib/modules/5.10.0-23-arm64/kernel/block/bfq.ko	ELF 64-bit LSB relocatable, ARM aarch64, version 1 (SYSV), BuildID[sha1]=e2844575b30f182475e685541b609985bd6bf798, not stripped
