package	version	architecture	source	source_version	multi_arch	essential	priority	section	custom_candidate
accountsservice	0.6.55-3+grm3u1	amd64	accountsservice	0.6.55-3+grm3u1		no	optional	admin	True
acl	2.2.53-10	amd64	acl	2.2.53-10	foreign	no	optional	utils	False
adduser	3.118+grm3u1	all	adduser	3.118+grm3u1	foreign	no	important	admin	True
adwaita-icon-theme	3.38.0-1	all	adwaita-icon-theme	3.38.0-1	foreign	no	optional	gnome	False
alsa-utils	1.2.4-1	amd64	alsa-utils	1.2.4-1	foreign	no	optional	sound	False
amd64-microcode	3.20230719.1~deb11u1	amd64	amd64-microcode	3.20230719.1~deb11u1		no	standard	non-free/admin	False
apg	2.2.3.dfsg.1-5+b2	amd64	apg	2.2.3.dfsg.1-5		no	optional	admin	False
appstream	0.14.4-1	amd64	appstream	0.14.4-1		no	optional	admin	False
apt	2.2.4	amd64	apt	2.2.4		no	required	admin	False
apt-config-icons	0.14.4-1	all	appstream	0.14.4-1	foreign	no	optional	misc	False
apt-transport-https	2.2.4	all	apt	2.2.4	foreign	no	optional	oldlibs	False
apt-utils	2.2.4	amd64	apt	2.2.4		no	important	admin	False
aptitude	0.8.13-3	amd64	aptitude	0.8.13-3	foreign	no	optional	admin	False
aptitude-common	0.8.13-3	all	aptitude	0.8.13-3	foreign	no	optional	admin	False
arc-icon-theme	20161113+grm3u1	all	arc-icon-theme	20161113+grm3u1		no	extra	misc	True
arc-theme	20200513-1+grm2u1+han3u2	all	arc-theme	20200513-1+grm2u1+han3u2		no	optional	misc	True
arp-scan	1.9.7-2	amd64	arp-scan	1.9.7-2		no	optional	admin	False
at-spi2-core	2.38.0-4+deb11u1	amd64	at-spi2-core	2.38.0-4+deb11u1	foreign	no	optional	misc	False
attr	1:2.4.48-6	amd64	attr	1:2.4.48-6	foreign	no	optional	utils	False
ayatana-indicator-application	0.8.0-1	amd64	ayatana-indicator-application	0.8.0-1		no	optional	x11	False
ayatana-indicator-common	0.8.4-1+deb11u2	all	libayatana-indicator	0.8.4-1+deb11u2	foreign	no	optional	libs	False
base-files	11.1+deb11u7	amd64	base-files	11.1+deb11u7	foreign	yes	required	admin	False
base-passwd	3.5.51	amd64	base-passwd	3.5.51	foreign	yes	required	admin	False
bash	5.1-2+deb11u1	amd64	bash	5.1-2+deb11u1	foreign	yes	required	shells	False
bash-completion	1:2.11-2	all	bash-completion	1:2.11-2	foreign	no	standard	shells	False
bc	1.07.1-2+b2	amd64	bc	1.07.1-2	foreign	no	standard	math	False
binutils	2.35.2-2	amd64	binutils	2.35.2-2		no	optional	devel	False
binutils-common	2.35.2-2	amd64	binutils	2.35.2-2	same	no	optional	devel	False
binutils-x86-64-linux-gnu	2.35.2-2	amd64	binutils	2.35.2-2	allowed	no	optional	devel	False
bluez	5.55-3.1	amd64	bluez	5.55-3.1	foreign	no	optional	admin	False
bluez-obexd	5.55-3.1	amd64	bluez	5.55-3.1		no	optional	admin	False
bsdextrautils	2.36.1-8+deb11u1	amd64	util-linux	2.36.1-8+deb11u1	foreign	no	optional	utils	False
bsdutils	1:2.36.1-8+deb11u1	amd64	util-linux	2.36.1-8+deb11u1	foreign	yes	required	utils	False
bubblewrap	0.4.1-3	amd64	bubblewrap	0.4.1-3	foreign	no	optional	admin	False
busybox	1:1.30.1-6+b3	amd64	busybox	1:1.30.1-6		no	optional	utils	False
bzip2	1.0.8-4	amd64	bzip2	1.0.8-4	foreign	no	standard	utils	False
ca-certificates	20210119	all	ca-certificates	20210119	foreign	no	optional	misc	False
celluloid	0.20-2+grm3u6	amd64	celluloid	0.20-2+grm3u6		no	optional	video	True
cheese-common	3.38.0-3	all	cheese	3.38.0-3	foreign	no	optional	gnome	False
colord	1.4.5-3	amd64	colord	1.4.5-3	foreign	no	optional	graphics	False
colord-data	1.4.5-3	all	colord	1.4.5-3		no	optional	graphics	False
console-setup	1.205	all	console-setup	1.205	foreign	no	optional	utils	False
console-setup-linux	1.205	all	console-setup	1.205	foreign	no	optional	utils	False
coreutils	8.32-4+b1	amd64	coreutils	8.32-4	foreign	yes	required	utils	False
cpio	2.13+dfsg-4	amd64	cpio	2.13+dfsg-4	foreign	no	important	utils	False
cpp	4:10.2.1-1	amd64	gcc-defaults	1.190	allowed	no	optional	interpreters	False
cpp-10	10.2.1-6	amd64	gcc-10	10.2.1-6		no	optional	interpreters	False
cracklib-runtime	2.9.6-3.4	amd64	cracklib2	2.9.6-3.4	foreign	no	optional	admin	False
cron	3.0pl1-137	amd64	cron	3.0pl1-137	foreign	no	important	admin	False
cups	2.3.3op2-3+deb11u2	amd64	cups	2.3.3op2-3+deb11u2	foreign	no	optional	net	False
cups-browsed	1.28.7-1+deb11u2	amd64	cups-filters	1.28.7-1+deb11u2		no	optional	net	False
cups-client	2.3.3op2-3+deb11u2	amd64	cups	2.3.3op2-3+deb11u2	foreign	no	optional	net	False
cups-common	2.3.3op2-3+deb11u2	all	cups	2.3.3op2-3+deb11u2	foreign	no	optional	net	False
cups-core-drivers	2.3.3op2-3+deb11u2	amd64	cups	2.3.3op2-3+deb11u2	foreign	no	optional	net	False
cups-daemon	2.3.3op2-3+deb11u2	amd64	cups	2.3.3op2-3+deb11u2	foreign	no	optional	net	False
cups-filters	1.28.7-1+deb11u2	amd64	cups-filters	1.28.7-1+deb11u2		no	optional	net	False
cups-filters-core-drivers	1.28.7-1+deb11u2	amd64	cups-filters	1.28.7-1+deb11u2		no	optional	net	False
cups-ipp-utils	2.3.3op2-3+deb11u2	amd64	cups	2.3.3op2-3+deb11u2	foreign	no	optional	net	False
cups-pk-helper	0.2.6-1ubuntu3+grm3u1	amd64	cups-pk-helper	0.2.6-1ubuntu3+grm3u1		no	extra	gnome	True
cups-ppdc	2.3.3op2-3+deb11u2	amd64	cups	2.3.3op2-3+deb11u2	foreign	no	optional	utils	False
cups-server-common	2.3.3op2-3+deb11u2	all	cups	2.3.3op2-3+deb11u2	foreign	no	optional	net	False
curl	7.74.0-1.3+deb11u7	amd64	curl	7.74.0-1.3+deb11u7	foreign	no	optional	web	False
dash	0.5.11+git20200708+dd9ef66-5	amd64	dash	0.5.11+git20200708+dd9ef66-5	foreign	yes	required	shells	False
davfs2	1.6.0-1	amd64	davfs2	1.6.0-1		no	optional	utils	False
dbus	1.12.24-0+deb11u1	amd64	dbus	1.12.24-0+deb11u1	foreign	no	standard	admin	False
dbus-user-session	1.12.24-0+deb11u1	amd64	dbus	1.12.24-0+deb11u1	foreign	no	optional	admin	False
dbus-x11	1.12.24-0+deb11u1	amd64	dbus	1.12.24-0+deb11u1	foreign	no	optional	x11	False
dc	1.07.1-2+b2	amd64	bc	1.07.1-2	foreign	no	standard	math	False
dconf-gsettings-backend	0.38.0-2	amd64	dconf	0.38.0-2	same	no	optional	libs	False
dconf-service	0.38.0-2	amd64	dconf	0.38.0-2	foreign	no	optional	libs	False
dctrl-tools	2.24-3+b1	amd64	dctrl-tools	2.24-3	foreign	no	optional	utils	False
debconf	1.5.77	all	debconf	1.5.77	foreign	no	required	admin	False
debconf-i18n	1.5.77	all	debconf	1.5.77		no	important	localization	False
debian-archive-keyring	2021.1.1+deb11u1	all	debian-archive-keyring	2021.1.1+deb11u1	foreign	no	important	misc	False
debian-system-adjustments	3.2.1+grm3u1	all	debian-system-adjustments	3.2.1+grm3u1		no	optional	admin	True
debianutils	4.11.2	amd64	debianutils	4.11.2	foreign	yes	required	utils	False
desktop-base	11.0.3	all	desktop-base	11.0.3		no	optional	x11	False
desktop-file-utils	0.26-1	amd64	desktop-file-utils	0.26-1	foreign	no	optional	devel	False
dictionaries-common	1.28.4	all	dictionaries-common	1.28.4	foreign	no	optional	text	False
diffutils	1:3.7-5	amd64	diffutils	1:3.7-5		yes	required	utils	False
dirmngr	2.2.27-2+deb11u2	amd64	gnupg2	2.2.27-2+deb11u2	foreign	no	optional	utils	False
distro-info-data	0.51+deb11u3	all	distro-info-data	0.51+deb11u3	foreign	no	optional	devel	False
dmidecode	3.3-2	amd64	dmidecode	3.3-2	foreign	no	important	utils	False
dmsetup	2:1.02.175-2.1	amd64	lvm2	2.03.11-2.1	foreign	no	optional	admin	False
dnsmasq-base	2.85-1	amd64	dnsmasq	2.85-1		no	optional	net	False
dosfstools	4.2-1	amd64	dosfstools	4.2-1		no	optional	otherosfs	False
dpkg	1.20.12+grm3u1	amd64	dpkg	1.20.12+grm3u1	foreign	yes	required	admin	True
e2fsprogs	1.46.2-2	amd64	e2fsprogs	1.46.2-2	foreign	no	required	admin	False
ecryptfs-utils	111-5	amd64	ecryptfs-utils	111-5		no	optional	misc	False
eject	2.36.1-8+deb11u1	amd64	util-linux	2.36.1-8+deb11u1	foreign	no	optional	utils	False
emacsen-common	3.0.4	all	emacsen-common	3.0.4		no	optional	editors	False
eog	3.38.2-1+grm3u4	amd64	eog	3.38.2-1+grm3u4		no	optional	gnome	True
evolution-data-server-common	3.38.3-1+deb11u2	all	evolution-data-server	3.38.3-1+deb11u2	foreign	no	optional	gnome	False
exfat-fuse	1.3.0-2	amd64	fuse-exfat	1.3.0-2		no	optional	otherosfs	False
exfat-utils	1.3.0-2	amd64	exfat-utils	1.3.0-2		no	optional	otherosfs	False
faba-icon-theme	4.3-1	all	faba-icon-theme	4.3-1		no	optional	misc	False
faenza-icon-theme	1.3.1-1.1	all	faenza-icon-theme	1.3.1-1.1		no	optional	gnome	False
fdisk	2.36.1-8+deb11u1	amd64	util-linux	2.36.1-8+deb11u1	foreign	no	important	utils	False
file	1:5.39-3	amd64	file	1:5.39-3	foreign	no	standard	utils	False
file-roller	3.38.1-1+grm3u3	amd64	file-roller	3.38.1-1+grm3u3		no	optional	gnome	True
findutils	4.8.0-1	amd64	findutils	4.8.0-1	foreign	yes	required	utils	False
firmware-amd-graphics	20210315-3	all	firmware-nonfree	20210315-3	foreign	no	optional	non-free/kernel	False
firmware-atheros	20210315-3	all	firmware-nonfree	20210315-3	foreign	no	optional	non-free/kernel	False
firmware-bnx2	20210315-3	all	firmware-nonfree	20210315-3	foreign	no	optional	non-free/kernel	False
firmware-bnx2x	20210315-3	all	firmware-nonfree	20210315-3	foreign	no	optional	non-free/kernel	False
firmware-brcm80211	20210315-3	all	firmware-nonfree	20210315-3	foreign	no	optional	non-free/kernel	False
firmware-cavium	20210315-3	all	firmware-nonfree	20210315-3	foreign	no	optional	non-free/kernel	False
firmware-intel-sound	20210315-3	all	firmware-nonfree	20210315-3	foreign	no	optional	non-free/kernel	False
firmware-intelwimax	20210315-3	all	firmware-nonfree	20210315-3	foreign	no	optional	non-free/kernel	False
firmware-ipw2x00	20210315-3	all	firmware-nonfree	20210315-3	foreign	no	optional	non-free/kernel	False
firmware-ivtv	20210315-3	all	firmware-nonfree	20210315-3	foreign	no	optional	non-free/kernel	False
firmware-iwlwifi	20210315-3	all	firmware-nonfree	20210315-3	foreign	no	optional	non-free/kernel	False
firmware-libertas	20210315-3	all	firmware-nonfree	20210315-3	foreign	no	optional	non-free/kernel	False
firmware-linux	20210315-3	all	firmware-nonfree	20210315-3		no	optional	non-free/metapackages	False
firmware-linux-free	20200122-1	all	firmware-free	20200122-1	foreign	no	optional	kernel	False
firmware-linux-nonfree	20210315-3	all	firmware-nonfree	20210315-3		no	optional	non-free/metapackages	False
firmware-misc-nonfree	20210315-3	all	firmware-nonfree	20210315-3	foreign	no	optional	non-free/kernel	False
firmware-myricom	20210315-3	all	firmware-nonfree	20210315-3	foreign	no	optional	non-free/kernel	False
firmware-netronome	20210315-3	all	firmware-nonfree	20210315-3	foreign	no	optional	non-free/kernel	False
firmware-netxen	20210315-3	all	firmware-nonfree	20210315-3	foreign	no	optional	non-free/kernel	False
firmware-qcom-media	20210315-3	all	firmware-nonfree	20210315-3	foreign	no	optional	non-free/oldlibs	False
firmware-qcom-soc	20210315-3	all	firmware-nonfree	20210315-3	foreign	no	optional	non-free/kernel	False
firmware-qlogic	20210315-3	all	firmware-nonfree	20210315-3	foreign	no	optional	non-free/kernel	False
firmware-realtek	20210315-3	all	firmware-nonfree	20210315-3	foreign	no	optional	non-free/kernel	False
firmware-samsung	20210315-3	all	firmware-nonfree	20210315-3	foreign	no	optional	non-free/kernel	False
firmware-siano	20210315-3	all	firmware-nonfree	20210315-3	foreign	no	optional	non-free/kernel	False
firmware-sof-signed	1.7-1	all	firmware-sof	1.7-1		no	optional	non-free/kernel	False
firmware-ti-connectivity	20210315-3	all	firmware-nonfree	20210315-3	foreign	no	optional	non-free/kernel	False
flat-remix-gtk-theme	0.3.0+grm3u1	all	flat-remix-gtk-theme	0.3.0+grm3u1		no	optional	x11	True
flatpak	1.10.8-0+deb11u1	amd64	flatpak	1.10.8-0+deb11u1		no	optional	admin	False
fontconfig	2.13.1-4.2	amd64	fontconfig	2.13.1-4.2	foreign	no	optional	fonts	False
fontconfig-config	2.13.1-4.2	all	fontconfig	2.13.1-4.2	foreign	no	optional	fonts	False
fonts-dejavu-core	2.37-2	all	fonts-dejavu	2.37-2	foreign	no	optional	fonts	False
fonts-nanum	20200506-1	all	fonts-nanum	20200506-1	foreign	no	optional	fonts	False
fonts-nanum-extra	20200506-1	all	fonts-nanum	20200506-1	foreign	no	optional	fonts	False
fonts-naver-d2coding	1.3.2-2	all	fonts-naver-d2coding	1.3.2-2	foreign	no	optional	fonts	False
fonts-noto-cjk	1:20201206-cjk+repack1-1	all	fonts-noto-cjk	1:20201206-cjk+repack1-1	foreign	no	optional	fonts	False
fonts-quicksand	0.2016-2.1	all	fonts-quicksand	0.2016-2.1	foreign	no	optional	fonts	False
fonts-urw-base35	20200910-1	all	fonts-urw-base35	20200910-1	foreign	no	optional	fonts	False
foomatic-db-compressed-ppds	20200820-1	all	foomatic-db	20200820-1	foreign	no	optional	text	False
fsarchiver	0.8.6-1	amd64	fsarchiver	0.8.6-1		no	optional	admin	False
fuse	2.9.9-5	amd64	fuse	2.9.9-5		no	optional	utils	False
gcc-10-base	10.2.1-6	amd64	gcc-10	10.2.1-6	same	no	required	libs	False
gcc-9-base	9.3.0-22	amd64	gcc-9	9.3.0-22	same	no	required	libs	False
gconf-service	3.2.6-7	amd64	gconf	3.2.6-7	foreign	no	optional	libs	False
gconf2	3.2.6-7	amd64	gconf	3.2.6-7	foreign	no	optional	libs	False
gconf2-common	3.2.6-7	all	gconf	3.2.6-7	foreign	no	optional	libs	False
gcr	3.38.1-2	amd64	gcr	3.38.1-2		no	optional	gnome	False
gdebi	0.9.5.7+nmu5-1+grm3u2	all	gdebi	0.9.5.7+nmu5-1+grm3u2		no	optional	admin	True
gdebi-core	0.9.5.7+nmu5-1+grm3u2	all	gdebi	0.9.5.7+nmu5-1+grm3u2		no	optional	admin	True
gdisk	1.0.6-1.1	amd64	gdisk	1.0.6-1.1		no	optional	admin	False
gedit	3.38.1-1+grm3u3	amd64	gedit	3.38.1-1+grm3u3		no	optional	gnome	True
gedit-common	3.38.1-1+grm3u3	all	gedit	3.38.1-1+grm3u3		no	optional	gnome	True
gettext-base	0.21-4	amd64	gettext	0.21-4	foreign	no	standard	utils	False
ghostscript	9.53.3~dfsg-7+deb11u5	amd64	ghostscript	9.53.3~dfsg-7+deb11u5	foreign	no	optional	text	False
gir1.2-atk-1.0	2.36.0-2	amd64	atk1.0	2.36.0-2	same	no	optional	introspection	False
gir1.2-freedesktop	1.66.1-1+b1	amd64	gobject-introspection	1.66.1-1	same	no	optional	introspection	False
gir1.2-gdkpixbuf-2.0	2.42.2+dfsg-1+deb11u1	amd64	gdk-pixbuf	2.42.2+dfsg-1+deb11u1	same	no	optional	introspection	False
gir1.2-gladeui-2.0	3.38.2-2	amd64	glade	3.38.2-2	same	no	optional	introspection	False
gir1.2-glib-2.0	1.66.1-1+b1	amd64	gobject-introspection	1.66.1-1	same	no	optional	introspection	False
gir1.2-gtk-3.0	3.24.24-4+grm3u2	amd64	gtk+3.0	3.24.24-4+grm3u2	same	no	optional	introspection	True
gir1.2-gtksource-4	4.8.0-1	amd64	gtksourceview4	4.8.0-1	same	no	optional	introspection	False
gir1.2-harfbuzz-0.0	2.7.4-1	amd64	harfbuzz	2.7.4-1	same	no	optional	introspection	False
gir1.2-javascriptcoregtk-4.0	2.40.3-2~deb11u2	amd64	webkit2gtk	2.40.3-2~deb11u2	same	no	optional	introspection	False
gir1.2-keybinder-3.0	0.3.2-1.1	amd64	keybinder-3.0	0.3.2-1.1		no	optional	introspection	False
gir1.2-malcontent-0	0.10.0-2	amd64	malcontent	0.10.0-2	same	no	optional	introspection	False
gir1.2-notify-0.7	0.7.9-3	amd64	libnotify	0.7.9-3	same	no	optional	introspection	False
gir1.2-packagekitglib-1.0	1.2.2-2	amd64	packagekit	1.2.2-2		no	optional	introspection	False
gir1.2-pango-1.0	1.46.2-3	amd64	pango1.0	1.46.2-3	same	no	optional	introspection	False
gir1.2-peas-1.0	1.28.0-2+b1	amd64	libpeas	1.28.0-2	same	no	optional	introspection	False
gir1.2-polkit-1.0	0.105-31+nDeb11u1+grm3u1	amd64	policykit-1	0.105-31+nDeb11u1+grm3u1		no	optional	introspection	True
gir1.2-soup-2.4	2.72.0-2	amd64	libsoup2.4	2.72.0-2	same	no	optional	introspection	False
gir1.2-vte-2.91	0.62.3-1	amd64	vte2.91	0.62.3-1	same	no	optional	introspection	False
gir1.2-webkit2-4.0	2.40.3-2~deb11u2	amd64	webkit2gtk	2.40.3-2~deb11u2	same	no	optional	introspection	False
gir1.2-wnck-3.0	3.36.0-1	amd64	libwnck3	3.36.0-1	same	no	optional	introspection	False
gkbd-capplet	3.26.1-1	amd64	libgnomekbd	3.26.1-1		no	optional	gnome	False
glib-networking	2.66.0-2	amd64	glib-networking	2.66.0-2	same	no	optional	libs	False
glib-networking-common	2.66.0-2	all	glib-networking	2.66.0-2	foreign	no	optional	libs	False
glib-networking-services	2.66.0-2	amd64	glib-networking	2.66.0-2	foreign	no	optional	libs	False
glx-alternative-mesa	1.2.1~deb11u1	amd64	glx-alternatives	1.2.1~deb11u1	foreign	no	optional	contrib/libs	False
glx-alternative-nvidia	1.2.1~deb11u1	amd64	glx-alternatives	1.2.1~deb11u1	foreign	no	optional	contrib/libs	False
glx-diversions	1.2.1~deb11u1	amd64	glx-alternatives	1.2.1~deb11u1	foreign	no	optional	contrib/libs	False
gnome-bluetooth	3.34.3-2+grm3u1	amd64	gnome-bluetooth	3.34.3-2+grm3u1		no	optional	gnome	True
gnome-calculator	3.38.2-1	amd64	gnome-calculator	3.38.2-1		no	optional	math	False
gnome-control-center	1:3.38.4-1+grm3u9	amd64	gnome-control-center	1:3.38.4-1+grm3u9		no	optional	gnome	True
gnome-control-center-data	1:3.38.4-1+grm3u9	all	gnome-control-center	1:3.38.4-1+grm3u9	foreign	no	optional	gnome	True
gnome-desktop3-data	3.38.5-3	all	gnome-desktop3	3.38.5-3	foreign	no	optional	gnome	False
gnome-flashback	3.38.0-2+grm3u2+han3u4	amd64	gnome-flashback	3.38.0-2+grm3u2+han3u4		no	optional	gnome	True
gnome-flashback-common	3.38.0-2+grm3u2+han3u4	all	gnome-flashback	3.38.0-2+grm3u2+han3u4		no	optional	gnome	True
gnome-hwp-support	0.1.6-2	amd64	gnome-hwp-support	0.1.6-2		no	optional	gnome	False
gnome-icon-theme	3.12.0-3	all	gnome-icon-theme	3.12.0-3	foreign	no	optional	gnome	False
gnome-keyring	3.36.0-1	amd64	gnome-keyring	3.36.0-1	foreign	no	optional	gnome	False
gnome-menus	3.36.0-1	amd64	gnome-menus	3.36.0-1		no	optional	gnome	False
gnome-mpv	0.20-2+grm3u6	all	celluloid	0.20-2+grm3u6		no	optional	oldlibs	True
gnome-panel	3.38.0-1+grm3u1	amd64	gnome-panel	3.38.0-1+grm3u1		no	optional	gnome	True
gnome-panel-data	3.38.0-1+grm3u1	all	gnome-panel	3.38.0-1+grm3u1		no	optional	gnome	True
gnome-screenshot	3.38.0-1+grm3u2	amd64	gnome-screenshot	3.38.0-1+grm3u2		no	optional	gnome	True
gnome-session-bin	3.38.0-4	amd64	gnome-session	3.38.0-4		no	optional	gnome	False
gnome-session-canberra	0.30-7	amd64	libcanberra	0.30-7		no	optional	gnome	False
gnome-session-common	3.38.0-4	all	gnome-session	3.38.0-4		no	optional	gnome	False
gnome-session-flashback	3.38.0-2+grm3u2+han3u4	all	gnome-flashback	3.38.0-2+grm3u2+han3u4		no	optional	gnome	True
gnome-settings-daemon	3.38.2-1+grm3u1	amd64	gnome-settings-daemon	3.38.2-1+grm3u1		no	optional	gnome	True
gnome-settings-daemon-common	3.38.2-1+grm3u1	all	gnome-settings-daemon	3.38.2-1+grm3u1		no	optional	gnome	True
gnome-terminal	3.38.3-1	amd64	gnome-terminal	3.38.3-1	foreign	no	optional	gnome	False
gnome-terminal-data	3.38.3-1	all	gnome-terminal	3.38.3-1		no	optional	gnome	False
gnome-themes-extra	3.28-1	amd64	gnome-themes-extra	3.28-1	same	no	optional	gnome	False
gnome-themes-extra-data	3.28-1	all	gnome-themes-extra	3.28-1	foreign	no	optional	gnome	False
gnupg	2.2.27-2+deb11u2	all	gnupg2	2.2.27-2+deb11u2	foreign	no	optional	utils	False
gnupg-l10n	2.2.27-2+deb11u2	all	gnupg2	2.2.27-2+deb11u2	foreign	no	optional	localization	False
gnupg-utils	2.2.27-2+deb11u2	amd64	gnupg2	2.2.27-2+deb11u2	foreign	no	optional	utils	False
gooroom-agent-service	0.4.8+grm3u1	all	gooroom-agent-service	0.4.8+grm3u1		no	optional	admin	True
gooroom-applauncher-applet	0.4.0+grm3u1+han3u2	amd64	gooroom-applauncher-applet	0.4.0+grm3u1+han3u2		no	optional	gnome	True
gooroom-archive-keyring	20201012+grm3u1	all	gooroom-archive-keyring	20201012+grm3u1		no	important	misc	True
gooroom-artwork-common	1.3.3+grm3u1	all	gooroom-artwork-common	1.3.3+grm3u1		no	optional	admin	True
gooroom-artwork-gnome-flashback	0.4.4+grm3u1	all	gooroom-artwork-gnome-flashback	0.4.4+grm3u1		no	optional	gnome	True
gooroom-bootsplash-theme	1.0.0+grm3u1+han3u1	all	gooroom-bootsplash-theme	1.0.0+grm3u1+han3u1		no	optional	admin	True
gooroom-browser	3.5.0-1+grm3u3	amd64	gooroom-browser	3.5.0-1+grm3u3		no	optional	web	True
gooroom-browser-l10n	3.5.0-1+grm3u3	all	gooroom-browser	3.5.0-1+grm3u3		no	optional	localization	True
gooroom-client-server-register	1.1.1+han3u1	all	gooroom-client-server-register	1.1.1+han3u1		no	optional	admin	True
gooroom-dockbarx	1.3.0+grm3u3	all	gooroom-dockbarx	1.3.0+grm3u3		no	extra	gnome	True
gooroom-dockbarx-applet	0.3.1+grm3u1+han3u1	amd64	gooroom-dockbarx-applet	0.3.1+grm3u1+han3u1		no	optional	gnome	True
gooroom-dockbarx-common	1.3.0+grm3u3	all	gooroom-dockbarx	1.3.0+grm3u3		no	extra	gnome	True
gooroom-dockbarx-dockx	1.3.0+grm3u3	all	gooroom-dockbarx	1.3.0+grm3u3		no	extra	gnome	True
gooroom-greeter	0.3.1+grm3u1+han3u2	amd64	gooroom-greeter	0.3.1+grm3u1+han3u2		no	optional	x11	True
gooroom-guide	0.5.3+grm3u1+han3u1	amd64	gooroom-guide	0.5.3+grm3u1+han3u1		no	optional	admin	True
gooroom-icon-themes	1.3.6+grm3u1+han3u2	all	gooroom-icon-themes	1.3.6+grm3u1+han3u2		no	optional	gnome	True
gooroom-indicator-applet	0.3.0+grm3u1	amd64	gooroom-indicator-applet	0.3.0+grm3u1		no	optional	gnome	True
gooroom-info	3.3.0+grm3u1	all	gooroom-info	3.3.0+grm3u1		no	optional	admin	True
gooroom-integration-applet	0.3.1+grm3u1+han3u3	amd64	gooroom-integration-applet	0.3.1+grm3u1+han3u3		no	optional	gnome	True
gooroom-libsecurity-extensions	0.1.7+grm3u1	amd64	gooroom-libsecurity-extensions	0.1.7+grm3u1		no	optional	admin	True
gooroom-logout	0.3.0+grm3u1	amd64	gooroom-logout	0.3.0+grm3u1		no	optional	utils	True
gooroom-notice-applet	0.3.4+grm3u1	amd64	gooroom-notice-applet	0.3.4+grm3u1		no	optional	gnome	True
gooroom-notifyd	0.5.0+grm3u1	amd64	gooroom-notifyd	0.5.0+grm3u1		no	optional	misc	True
gooroom-security-status-tools	0.3.9+grm3u1	amd64	gooroom-security-status-tools	0.3.9+grm3u1		no	optional	misc	True
gooroom-security-utils	0.3.7+grm3u1	all	gooroom-security-utils	0.3.7+grm3u1		no	optional	admin	True
gooroom-session-manager	0.3.9+grm3u1+han3u2	amd64	gooroom-session-manager	0.3.9+grm3u1+han3u2		no	optional	misc	True
gooroom-showdesktop-applet	0.2.0+grm3u1	amd64	gooroom-showdesktop-applet	0.2.0+grm3u1		no	optional	gnome	True
gooroom-software	3.30.6+5+grm3u6	amd64	gooroom-software	3.30.6+5+grm3u6		no	optional	gnome	True
gooroom-software-common	3.30.6+5+grm3u6	all	gooroom-software	3.30.6+5+grm3u6	foreign	no	optional	gnome	True
gooroom-software-plugin-flatpak	3.30.6+5+grm3u6	amd64	gooroom-software	3.30.6+5+grm3u6		no	optional	gnome	True
gooroom-translations	20230728+han3u1	all	gooroom-translations	20230728+han3u1		no	optional	admin	True
gooroom-update	1.3.3+grm3u1	all	gooroom-update	1.3.3+grm3u1		no	optional	admin	True
gooroom-yelp-adjustments	0.3.10+han3u1	all	gooroom-yelp-adjustments	0.3.10+han3u1		no	optional	admin	True
gooroomsystem	1.1.3+grm3u1	all	gooroomsystem	1.1.3+grm3u1		no	optional	admin	True
gpart	1:0.3-8	amd64	gpart	1:0.3-8		no	optional	admin	False
gparted	1.2.0-1	amd64	gparted	1.2.0-1		no	optional	gnome	False
gparted-common	1.2.0-1	all	gparted	1.2.0-1		no	optional	gnome	False
gpg	2.2.27-2+deb11u2	amd64	gnupg2	2.2.27-2+deb11u2	foreign	no	optional	utils	False
gpg-agent	2.2.27-2+deb11u2	amd64	gnupg2	2.2.27-2+deb11u2	foreign	no	optional	utils	False
gpg-wks-client	2.2.27-2+deb11u2	amd64	gnupg2	2.2.27-2+deb11u2	foreign	no	optional	utils	False
gpg-wks-server	2.2.27-2+deb11u2	amd64	gnupg2	2.2.27-2+deb11u2	foreign	no	optional	utils	False
gpgconf	2.2.27-2+deb11u2	amd64	gnupg2	2.2.27-2+deb11u2	foreign	no	optional	utils	False
gpgsm	2.2.27-2+deb11u2	amd64	gnupg2	2.2.27-2+deb11u2	foreign	no	optional	utils	False
gpgv	2.2.27-2+deb11u2	amd64	gnupg2	2.2.27-2+deb11u2	foreign	no	important	utils	False
grac-device-daemon	1.4.9+grm3u1	all	gooroom-resource-access-control	1.4.9+grm3u1		no	optional	admin	True
grac-editor	1.4.9+grm3u1	all	gooroom-resource-access-control	1.4.9+grm3u1		no	optional	admin	True
grep	3.6-1+deb11u1	amd64	grep	3.6-1+deb11u1	foreign	yes	required	utils	False
groff-base	1.22.4-6	amd64	groff	1.22.4-6	foreign	no	important	text	False
grub-common	2.06-3~deb11u5	amd64	grub2	2.06-3~deb11u5	foreign	no	optional	admin	False
grub-pc	2.06-3~deb11u5	amd64	grub2	2.06-3~deb11u5	foreign	no	optional	admin	False
grub-pc-bin	2.06-3~deb11u5	amd64	grub2	2.06-3~deb11u5	foreign	no	optional	admin	False
grub2-common	2.06-3~deb11u5	amd64	grub2	2.06-3~deb11u5	foreign	no	optional	admin	False
gsettings-desktop-schemas	3.38.0-2	all	gsettings-desktop-schemas	3.38.0-2	foreign	no	optional	gnome	False
gstreamer1.0-clutter-3.0	3.0.27-2	amd64	clutter-gst-3.0	3.0.27-2	same	no	optional	libs	False
gstreamer1.0-libav	1.18.4-3	amd64	gst-libav1.0	1.18.4-3	same	no	optional	libs	False
gstreamer1.0-nice	0.1.16-1	amd64	libnice	0.1.16-1	same	no	optional	net	False
gstreamer1.0-plugins-bad	1.18.4-3+deb11u1	amd64	gst-plugins-bad1.0	1.18.4-3+deb11u1	same	no	optional	libs	False
gstreamer1.0-plugins-base	1.18.4-2+deb11u1	amd64	gst-plugins-base1.0	1.18.4-2+deb11u1	same	no	optional	libs	False
gstreamer1.0-plugins-good	1.18.4-2+deb11u2	amd64	gst-plugins-good1.0	1.18.4-2+deb11u2	same	no	optional	libs	False
gstreamer1.0-plugins-ugly	1.18.4-2	amd64	gst-plugins-ugly1.0	1.18.4-2	same	no	optional	libs	False
gstreamer1.0-pulseaudio	1.18.4-2+deb11u2	amd64	gst-plugins-good1.0	1.18.4-2+deb11u2	same	no	optional	sound	False
gstreamer1.0-x	1.18.4-2+deb11u1	amd64	gst-plugins-base1.0	1.18.4-2+deb11u1	same	no	optional	libs	False
gtk-update-icon-cache	3.24.24-4+grm3u2	amd64	gtk+3.0	3.24.24-4+grm3u2	foreign	no	optional	misc	True
gtk2-engines-murrine	0.98.2-3	amd64	gtk2-engines-murrine	0.98.2-3	same	no	optional	x11	False
gtk2-engines-pixbuf	2.24.33-2+grm3u1	amd64	gtk+2.0	2.24.33-2+grm3u1	same	no	optional	graphics	True
gvfs	1.46.2-1	amd64	gvfs	1.46.2-1	same	no	optional	libs	False
gvfs-backends	1.46.2-1	amd64	gvfs	1.46.2-1	foreign	no	optional	gnome	False
gvfs-common	1.46.2-1	all	gvfs	1.46.2-1	foreign	no	optional	libs	False
gvfs-daemons	1.46.2-1	amd64	gvfs	1.46.2-1	foreign	no	optional	libs	False
gvfs-libs	1.46.2-1	amd64	gvfs	1.46.2-1	same	no	optional	libs	False
gzip	1.10-4+deb11u1	amd64	gzip	1.10-4+deb11u1		yes	required	utils	False
hancom-gooroom-themepack	0.3.3+han3u1	all	hancom-gooroom-themepack	0.3.3+han3u1		no	optional	x11	True
hancom-toolkit	0.3.3+han3u1	amd64	hancom-toolkit	0.3.3+han3u1		no	optional	gnome	True
hancom-viewer-installer	0.2.2+han3u1	amd64	hancom-viewer-installer	0.2.2+han3u1		no	optional	gnome	True
hancomgrm-adjustments-utils	0.3.3+han3u1	amd64	hancomgrm-adjustments-utils	0.3.3+han3u1		no	optional	utils	True
hicolor-icon-theme	0.17-2	all	hicolor-icon-theme	0.17-2	foreign	no	optional	misc	False
hostname	3.23	amd64	hostname	3.23		yes	required	admin	False
hp-ppd	0.9+nmu1	all	hp-ppd	0.9+nmu1		no	optional	utils	False
hpijs-ppds	3.21.2+dfsg1-2	all	hplip	3.21.2+dfsg1-2		no	optional	utils	False
hunspell-en-us	1:2019.10.06-1	all	scowl	2019.10.06-1	foreign	no	standard	text	False
ieee-data	20210605.1	all	ieee-data	20210605.1		no	optional	net	False
ifupdown	0.8.36	amd64	ifupdown	0.8.36	foreign	no	important	admin	False
im-config	0.46-1+deb11u1	all	im-config	0.46-1+deb11u1		no	optional	x11	False
init	1.60	amd64	init-system-helpers	1.60	foreign	no	important	metapackages	False
init-system-helpers	1.60	all	init-system-helpers	1.60	foreign	yes	required	admin	False
initramfs-tools	0.140	all	initramfs-tools	0.140	foreign	no	optional	utils	False
initramfs-tools-core	0.140	all	initramfs-tools	0.140	foreign	no	optional	utils	False
insserv	1.21.0-1.1	amd64	insserv	1.21.0-1.1		no	optional	misc	False
intel-microcode	3.20230214.1~deb11u1	amd64	intel-microcode	3.20230214.1~deb11u1		no	standard	non-free/admin	False
iproute2	5.10.0-4	amd64	iproute2	5.10.0-4	foreign	no	important	net	False
iptables	1.8.7-1	amd64	iptables	1.8.7-1	foreign	no	optional	net	False
iputils-ping	3:20210202-1	amd64	iputils	3:20210202-1	foreign	no	important	net	False
isc-dhcp-client	4.4.1-2.3+deb11u2	amd64	isc-dhcp	4.4.1-2.3+deb11u2		no	important	net	False
isc-dhcp-common	4.4.1-2.3+deb11u2	amd64	isc-dhcp	4.4.1-2.3+deb11u2		no	important	net	False
iso-codes	4.6.0-1	all	iso-codes	4.6.0-1	foreign	no	optional	misc	False
isoquery	3.2.4-1+deb11u1	amd64	isoquery	3.2.4-1+deb11u1		no	optional	misc	False
iucode-tool	2.3.1-1	amd64	iucode-tool	2.3.1-1		no	optional	contrib/utils	False
kbd	2.3.0-3	amd64	kbd	2.3.0-3		no	optional	utils	False
keyboard-configuration	1.205	all	console-setup	1.205	foreign	no	optional	utils	False
keyutils	1.6.1-2	amd64	keyutils	1.6.1-2	foreign	no	optional	admin	False
klibc-utils	2.0.8-6.1	amd64	klibc	2.0.8-6.1	foreign	no	optional	libs	False
kmod	28-1	amd64	kmod	28-1	foreign	no	important	admin	False
less	551-2	amd64	less	551-2	foreign	no	important	text	False
liba52-0.7.4	0.7.4-20	amd64	a52dec	0.7.4-20	same	no	optional	libs	False
libaa1	1.4p5-48	amd64	aalib	1.4p5-48	same	no	optional	libs	False
libaccountsservice0	0.6.55-3+grm3u1	amd64	accountsservice	0.6.55-3+grm3u1	same	no	optional	libs	True
libacl1	2.2.53-10	amd64	acl	2.2.53-10	same	no	optional	libs	False
libamtk-5-0	5.2.0-1	amd64	amtk	5.2.0-1	same	no	optional	libs	False
libamtk-5-common	5.2.0-1	all	amtk	5.2.0-1	foreign	no	optional	libs	False
libaom0	1.0.0.errata1-3	amd64	aom	1.0.0.errata1-3	same	no	optional	libs	False
libapparmor1	2.13.6-10	amd64	apparmor	2.13.6-10	same	no	optional	libs	False
libappstream-glib8	0.7.18-1	amd64	appstream-glib	0.7.18-1	same	no	optional	libs	False
libappstream4	0.14.4-1	amd64	appstream	0.14.4-1	same	no	optional	libs	False
libapt-pkg6.0	2.2.4	amd64	apt	2.2.4	same	no	optional	libs	False
libarchive13	3.4.3-2+deb11u1	amd64	libarchive	3.4.3-2+deb11u1	same	no	optional	libs	False
libargon2-1	0~20171227-0.2	amd64	argon2	0~20171227-0.2	same	no	optional	libs	False
libasound2	1.2.4-1.1	amd64	alsa-lib	1.2.4-1.1	same	no	optional	libs	False
libasound2-data	1.2.4-1.1	all	alsa-lib	1.2.4-1.1	foreign	no	optional	libs	False
libasound2-plugins	1.2.2-2	amd64	alsa-plugins	1.2.2-2	same	no	optional	libs	False
libaspell15	0.60.8-3	amd64	aspell	0.60.8-3	same	no	optional	libs	False
libass9	1:0.15.0-2	amd64	libass	1:0.15.0-2	same	no	optional	libs	False
libassuan0	2.5.3-7.1	amd64	libassuan	2.5.3-7.1	same	no	optional	libs	False
libasyncns0	0.8-6+b2	amd64	libasyncns	0.8-6	same	no	optional	libs	False
libatasmart4	0.19-5	amd64	libatasmart	0.19-5	same	no	optional	libs	False
libatk-bridge2.0-0	2.38.0-1	amd64	at-spi2-atk	2.38.0-1	same	no	optional	libs	False
libatk1.0-0	2.36.0-2	amd64	atk1.0	2.36.0-2	same	no	optional	libs	False
libatk1.0-data	2.36.0-2	all	atk1.0	2.36.0-2	foreign	no	optional	misc	False
libatkmm-1.6-1v5	2.28.0-3	amd64	atkmm1.6	2.28.0-3	same	no	optional	libs	False
libatomic1	10.2.1-6	amd64	gcc-10	10.2.1-6	same	no	optional	libs	False
libatopology2	1.2.4-1.1	amd64	alsa-lib	1.2.4-1.1	same	no	optional	libs	False
libatspi2.0-0	2.38.0-4+deb11u1	amd64	at-spi2-core	2.38.0-4+deb11u1	same	no	optional	libs	False
libattr1	1:2.4.48-6	amd64	attr	1:2.4.48-6	same	no	optional	libs	False
libaudit-common	1:3.0-2	all	audit	1:3.0-2	foreign	no	optional	libs	False
libaudit1	1:3.0-2	amd64	audit	1:3.0-2	same	no	optional	libs	False
libavahi-client3	0.8-5+deb11u2	amd64	avahi	0.8-5+deb11u2	same	no	optional	libs	False
libavahi-common-data	0.8-5+deb11u2	amd64	avahi	0.8-5+deb11u2	same	no	optional	libs	False
libavahi-common3	0.8-5+deb11u2	amd64	avahi	0.8-5+deb11u2	same	no	optional	libs	False
libavahi-glib1	0.8-5+deb11u2	amd64	avahi	0.8-5+deb11u2	same	no	optional	libs	False
libavc1394-0	0.5.4-5	amd64	libavc1394	0.5.4-5	same	no	optional	libs	False
libavcodec58	7:4.3.6-0+deb11u1	amd64	ffmpeg	7:4.3.6-0+deb11u1	same	no	optional	libs	False
libavdevice58	7:4.3.6-0+deb11u1	amd64	ffmpeg	7:4.3.6-0+deb11u1	same	no	optional	libs	False
libavfilter7	7:4.3.6-0+deb11u1	amd64	ffmpeg	7:4.3.6-0+deb11u1	same	no	optional	libs	False
libavformat58	7:4.3.6-0+deb11u1	amd64	ffmpeg	7:4.3.6-0+deb11u1	same	no	optional	libs	False
libavresample4	7:4.3.6-0+deb11u1	amd64	ffmpeg	7:4.3.6-0+deb11u1	same	no	optional	libs	False
libavutil56	7:4.3.6-0+deb11u1	amd64	ffmpeg	7:4.3.6-0+deb11u1	same	no	optional	libs	False
libayatana-appindicator3-1	0.5.5-2+deb11u2	amd64	libayatana-appindicator	0.5.5-2+deb11u2		no	optional	libs	False
libayatana-ido3-0.4-0	0.8.2-1	amd64	ayatana-ido	0.8.2-1	same	no	optional	libs	False
libayatana-indicator3-7	0.8.4-1+deb11u2	amd64	libayatana-indicator	0.8.4-1+deb11u2	same	no	optional	libs	False
libb64-0d	1.2-5+b1	amd64	libb64	1.2-5	same	no	optional	libs	False
libbinutils	2.35.2-2	amd64	binutils	2.35.2-2	same	no	optional	devel	False
libblas3	3.9.0-3	amd64	lapack	3.9.0-3	same	no	optional	libs	False
libblkid1	2.36.1-8+deb11u1	amd64	util-linux	2.36.1-8+deb11u1	same	no	optional	libs	False
libblockdev-crypto2	2.25-2	amd64	libblockdev	2.25-2	same	no	optional	libs	False
libblockdev-fs2	2.25-2	amd64	libblockdev	2.25-2	same	no	optional	libs	False
libblockdev-loop2	2.25-2	amd64	libblockdev	2.25-2	same	no	optional	libs	False
libblockdev-mdraid2	2.25-2	amd64	libblockdev	2.25-2	same	no	optional	libs	False
libblockdev-part-err2	2.25-2	amd64	libblockdev	2.25-2	same	no	optional	libs	False
libblockdev-part2	2.25-2	amd64	libblockdev	2.25-2	same	no	optional	libs	False
libblockdev-swap2	2.25-2	amd64	libblockdev	2.25-2	same	no	optional	libs	False
libblockdev-utils2	2.25-2	amd64	libblockdev	2.25-2	same	no	optional	libs	False
libblockdev2	2.25-2	amd64	libblockdev	2.25-2	same	no	optional	libs	False
libbluetooth3	5.55-3.1	amd64	bluez	5.55-3.1	same	no	optional	libs	False
libbluray2	1:1.2.1-4+deb11u2	amd64	libbluray	1:1.2.1-4+deb11u2	same	no	optional	libs	False
libboost-iostreams1.74.0	1.74.0-9	amd64	boost1.74	1.74.0-9	same	no	optional	libs	False
libbpf0	1:0.3-2	amd64	libbpf	0.3-2	same	no	optional	libs	False
libbrotli1	1.0.9-2+b2	amd64	brotli	1.0.9-2	same	no	optional	libs	False
libbs2b0	3.1.0+dfsg-2.2+b1	amd64	libbs2b	3.1.0+dfsg-2.2	same	no	extra	libs	False
libbsd0	0.11.3-1	amd64	libbsd	0.11.3-1	same	no	optional	libs	False
libbytesize-common	2.5-1	all	libbytesize	2.5-1	foreign	no	optional	libs	False
libbytesize1	2.5-1	amd64	libbytesize	2.5-1	same	no	optional	libs	False
libbz2-1.0	1.0.8-4	amd64	bzip2	1.0.8-4	same	no	optional	libs	False
libc-bin	2.31-13+deb11u6	amd64	glibc	2.31-13+deb11u6	foreign	yes	required	libs	False
libc-l10n	2.31-13+deb11u6	all	glibc	2.31-13+deb11u6	foreign	no	standard	localization	False
libc6	2.31-13+deb11u6	amd64	glibc	2.31-13+deb11u6	same	no	optional	libs	False
libcaca0	0.99.beta19-2.2	amd64	libcaca	0.99.beta19-2.2	same	no	optional	libs	False
libcairo-gobject-perl	1.005-2+b2	amd64	libcairo-gobject-perl	1.005-2		no	optional	perl	False
libcairo-gobject2	1.16.0-5	amd64	cairo	1.16.0-5	same	no	optional	libs	False
libcairo-perl	1.109-1	amd64	libcairo-perl	1.109-1	same	no	optional	perl	False
libcairo2	1.16.0-5	amd64	cairo	1.16.0-5	same	no	optional	libs	False
libcairomm-1.0-1v5	1.12.2-4	amd64	cairomm	1.12.2-4	same	no	optional	libs	False
libcamel-1.2-62	3.38.3-1+deb11u2	amd64	evolution-data-server	3.38.3-1+deb11u2	same	no	optional	libs	False
libcanberra-gtk-module	0.30-7	amd64	libcanberra	0.30-7	same	no	optional	libs	False
libcanberra-gtk0	0.30-7	amd64	libcanberra	0.30-7	same	no	optional	libs	False
libcanberra-gtk3-0	0.30-7	amd64	libcanberra	0.30-7	same	no	optional	libs	False
libcanberra-gtk3-module	0.30-7	amd64	libcanberra	0.30-7	same	no	optional	libs	False
libcanberra-pulse	0.30-7	amd64	libcanberra	0.30-7	same	no	optional	libs	False
libcanberra0	0.30-7	amd64	libcanberra	0.30-7	same	no	optional	libs	False
libcap-ng0	0.7.9-2.2+b1	amd64	libcap-ng	0.7.9-2.2	same	no	optional	libs	False
libcap2	1:2.44-1	amd64	libcap2	1:2.44-1	same	no	optional	libs	False
libcap2-bin	1:2.44-1	amd64	libcap2	1:2.44-1	foreign	no	optional	utils	False
libcdio-cdda2	10.2+2.0.0-1+b2	amd64	libcdio-paranoia	10.2+2.0.0-1	same	no	optional	libs	False
libcdio-paranoia2	10.2+2.0.0-1+b2	amd64	libcdio-paranoia	10.2+2.0.0-1	same	no	optional	libs	False
libcdio19	2.1.0-2	amd64	libcdio	2.1.0-2	same	no	optional	libs	False
libcdparanoia0	3.10.2+debian-13.1	amd64	cdparanoia	3.10.2+debian-13.1	same	no	optional	libs	False
libcheese-gtk25	3.38.0-3	amd64	cheese	3.38.0-3	same	no	optional	libs	False
libcheese8	3.38.0-3	amd64	cheese	3.38.0-3	same	no	optional	libs	False
libchromaprint1	1.5.0-2	amd64	chromaprint	1.5.0-2	same	no	optional	libs	False
libclutter-1.0-0	1.26.4+dfsg-2	amd64	clutter-1.0	1.26.4+dfsg-2	same	no	optional	libs	False
libclutter-gst-3.0-0	3.0.27-2	amd64	clutter-gst-3.0	3.0.27-2	same	no	optional	libs	False
libclutter-gtk-1.0-0	1.8.4-4	amd64	clutter-gtk	1.8.4-4	same	no	optional	libs	False
libcodec2-0.9	0.9.2-4	amd64	codec2	0.9.2-4	same	no	optional	libs	False
libcogl-pango20	1.22.8-2	amd64	cogl	1.22.8-2	same	no	optional	libs	False
libcogl-path20	1.22.8-2	amd64	cogl	1.22.8-2	same	no	optional	libs	False
libcogl20	1.22.8-2	amd64	cogl	1.22.8-2	same	no	optional	libs	False
libcolord-gtk1	0.1.26-2	amd64	colord-gtk	0.1.26-2	same	no	optional	libs	False
libcolord2	1.4.5-3	amd64	colord	1.4.5-3	same	no	optional	libs	False
libcolorhug2	1.4.5-3	amd64	colord	1.4.5-3	same	no	optional	libs	False
libcom-err2	1.46.2-2	amd64	e2fsprogs	1.46.2-2	same	no	optional	libs	False
libcrack2	2.9.6-3.4	amd64	cracklib2	2.9.6-3.4	same	no	optional	libs	False
libcrypt1	1:4.4.18-4	amd64	libxcrypt	1:4.4.18-4	same	no	optional	libs	False
libcryptsetup12	2:2.3.7-1+deb11u1	amd64	cryptsetup	2:2.3.7-1+deb11u1	same	no	optional	libs	False
libctf-nobfd0	2.35.2-2	amd64	binutils	2.35.2-2	same	no	optional	devel	False
libctf0	2.35.2-2	amd64	binutils	2.35.2-2	same	no	optional	devel	False
libcue2	2.2.1-3	amd64	libcue	2.2.1-3	same	no	optional	libs	False
libcups2	2.3.3op2-3+deb11u2	amd64	cups	2.3.3op2-3+deb11u2	same	no	optional	libs	False
libcupsfilters1	1.28.7-1+deb11u2	amd64	cups-filters	1.28.7-1+deb11u2	same	no	optional	libs	False
libcupsimage2	2.3.3op2-3+deb11u2	amd64	cups	2.3.3op2-3+deb11u2	same	no	optional	libs	False
libcurl3-gnutls	7.74.0-1.3+deb11u7	amd64	curl	7.74.0-1.3+deb11u7	same	no	optional	libs	False
libcurl4	7.74.0-1.3+deb11u7	amd64	curl	7.74.0-1.3+deb11u7	same	no	optional	libs	False
libcwidget4	0.5.18-5	amd64	cwidget	0.5.18-5	same	no	optional	libs	False
libdatrie1	0.2.13-1	amd64	libdatrie	0.2.13-1	same	no	optional	libs	False
libdav1d4	0.7.1-3	amd64	dav1d	0.7.1-3	same	no	optional	libs	False
libdb5.3	5.3.28+dfsg1-0.8	amd64	db5.3	5.3.28+dfsg1-0.8	same	no	optional	libs	False
libdbus-1-3	1.12.24-0+deb11u1	amd64	dbus	1.12.24-0+deb11u1	same	no	optional	libs	False
libdbus-glib-1-2	0.110-6	amd64	dbus-glib	0.110-6	same	no	optional	oldlibs	False
libdbusmenu-glib4	18.10.20180917~bzr492+repack1-2	amd64	libdbusmenu	18.10.20180917~bzr492+repack1-2	same	no	optional	libs	False
libdbusmenu-gtk3-4	18.10.20180917~bzr492+repack1-2	amd64	libdbusmenu	18.10.20180917~bzr492+repack1-2	same	no	optional	libs	False
libdc1394-25	2.2.6-3	amd64	libdc1394	2.2.6-3	same	no	optional	libs	False
libdca0	0.0.7-2	amd64	libdca	0.0.7-2	same	no	optional	libs	False
libdconf1	0.38.0-2	amd64	dconf	0.38.0-2	same	no	optional	libs	False
libde265-0	1.0.11-0+deb11u1	amd64	libde265	1.0.11-0+deb11u1	same	no	optional	libs	False
libdebconfclient0	0.260	amd64	cdebconf	0.260	same	no	optional	libs	False
libdee-1.0-4	1.2.7+17.10.20170616-6+b1	amd64	dee	1.2.7+17.10.20170616-6	same	no	optional	libs	False
libdeflate0	1.7-1	amd64	libdeflate	1.7-1	same	no	optional	libs	False
libdevmapper1.02.1	2:1.02.175-2.1	amd64	lvm2	2.03.11-2.1	same	no	optional	libs	False
libdns-export1110	1:9.11.19+dfsg-2.1	amd64	bind9-libs	1:9.11.19+dfsg-2.1		no	optional	libs	False
libdouble-conversion3	3.1.5-6.1	amd64	double-conversion	3.1.5-6.1	same	no	optional	libs	False
libdpkg-perl	1.20.12+grm3u1	all	dpkg	1.20.12+grm3u1	foreign	no	optional	perl	True
libdrm-amdgpu1	2.4.104-1	amd64	libdrm	2.4.104-1	same	no	optional	libs	False
libdrm-common	2.4.104-1	all	libdrm	2.4.104-1	foreign	no	optional	libs	False
libdrm-intel1	2.4.104-1	amd64	libdrm	2.4.104-1	same	no	optional	libs	False
libdrm-nouveau2	2.4.104-1	amd64	libdrm	2.4.104-1	same	no	optional	libs	False
libdrm-radeon1	2.4.104-1	amd64	libdrm	2.4.104-1	same	no	optional	libs	False
libdrm2	2.4.104-1	amd64	libdrm	2.4.104-1	same	no	optional	libs	False
libdv4	1.0.0-13	amd64	libdv	1.0.0-13	same	no	optional	libs	False
libdvdnav4	6.1.0-1+b1	amd64	libdvdnav	6.1.0-1	same	no	optional	libs	False
libdvdread8	6.1.1-2	amd64	libdvdread	6.1.1-2	same	no	optional	libs	False
libdw1	0.183-1	amd64	elfutils	0.183-1	same	no	optional	libs	False
libecal-2.0-1	3.38.3-1+deb11u2	amd64	evolution-data-server	3.38.3-1+deb11u2	same	no	optional	libs	False
libecryptfs1	111-5	amd64	ecryptfs-utils	111-5		no	optional	libs	False
libedataserver-1.2-25	3.38.3-1+deb11u2	amd64	evolution-data-server	3.38.3-1+deb11u2	same	no	optional	libs	False
libedit2	3.1-20191231-2+b1	amd64	libedit	3.1-20191231-2	same	no	optional	libs	False
libefiboot1	37-6	amd64	efivar	37-6	same	no	optional	libs	False
libefivar1	37-6	amd64	efivar	37-6	same	no	optional	libs	False
libegl-mesa0	20.3.5-1	amd64	mesa	20.3.5-1	same	no	optional	libs	False
libegl1	1.3.2-1	amd64	libglvnd	1.3.2-1	same	no	optional	libs	False
libelf1	0.183-1	amd64	elfutils	0.183-1	same	no	optional	libs	False
libenchant-2-2	2.2.15-1	amd64	enchant-2	2.2.15-1	same	no	optional	libs	False
libepoxy0	1.5.5-1	amd64	libepoxy	1.5.5-1	same	no	optional	libs	False
libept1.6.0	1.2.1	amd64	libept	1.2.1	same	no	optional	libs	False
libestr0	0.1.10-2.1+b1	amd64	libestr	0.1.10-2.1	same	no	optional	libs	False
libevdev2	1.11.0+dfsg-1	amd64	libevdev	1.11.0+dfsg-1	same	no	optional	libs	False
libevent-2.1-7	2.1.12-stable-1	amd64	libevent	2.1.12-stable-1	same	no	optional	libs	False
libexempi8	2.5.2-1	amd64	exempi	2.5.2-1	same	no	optional	libs	False
libexif12	0.6.22-3	amd64	libexif	0.6.22-3	same	no	optional	libs	False
libexiv2-27	0.27.3-3+deb11u2	amd64	exiv2	0.27.3-3+deb11u2	same	no	optional	libs	False
libexpat1	2.2.10-2+deb11u5	amd64	expat	2.2.10-2+deb11u5	same	no	optional	libs	False
libext2fs2	1.46.2-2	amd64	e2fsprogs	1.46.2-2	same	no	optional	libs	False
libextutils-depends-perl	0.8000-1	all	libextutils-depends-perl	0.8000-1		no	optional	perl	False
libextutils-pkgconfig-perl	1.16-1.1	all	libextutils-pkgconfig-perl	1.16-1.1		no	optional	perl	False
libfaad2	2.10.0-1	amd64	faad2	2.10.0-1	same	no	optional	libs	False
libfastjson4	0.99.9-1	amd64	libfastjson	0.99.9-1	same	no	optional	libs	False
libfdisk1	2.36.1-8+deb11u1	amd64	util-linux	2.36.1-8+deb11u1	same	no	optional	libs	False
libffi7	3.3-6	amd64	libffi	3.3-6	same	no	optional	libs	False
libfftw3-double3	3.3.8-2	amd64	fftw3	3.3.8-2	same	no	optional	libs	False
libfftw3-single3	3.3.8-2	amd64	fftw3	3.3.8-2	same	no	optional	libs	False
libflac8	1.3.3-2+deb11u1	amd64	flac	1.3.3-2+deb11u1	same	no	optional	libs	False
libflatpak0	1.10.8-0+deb11u1	amd64	flatpak	1.10.8-0+deb11u1	same	no	optional	libs	False
libflite1	2.2-2	amd64	flite	2.2-2	same	no	optional	libs	False
libfluidsynth2	2.1.7-1.1	amd64	fluidsynth	2.1.7-1.1	same	no	optional	libs	False
libfontconfig1	2.13.1-4.2	amd64	fontconfig	2.13.1-4.2	same	no	optional	libs	False
libfontembed1	1.28.7-1+deb11u2	amd64	cups-filters	1.28.7-1+deb11u2	same	no	optional	libs	False
libfontenc1	1:1.1.4-1	amd64	libfontenc	1:1.1.4-1	same	no	optional	libs	False
libfreetype6	2.10.4+dfsg-1+deb11u1	amd64	freetype	2.10.4+dfsg-1+deb11u1	same	no	optional	libs	False
libfribidi0	1.0.8-2+deb11u1	amd64	fribidi	1.0.8-2+deb11u1	same	no	optional	libs	False
libfuse2	2.9.9-5	amd64	fuse	2.9.9-5	same	no	optional	libs	False
libgbm1	20.3.5-1	amd64	mesa	20.3.5-1	same	no	optional	libs	False
libgcc-s1	10.2.1-6	amd64	gcc-10	10.2.1-6	same	no	optional	libs	False
libgck-1-0	3.38.1-2	amd64	gcr	3.38.1-2	same	no	optional	libs	False
libgconf-2-4	3.2.6-7	amd64	gconf	3.2.6-7	same	no	optional	libs	False
libgcr-base-3-1	3.38.1-2	amd64	gcr	3.38.1-2	same	no	optional	libs	False
libgcr-ui-3-1	3.38.1-2	amd64	gcr	3.38.1-2	same	no	optional	libs	False
libgcrypt20	1.8.7-6	amd64	libgcrypt20	1.8.7-6	same	no	optional	libs	False
libgd3	2.3.0-2	amd64	libgd2	2.3.0-2	same	no	optional	libs	False
libgdata-common	0.17.13-3	all	libgdata	0.17.13-3	foreign	no	optional	libs	False
libgdata22	0.17.13-3	amd64	libgdata	0.17.13-3	same	no	optional	libs	False
libgdbm-compat4	1.19-2	amd64	gdbm	1.19-2	same	no	optional	libs	False
libgdbm6	1.19-2	amd64	gdbm	1.19-2	same	no	optional	libs	False
libgdk-pixbuf-2.0-0	2.42.2+dfsg-1+deb11u1	amd64	gdk-pixbuf	2.42.2+dfsg-1+deb11u1	same	no	optional	libs	False
libgdk-pixbuf-xlib-2.0-0	2.40.2-2	amd64	gdk-pixbuf-xlib	2.40.2-2	same	no	optional	oldlibs	False
libgdk-pixbuf2.0-0	2.40.2-2	amd64	gdk-pixbuf-xlib	2.40.2-2	same	no	optional	oldlibs	False
libgdk-pixbuf2.0-bin	2.42.2+dfsg-1+deb11u1	amd64	gdk-pixbuf	2.42.2+dfsg-1+deb11u1	foreign	no	optional	libs	False
libgdk-pixbuf2.0-common	2.42.2+dfsg-1+deb11u1	all	gdk-pixbuf	2.42.2+dfsg-1+deb11u1	foreign	no	optional	libs	False
libgdm1	3.38.2.1-1	amd64	gdm3	3.38.2.1-1		no	optional	libs	False
libgee-0.8-2	0.20.4-1	amd64	libgee-0.8	0.20.4-1	same	no	optional	libs	False
libgeoclue-2-0	2.5.7-3	amd64	geoclue-2.0	2.5.7-3	same	no	optional	libs	False
libgeocode-glib0	3.26.2-2	amd64	geocode-glib	3.26.2-2	same	no	optional	libs	False
libges-1.0-0	1.18.4-2	amd64	gstreamer-editing-services1.0	1.18.4-2		no	optional	libs	False
libgexiv2-2	0.12.1-1	amd64	gexiv2	0.12.1-1	same	no	optional	libs	False
libgfortran5	10.2.1-6	amd64	gcc-10	10.2.1-6	same	no	optional	libs	False
libgif7	5.1.9-2	amd64	giflib	5.1.9-2	same	no	optional	libs	False
libgirepository-1.0-1	1.66.1-1+b1	amd64	gobject-introspection	1.66.1-1	same	no	optional	libs	False
libgjs0g	1.66.2-1	amd64	gjs	1.66.2-1	same	no	optional	libs	False
libgl1	1.3.2-1	amd64	libglvnd	1.3.2-1	same	no	optional	libs	False
libgl1-mesa-dri	20.3.5-1	amd64	mesa	20.3.5-1	same	no	optional	libs	False
libgladeui-2-13	3.38.2-2	amd64	glade	3.38.2-2	same	no	optional	libs	False
libgladeui-common	3.38.2-2	all	glade	3.38.2-2	foreign	no	optional	libs	False
libglapi-mesa	20.3.5-1	amd64	mesa	20.3.5-1	same	no	optional	libs	False
libgles2	1.3.2-1	amd64	libglvnd	1.3.2-1	same	no	optional	libs	False
libglib-object-introspection-perl	0.049-1+b1	amd64	libglib-object-introspection-perl	0.049-1		no	optional	perl	False
libglib-perl	3:1.329.3-1+b1	amd64	libglib-perl	3:1.329.3-1	same	no	optional	perl	False
libglib2.0-0	2.66.8-1	amd64	glib2.0	2.66.8-1	same	no	optional	libs	False
libglib2.0-bin	2.66.8-1	amd64	glib2.0	2.66.8-1	foreign	no	optional	misc	False
libglib2.0-data	2.66.8-1	all	glib2.0	2.66.8-1	foreign	no	optional	libs	False
libglibmm-2.4-1v5	2.64.2-2	amd64	glibmm2.4	2.64.2-2	same	no	optional	libs	False
libglu1-mesa	9.0.1-1	amd64	libglu	9.0.1-1	same	no	optional	libs	False
libglvnd0	1.3.2-1	amd64	libglvnd	1.3.2-1	same	no	optional	libs	False
libglx-mesa0	20.3.5-1	amd64	mesa	20.3.5-1	same	no	optional	libs	False
libglx0	1.3.2-1	amd64	libglvnd	1.3.2-1	same	no	optional	libs	False
libgme0	0.6.3-2	amd64	game-music-emu	0.6.3-2	same	no	optional	libs	False
libgmp10	2:6.2.1+dfsg-1+deb11u1	amd64	gmp	2:6.2.1+dfsg-1+deb11u1	same	no	optional	libs	False
libgnome-autoar-0-0	0.2.4-3	amd64	gnome-autoar	0.2.4-3	same	no	optional	libs	False
libgnome-bluetooth13	3.34.3-2+grm3u1	amd64	gnome-bluetooth	3.34.3-2+grm3u1	same	no	optional	libs	True
libgnome-desktop-3-19	3.38.5-3	amd64	gnome-desktop3	3.38.5-3	same	no	optional	libs	False
libgnome-menu-3-0	3.36.0-1	amd64	gnome-menus	3.36.0-1	same	no	optional	libs	False
libgnome-panel0	3.38.0-1+grm3u1	amd64	gnome-panel	3.38.0-1+grm3u1	same	no	optional	libs	True
libgnomekbd-common	3.26.1-1	all	libgnomekbd	3.26.1-1	foreign	no	optional	libs	False
libgnomekbd8	3.26.1-1	amd64	libgnomekbd	3.26.1-1	same	no	optional	libs	False
libgnutls30	3.7.1-5+deb11u3	amd64	gnutls28	3.7.1-5+deb11u3	same	no	optional	libs	False
libgoa-1.0-0b	3.38.0-3	amd64	gnome-online-accounts	3.38.0-3	same	no	optional	libs	False
libgoa-1.0-common	3.38.0-3	all	gnome-online-accounts	3.38.0-3	foreign	no	optional	libs	False
libgomp1	10.2.1-6	amd64	gcc-10	10.2.1-6	same	no	optional	libs	False
libgpg-error0	1.38-2	amd64	libgpg-error	1.38-2	same	no	optional	libs	False
libgpgme11	1.14.0-1+b2	amd64	gpgme1.0	1.14.0-1	same	no	optional	libs	False
libgphoto2-6	2.5.27-1	amd64	libgphoto2	2.5.27-1	same	no	optional	libs	False
libgphoto2-port12	2.5.27-1	amd64	libgphoto2	2.5.27-1	same	no	optional	libs	False
libgpm2	1.20.7-8	amd64	gpm	1.20.7-8	same	no	optional	libs	False
libgraphite2-3	1.3.14-1	amd64	graphite2	1.3.14-1	same	no	optional	libs	False
libgs9	9.53.3~dfsg-7+deb11u5	amd64	ghostscript	9.53.3~dfsg-7+deb11u5	same	no	optional	libs	False
libgs9-common	9.53.3~dfsg-7+deb11u5	all	ghostscript	9.53.3~dfsg-7+deb11u5	foreign	no	optional	libs	False
libgsf-1-114	1.14.47-1	amd64	libgsf	1.14.47-1	same	no	optional	libs	False
libgsf-1-common	1.14.47-1	all	libgsf	1.14.47-1	foreign	no	optional	libs	False
libgsm1	1.0.18-2	amd64	libgsm	1.0.18-2	same	no	optional	libs	False
libgsound0	1.0.2-5	amd64	gsound	1.0.2-5	same	no	optional	libs	False
libgspell-1-2	1.8.4-1	amd64	gspell	1.8.4-1	same	no	optional	libs	False
libgspell-1-common	1.8.4-1	all	gspell	1.8.4-1	foreign	no	optional	libs	False
libgssapi-krb5-2	1.18.3-6+deb11u3	amd64	krb5	1.18.3-6+deb11u3	same	no	optional	libs	False
libgssdp-1.2-0	1.2.3-2	amd64	gssdp	1.2.3-2	same	no	optional	libs	False
libgstreamer-gl1.0-0	1.18.4-2+deb11u1	amd64	gst-plugins-base1.0	1.18.4-2+deb11u1	same	no	optional	libs	False
libgstreamer-plugins-bad1.0-0	1.18.4-3+deb11u1	amd64	gst-plugins-bad1.0	1.18.4-3+deb11u1	same	no	optional	libs	False
libgstreamer-plugins-base1.0-0	1.18.4-2+deb11u1	amd64	gst-plugins-base1.0	1.18.4-2+deb11u1	same	no	optional	libs	False
libgstreamer1.0-0	1.18.4-2.1	amd64	gstreamer1.0	1.18.4-2.1	same	no	optional	libs	False
libgtk-3-0	3.24.24-4+grm3u2	amd64	gtk+3.0	3.24.24-4+grm3u2	same	no	optional	libs	True
libgtk-3-bin	3.24.24-4+grm3u2	amd64	gtk+3.0	3.24.24-4+grm3u2	foreign	no	optional	misc	True
libgtk-3-common	3.24.24-4+grm3u2	all	gtk+3.0	3.24.24-4+grm3u2	foreign	no	optional	misc	True
libgtk2.0-0	2.24.33-2+grm3u1	amd64	gtk+2.0	2.24.33-2+grm3u1	same	no	optional	libs	True
libgtk2.0-common	2.24.33-2+grm3u1	all	gtk+2.0	2.24.33-2+grm3u1	foreign	no	optional	misc	True
libgtk3-perl	0.038-1	all	libgtk3-perl	0.038-1		no	optional	perl	False
libgtkmm-3.0-1v5	3.24.2-2	amd64	gtkmm3.0	3.24.2-2	same	no	optional	libs	False
libgtksourceview-4-0	4.8.0-1	amd64	gtksourceview4	4.8.0-1	same	no	optional	libs	False
libgtksourceview-4-common	4.8.0-1	all	gtksourceview4	4.8.0-1	foreign	no	optional	libs	False
libgtop-2.0-11	2.40.0-2	amd64	libgtop2	2.40.0-2	same	no	optional	libs	False
libgtop2-common	2.40.0-2	all	libgtop2	2.40.0-2	foreign	no	optional	libs	False
libgudev-1.0-0	234-1	amd64	libgudev	234-1	same	no	optional	libs	False
libgupnp-1.2-0	1.2.4-1	amd64	gupnp	1.2.4-1	same	no	optional	libs	False
libgupnp-av-1.0-2	0.12.11-2	amd64	gupnp-av	0.12.11-2		no	optional	libs	False
libgupnp-dlna-2.0-3	0.10.5-4	amd64	gupnp-dlna	0.10.5-4		no	optional	libs	False
libgupnp-igd-1.0-4	1.2.0-1	amd64	gupnp-igd	1.2.0-1	same	no	optional	libs	False
libgusb2	0.3.5-1	amd64	libgusb	0.3.5-1	same	no	optional	libs	False
libgutenprint-common	5.3.3-5	all	gutenprint	5.3.3-5		no	optional	libs	False
libgutenprint9	5.3.3-5	amd64	gutenprint	5.3.3-5		no	optional	libs	False
libgweather-3-16	3.36.1-3	amd64	libgweather	3.36.1-3	same	no	optional	libs	False
libgweather-common	3.36.1-3	all	libgweather	3.36.1-3	foreign	no	optional	libs	False
libgxps2	0.3.2-1	amd64	libgxps	0.3.2-1	same	no	optional	libs	False
libhandy-1-0	1.0.3-2	amd64	libhandy-1	1.0.3-2	same	no	optional	libs	False
libhangul-data	0.1.0+git20191003-2	all	libhangul	0.1.0+git20191003-2	foreign	no	optional	libs	False
libhangul1	0.1.0+git20191003-2	amd64	libhangul	0.1.0+git20191003-2	same	no	optional	libs	False
libharfbuzz-icu0	2.7.4-1	amd64	harfbuzz	2.7.4-1	same	no	optional	libs	False
libharfbuzz0b	2.7.4-1	amd64	harfbuzz	2.7.4-1	same	no	optional	libs	False
libhogweed6	3.7.3-1	amd64	nettle	3.7.3-1	same	no	optional	libs	False
libhpmud0	3.21.2+dfsg1-2	amd64	hplip	3.21.2+dfsg1-2	same	no	optional	libs	False
libhunspell-1.7-0	1.7.0-3	amd64	hunspell	1.7.0-3	same	no	optional	libs	False
libhx32	3.25-2	amd64	libhx	3.25-2	same	no	optional	libs	False
libhyphen0	2.8.8-7	amd64	hyphen	2.8.8-7	same	no	optional	libs	False
libibus-1.0-5	1.5.23-2	amd64	ibus	1.5.23-2	same	no	optional	libs	False
libical3	3.0.9-2	amd64	libical3	3.0.9-2	same	no	optional	libs	False
libice6	2:1.0.10-1	amd64	libice	2:1.0.10-1	same	no	optional	libs	False
libicu67	67.1-7	amd64	icu	67.1-7	same	no	optional	libs	False
libidn11	1.33-3	amd64	libidn	1.33-3	same	no	optional	libs	False
libidn2-0	2.3.0-5	amd64	libidn2	2.3.0-5	same	no	optional	libs	False
libiec61883-0	1.2.0-4	amd64	libiec61883	1.2.0-4	same	no	optional	libs	False
libieee1284-3	0.2.11-14	amd64	libieee1284	0.2.11-14	same	no	optional	libs	False
libijs-0.35	0.35-15	amd64	ijs	0.35-15	same	no	optional	libs	False
libilmbase25	2.5.4-1	amd64	ilmbase	2.5.4-1	same	no	optional	libs	False
libimagequant0	2.12.2-1.1	amd64	libimagequant	2.12.2-1.1	same	no	optional	libs	False
libimobiledevice6	1.3.0-6	amd64	libimobiledevice	1.3.0-6	same	no	optional	libs	False
libinput-bin	1.16.4-3	amd64	libinput	1.16.4-3	foreign	no	optional	libs	False
libinput10	1.16.4-3	amd64	libinput	1.16.4-3	same	no	optional	libs	False
libinstpatch-1.0-2	1.1.6-1	amd64	libinstpatch	1.1.6-1	same	no	optional	libs	False
libip4tc2	1.8.7-1	amd64	iptables	1.8.7-1	same	no	optional	libs	False
libip6tc2	1.8.7-1	amd64	iptables	1.8.7-1	same	no	optional	libs	False
libiptcdata0	1.0.5-2.3	amd64	libiptcdata	1.0.5-2.3		no	optional	libs	False
libisc-export1105	1:9.11.19+dfsg-2.1	amd64	bind9-libs	1:9.11.19+dfsg-2.1	same	no	optional	libs	False
libisl23	0.23-1	amd64	isl	0.23-1	same	no	optional	libs	False
libjack-jackd2-0	1.9.17~dfsg-1	amd64	jackd2	1.9.17~dfsg-1	same	no	optional	libs	False
libjansson4	2.13.1-1.1	amd64	jansson	2.13.1-1.1	same	no	optional	libs	False
libjavascriptcoregtk-4.0-18	2.40.3-2~deb11u2	amd64	webkit2gtk	2.40.3-2~deb11u2	same	no	optional	libs	False
libjbig0	2.1-3.1+b2	amd64	jbigkit	2.1-3.1	same	no	optional	libs	False
libjbig2dec0	0.19-2	amd64	jbig2dec	0.19-2	same	no	optional	libs	False
libjpeg62-turbo	1:2.0.6-4	amd64	libjpeg-turbo	1:2.0.6-4	same	no	optional	libs	False
libjson-c5	0.15-2	amd64	json-c	0.15-2	same	no	optional	libs	False
libjson-glib-1.0-0	1.6.2-1	amd64	json-glib	1.6.2-1	same	no	optional	libs	False
libjson-glib-1.0-common	1.6.2-1	all	json-glib	1.6.2-1	foreign	no	optional	libs	False
libjsoncpp24	1.9.4-4	amd64	libjsoncpp	1.9.4-4	same	no	optional	libs	False
libk5crypto3	1.18.3-6+deb11u3	amd64	krb5	1.18.3-6+deb11u3	same	no	optional	libs	False
libkate1	0.4.1-11	amd64	libkate	0.4.1-11	same	no	optional	libs	False
libkeybinder-3.0-0	0.3.2-1.1	amd64	keybinder-3.0	0.3.2-1.1	same	no	optional	libs	False
libkeyutils1	1.6.1-2	amd64	keyutils	1.6.1-2	same	no	optional	libs	False
libklibc	2.0.8-6.1	amd64	klibc	2.0.8-6.1	same	no	optional	libs	False
libkmod2	28-1	amd64	kmod	28-1	same	no	optional	libs	False
libkrb5-3	1.18.3-6+deb11u3	amd64	krb5	1.18.3-6+deb11u3	same	no	optional	libs	False
libkrb5support0	1.18.3-6+deb11u3	amd64	krb5	1.18.3-6+deb11u3	same	no	optional	libs	False
libksba8	1.5.0-3+deb11u2	amd64	libksba	1.5.0-3+deb11u2	same	no	optional	libs	False
liblapack3	3.9.0-3	amd64	lapack	3.9.0-3	same	no	optional	libs	False
liblcms2-2	2.12~rc1-2	amd64	lcms2	2.12~rc1-2	same	no	optional	libs	False
liblcms2-utils	2.12~rc1-2	amd64	lcms2	2.12~rc1-2	foreign	no	optional	utils	False
libldap-2.4-2	2.4.57+dfsg-3+deb11u1	amd64	openldap	2.4.57+dfsg-3+deb11u1	same	no	optional	libs	False
libldb2	2:2.2.3-2~deb11u2	amd64	ldb	2:2.2.3-2~deb11u2	same	no	optional	libs	False
liblightdm-gobject-1-0	1.26.0-7+grm3u1	amd64	lightdm	1.26.0-7+grm3u1	same	no	optional	libs	True
liblilv-0-0	0.24.12-2	amd64	lilv	0.24.12-2	same	no	optional	libs	False
libllvm11	1:11.0.1-2	amd64	llvm-toolchain-11	1:11.0.1-2	same	no	optional	libs	False
liblmdb0	0.9.24-1	amd64	lmdb	0.9.24-1	same	no	optional	libs	False
liblocale-gettext-perl	1.07-4+b1	amd64	liblocale-gettext-perl	1.07-4		no	optional	perl	False
liblognorm5	2.0.5-1.1	amd64	liblognorm	2.0.5-1.1	same	no	optional	libs	False
libltc11	1.3.1-1	amd64	libltc	1.3.1-1	same	no	optional	libs	False
libltdl7	2.4.6-15	amd64	libtool	2.4.6-15	same	no	optional	libs	False
liblua5.2-0	5.2.4-1.1+b3	amd64	lua5.2	5.2.4-1.1	same	no	optional	libs	False
liblz4-1	1.9.3-2	amd64	lz4	1.9.3-2	same	no	optional	libs	False
liblzma5	5.2.5-2.1~deb11u1	amd64	xz-utils	5.2.5-2.1~deb11u1	same	no	optional	libs	False
liblzo2-2	2.10-2	amd64	lzo2	2.10-2	same	no	optional	libs	False
libmagic-mgc	1:5.39-3	amd64	file	1:5.39-3	foreign	no	optional	libs	False
libmagic1	1:5.39-3	amd64	file	1:5.39-3	same	no	optional	libs	False
libmalcontent-0-0	0.10.0-2	amd64	malcontent	0.10.0-2	same	no	optional	libs	False
libmalcontent-ui-0-0	0.10.0-2	amd64	malcontent	0.10.0-2	same	no	optional	libs	False
libmanette-0.2-0	0.2.5-1	amd64	libmanette	0.2.5-1	same	no	optional	libs	False
libmd0	1.0.3-3	amd64	libmd	1.0.3-3	same	no	optional	libs	False
libmd4c0	0.4.7-2	amd64	md4c	0.4.7-2	same	no	optional	libs	False
libmediaart-2.0-0	1.9.4-3	amd64	libmediaart	1.9.4-3	same	no	optional	libs	False
libmetacity3	1:3.38.0-2+grm3u1	amd64	metacity	1:3.38.0-2+grm3u1	same	no	optional	libs	True
libmfx1	21.1.0-1	amd64	intel-mediasdk	21.1.0-1	same	no	optional	libs	False
libminizip1	1.1-8+b1	amd64	minizip	1.1-8	same	no	optional	libs	False
libmjpegutils-2.1-0	1:2.1.0+debian-6	amd64	mjpegtools	1:2.1.0+debian-6	same	no	optional	libs	False
libmm-glib0	1.14.12-0.2	amd64	modemmanager	1.14.12-0.2	same	no	optional	libs	False
libmms0	0.6.4-3	amd64	libmms	0.6.4-3	same	no	optional	libs	False
libmnl0	1.0.4-3	amd64	libmnl	1.0.4-3	same	no	optional	libs	False
libmodplug1	1:0.8.9.0-3	amd64	libmodplug	1:0.8.9.0-3	same	no	optional	libs	False
libmount1	2.36.1-8+deb11u1	amd64	util-linux	2.36.1-8+deb11u1	same	no	optional	libs	False
libmozjs-78-0	78.4.0-2	amd64	mozjs78	78.4.0-2	same	no	optional	libs	False
libmp3lame0	3.100-3	amd64	lame	3.100-3	same	no	optional	libs	False
libmpc3	1.2.0-1	amd64	mpclib3	1.2.0-1	same	no	optional	libs	False
libmpcdec6	2:0.1~r495-2	amd64	libmpc	2:0.1~r495-2	same	no	optional	libs	False
libmpdec3	2.5.1-1	amd64	mpdecimal	2.5.1-1	same	no	optional	libs	False
libmpeg2-4	0.5.1-9	amd64	mpeg2dec	0.5.1-9	same	no	optional	libs	False
libmpeg2encpp-2.1-0	1:2.1.0+debian-6	amd64	mjpegtools	1:2.1.0+debian-6	same	no	optional	libs	False
libmpfr6	4.1.0-3	amd64	mpfr4	4.1.0-3	same	no	optional	libs	False
libmpg123-0	1.26.4-1	amd64	mpg123	1.26.4-1	same	no	optional	libs	False
libmplex2-2.1-0	1:2.1.0+debian-6	amd64	mjpegtools	1:2.1.0+debian-6	same	no	optional	libs	False
libmpv1	0.32.0-3	amd64	mpv	0.32.0-3	same	no	optional	libs	False
libmtdev1	1.1.6-1	amd64	mtdev	1.1.6-1	same	no	optional	libs	False
libmtp-common	1.1.17-3	all	libmtp	1.1.17-3	foreign	no	optional	libs	False
libmtp9	1.1.17-3	amd64	libmtp	1.1.17-3	same	no	optional	libs	False
libmysofa1	1.2~dfsg0-1	amd64	libmysofa	1.2~dfsg0-1	same	no	optional	libs	False
libnautilus-extension1a	3.38.2-1+deb11u1+grm3u8	amd64	nautilus	3.38.2-1+deb11u1+grm3u8	same	no	optional	libs	True
libncurses6	6.2+20201114-2+deb11u1	amd64	ncurses	6.2+20201114-2+deb11u1	same	no	optional	libs	False
libncursesw6	6.2+20201114-2+deb11u1	amd64	ncurses	6.2+20201114-2+deb11u1	same	no	optional	libs	False
libndp0	1.6-1+b1	amd64	libndp	1.6-1	same	no	optional	libs	False
libneon27	0.31.2-1	amd64	neon27	0.31.2-1	same	no	optional	libs	False
libnetfilter-conntrack3	1.0.8-3	amd64	libnetfilter-conntrack	1.0.8-3	same	no	optional	libs	False
libnettle8	3.7.3-1	amd64	nettle	3.7.3-1	same	no	optional	libs	False
libnewt0.52	0.52.21-4+b3	amd64	newt	0.52.21-4	same	no	optional	libs	False
libnfnetlink0	1.0.1-3+b1	amd64	libnfnetlink	1.0.1-3	same	no	extra	libs	False
libnfs13	4.0.0-1	amd64	libnfs	4.0.0-1	same	no	optional	libs	False
libnftables1	0.9.8-3.1+deb11u1	amd64	nftables	0.9.8-3.1+deb11u1	same	no	optional	libs	False
libnftnl11	1.1.9-1	amd64	libnftnl	1.1.9-1	same	no	optional	libs	False
libnghttp2-14	1.43.0-1	amd64	nghttp2	1.43.0-1	same	no	optional	libs	False
libnice10	0.1.16-1	amd64	libnice	0.1.16-1	same	no	optional	libs	False
libnimf1	2023.06.30+grm3u1	amd64	nimf	2023.06.30+grm3u1		no	optional	libs	True
libnl-3-200	3.4.0-1+b1	amd64	libnl3	3.4.0-1	same	no	optional	libs	False
libnl-genl-3-200	3.4.0-1+b1	amd64	libnl3	3.4.0-1	same	no	optional	libs	False
libnl-route-3-200	3.4.0-1+b1	amd64	libnl3	3.4.0-1	same	no	optional	libs	False
libnm0	1.30.0-2+grm3u3	amd64	network-manager	1.30.0-2+grm3u3	same	no	optional	libs	True
libnma-common	1.8.30-1+grm3u2	all	libnma	1.8.30-1+grm3u2	foreign	no	optional	libs	True
libnma0	1.8.30-1+grm3u2	amd64	libnma	1.8.30-1+grm3u2	same	no	optional	libs	True
libnorm1	1.5.9+dfsg-2	amd64	norm	1.5.9+dfsg-2	same	no	optional	libs	False
libnotify-bin	0.7.9-3	amd64	libnotify	0.7.9-3		no	optional	utils	False
libnotify4	0.7.9-3	amd64	libnotify	0.7.9-3	same	no	optional	libs	False
libnpth0	1.6-3	amd64	npth	1.6-3	same	no	optional	libs	False
libnsl2	1.3.0-2	amd64	libnsl	1.3.0-2	same	no	optional	libs	False
libnspr4	2:4.29-1	amd64	nspr	2:4.29-1	same	no	optional	libs	False
libnss3	2:3.61-1+deb11u3	amd64	nss	2:3.61-1+deb11u3	same	no	optional	libs	False
libntfs-3g883	1:2017.3.23AR.3-4+deb11u3	amd64	ntfs-3g	1:2017.3.23AR.3-4+deb11u3		no	optional	libs	False
libnuma1	2.0.12-1+b1	amd64	numactl	2.0.12-1	same	no	optional	libs	False
libofa0	0.9.3-21	amd64	libofa	0.9.3-21	same	no	optional	libs	False
libogg0	1.3.4-0.1	amd64	libogg	1.3.4-0.1	same	no	optional	libs	False
libopenal-data	1:1.19.1-2	all	openal-soft	1:1.19.1-2	foreign	no	optional	libs	False
libopenal1	1:1.19.1-2	amd64	openal-soft	1:1.19.1-2	same	no	optional	libs	False
libopencore-amrnb0	0.1.5-1	amd64	opencore-amr	0.1.5-1	same	no	optional	libs	False
libopencore-amrwb0	0.1.5-1	amd64	opencore-amr	0.1.5-1	same	no	optional	libs	False
libopenexr25	2.5.4-2+deb11u1	amd64	openexr	2.5.4-2+deb11u1	same	no	optional	libs	False
libopenjp2-7	2.4.0-3	amd64	openjpeg2	2.4.0-3	same	no	optional	libs	False
libopenmpt0	0.4.11-1	amd64	libopenmpt	0.4.11-1	same	no	optional	libs	False
libopenni2-0	2.2.0.33+dfsg-15	amd64	openni2	2.2.0.33+dfsg-15	same	no	optional	libs	False
libopus0	1.3.1-0.1	amd64	opus	1.3.1-0.1	same	no	optional	libs	False
liborc-0.4-0	1:0.4.32-1	amd64	orc	1:0.4.32-1	same	no	optional	libs	False
libosinfo-1.0-0	1.8.0-1	amd64	libosinfo	1.8.0-1	same	no	optional	libs	False
libostree-1-1	2020.8-2+deb11u1	amd64	ostree	2020.8-2+deb11u1	same	no	optional	libs	False
libp11-kit0	0.23.22-1	amd64	p11-kit	0.23.22-1	same	no	optional	libs	False
libpackagekit-glib2-18	1.2.2-2	amd64	packagekit	1.2.2-2	same	no	optional	libs	False
libpam-gnome-keyring	3.36.0-1	amd64	gnome-keyring	3.36.0-1	same	no	optional	admin	False
libpam-modules	1.4.0-9+deb11u1	amd64	pam	1.4.0-9+deb11u1	same	no	required	admin	False
libpam-modules-bin	1.4.0-9+deb11u1	amd64	pam	1.4.0-9+deb11u1	foreign	no	required	admin	False
libpam-mount	2.18-1	amd64	libpam-mount	2.18-1	same	no	optional	admin	False
libpam-pwquality	1.4.4-1	amd64	libpwquality	1.4.4-1	same	no	optional	admin	False
libpam-runtime	1.4.0-9+deb11u1	all	pam	1.4.0-9+deb11u1	foreign	no	required	admin	False
libpam-systemd	247.3-7+deb11u4	amd64	systemd	247.3-7+deb11u4	same	no	standard	admin	False
libpam0g	1.4.0-9+deb11u1	amd64	pam	1.4.0-9+deb11u1	same	no	optional	libs	False
libpango-1.0-0	1.46.2-3	amd64	pango1.0	1.46.2-3	same	no	optional	libs	False
libpangocairo-1.0-0	1.46.2-3	amd64	pango1.0	1.46.2-3	same	no	optional	libs	False
libpangoft2-1.0-0	1.46.2-3	amd64	pango1.0	1.46.2-3	same	no	optional	libs	False
libpangomm-1.4-1v5	2.42.1-1	amd64	pangomm	2.42.1-1	same	no	optional	libs	False
libpangoxft-1.0-0	1.46.2-3	amd64	pango1.0	1.46.2-3	same	no	optional	libs	False
libpaper1	1.1.28+b1	amd64	libpaper	1.1.28	same	no	optional	libs	False
libparted-fs-resize0	3.4-1	amd64	parted	3.4-1	same	no	optional	libs	False
libparted2	3.4-1	amd64	parted	3.4-1	same	no	optional	libs	False
libpcap0.8	1.10.0-2	amd64	libpcap	1.10.0-2	same	no	optional	libs	False
libpci3	1:3.7.0-5	amd64	pciutils	1:3.7.0-5	same	no	optional	libs	False
libpciaccess0	0.16-1	amd64	libpciaccess	0.16-1	same	no	optional	libs	False
libpcre2-16-0	10.36-2+deb11u1	amd64	pcre2	10.36-2+deb11u1	same	no	optional	libs	False
libpcre2-8-0	10.36-2+deb11u1	amd64	pcre2	10.36-2+deb11u1	same	no	optional	libs	False
libpcre3	2:8.39-13	amd64	pcre3	2:8.39-13	same	no	optional	libs	False
libpcsclite1	1.9.1-1	amd64	pcsc-lite	1.9.1-1	same	no	optional	libs	False
libpeas-1.0-0	1.28.0-2+b1	amd64	libpeas	1.28.0-2	same	no	optional	libs	False
libpeas-common	1.28.0-2	all	libpeas	1.28.0-2	foreign	no	optional	libs	False
libperl5.32	5.32.1-4+deb11u2	amd64	perl	5.32.1-4+deb11u2	same	no	optional	libs	False
libpgm-5.3-0	5.3.128~dfsg-2	amd64	libpgm	5.3.128~dfsg-2	same	no	optional	libs	False
libpipeline1	1.5.3-1	amd64	libpipeline	1.5.3-1	same	no	optional	libs	False
libpipewire-0.3-0	0.3.19-4	amd64	pipewire	0.3.19-4	same	no	optional	libs	False
libpixman-1-0	0.40.0-1.1~deb11u1	amd64	pixman	0.40.0-1.1~deb11u1	same	no	optional	libs	False
libpkcs11-helper1	1.27-1	amd64	pkcs11-helper	1.27-1	same	no	optional	libs	False
libplist3	2.2.0-6	amd64	libplist	2.2.0-6	same	no	optional	libs	False
libplymouth5	0.9.5-3	amd64	plymouth	0.9.5-3	same	no	optional	libs	False
libpng16-16	1.6.37-3	amd64	libpng1.6	1.6.37-3	same	no	optional	libs	False
libpocketsphinx3	0.8+5prealpha+1-13	amd64	pocketsphinx	0.8+5prealpha+1-13	same	no	optional	libs	False
libpolkit-agent-1-0	0.105-31+nDeb11u1+grm3u1	amd64	policykit-1	0.105-31+nDeb11u1+grm3u1	same	no	optional	libs	True
libpolkit-gobject-1-0	0.105-31+nDeb11u1+grm3u1	amd64	policykit-1	0.105-31+nDeb11u1+grm3u1	same	no	optional	libs	True
libpoppler-cpp0v5	20.09.0-3.1+deb11u1	amd64	poppler	20.09.0-3.1+deb11u1	same	no	optional	libs	False
libpoppler-glib8	20.09.0-3.1+deb11u1	amd64	poppler	20.09.0-3.1+deb11u1	same	no	optional	libs	False
libpoppler102	20.09.0-3.1+deb11u1	amd64	poppler	20.09.0-3.1+deb11u1	same	no	optional	libs	False
libpopt0	1.18-2	amd64	popt	1.18-2	same	no	optional	libs	False
libpostproc55	7:4.3.6-0+deb11u1	amd64	ffmpeg	7:4.3.6-0+deb11u1	same	no	optional	libs	False
libprocps8	2:3.3.17-5	amd64	procps	2:3.3.17-5	same	no	optional	libs	False
libproxy1v5	0.4.17-1	amd64	libproxy	0.4.17-1	same	no	optional	libs	False
libpsl5	0.21.0-1.2	amd64	libpsl	0.21.0-1.2	same	no	optional	libs	False
libpulse-mainloop-glib0	14.2-2	amd64	pulseaudio	14.2-2	same	no	optional	sound	False
libpulse0	14.2-2	amd64	pulseaudio	14.2-2	same	no	optional	libs	False
libpulsedsp	14.2-2	amd64	pulseaudio	14.2-2	same	no	optional	sound	False
libpwquality-common	1.4.4-1	all	libpwquality	1.4.4-1	foreign	no	optional	libs	False
libpwquality-tools	1.4.4-1	amd64	libpwquality	1.4.4-1	foreign	no	optional	admin	False
libpwquality1	1.4.4-1	amd64	libpwquality	1.4.4-1	same	no	optional	libs	False
libpython2.7-minimal	2.7.18-8	amd64	python2.7	2.7.18-8	same	no	optional	python	False
libpython2.7-stdlib	2.7.18-8	amd64	python2.7	2.7.18-8	same	no	optional	python	False
libpython3-stdlib	3.9.2-3	amd64	python3-defaults	3.9.2-3	same	no	optional	python	False
libpython3.9	3.9.2-1	amd64	python3.9	3.9.2-1	same	no	optional	libs	False
libpython3.9-minimal	3.9.2-1	amd64	python3.9	3.9.2-1	same	no	optional	python	False
libpython3.9-stdlib	3.9.2-1	amd64	python3.9	3.9.2-1	same	no	optional	python	False
libqpdf28	10.1.0-1	amd64	qpdf	10.1.0-1	same	no	optional	libs	False
libqt5core5a	5.15.2+dfsg-9+grm3u1	amd64	qtbase-opensource-src	5.15.2+dfsg-9+grm3u1	same	no	optional	libs	True
libqt5dbus5	5.15.2+dfsg-9+grm3u1	amd64	qtbase-opensource-src	5.15.2+dfsg-9+grm3u1	same	no	optional	libs	True
libqt5designer5	5.15.2-5	amd64	qttools-opensource-src	5.15.2-5	same	no	optional	libs	False
libqt5gui5	5.15.2+dfsg-9+grm3u1	amd64	qtbase-opensource-src	5.15.2+dfsg-9+grm3u1	same	no	optional	libs	True
libqt5help5	5.15.2-5	amd64	qttools-opensource-src	5.15.2-5	same	no	optional	libs	False
libqt5network5	5.15.2+dfsg-9+grm3u1	amd64	qtbase-opensource-src	5.15.2+dfsg-9+grm3u1	same	no	optional	libs	True
libqt5printsupport5	5.15.2+dfsg-9+grm3u1	amd64	qtbase-opensource-src	5.15.2+dfsg-9+grm3u1	same	no	optional	libs	True
libqt5sql5	5.15.2+dfsg-9+grm3u1	amd64	qtbase-opensource-src	5.15.2+dfsg-9+grm3u1	same	no	optional	libs	True
libqt5test5	5.15.2+dfsg-9+grm3u1	amd64	qtbase-opensource-src	5.15.2+dfsg-9+grm3u1	same	no	optional	libs	True
libqt5widgets5	5.15.2+dfsg-9+grm3u1	amd64	qtbase-opensource-src	5.15.2+dfsg-9+grm3u1	same	no	optional	libs	True
libqt5xml5	5.15.2+dfsg-9+grm3u1	amd64	qtbase-opensource-src	5.15.2+dfsg-9+grm3u1	same	no	optional	libs	True
libquadmath0	10.2.1-6	amd64	gcc-10	10.2.1-6	same	no	optional	libs	False
libquvi-0.9-0.9.3	0.9.3-1.3	amd64	libquvi	0.9.3-1.3	same	no	extra	libs	False
libquvi-scripts-0.9	0.9.20131130-1.2	all	libquvi-scripts	0.9.20131130-1.2	foreign	no	extra	libs	False
librabbitmq4	0.10.0-1	amd64	librabbitmq	0.10.0-1	same	no	optional	libs	False
libraw1394-11	2.1.2-2	amd64	libraw1394	2.1.2-2	same	no	optional	libs	False
libre2-9	20210201+dfsg-1	amd64	re2	20210201+dfsg-1	same	no	optional	libs	False
libreadline8	8.1-1	amd64	readline	8.1-1	same	no	important	libs	False
librest-0.7-0	0.8.1-1.1	amd64	librest	0.8.1-1.1	same	no	optional	libs	False
librsvg2-2	2.50.3+dfsg-1	amd64	librsvg	2.50.3+dfsg-1	same	no	optional	libs	False
librsvg2-common	2.50.3+dfsg-1	amd64	librsvg	2.50.3+dfsg-1	same	no	optional	libs	False
librtmp1	2.4+20151223.gitfa8646d.1-2+b2	amd64	rtmpdump	2.4+20151223.gitfa8646d.1-2	same	no	optional	libs	False
librubberband2	1.9.0-1	amd64	rubberband	1.9.0-1	same	no	optional	libs	False
librygel-core-2.6-2	0.40.0-1	amd64	rygel	0.40.0-1	same	no	optional	libs	False
librygel-db-2.6-2	0.40.0-1	amd64	rygel	0.40.0-1	same	no	optional	libs	False
librygel-renderer-2.6-2	0.40.0-1	amd64	rygel	0.40.0-1	same	no	optional	libs	False
librygel-server-2.6-2	0.40.0-1	amd64	rygel	0.40.0-1	same	no	optional	libs	False
libsamplerate0	0.2.1+ds0-1	amd64	libsamplerate	0.2.1+ds0-1	same	no	optional	libs	False
libsane-common	1.0.31-4.1	all	sane-backends	1.0.31-4.1	foreign	no	optional	libs	False
libsane1	1.0.31-4.1	amd64	sane-backends	1.0.31-4.1	same	no	optional	libs	False
libsasl2-2	2.1.27+dfsg-2.1+deb11u1	amd64	cyrus-sasl2	2.1.27+dfsg-2.1+deb11u1	same	no	standard	libs	False
libsasl2-modules-db	2.1.27+dfsg-2.1+deb11u1	amd64	cyrus-sasl2	2.1.27+dfsg-2.1+deb11u1	same	no	standard	libs	False
libsbc1	1.5-3	amd64	sbc	1.5-3	same	no	optional	libs	False
libsdl2-2.0-0	2.0.14+dfsg2-3+deb11u1	amd64	libsdl2	2.0.14+dfsg2-3+deb11u1	same	no	optional	libs	False
libseccomp2	2.5.1-1+deb11u1	amd64	libseccomp	2.5.1-1+deb11u1	same	no	optional	libs	False
libsecret-1-0	0.20.4-2	amd64	libsecret	0.20.4-2	same	no	optional	libs	False
libsecret-common	0.20.4-2	all	libsecret	0.20.4-2	foreign	no	optional	libs	False
libselinux1	3.1-3	amd64	libselinux	3.1-3	same	no	optional	libs	False
libsemanage-common	3.1-1	all	libsemanage	3.1-1	foreign	no	optional	libs	False
libsemanage1	3.1-1+b2	amd64	libsemanage	3.1-1	same	no	optional	libs	False
libsensors-config	1:3.6.0-7	all	lm-sensors	1:3.6.0-7	foreign	no	optional	utils	False
libsensors5	1:3.6.0-7	amd64	lm-sensors	1:3.6.0-7	same	no	optional	libs	False
libsepol1	3.1-1	amd64	libsepol	3.1-1	same	no	optional	libs	False
libserd-0-0	0.30.10-2	amd64	serd	0.30.10-2	same	no	optional	libs	False
libshine3	3.1.1-2	amd64	shine	3.1.1-2	same	no	optional	libs	False
libshout3	2.4.5-1+b1	amd64	libshout	2.4.5-1	same	no	optional	libs	False
libsidplay1v5	1.36.60-1	amd64	libsidplay	1.36.60-1	same	no	optional	libs	False
libsigc++-2.0-0v5	2.10.4-2	amd64	libsigc++-2.0	2.10.4-2	same	no	optional	libs	False
libslang2	2.3.2-5	amd64	slang2	2.3.2-5	same	no	optional	libs	False
libsm6	2:1.2.3-1	amd64	libsm	2:1.2.3-1	same	no	optional	libs	False
libsmartcols1	2.36.1-8+deb11u1	amd64	util-linux	2.36.1-8+deb11u1	same	no	optional	libs	False
libsmbclient	2:4.13.13+dfsg-1~deb11u5	amd64	samba	2:4.13.13+dfsg-1~deb11u5	same	no	optional	libs	False
libsnappy1v5	1.1.8-1	amd64	snappy	1.1.8-1	same	no	optional	libs	False
libsndfile1	1.0.31-2	amd64	libsndfile	1.0.31-2	same	no	optional	libs	False
libsndio7.0	1.5.0-3	amd64	sndio	1.5.0-3	same	no	optional	libs	False
libsnmp-base	5.9+dfsg-4+deb11u1	all	net-snmp	5.9+dfsg-4+deb11u1	foreign	no	optional	libs	False
libsnmp40	5.9+dfsg-4+deb11u1	amd64	net-snmp	5.9+dfsg-4+deb11u1	same	no	optional	libs	False
libsodium23	1.0.18-1	amd64	libsodium	1.0.18-1	same	no	optional	libs	False
libsord-0-0	0.16.8-2	amd64	sord	0.16.8-2	same	no	optional	libs	False
libsoundtouch1	2.2+ds1-2	amd64	soundtouch	2.2+ds1-2	same	no	optional	libs	False
libsoup-gnome2.4-1	2.72.0-2	amd64	libsoup2.4	2.72.0-2	same	no	optional	libs	False
libsoup2.4-1	2.72.0-2	amd64	libsoup2.4	2.72.0-2	same	no	optional	libs	False
libsoxr0	0.1.3-4	amd64	libsoxr	0.1.3-4	same	no	optional	libs	False
libspa-0.2-modules	0.3.19-4	amd64	pipewire	0.3.19-4	same	no	optional	libs	False
libspandsp2	0.0.6+dfsg-2	amd64	spandsp	0.0.6+dfsg-2	same	no	optional	libs	False
libspeex1	1.2~rc1.2-1.1	amd64	speex	1.2~rc1.2-1.1	same	no	optional	libs	False
libspeexdsp1	1.2~rc1.2-1.1	amd64	speex	1.2~rc1.2-1.1	same	no	optional	libs	False
libsphinxbase3	0.8+5prealpha+1-12	amd64	sphinxbase	0.8+5prealpha+1-12	same	no	optional	libs	False
libsqlite3-0	3.34.1-3	amd64	sqlite3	3.34.1-3	same	no	optional	libs	False
libsratom-0-0	0.6.8-1	amd64	sratom	0.6.8-1	same	no	optional	libs	False
libsrt1.4-gnutls	1.4.2-1.3	amd64	srt	1.4.2-1.3	same	no	optional	libs	False
libsrtp2-1	2.3.0-5	amd64	libsrtp2	2.3.0-5	same	no	optional	libs	False
libss2	1.46.2-2	amd64	e2fsprogs	1.46.2-2	same	no	optional	libs	False
libssh-gcrypt-4	0.9.7-0+deb11u1	amd64	libssh	0.9.7-0+deb11u1	same	no	optional	libs	False
libssh2-1	1.9.0-2	amd64	libssh2	1.9.0-2	same	no	optional	libs	False
libssl1.1	1.1.1n-0+deb11u5	amd64	openssl	1.1.1n-0+deb11u5	same	no	optional	libs	False
libstartup-notification0	0.12-6+b1	amd64	startup-notification	0.12-6	same	no	optional	libs	False
libstdc++6	10.2.1-6	amd64	gcc-10	10.2.1-6	same	no	optional	libs	False
libstemmer0d	2.1.0-1	amd64	snowball	2.1.0-1	same	no	optional	libs	False
libswresample3	7:4.3.6-0+deb11u1	amd64	ffmpeg	7:4.3.6-0+deb11u1	same	no	optional	libs	False
libswscale5	7:4.3.6-0+deb11u1	amd64	ffmpeg	7:4.3.6-0+deb11u1	same	no	optional	libs	False
libsystemd0	247.3-7+deb11u4	amd64	systemd	247.3-7+deb11u4	same	no	optional	libs	False
libtag1v5	1.11.1+dfsg.1-3	amd64	taglib	1.11.1+dfsg.1-3	same	no	optional	libs	False
libtag1v5-vanilla	1.11.1+dfsg.1-3	amd64	taglib	1.11.1+dfsg.1-3	same	no	optional	libs	False
libtalloc2	2.3.1-2+b1	amd64	talloc	2.3.1-2	same	no	optional	libs	False
libtasn1-6	4.16.0-2+deb11u1	amd64	libtasn1-6	4.16.0-2+deb11u1	same	no	optional	libs	False
libtdb1	1.4.3-1+b1	amd64	tdb	1.4.3-1	same	no	optional	libs	False
libteamdctl0	1.31-1	amd64	libteam	1.31-1	same	no	optional	net	False
libtelepathy-glib0	0.24.1-3	amd64	telepathy-glib	0.24.1-3	same	no	optional	libs	False
libtepl-5-0	5.0.1-2	amd64	tepl	5.0.1-2	same	no	optional	libs	False
libtevent0	0.10.2-1	amd64	tevent	0.10.2-1	same	no	optional	libs	False
libtext-charwidth-perl	0.04-10+b1	amd64	libtext-charwidth-perl	0.04-10		no	optional	perl	False
libtext-iconv-perl	1.7-7+b1	amd64	libtext-iconv-perl	1.7-7		no	optional	perl	False
libtext-wrapi18n-perl	0.06-9	all	libtext-wrapi18n-perl	0.06-9		no	optional	perl	False
libthai-data	0.1.28-3	all	libthai	0.1.28-3	foreign	no	optional	libs	False
libthai0	0.1.28-3	amd64	libthai	0.1.28-3	same	no	optional	libs	False
libtheora0	1.1.1+dfsg.1-15	amd64	libtheora	1.1.1+dfsg.1-15	same	no	optional	libs	False
libtiff5	4.2.0-1+deb11u4	amd64	tiff	4.2.0-1+deb11u4	same	no	optional	libs	False
libtinfo6	6.2+20201114-2+deb11u1	amd64	ncurses	6.2+20201114-2+deb11u1	same	no	optional	libs	False
libtirpc-common	1.3.1-1+deb11u1	all	libtirpc	1.3.1-1+deb11u1	foreign	no	optional	libs	False
libtirpc3	1.3.1-1+deb11u1	amd64	libtirpc	1.3.1-1+deb11u1	same	no	optional	libs	False
libtotem-plparser-common	3.26.5-5	all	totem-pl-parser	3.26.5-5	foreign	no	optional	libs	False
libtotem-plparser18	3.26.5-5	amd64	totem-pl-parser	3.26.5-5	same	no	optional	libs	False
libtracker-control-2.0-0	2.3.6-2	amd64	tracker	2.3.6-2	same	no	optional	libs	False
libtracker-miner-2.0-0	2.3.6-2	amd64	tracker	2.3.6-2	same	no	optional	libs	False
libtracker-sparql-2.0-0	2.3.6-2	amd64	tracker	2.3.6-2	same	no	optional	libs	False
libtspi1	0.3.14+fixed1-1.2	amd64	trousers	0.3.14+fixed1-1.2		no	optional	libs	False
libtumbler-1-0	4.16.0-1	amd64	tumbler	4.16.0-1	same	no	optional	libs	False
libtwolame0	0.4.0-2	amd64	twolame	0.4.0-2	same	no	optional	libs	False
libuchardet0	0.0.7-1	amd64	uchardet	0.0.7-1	same	no	optional	libs	False
libudev1	247.3-7+deb11u4	amd64	systemd	247.3-7+deb11u4	same	no	optional	libs	False
libudfread0	1.1.1-1	amd64	libudfread	1.1.1-1	same	no	optional	libs	False
libudisks2-0	2.9.2-2+deb11u1	amd64	udisks2	2.9.2-2+deb11u1	same	no	optional	libs	False
libunistring2	0.9.10-4	amd64	libunistring	0.9.10-4	same	no	optional	libs	False
libunwind8	1.3.2-2	amd64	libunwind	1.3.2-2	same	no	optional	libs	False
libupower-glib3	0.99.11-2	amd64	upower	0.99.11-2	same	no	optional	libs	False
libusb-1.0-0	2:1.0.24-3	amd64	libusb-1.0	2:1.0.24-3	same	no	optional	libs	False
libusbmuxd6	2.0.2-3	amd64	libusbmuxd	2.0.2-3	same	no	optional	libs	False
libuuid1	2.36.1-8+deb11u1	amd64	util-linux	2.36.1-8+deb11u1	same	no	optional	libs	False
libv4l-0	1.20.0-2	amd64	v4l-utils	1.20.0-2	same	no	optional	libs	False
libv4lconvert0	1.20.0-2	amd64	v4l-utils	1.20.0-2	same	no	optional	libs	False
libva-drm2	2.10.0-1	amd64	libva	2.10.0-1	same	no	optional	libs	False
libva-wayland2	2.10.0-1	amd64	libva	2.10.0-1	same	no	optional	libs	False
libva-x11-2	2.10.0-1	amd64	libva	2.10.0-1	same	no	optional	libs	False
libva2	2.10.0-1	amd64	libva	2.10.0-1	same	no	optional	libs	False
libvdpau1	1.4-3	amd64	libvdpau	1.4-3	same	no	optional	libs	False
libvidstab1.1	1.1.0-2+b1	amd64	libvidstab	1.1.0-2	same	no	optional	libs	False
libvisual-0.4-0	0.4.0-17	amd64	libvisual	0.4.0-17	same	no	optional	libs	False
libvo-aacenc0	0.1.3-2	amd64	vo-aacenc	0.1.3-2	same	no	optional	libs	False
libvo-amrwbenc0	0.1.3-2	amd64	vo-amrwbenc	0.1.3-2	same	no	optional	libs	False
libvolume-key1	0.3.12-3.1+b1	amd64	volume-key	0.3.12-3.1		no	optional	libs	False
libvorbis0a	1.3.7-1	amd64	libvorbis	1.3.7-1	same	no	optional	libs	False
libvorbisenc2	1.3.7-1	amd64	libvorbis	1.3.7-1	same	no	optional	libs	False
libvorbisfile3	1.3.7-1	amd64	libvorbis	1.3.7-1	same	no	optional	libs	False
libvpx6	1.9.0-1	amd64	libvpx	1.9.0-1	same	no	optional	libs	False
libvte-2.91-0	0.62.3-1	amd64	vte2.91	0.62.3-1	same	no	optional	libs	False
libvte-2.91-common	0.62.3-1	amd64	vte2.91	0.62.3-1	foreign	no	optional	libs	False
libvulkan1	1.2.162.0-1	amd64	vulkan-loader	1.2.162.0-1	same	no	optional	libs	False
libwacom-common	1.8-2	all	libwacom	1.8-2	foreign	no	optional	libs	False
libwacom2	1.8-2	amd64	libwacom	1.8-2	same	no	optional	libs	False
libwavpack1	5.4.0-1	amd64	wavpack	5.4.0-1	same	no	optional	libs	False
libwayland-client0	1.18.0-2~exp1.1	amd64	wayland	1.18.0-2~exp1.1	same	no	optional	libs	False
libwayland-cursor0	1.18.0-2~exp1.1	amd64	wayland	1.18.0-2~exp1.1	same	no	optional	libs	False
libwayland-egl1	1.18.0-2~exp1.1	amd64	wayland	1.18.0-2~exp1.1	same	no	optional	libs	False
libwayland-server0	1.18.0-2~exp1.1	amd64	wayland	1.18.0-2~exp1.1	same	no	optional	libs	False
libwbclient0	2:4.13.13+dfsg-1~deb11u5	amd64	samba	2:4.13.13+dfsg-1~deb11u5	same	no	optional	libs	False
libwebkit2gtk-4.0-37	2.40.3-2~deb11u2	amd64	webkit2gtk	2.40.3-2~deb11u2	same	no	optional	libs	False
libwebp6	0.6.1-2.1+deb11u1	amd64	libwebp	0.6.1-2.1+deb11u1	same	no	optional	libs	False
libwebpdemux2	0.6.1-2.1+deb11u1	amd64	libwebp	0.6.1-2.1+deb11u1	same	no	optional	libs	False
libwebpmux3	0.6.1-2.1+deb11u1	amd64	libwebp	0.6.1-2.1+deb11u1	same	no	optional	libs	False
libwebrtc-audio-processing1	0.3-1+b1	amd64	webrtc-audio-processing	0.3-1	same	no	optional	libs	False
libwildmidi2	0.4.3-1	amd64	wildmidi	0.4.3-1	same	no	optional	libs	False
libwnck-3-0	3.36.0-1	amd64	libwnck3	3.36.0-1	same	no	optional	libs	False
libwnck-3-common	3.36.0-1	all	libwnck3	3.36.0-1	foreign	no	optional	libs	False
libwoff1	1.0.2-1+b1	amd64	woff2	1.0.2-1	same	no	optional	libs	False
libwpe-1.0-1	1.10.0-2	amd64	libwpe	1.10.0-2	same	no	optional	libs	False
libwpebackend-fdo-1.0-1	1.8.0-1	amd64	wpebackend-fdo	1.8.0-1	same	no	optional	libs	False
libwrap0	7.6.q-31	amd64	tcp-wrappers	7.6.q-31	same	no	optional	libs	False
libx11-6	2:1.7.2-1+deb11u1	amd64	libx11	2:1.7.2-1+deb11u1	same	no	optional	libs	False
libx11-data	2:1.7.2-1+deb11u1	all	libx11	2:1.7.2-1+deb11u1	foreign	no	optional	x11	False
libx11-xcb1	2:1.7.2-1+deb11u1	amd64	libx11	2:1.7.2-1+deb11u1	same	no	optional	libs	False
libx264-160	2:0.160.3011+gitcde9a93-2.1	amd64	x264	2:0.160.3011+gitcde9a93-2.1	same	no	optional	libs	False
libx265-192	3.4-2	amd64	x265	3.4-2	same	no	optional	libs	False
libxapian30	1.4.18-3+deb11u1	amd64	xapian-core	1.4.18-3+deb11u1	same	no	optional	libs	False
libxatracker2	20.3.5-1	amd64	mesa	20.3.5-1	same	no	optional	libs	False
libxau6	1:1.0.9-1	amd64	libxau	1:1.0.9-1	same	no	optional	libs	False
libxaw7	2:1.0.13-1.1	amd64	libxaw	2:1.0.13-1.1	same	no	optional	libs	False
libxcb-dri2-0	1.14-3	amd64	libxcb	1.14-3	same	no	optional	libs	False
libxcb-dri3-0	1.14-3	amd64	libxcb	1.14-3	same	no	optional	libs	False
libxcb-glx0	1.14-3	amd64	libxcb	1.14-3	same	no	optional	libs	False
libxcb-icccm4	0.4.1-1.1	amd64	xcb-util-wm	0.4.1-1.1	same	no	optional	libs	False
libxcb-image0	0.4.0-1+b3	amd64	xcb-util-image	0.4.0-1	same	no	extra	libs	False
libxcb-keysyms1	0.4.0-1+b2	amd64	xcb-util-keysyms	0.4.0-1	same	no	extra	libs	False
libxcb-present0	1.14-3	amd64	libxcb	1.14-3	same	no	optional	libs	False
libxcb-randr0	1.14-3	amd64	libxcb	1.14-3	same	no	optional	libs	False
libxcb-render-util0	0.3.9-1+b1	amd64	xcb-util-renderutil	0.3.9-1	same	no	extra	libs	False
libxcb-render0	1.14-3	amd64	libxcb	1.14-3	same	no	optional	libs	False
libxcb-shape0	1.14-3	amd64	libxcb	1.14-3	same	no	optional	libs	False
libxcb-shm0	1.14-3	amd64	libxcb	1.14-3	same	no	optional	libs	False
libxcb-sync1	1.14-3	amd64	libxcb	1.14-3	same	no	optional	libs	False
libxcb-util1	0.4.0-1+b1	amd64	xcb-util	0.4.0-1	same	no	optional	libs	False
libxcb-xfixes0	1.14-3	amd64	libxcb	1.14-3	same	no	optional	libs	False
libxcb-xinerama0	1.14-3	amd64	libxcb	1.14-3	same	no	optional	libs	False
libxcb-xinput0	1.14-3	amd64	libxcb	1.14-3	same	no	optional	libs	False
libxcb-xkb1	1.14-3	amd64	libxcb	1.14-3	same	no	optional	libs	False
libxcb1	1.14-3	amd64	libxcb	1.14-3	same	no	optional	libs	False
libxcomposite1	1:0.4.5-1	amd64	libxcomposite	1:0.4.5-1	same	no	optional	libs	False
libxcursor1	1:1.2.0-2	amd64	libxcursor	1:1.2.0-2	same	no	optional	libs	False
libxdamage1	1:1.1.5-2	amd64	libxdamage	1:1.1.5-2	same	no	optional	libs	False
libxdmcp6	1:1.1.2-3	amd64	libxdmcp	1:1.1.2-3	same	no	optional	libs	False
libxext6	2:1.3.3-1.1	amd64	libxext	2:1.3.3-1.1	same	no	optional	libs	False
libxfixes3	1:5.0.3-2	amd64	libxfixes	1:5.0.3-2	same	no	optional	libs	False
libxfont2	1:2.0.4-1	amd64	libxfont	1:2.0.4-1	same	no	optional	libs	False
libxft2	2.3.2-2	amd64	xft	2.3.2-2	same	no	optional	libs	False
libxi6	2:1.7.10-1	amd64	libxi	2:1.7.10-1	same	no	optional	libs	False
libxinerama1	2:1.1.4-2	amd64	libxinerama	2:1.1.4-2	same	no	optional	libs	False
libxkbcommon-x11-0	1.0.3-2	amd64	libxkbcommon	1.0.3-2	same	no	optional	libs	False
libxkbcommon0	1.0.3-2	amd64	libxkbcommon	1.0.3-2	same	no	optional	libs	False
libxkbfile1	1:1.1.0-1	amd64	libxkbfile	1:1.1.0-1	same	no	optional	libs	False
libxkbregistry0	1.0.3-2	amd64	libxkbcommon	1.0.3-2	same	no	optional	libs	False
libxklavier16	5.4-4	amd64	libxklavier	5.4-4	same	no	optional	libs	False
libxml2	2.9.10+dfsg-6.7+deb11u4	amd64	libxml2	2.9.10+dfsg-6.7+deb11u4	same	no	optional	libs	False
libxmu6	2:1.1.2-2+b3	amd64	libxmu	2:1.1.2-2	same	no	optional	libs	False
libxmuu1	2:1.1.2-2+b3	amd64	libxmu	2:1.1.2-2	same	no	optional	libs	False
libxnvctrl0	470.141.03-1~deb11u1	amd64	nvidia-settings	470.141.03-1~deb11u1	same	no	optional	libs	False
libxpm4	1:3.5.12-1.1~deb11u1	amd64	libxpm	1:3.5.12-1.1~deb11u1	same	no	optional	libs	False
libxpresent1	1.0.0-2+b10	amd64	libxpresent	1.0.0-2	same	no	optional	libs	False
libxrandr2	2:1.5.1-1	amd64	libxrandr	2:1.5.1-1	same	no	optional	libs	False
libxrender1	1:0.9.10-1	amd64	libxrender	1:0.9.10-1	same	no	optional	libs	False
libxres1	2:1.2.0-4	amd64	libxres	2:1.2.0-4	same	no	optional	libs	False
libxshmfence1	1.3-1	amd64	libxshmfence	1.3-1	same	no	optional	libs	False
libxslt1.1	1.1.34-4+deb11u1	amd64	libxslt	1.1.34-4+deb11u1	same	no	optional	libs	False
libxss1	1:1.2.3-1	amd64	libxss	1:1.2.3-1	same	no	optional	libs	False
libxt6	1:1.2.0-1	amd64	libxt	1:1.2.0-1	same	no	optional	libs	False
libxtables12	1.8.7-1	amd64	iptables	1.8.7-1	same	no	optional	libs	False
libxtst6	2:1.2.3-1	amd64	libxtst	2:1.2.3-1	same	no	optional	libs	False
libxv1	2:1.0.11-1	amd64	libxv	2:1.0.11-1	same	no	optional	libs	False
libxvidcore4	2:1.3.7-1	amd64	xvidcore	2:1.3.7-1	same	no	optional	libs	False
libxvmc1	2:1.0.12-2	amd64	libxvmc	2:1.0.12-2	same	no	optional	libs	False
libxxf86dga1	2:1.1.4-1+b3	amd64	libxxf86dga	2:1.1.4-1	same	no	optional	libs	False
libxxf86vm1	1:1.1.4-1+b2	amd64	libxxf86vm	1:1.1.4-1	same	no	optional	libs	False
libxxhash0	0.8.0-2	amd64	xxhash	0.8.0-2	same	no	optional	libs	False
libyaml-0-2	0.2.2-1	amd64	libyaml	0.2.2-1	same	no	optional	libs	False
libyelp0	3.38.3-1+han3u3	amd64	yelp	3.38.3-1+han3u3	same	no	optional	libs	True
libz3-4	4.8.10-1	amd64	z3	4.8.10-1	same	no	optional	libs	False
libzbar0	0.23.90-1	amd64	zbar	0.23.90-1	same	no	optional	libs	False
libzeitgeist-2.0-0	1.0.3-4	amd64	zeitgeist	1.0.3-4	same	no	optional	libs	False
libzmq5	4.3.4-1	amd64	zeromq3	4.3.4-1	same	no	optional	libs	False
libzstd1	1.4.8+dfsg-2.1	amd64	libzstd	1.4.8+dfsg-2.1	same	no	optional	libs	False
libzvbi-common	0.2.35-18	all	zvbi	0.2.35-18	foreign	no	optional	devel	False
libzvbi0	0.2.35-18	amd64	zvbi	0.2.35-18	same	no	optional	libs	False
lightdm	1.26.0-7+grm3u1	amd64	lightdm	1.26.0-7+grm3u1		no	optional	x11	True
linux-base	4.6	all	linux-base	4.6	foreign	no	optional	kernel	False
linux-image-5.10.0-23-amd64	5.10.179-1+grm3u1	amd64	linux	5.10.179-1+grm3u1		no	optional	kernel	True
linux-image-amd64	5.10.179-1+grm3u1	amd64	linux-signed-amd64	5.10.179+1+grm3u1		no	optional	kernel	True
live-boot	1:20210208	all	live-boot	1:20210208		no	optional	misc	False
live-boot-initramfs-tools	1:20210208	all	live-boot	1:20210208		no	optional	misc	False
live-config	11.0.3+grm3u1	all	live-config	11.0.3+grm3u1		no	optional	misc	True
live-config-systemd	11.0.3+grm3u1	all	live-config	11.0.3+grm3u1		no	optional	misc	True
live-installer	2023.06.30+han3u1	all	live-installer	2023.06.30+han3u1		no	optional	admin	True
live-tools	1:20190831	all	live-tools	1:20190831		no	optional	misc	False
locales	2.31-13+deb11u6	all	glibc	2.31-13+deb11u6		no	standard	localization	False
login	1:4.8.1-1	amd64	shadow	1:4.8.1-1	foreign	yes	required	admin	False
logrotate	3.18.0-2+deb11u1	amd64	logrotate	3.18.0-2+deb11u1	foreign	no	important	admin	False
logsave	1.46.2-2	amd64	e2fsprogs	1.46.2-2	foreign	no	optional	admin	False
lsb-base	11.1.0	all	lsb	11.1.0	foreign	no	optional	misc	False
lsb-release	11.1.0	all	lsb	11.1.0	foreign	no	optional	misc	False
lsof	4.93.2+dfsg-1.1	amd64	lsof	4.93.2+dfsg-1.1		no	standard	utils	False
lua-bitop	1.0.2-5	amd64	lua-bitop	1.0.2-5	same	no	optional	interpreters	False
lua-expat	1.3.0-4+b1	amd64	lua-expat	1.3.0-4	same	no	optional	interpreters	False
lua-json	1.3.4-2	all	lua-json	1.3.4-2		no	optional	interpreters	False
lua-lpeg	1.0.2-1	amd64	lua-lpeg	1.0.2-1	same	no	optional	interpreters	False
lua-socket	3.0~rc1+git+ac3201d-4	amd64	luasocket	3.0~rc1+git+ac3201d-4	same	no	optional	interpreters	False
mailcap	3.69	all	mailcap	3.69	foreign	no	optional	utils	False
malcontent	0.10.0-2	all	malcontent	0.10.0-2		no	optional	admin	False
malcontent-gui	0.10.0-2	amd64	malcontent	0.10.0-2		no	optional	admin	False
man-db	2.9.4-2	amd64	man-db	2.9.4-2	foreign	no	important	doc	False
mawk	1.3.4.20200120-2	amd64	mawk	1.3.4.20200120-2	foreign	no	required	interpreters	False
mdadm	4.1-11	amd64	mdadm	4.1-11		no	optional	admin	False
media-types	4.0.0	all	media-types	4.0.0	foreign	no	standard	net	False
menu	2.1.48	amd64	menu	2.1.48	foreign	no	optional	admin	False
metacity	1:3.38.0-2+grm3u1	amd64	metacity	1:3.38.0-2+grm3u1		no	optional	x11	True
metacity-common	1:3.38.0-2+grm3u1	all	metacity	1:3.38.0-2+grm3u1	foreign	no	optional	misc	True
mime-support	3.66	all	mime-support	3.66	foreign	no	optional	oldlibs	False
moka-icon-theme	5.4.0.3-1	all	moka-icon-theme	5.4.0.3-1		no	optional	misc	False
mount	2.36.1-8+deb11u1	amd64	util-linux	2.36.1-8+deb11u1	foreign	no	required	admin	False
mousetweaks	3.32.0-3+grm3u1	amd64	mousetweaks	3.32.0-3+grm3u1		no	optional	gnome	True
nano	5.4-2+deb11u2	amd64	nano	5.4-2+deb11u2		no	important	editors	False
nautilus	3.38.2-1+deb11u1+grm3u8	amd64	nautilus	3.38.2-1+deb11u1+grm3u8		no	optional	gnome	True
nautilus-data	3.38.2-1+deb11u1+grm3u8	all	nautilus	3.38.2-1+deb11u1+grm3u8	foreign	no	optional	gnome	True
ncurses-base	6.2+20201114-2+deb11u1	all	ncurses	6.2+20201114-2+deb11u1	foreign	yes	required	misc	False
ncurses-bin	6.2+20201114-2+deb11u1	amd64	ncurses	6.2+20201114-2+deb11u1	foreign	yes	required	utils	False
netbase	6.3	all	netbase	6.3	foreign	no	important	admin	False
network-manager	1.30.0-2+grm3u3	amd64	network-manager	1.30.0-2+grm3u3		no	optional	net	True
network-manager-gnome	1.20.0-3+grm3u4	amd64	network-manager-applet	1.20.0-3+grm3u4		no	optional	gnome	True
network-manager-openvpn	1.8.12-2	amd64	network-manager-openvpn	1.8.12-2		no	optional	net	False
network-manager-openvpn-gnome	1.8.12-2	amd64	network-manager-openvpn	1.8.12-2		no	optional	net	False
nftables	0.9.8-3.1+deb11u1	amd64	nftables	0.9.8-3.1+deb11u1		no	important	net	False
nimf	2023.06.30+grm3u1	amd64	nimf	2023.06.30+grm3u1		no	optional	utils	True
nimf-libhangul	2023.06.30+grm3u1	amd64	nimf	2023.06.30+grm3u1		no	optional	utils	True
ntfs-3g	1:2017.3.23AR.3-4+deb11u3	amd64	ntfs-3g	1:2017.3.23AR.3-4+deb11u3		no	optional	otherosfs	False
numix-icon-theme	0~20190920-1	all	numix-icon-theme	0~20190920-1		no	optional	x11	False
numix-icon-theme-circle	20.09.19-1	all	numix-icon-theme-circle	20.09.19-1		no	optional	x11	False
nvidia-installer-cleanup	20151021+13	amd64	nvidia-support	20151021+13	foreign	no	optional	contrib/misc	False
nvidia-kernel-common	20151021+13	amd64	nvidia-support	20151021+13		no	optional	contrib/kernel	False
nvidia-modprobe	470.182.03-1	amd64	nvidia-modprobe	470.182.03-1	foreign	no	optional	contrib/utils	False
nvidia-tesla-470-alternative	470.182.03-1~deb11u1	amd64	nvidia-graphics-drivers-tesla-470	470.182.03-1~deb11u1	foreign	no	optional	non-free/libs	False
nvidia-tesla-470-kernel-support	470.182.03-1~deb11u1	amd64	nvidia-graphics-drivers-tesla-470	470.182.03-1~deb11u1	foreign	no	optional	non-free/kernel	False
ocl-icd-libopencl1	2.2.14-2	amd64	ocl-icd	2.2.14-2	same	no	optional	libs	False
openprinting-ppds	20200820-1	all	foomatic-db	20200820-1	foreign	no	optional	text	False
openssl	1.1.1n-0+deb11u5	amd64	openssl	1.1.1n-0+deb11u5	foreign	no	optional	utils	False
openvpn	2.5.1-3	amd64	openvpn	2.5.1-3		no	optional	net	False
os-prober	1.79	amd64	os-prober	1.79		no	optional	utils	False
osinfo-db	0.20210215-1	all	osinfo-db	0.20210215-1	foreign	no	optional	libs	False
p11-kit	0.23.22-1	amd64	p11-kit	0.23.22-1		no	optional	misc	False
p11-kit-modules	0.23.22-1	amd64	p11-kit	0.23.22-1	same	no	optional	misc	False
p7zip	16.02+dfsg-8+grm3u1	amd64	p7zip	16.02+dfsg-8+grm3u1	foreign	no	optional	utils	True
p7zip-full	16.02+dfsg-8+grm3u1	amd64	p7zip	16.02+dfsg-8+grm3u1	foreign	no	optional	utils	True
packagekit	1.2.2-2	amd64	packagekit	1.2.2-2	foreign	no	optional	admin	False
packagekit-tools	1.2.2-2	amd64	packagekit	1.2.2-2	foreign	no	optional	admin	False
pam-gooroom	0.4.3+grm3u1	amd64	pam-gooroom	0.4.3+grm3u1		no	optional	admin	True
papirus-icon-theme	20210201-1	all	papirus-icon-theme	20210201-1		no	optional	x11	False
parted	3.4-1	amd64	parted	3.4-1	foreign	no	optional	admin	False
passwd	1:4.8.1-1	amd64	shadow	1:4.8.1-1	foreign	no	required	admin	False
pci.ids	0.0~2021.02.08-1	all	pci.ids	0.0~2021.02.08-1	foreign	no	optional	admin	False
perl	5.32.1-4+deb11u2	amd64	perl	5.32.1-4+deb11u2	allowed	no	standard	perl	False
perl-base	5.32.1-4+deb11u2	amd64	perl	5.32.1-4+deb11u2		yes	required	perl	False
perl-modules-5.32	5.32.1-4+deb11u2	all	perl	5.32.1-4+deb11u2	foreign	no	standard	libs	False
pinentry-curses	1.1.0-4	amd64	pinentry	1.1.0-4	foreign	no	optional	utils	False
pinentry-gnome3	1.1.0-4	amd64	pinentry	1.1.0-4	foreign	no	optional	utils	False
pkg-config	0.29.2-1	amd64	pkg-config	0.29.2-1	foreign	no	optional	devel	False
plymouth	0.9.5-3	amd64	plymouth	0.9.5-3		no	optional	misc	False
policykit-1	0.105-31+nDeb11u1+grm3u1	amd64	policykit-1	0.105-31+nDeb11u1+grm3u1	foreign	no	optional	admin	True
poppler-data	0.4.10-1	all	poppler-data	0.4.10-1	foreign	no	optional	misc	False
poppler-utils	20.09.0-3.1+deb11u1	amd64	poppler	20.09.0-3.1+deb11u1	foreign	no	optional	utils	False
printer-driver-all	0.20200223	all	printing-metas	0.20200223	foreign	no	optional	text	False
printer-driver-brlaser	6-1	amd64	brlaser	6-1		no	optional	text	False
printer-driver-c2050	0.3b-8	amd64	c2050	0.3b-8		no	optional	text	False
printer-driver-c2esp	27-8	amd64	c2esp	27-8		no	optional	text	False
printer-driver-cjet	0.8.9-8	amd64	cjet	0.8.9-8		no	optional	text	False
printer-driver-dymo	1.4.0-9	amd64	dymo-cups-drivers	1.4.0-9		no	optional	text	False
printer-driver-escpr	1.7.8-1	amd64	epson-inkjet-printer-escpr	1.7.8-1		no	optional	text	False
printer-driver-foo2zjs	20200505dfsg0-1	amd64	foo2zjs	20200505dfsg0-1		no	optional	text	False
printer-driver-foo2zjs-common	20200505dfsg0-1	all	foo2zjs	20200505dfsg0-1		no	optional	text	False
printer-driver-gutenprint	5.3.3-5	amd64	gutenprint	5.3.3-5		no	optional	graphics	False
printer-driver-hpcups	3.21.2+dfsg1-2	amd64	hplip	3.21.2+dfsg1-2		no	optional	text	False
printer-driver-hpijs	3.21.2+dfsg1-2	amd64	hplip	3.21.2+dfsg1-2		no	optional	text	False
printer-driver-m2300w	0.51-14	amd64	m2300w	0.51-14		no	optional	text	False
printer-driver-min12xxw	0.0.9-11	amd64	min12xxw	0.0.9-11		no	optional	text	False
printer-driver-pnm2ppa	1.13-10	amd64	pnm2ppa	1.13-10		no	optional	text	False
printer-driver-postscript-hp	3.21.2+dfsg1-2	amd64	hplip	3.21.2+dfsg1-2		no	optional	utils	False
printer-driver-ptouch	1.5.1-2	amd64	ptouch-driver	1.5.1-2		no	optional	text	False
printer-driver-pxljr	1.4+repack0-5	amd64	pxljr	1.4+repack0-5		no	optional	text	False
printer-driver-sag-gdi	0.1-7	all	rastertosag-gdi	0.1-7		no	optional	text	False
printer-driver-splix	2.0.0+svn315-7	amd64	splix	2.0.0+svn315-7		no	optional	text	False
procps	2:3.3.17-5	amd64	procps	2:3.3.17-5	foreign	no	important	admin	False
psmisc	23.4-2	amd64	psmisc	23.4-2	foreign	no	optional	admin	False
pulseaudio	14.2-2	amd64	pulseaudio	14.2-2	foreign	no	optional	sound	False
pulseaudio-module-bluetooth	14.2-2	amd64	pulseaudio	14.2-2		no	optional	sound	False
pulseaudio-utils	14.2-2	amd64	pulseaudio	14.2-2		no	optional	sound	False
python-apt-common	2.2.1	all	python-apt	2.2.1	foreign	no	optional	python	False
python2.7	2.7.18-8	amd64	python2.7	2.7.18-8	allowed	no	optional	python	False
python2.7-minimal	2.7.18-8	amd64	python2.7	2.7.18-8	allowed	no	optional	python	False
python3	3.9.2-3	amd64	python3-defaults	3.9.2-3	allowed	no	optional	python	False
python3-apt	2.2.1	amd64	python-apt	2.2.1	allowed	no	optional	python	False
python3-cairo	1.16.2-4+b2	amd64	pycairo	1.16.2-4	same	no	optional	python	False
python3-certifi	2020.6.20-1	all	python-certifi	2020.6.20-1		no	optional	python	False
python3-cffi-backend	1.14.5-1	amd64	python-cffi	1.14.5-1	same	no	optional	python	False
python3-chardet	4.0.0-1	all	chardet	4.0.0-1	foreign	no	optional	python	False
python3-configobj	5.0.6-4	all	configobj	5.0.6-4		no	optional	python	False
python3-cryptography	3.3.2-1	amd64	python-cryptography	3.3.2-1		no	optional	python	False
python3-cups	2.0.1-4+b1	amd64	python-cups	2.0.1-4	same	no	optional	python	False
python3-cupshelpers	1.5.14-1+grm3u1	all	system-config-printer	1.5.14-1+grm3u1		no	optional	python	True
python3-dbus	1.2.16-5	amd64	dbus-python	1.2.16-5		no	optional	python	False
python3-debian	0.1.39	all	python-debian	0.1.39		no	optional	python	False
python3-distro	1.5.0-1	all	python-distro	1.5.0-1		no	optional	python	False
python3-distutils	3.9.2-1	all	python3-stdlib-extensions	3.9.2-1	foreign	no	optional	python	False
python3-dns	3.2.1-1	all	py3dns	3.2.1-1		no	optional	python	False
python3-gi	3.38.0-2	amd64	pygobject	3.38.0-2	allowed	no	optional	python	False
python3-gi-cairo	3.38.0-2	amd64	pygobject	3.38.0-2		no	optional	python	False
python3-gnupg	0.4.6-1	all	python-gnupg	0.4.6-1	foreign	no	optional	python	False
python3-httplib2	0.18.1-3	all	python-httplib2	0.18.1-3		no	optional	python	False
python3-idna	2.10-1	all	python-idna	2.10-1	foreign	no	optional	python	False
python3-iptables	1.0.0-1+b2	amd64	python-iptables	1.0.0-1		no	optional	python	False
python3-ldb	2:2.2.3-2~deb11u2	amd64	ldb	2:2.2.3-2~deb11u2		no	optional	python	False
python3-lib2to3	3.9.2-1	all	python3-stdlib-extensions	3.9.2-1	foreign	no	optional	python	False
python3-minimal	3.9.2-3	amd64	python3-defaults	3.9.2-3	allowed	no	optional	python	False
python3-netifaces	0.10.9-0.2+b3	amd64	netifaces	0.10.9-0.2		no	optional	python	False
python3-numpy	1:1.19.5-1	amd64	numpy	1:1.19.5-1		no	optional	python	False
python3-openssl	20.0.1-1	all	pyopenssl	20.0.1-1		no	optional	python	False
python3-parted	3.11.7-0.1+b1	amd64	pyparted	3.11.7-0.1		no	optional	python	False
python3-pil	8.1.2+dfsg-0.3+deb11u1	amd64	pillow	8.1.2+dfsg-0.3+deb11u1	same	no	optional	python	False
python3-pkg-resources	52.0.0-4	all	setuptools	52.0.0-4	foreign	no	optional	python	False
python3-psutil	5.8.0-1	amd64	python-psutil	5.8.0-1		no	optional	python	False
python3-pwquality	1.4.4-1	amd64	libpwquality	1.4.4-1	same	no	optional	python	False
python3-pyinotify	0.9.6-1.3	all	pyinotify	0.9.6-1.3		no	optional	python	False
python3-pyqt5	5.15.2+dfsg-3	amd64	pyqt5	5.15.2+dfsg-3		no	optional	python	False
python3-pyqt5.sip	12.8.1-1+b2	amd64	pyqt5-sip	12.8.1-1		no	optional	python	False
python3-pyudev	0.22.0-2	all	pyudev	0.22.0-2		no	optional	python	False
python3-requests	2.25.1+dfsg-2	all	requests	2.25.1+dfsg-2		no	optional	python	False
python3-simplejson	3.17.2-1	amd64	simplejson	3.17.2-1		no	optional	python	False
python3-six	1.16.0-2	all	six	1.16.0-2	foreign	no	optional	python	False
python3-systemd	234-3+b4	amd64	python-systemd	234-3		no	optional	python	False
python3-talloc	2.3.1-2+b1	amd64	talloc	2.3.1-2	same	no	optional	python	False
python3-urllib3	1.26.5-1~exp1	all	python-urllib3	1.26.5-1~exp1		no	optional	python	False
python3-xdg	0.27-2	all	pyxdg	0.27-2		no	optional	python	False
python3-xlib	0.29-1	all	python-xlib	0.29-1		no	optional	python	False
python3-zeitgeist	1.0.3-4	all	zeitgeist	1.0.3-4		no	optional	python	False
python3.9	3.9.2-1	amd64	python3.9	3.9.2-1	allowed	no	optional	python	False
python3.9-minimal	3.9.2-1	amd64	python3.9	3.9.2-1	allowed	no	optional	python	False
readline-common	8.1-1	all	readline	8.1-1	foreign	no	important	utils	False
rsync	3.2.3-4+deb11u1	amd64	rsync	3.2.3-4+deb11u1	foreign	no	optional	net	False
rsyslog	8.2102.0-2+deb11u1	amd64	rsyslog	8.2102.0-2+deb11u1		no	important	admin	False
rygel	0.40.0-1	amd64	rygel	0.40.0-1		no	optional	net	False
samba-libs	2:4.13.13+dfsg-1~deb11u5	amd64	samba	2:4.13.13+dfsg-1~deb11u5	same	no	optional	libs	False
sed	4.7-1	amd64	sed	4.7-1	foreign	yes	required	utils	False
sensible-utils	0.0.14	all	sensible-utils	0.0.14	foreign	no	important	utils	False
shared-mime-info	2.0-1	amd64	shared-mime-info	2.0-1	foreign	no	optional	misc	False
sound-theme-freedesktop	0.8-2	all	sound-theme-freedesktop	0.8-2	foreign	no	optional	sound	False
ssl-cert	1.1.0+nmu1	all	ssl-cert	1.1.0+nmu1	foreign	no	optional	utils	False
startpar	0.64-3	amd64	startpar	0.64-3	foreign	no	optional	admin	False
streamer	3.107-1	amd64	xawtv	3.107-1		no	optional	video	False
sudo	1.9.5p2-3+deb11u1	amd64	sudo	1.9.5p2-3+deb11u1		no	optional	admin	False
synaptic	0.90.2+grm3u3	amd64	synaptic	0.90.2+grm3u3		no	optional	admin	True
system-config-printer	1.5.14-1+grm3u1	all	system-config-printer	1.5.14-1+grm3u1		no	optional	gnome	True
system-config-printer-common	1.5.14-1+grm3u1	all	system-config-printer	1.5.14-1+grm3u1		no	optional	gnome	True
systemd	247.3-7+deb11u4	amd64	systemd	247.3-7+deb11u4	foreign	no	important	admin	False
systemd-sysv	247.3-7+deb11u4	amd64	systemd	247.3-7+deb11u4	foreign	no	important	admin	False
systemd-timesyncd	247.3-7+deb11u4	amd64	systemd	247.3-7+deb11u4	foreign	no	standard	admin	False
sysv-rc	2.96-7+deb11u1	all	sysvinit	2.96-7+deb11u1	foreign	no	optional	admin	False
sysvinit-utils	2.96-7+deb11u1	amd64	sysvinit	2.96-7+deb11u1	foreign	yes	required	admin	False
tar	1.34+dfsg-1	amd64	tar	1.34+dfsg-1	foreign	yes	required	utils	False
tasksel	3.68+deb11u1	all	tasksel	3.68+deb11u1		no	optional	admin	False
tasksel-data	3.68+deb11u1	all	tasksel	3.68+deb11u1		no	important	admin	False
timgm6mb-soundfont	1.3-5	all	timgm6mb-soundfont	1.3-5	foreign	no	optional	sound	False
tracker	2.3.6-2	amd64	tracker	2.3.6-2		no	optional	utils	False
tracker-extract	2.3.5-2.1	amd64	tracker-miners	2.3.5-2.1		no	optional	utils	False
tracker-miner-fs	2.3.5-2.1	amd64	tracker-miners	2.3.5-2.1		no	optional	utils	False
tumbler	4.16.0-1	amd64	tumbler	4.16.0-1	same	no	optional	xfce	False
tumbler-common	4.16.0-1	all	tumbler	4.16.0-1	foreign	no	optional	xfce	False
tzdata	2021a-1+deb11u10	all	tzdata	2021a-1+deb11u10	foreign	no	required	localization	False
ucf	3.0043	all	ucf	3.0043	foreign	no	standard	utils	False
udev	247.3-7+deb11u4	amd64	systemd	247.3-7+deb11u4	foreign	no	important	admin	False
udisks2	2.9.2-2+deb11u1	amd64	udisks2	2.9.2-2+deb11u1	foreign	no	optional	admin	False
unzip	6.0-26+deb11u1	amd64	unzip	6.0-26+deb11u1	foreign	no	optional	utils	False
update-glx	1.2.1~deb11u1	amd64	glx-alternatives	1.2.1~deb11u1	foreign	no	optional	contrib/x11	False
upower	0.99.11-2	amd64	upower	0.99.11-2	foreign	no	optional	admin	False
usb.ids	2023.01.16-0+deb11u1	all	usb.ids	2023.01.16-0+deb11u1	foreign	no	optional	admin	False
user-setup	1.88	all	user-setup	1.88		no	optional	admin	False
util-linux	2.36.1-8+deb11u1	amd64	util-linux	2.36.1-8+deb11u1	foreign	yes	required	utils	False
vim-common	2:8.2.2434-3+deb11u1	all	vim	2:8.2.2434-3+deb11u1	foreign	no	important	editors	False
vim-tiny	2:8.2.2434-3+deb11u1	amd64	vim	2:8.2.2434-3+deb11u1		no	important	editors	False
wget	1.21-1+deb11u1	amd64	wget	1.21-1+deb11u1	foreign	no	standard	web	False
whiptail	0.52.21-4+b3	amd64	newt	0.52.21-4	foreign	no	important	utils	False
wpasupplicant	2:2.9.0-21	amd64	wpa	2:2.9.0-21	foreign	no	optional	net	False
x11-apps	7.7+8	amd64	x11-apps	7.7+8		no	optional	x11	False
x11-common	1:7.7+22	all	xorg	1:7.7+22	foreign	no	optional	x11	False
x11-session-utils	7.7+4	amd64	x11-session-utils	7.7+4		no	optional	x11	False
x11-utils	7.7+5	amd64	x11-utils	7.7+5	foreign	no	optional	x11	False
x11-xkb-utils	7.7+5	amd64	x11-xkb-utils	7.7+5	foreign	no	optional	x11	False
x11-xserver-utils	7.7+8	amd64	x11-xserver-utils	7.7+8		no	optional	x11	False
xauth	1:1.1-1	amd64	xauth	1:1.1-1	foreign	no	optional	x11	False
xawtv-plugins	3.107-1	amd64	xawtv	3.107-1		no	optional	video	False
xbase-clients	1:7.7+22	all	xorg	1:7.7+22		no	optional	x11	False
xdg-dbus-proxy	0.1.2-2	amd64	xdg-dbus-proxy	0.1.2-2	foreign	no	optional	admin	False
xdg-desktop-portal	1.8.1-1	amd64	xdg-desktop-portal	1.8.1-1	foreign	no	optional	admin	False
xdg-desktop-portal-gtk	1.8.0-1	amd64	xdg-desktop-portal-gtk	1.8.0-1	foreign	no	optional	gnome	False
xdg-user-dirs	0.17-2	amd64	xdg-user-dirs	0.17-2	foreign	no	optional	utils	False
xdg-utils	1.1.3-4.1	all	xdg-utils	1.1.3-4.1	foreign	no	optional	utils	False
xfonts-encodings	1:1.0.4-2.1	all	xfonts-encodings	1:1.0.4-2.1	foreign	no	optional	x11	False
xfonts-utils	1:7.7+6	amd64	xfonts-utils	1:7.7+6	foreign	no	optional	x11	False
xinit	1.4.0-1	amd64	xinit	1.4.0-1		no	optional	x11	False
xkb-data	2.29-2	all	xkeyboard-config	2.29-2	foreign	no	optional	x11	False
xserver-common	2:1.20.11-1+deb11u6	all	xorg-server	2:1.20.11-1+deb11u6	foreign	no	optional	x11	False
xserver-xorg	1:7.7+22	amd64	xorg	1:7.7+22		no	optional	x11	False
xserver-xorg-core	2:1.20.11-1+deb11u6	amd64	xorg-server	2:1.20.11-1+deb11u6		no	optional	x11	False
xserver-xorg-input-all	1:7.7+22	amd64	xorg	1:7.7+22		no	optional	x11	False
xserver-xorg-input-libinput	0.30.0-1	amd64	xserver-xorg-input-libinput	0.30.0-1		no	optional	x11	False
xserver-xorg-input-wacom	0.34.99.1-1+b1	amd64	xf86-input-wacom	0.34.99.1-1		no	optional	x11	False
xserver-xorg-legacy	2:1.20.11-1+deb11u6	amd64	xorg-server	2:1.20.11-1+deb11u6		no	optional	x11	False
xserver-xorg-video-all	1:7.7+22	amd64	xorg	1:7.7+22		no	optional	x11	False
xserver-xorg-video-amdgpu	19.1.0-2	amd64	xserver-xorg-video-amdgpu	19.1.0-2		no	optional	x11	False
xserver-xorg-video-ati	1:19.1.0-2	amd64	xserver-xorg-video-ati	1:19.1.0-2		no	optional	x11	False
xserver-xorg-video-fbdev	1:0.5.0-1	amd64	xserver-xorg-video-fbdev	1:0.5.0-1		no	optional	x11	False
xserver-xorg-video-intel	2:2.99.917+git20200714-1+deb11u1	amd64	xserver-xorg-video-intel	2:2.99.917+git20200714-1+deb11u1		no	optional	x11	False
xserver-xorg-video-nouveau	1:1.0.17-1	amd64	xserver-xorg-video-nouveau	1:1.0.17-1		no	optional	x11	False
xserver-xorg-video-qxl	0.1.5+git20200331-1	amd64	xserver-xorg-video-qxl	0.1.5+git20200331-1		no	optional	x11	False
xserver-xorg-video-radeon	1:19.1.0-2	amd64	xserver-xorg-video-ati	1:19.1.0-2		no	optional	x11	False
xserver-xorg-video-vesa	1:2.5.0-1	amd64	xserver-xorg-video-vesa	1:2.5.0-1		no	optional	x11	False
xserver-xorg-video-vmware	1:13.3.0-3	amd64	xserver-xorg-video-vmware	1:13.3.0-3		no	optional	x11	False
xutils	1:7.7+22	all	xorg	1:7.7+22		no	optional	x11	False
xwayland	2:1.20.11-1+deb11u6	amd64	xorg-server	2:1.20.11-1+deb11u6		no	optional	x11	False
xxd	2:8.2.2434-3+deb11u1	amd64	vim	2:8.2.2434-3+deb11u1	foreign	no	optional	editors	False
xz-utils	5.2.5-2.1~deb11u1	amd64	xz-utils	5.2.5-2.1~deb11u1	foreign	no	standard	utils	False
yelp	3.38.3-1+han3u3	amd64	yelp	3.38.3-1+han3u3		no	optional	gnome	True
yelp-xsl	3.38.3-1	all	yelp-xsl	3.38.3-1	foreign	no	optional	gnome	False
zeitgeist	1.0.3-4	all	zeitgeist	1.0.3-4		no	optional	utils	False
zeitgeist-core	1.0.3-4	amd64	zeitgeist	1.0.3-4		no	optional	utils	False
zeitgeist-datahub	1.0.3-4	amd64	zeitgeist	1.0.3-4		no	optional	utils	False
zenity	3.32.0-6	amd64	zenity	3.32.0-6	foreign	no	optional	gnome	False
zenity-common	3.32.0-6	all	zenity	3.32.0-6	foreign	no	optional	gnome	False
zip	3.0-12	amd64	zip	3.0-12	foreign	no	optional	utils	False
zlib1g	1:1.2.11.dfsg-2+deb11u2	amd64	zlib	1:1.2.11.dfsg-2+deb11u2	same	no	optional	libs	False
