Compare gooroom-integration-applet	UNKNOWN STEP	﻿2026-08-17T14:28:24.1562343Z Current runner version: '2.336.0'
Compare gooroom-integration-applet	UNKNOWN STEP	2026-08-17T14:28:24.1591278Z ##[group]Runner Image Provisioner
Compare gooroom-integration-applet	UNKNOWN STEP	2026-08-17T14:28:24.1592164Z Hosted Compute Agent
Compare gooroom-integration-applet	UNKNOWN STEP	2026-08-17T14:28:24.1593325Z Version: 20260729.566
Compare gooroom-integration-applet	UNKNOWN STEP	2026-08-17T14:28:24.1594198Z Commit: cf7153fe6e25b664e8693c24944bf2b00355d109
Compare gooroom-integration-applet	UNKNOWN STEP	2026-08-17T14:28:24.1594984Z Build Date: 2026-07-29T19:17:02Z
Compare gooroom-integration-applet	UNKNOWN STEP	2026-08-17T14:28:24.1595702Z Worker ID: {d58b52b9-e250-4a11-9fa5-e77fc32b393c}
Compare gooroom-integration-applet	UNKNOWN STEP	2026-08-17T14:28:24.1596493Z Azure Region: eastus2
Compare gooroom-integration-applet	UNKNOWN STEP	2026-08-17T14:28:24.1597125Z ##[endgroup]
Compare gooroom-integration-applet	UNKNOWN STEP	2026-08-17T14:28:24.1598793Z ##[group]Operating System
Compare gooroom-integration-applet	UNKNOWN STEP	2026-08-17T14:28:24.1599491Z Ubuntu
Compare gooroom-integration-applet	UNKNOWN STEP	2026-08-17T14:28:24.1600042Z 24.04.4
Compare gooroom-integration-applet	UNKNOWN STEP	2026-08-17T14:28:24.1600609Z LTS
Compare gooroom-integration-applet	UNKNOWN STEP	2026-08-17T14:28:24.1601194Z ##[endgroup]
Compare gooroom-integration-applet	UNKNOWN STEP	2026-08-17T14:28:24.1601817Z ##[group]Runner Image
Compare gooroom-integration-applet	UNKNOWN STEP	2026-08-17T14:28:24.1602400Z Image: ubuntu-24.04
Compare gooroom-integration-applet	UNKNOWN STEP	2026-08-17T14:28:24.1603064Z Version: 20260810.271.1
Compare gooroom-integration-applet	UNKNOWN STEP	2026-08-17T14:28:24.1604568Z Included Software: https://github.com/actions/runner-images/blob/ubuntu24/20260810.271/images/ubuntu/Ubuntu2404-Readme.md
Compare gooroom-integration-applet	UNKNOWN STEP	2026-08-17T14:28:24.1606149Z Image Release: https://github.com/actions/runner-images/releases/tag/ubuntu24%2F20260810.271
Compare gooroom-integration-applet	UNKNOWN STEP	2026-08-17T14:28:24.1607096Z ##[endgroup]
Compare gooroom-integration-applet	UNKNOWN STEP	2026-08-17T14:28:24.1608394Z ##[group]GITHUB_TOKEN Permissions
Compare gooroom-integration-applet	UNKNOWN STEP	2026-08-17T14:28:24.1610689Z Actions: read
Compare gooroom-integration-applet	UNKNOWN STEP	2026-08-17T14:28:24.1611386Z Contents: read
Compare gooroom-integration-applet	UNKNOWN STEP	2026-08-17T14:28:24.1611968Z Metadata: read
Compare gooroom-integration-applet	UNKNOWN STEP	2026-08-17T14:28:24.1612522Z ##[endgroup]
Compare gooroom-integration-applet	UNKNOWN STEP	2026-08-17T14:28:24.1615199Z Secret source: Actions
Compare gooroom-integration-applet	UNKNOWN STEP	2026-08-17T14:28:24.1616892Z Prepare workflow directory
Compare gooroom-integration-applet	UNKNOWN STEP	2026-08-17T14:28:24.2127950Z Prepare all required actions
Compare gooroom-integration-applet	UNKNOWN STEP	2026-08-17T14:28:24.2175889Z Getting action download info
Compare gooroom-integration-applet	UNKNOWN STEP	2026-08-17T14:28:24.4061707Z Download action repository 'actions/checkout@11bd71901bbe5b1630ceea73d27597364c9af683' (SHA:11bd71901bbe5b1630ceea73d27597364c9af683)
Compare gooroom-integration-applet	UNKNOWN STEP	2026-08-17T14:28:24.5386977Z Download action repository 'actions/upload-artifact@ea165f8d65b6e75b540449e92b4886f43607fa02' (SHA:ea165f8d65b6e75b540449e92b4886f43607fa02)
Compare gooroom-integration-applet	UNKNOWN STEP	2026-08-17T14:28:24.7483623Z Complete job name: Compare gooroom-integration-applet
Compare gooroom-integration-applet	UNKNOWN STEP	2026-08-17T14:28:24.8178956Z Node 20 is being deprecated. This workflow is running with Node 24 by default. If you need to temporarily use Node 20, you can set the ACTIONS_ALLOW_USE_UNSECURE_NODE_VERSION=true environment variable. For more information see: https://github.blog/changelog/2025-09-19-deprecation-of-node-20-on-github-actions-runners/
Compare gooroom-integration-applet	UNKNOWN STEP	2026-08-17T14:28:24.8187915Z ##[group]Run actions/checkout@11bd71901bbe5b1630ceea73d27597364c9af683
Compare gooroom-integration-applet	UNKNOWN STEP	2026-08-17T14:28:24.8188782Z with:
Compare gooroom-integration-applet	UNKNOWN STEP	2026-08-17T14:28:24.8189237Z   ref: 997e7061020cb791fd8e2271b67c949511b2c2ff
Compare gooroom-integration-applet	UNKNOWN STEP	2026-08-17T14:28:24.8189807Z   fetch-depth: 0
Compare gooroom-integration-applet	UNKNOWN STEP	2026-08-17T14:28:24.8190303Z   repository: bicheondev/hancom-gooroom-archive
Compare gooroom-integration-applet	UNKNOWN STEP	2026-08-17T14:28:24.8194368Z   token: ***
Compare gooroom-integration-applet	UNKNOWN STEP	2026-08-17T14:28:24.8194801Z   ssh-strict: true
Compare gooroom-integration-applet	UNKNOWN STEP	2026-08-17T14:28:24.8195244Z   ssh-user: git
Compare gooroom-integration-applet	UNKNOWN STEP	2026-08-17T14:28:24.8195687Z   persist-credentials: true
Compare gooroom-integration-applet	UNKNOWN STEP	2026-08-17T14:28:24.8196166Z   clean: true
Compare gooroom-integration-applet	UNKNOWN STEP	2026-08-17T14:28:24.8196604Z   sparse-checkout-cone-mode: true
Compare gooroom-integration-applet	UNKNOWN STEP	2026-08-17T14:28:24.8197155Z   fetch-tags: false
Compare gooroom-integration-applet	UNKNOWN STEP	2026-08-17T14:28:24.8197612Z   show-progress: true
Compare gooroom-integration-applet	UNKNOWN STEP	2026-08-17T14:28:24.8198047Z   lfs: false
Compare gooroom-integration-applet	UNKNOWN STEP	2026-08-17T14:28:24.8198456Z   submodules: false
Compare gooroom-integration-applet	UNKNOWN STEP	2026-08-17T14:28:24.8198891Z   set-safe-directory: true
Compare gooroom-integration-applet	UNKNOWN STEP	2026-08-17T14:28:24.8199631Z env:
Compare gooroom-integration-applet	UNKNOWN STEP	2026-08-17T14:28:24.8200039Z   SNAPSHOT: 20230730T235959Z
Compare gooroom-integration-applet	UNKNOWN STEP	2026-08-17T14:28:24.8200552Z   PACKAGE: gooroom-integration-applet
Compare gooroom-integration-applet	UNKNOWN STEP	2026-08-17T14:28:24.8201084Z   VERSION: 0.3.1+grm3u1+han3u3
Compare gooroom-integration-applet	UNKNOWN STEP	2026-08-17T14:28:24.8201621Z   REPOSITORY: gooroom/gooroom-integration-applet
Compare gooroom-integration-applet	UNKNOWN STEP	2026-08-17T14:28:24.8202276Z   BASE_COMMIT: 0f7897ad068da63c6529c5725afdf569152ca4c7
Compare gooroom-integration-applet	UNKNOWN STEP	2026-08-17T14:28:24.8202932Z   BASE_TREE: 5f24f24a3421835e18ab7ab894ce0dc78bbda2c9
Compare gooroom-integration-applet	UNKNOWN STEP	2026-08-17T14:28:24.8204332Z   TARGET_URL: https://update.hancomgooroom.com/hancom/pool/main/g/gooroom-integration-applet/gooroom-integration-applet_0.3.1+grm3u1+han3u3_amd64.deb
Compare gooroom-integration-applet	UNKNOWN STEP	2026-08-17T14:28:24.8206225Z   DEBUG_URL: https://update.hancomgooroom.com/hancom/pool/main/g/gooroom-integration-applet/gooroom-integration-applet-dbgsym_0.3.1+grm3u1+han3u3_amd64.deb
Compare gooroom-integration-applet	UNKNOWN STEP	2026-08-17T14:28:24.8207737Z ##[endgroup]
Compare gooroom-integration-applet	UNKNOWN STEP	2026-08-17T14:28:24.9241863Z Syncing repository: bicheondev/hancom-gooroom-archive
Compare gooroom-integration-applet	UNKNOWN STEP	2026-08-17T14:28:24.9244410Z ##[group]Getting Git version info
Compare gooroom-integration-applet	UNKNOWN STEP	2026-08-17T14:28:24.9245294Z Working directory is '/home/runner/work/hancom-gooroom-archive/hancom-gooroom-archive'
Compare gooroom-integration-applet	UNKNOWN STEP	2026-08-17T14:28:24.9246534Z [command]/usr/bin/git version
Compare gooroom-integration-applet	UNKNOWN STEP	2026-08-17T14:28:24.9315768Z git version 2.54.0
Compare gooroom-integration-applet	UNKNOWN STEP	2026-08-17T14:28:24.9336707Z ##[endgroup]
Compare gooroom-integration-applet	UNKNOWN STEP	2026-08-17T14:28:24.9352442Z Temporarily overriding HOME='/home/runner/work/_temp/64ff7bd4-873a-4db3-89c6-941a9ab9dfac' before making global git config changes
Compare gooroom-integration-applet	UNKNOWN STEP	2026-08-17T14:28:24.9355053Z Adding repository directory to the temporary git global config as a safe directory
Compare gooroom-integration-applet	UNKNOWN STEP	2026-08-17T14:28:24.9360564Z [command]/usr/bin/git config --global --add safe.directory /home/runner/work/hancom-gooroom-archive/hancom-gooroom-archive
Compare gooroom-integration-applet	UNKNOWN STEP	2026-08-17T14:28:24.9414436Z Deleting the contents of '/home/runner/work/hancom-gooroom-archive/hancom-gooroom-archive'
Compare gooroom-integration-applet	UNKNOWN STEP	2026-08-17T14:28:24.9418285Z ##[group]Initializing the repository
Compare gooroom-integration-applet	UNKNOWN STEP	2026-08-17T14:28:24.9424099Z [command]/usr/bin/git init /home/runner/work/hancom-gooroom-archive/hancom-gooroom-archive
Compare gooroom-integration-applet	UNKNOWN STEP	2026-08-17T14:28:24.9496831Z hint: Using 'master' as the name for the initial branch. This default branch name
Compare gooroom-integration-applet	UNKNOWN STEP	2026-08-17T14:28:24.9498070Z hint: will change to "main" in Git 3.0. To configure the initial branch name
Compare gooroom-integration-applet	UNKNOWN STEP	2026-08-17T14:28:24.9499028Z hint: to use in all of your new repositories, which will suppress this warning,
Compare gooroom-integration-applet	UNKNOWN STEP	2026-08-17T14:28:24.9499759Z hint: call:
Compare gooroom-integration-applet	UNKNOWN STEP	2026-08-17T14:28:24.9500150Z hint:
Compare gooroom-integration-applet	UNKNOWN STEP	2026-08-17T14:28:24.9500662Z hint: 	git config --global init.defaultBranch <name>
Compare gooroom-integration-applet	UNKNOWN STEP	2026-08-17T14:28:24.9501275Z hint:
Compare gooroom-integration-applet	UNKNOWN STEP	2026-08-17T14:28:24.9501840Z hint: Names commonly chosen instead of 'master' are 'main', 'trunk' and
Compare gooroom-integration-applet	UNKNOWN STEP	2026-08-17T14:28:24.9502729Z hint: 'development'. The just-created branch can be renamed via this command:
Compare gooroom-integration-applet	UNKNOWN STEP	2026-08-17T14:28:24.9503452Z hint:
Compare gooroom-integration-applet	UNKNOWN STEP	2026-08-17T14:28:24.9503855Z hint: 	git branch -m <name>
Compare gooroom-integration-applet	UNKNOWN STEP	2026-08-17T14:28:24.9504529Z hint:
Compare gooroom-integration-applet	UNKNOWN STEP	2026-08-17T14:28:24.9505428Z hint: Disable this message with "git config set advice.defaultBranchName false"
Compare gooroom-integration-applet	UNKNOWN STEP	2026-08-17T14:28:24.9511551Z Initialized empty Git repository in /home/runner/work/hancom-gooroom-archive/hancom-gooroom-archive/.git/
Compare gooroom-integration-applet	UNKNOWN STEP	2026-08-17T14:28:24.9523753Z [command]/usr/bin/git remote add origin https://github.com/bicheondev/hancom-gooroom-archive
Compare gooroom-integration-applet	UNKNOWN STEP	2026-08-17T14:28:24.9568702Z ##[endgroup]
Compare gooroom-integration-applet	UNKNOWN STEP	2026-08-17T14:28:24.9569784Z ##[group]Disabling automatic garbage collection
Compare gooroom-integration-applet	UNKNOWN STEP	2026-08-17T14:28:24.9572687Z [command]/usr/bin/git config --local gc.auto 0
Compare gooroom-integration-applet	UNKNOWN STEP	2026-08-17T14:28:24.9605863Z ##[endgroup]
Compare gooroom-integration-applet	UNKNOWN STEP	2026-08-17T14:28:24.9615017Z ##[group]Setting up auth
Compare gooroom-integration-applet	UNKNOWN STEP	2026-08-17T14:28:24.9615771Z [command]/usr/bin/git config --local --name-only --get-regexp core\.sshCommand
Compare gooroom-integration-applet	UNKNOWN STEP	2026-08-17T14:28:24.9652408Z [command]/usr/bin/git submodule foreach --recursive sh -c "git config --local --name-only --get-regexp 'core\.sshCommand' && git config --local --unset-all 'core.sshCommand' || :"
Compare gooroom-integration-applet	UNKNOWN STEP	2026-08-17T14:28:24.9991989Z [command]/usr/bin/git config --local --name-only --get-regexp http\.https\:\/\/github\.com\/\.extraheader
Compare gooroom-integration-applet	UNKNOWN STEP	2026-08-17T14:28:25.0032457Z [command]/usr/bin/git submodule foreach --recursive sh -c "git config --local --name-only --get-regexp 'http\.https\:\/\/github\.com\/\.extraheader' && git config --local --unset-all 'http.https://github.com/.extraheader' || :"
Compare gooroom-integration-applet	UNKNOWN STEP	2026-08-17T14:28:25.0298630Z [command]/usr/bin/git config --local http.https://github.com/.extraheader AUTHORIZATION: basic ***
Compare gooroom-integration-applet	UNKNOWN STEP	2026-08-17T14:28:25.0342566Z ##[endgroup]
Compare gooroom-integration-applet	UNKNOWN STEP	2026-08-17T14:28:25.0343760Z ##[group]Fetching the repository
Compare gooroom-integration-applet	UNKNOWN STEP	2026-08-17T14:28:25.0354616Z [command]/usr/bin/git -c protocol.version=2 fetch --prune --no-recurse-submodules origin +refs/heads/*:refs/remotes/origin/* +refs/tags/*:refs/tags/*
Compare gooroom-integration-applet	UNKNOWN STEP	2026-08-17T14:28:26.9061708Z From https://github.com/bicheondev/hancom-gooroom-archive
Compare gooroom-integration-applet	UNKNOWN STEP	2026-08-17T14:28:26.9063415Z  * [new branch]        agent/arm64-v3.3-port -> origin/agent/arm64-v3.3-port
Compare gooroom-integration-applet	UNKNOWN STEP	2026-08-17T14:28:26.9064999Z  * [new branch]        arm64-port            -> origin/arm64-port
Compare gooroom-integration-applet	UNKNOWN STEP	2026-08-17T14:28:26.9066668Z  * [new branch]        feat/hancom-gooroom-3.3-arm64 -> origin/feat/hancom-gooroom-3.3-arm64
Compare gooroom-integration-applet	UNKNOWN STEP	2026-08-17T14:28:26.9068018Z  * [new branch]        main                  -> origin/main
Compare gooroom-integration-applet	UNKNOWN STEP	2026-08-17T14:28:26.9068993Z  * [new tag]           v2.0                  -> v2.0
Compare gooroom-integration-applet	UNKNOWN STEP	2026-08-17T14:28:26.9069961Z  * [new tag]           v2.2                  -> v2.2
Compare gooroom-integration-applet	UNKNOWN STEP	2026-08-17T14:28:26.9070985Z  * [new tag]           v3.0                  -> v3.0
Compare gooroom-integration-applet	UNKNOWN STEP	2026-08-17T14:28:26.9072298Z  * [new tag]           v3.1                  -> v3.1
Compare gooroom-integration-applet	UNKNOWN STEP	2026-08-17T14:28:26.9073381Z  * [new tag]           v3.2                  -> v3.2
Compare gooroom-integration-applet	UNKNOWN STEP	2026-08-17T14:28:26.9074593Z  * [new tag]           v3.3                  -> v3.3
Compare gooroom-integration-applet	UNKNOWN STEP	2026-08-17T14:28:26.9075799Z  * [new tag]           v3.3-arm64-packages   -> v3.3-arm64-packages
Compare gooroom-integration-applet	UNKNOWN STEP	2026-08-17T14:28:26.9283624Z [command]/usr/bin/git rev-parse --verify --quiet 997e7061020cb791fd8e2271b67c949511b2c2ff^{object}
Compare gooroom-integration-applet	UNKNOWN STEP	2026-08-17T14:28:26.9321043Z 997e7061020cb791fd8e2271b67c949511b2c2ff
Compare gooroom-integration-applet	UNKNOWN STEP	2026-08-17T14:28:26.9341064Z ##[endgroup]
Compare gooroom-integration-applet	UNKNOWN STEP	2026-08-17T14:28:26.9343307Z ##[group]Determining the checkout info
Compare gooroom-integration-applet	UNKNOWN STEP	2026-08-17T14:28:26.9345920Z ##[endgroup]
Compare gooroom-integration-applet	UNKNOWN STEP	2026-08-17T14:28:26.9347481Z [command]/usr/bin/git sparse-checkout disable
Compare gooroom-integration-applet	UNKNOWN STEP	2026-08-17T14:28:27.0867602Z [command]/usr/bin/git config --local --unset-all extensions.worktreeConfig
Compare gooroom-integration-applet	UNKNOWN STEP	2026-08-17T14:28:27.0917357Z ##[group]Checking out the ref
Compare gooroom-integration-applet	UNKNOWN STEP	2026-08-17T14:28:27.0921032Z [command]/usr/bin/git checkout --progress --force 997e7061020cb791fd8e2271b67c949511b2c2ff
Compare gooroom-integration-applet	UNKNOWN STEP	2026-08-17T14:28:27.5737154Z Note: switching to '997e7061020cb791fd8e2271b67c949511b2c2ff'.
Compare gooroom-integration-applet	UNKNOWN STEP	2026-08-17T14:28:27.5741000Z 
Compare gooroom-integration-applet	UNKNOWN STEP	2026-08-17T14:28:27.5741668Z You are in 'detached HEAD' state. You can look around, make experimental
Compare gooroom-integration-applet	UNKNOWN STEP	2026-08-17T14:28:27.5742722Z changes and commit them, and you can discard any commits you make in this
Compare gooroom-integration-applet	UNKNOWN STEP	2026-08-17T14:28:27.5743741Z state without impacting any branches by switching back to a branch.
Compare gooroom-integration-applet	UNKNOWN STEP	2026-08-17T14:28:27.5744660Z 
Compare gooroom-integration-applet	UNKNOWN STEP	2026-08-17T14:28:27.5745684Z If you want to create a new branch to retain commits you create, you may
Compare gooroom-integration-applet	UNKNOWN STEP	2026-08-17T14:28:27.5746724Z do so (now or later) by using -c with the switch command. Example:
Compare gooroom-integration-applet	UNKNOWN STEP	2026-08-17T14:28:27.5747391Z 
Compare gooroom-integration-applet	UNKNOWN STEP	2026-08-17T14:28:27.5747815Z   git switch -c <new-branch-name>
Compare gooroom-integration-applet	UNKNOWN STEP	2026-08-17T14:28:27.5748330Z 
Compare gooroom-integration-applet	UNKNOWN STEP	2026-08-17T14:28:27.5748748Z Or undo this operation with:
Compare gooroom-integration-applet	UNKNOWN STEP	2026-08-17T14:28:27.5749343Z 
Compare gooroom-integration-applet	UNKNOWN STEP	2026-08-17T14:28:27.5749798Z   git switch -
Compare gooroom-integration-applet	UNKNOWN STEP	2026-08-17T14:28:27.5750270Z 
Compare gooroom-integration-applet	UNKNOWN STEP	2026-08-17T14:28:27.5750902Z Turn off this advice by setting config variable advice.detachedHead to false
Compare gooroom-integration-applet	UNKNOWN STEP	2026-08-17T14:28:27.5751624Z 
Compare gooroom-integration-applet	UNKNOWN STEP	2026-08-17T14:28:27.5752094Z HEAD is now at 997e7061 Run final application deep diff v2
Compare gooroom-integration-applet	UNKNOWN STEP	2026-08-17T14:28:27.5779044Z ##[endgroup]
Compare gooroom-integration-applet	UNKNOWN STEP	2026-08-17T14:28:27.5846569Z [command]/usr/bin/git log -1 --format=%H
Compare gooroom-integration-applet	UNKNOWN STEP	2026-08-17T14:28:27.5879908Z 997e7061020cb791fd8e2271b67c949511b2c2ff
Compare gooroom-integration-applet	UNKNOWN STEP	2026-08-17T14:28:27.6124108Z ##[group]Run set -euxo pipefail
Compare gooroom-integration-applet	UNKNOWN STEP	2026-08-17T14:28:27.6124647Z ^[[36;1mset -euxo pipefail^[[0m
Compare gooroom-integration-applet	UNKNOWN STEP	2026-08-17T14:28:27.6124977Z ^[[36;1msudo apt-get update^[[0m
Compare gooroom-integration-applet	UNKNOWN STEP	2026-08-17T14:28:27.6125394Z ^[[36;1msudo apt-get install -y --no-install-recommends \^[[0m
Compare gooroom-integration-applet	UNKNOWN STEP	2026-08-17T14:28:27.6125929Z ^[[36;1m  binutils ca-certificates curl debootstrap debian-archive-keyring \^[[0m
Compare gooroom-integration-applet	UNKNOWN STEP	2026-08-17T14:28:27.6126490Z ^[[36;1m  dpkg-dev elfutils file git jq libglib2.0-bin python3 tar xz-utils^[[0m
Compare gooroom-integration-applet	UNKNOWN STEP	2026-08-17T14:28:27.6173492Z shell: /usr/bin/bash --noprofile --norc -e -o pipefail {0}
Compare gooroom-integration-applet	UNKNOWN STEP	2026-08-17T14:28:27.6174095Z env:
Compare gooroom-integration-applet	UNKNOWN STEP	2026-08-17T14:28:27.6174359Z   SNAPSHOT: 20230730T235959Z
Compare gooroom-integration-applet	UNKNOWN STEP	2026-08-17T14:28:27.6174774Z   PACKAGE: gooroom-integration-applet
Compare gooroom-integration-applet	UNKNOWN STEP	2026-08-17T14:28:27.6175190Z   VERSION: 0.3.1+grm3u1+han3u3
Compare gooroom-integration-applet	UNKNOWN STEP	2026-08-17T14:28:27.6175530Z   REPOSITORY: gooroom/gooroom-integration-applet
Compare gooroom-integration-applet	UNKNOWN STEP	2026-08-17T14:28:27.6175928Z   BASE_COMMIT: 0f7897ad068da63c6529c5725afdf569152ca4c7
Compare gooroom-integration-applet	UNKNOWN STEP	2026-08-17T14:28:27.6176390Z   BASE_TREE: 5f24f24a3421835e18ab7ab894ce0dc78bbda2c9
Compare gooroom-integration-applet	UNKNOWN STEP	2026-08-17T14:28:27.6177283Z   TARGET_URL: https://update.hancomgooroom.com/hancom/pool/main/g/gooroom-integration-applet/gooroom-integration-applet_0.3.1+grm3u1+han3u3_amd64.deb
Compare gooroom-integration-applet	UNKNOWN STEP	2026-08-17T14:28:27.6178653Z   DEBUG_URL: https://update.hancomgooroom.com/hancom/pool/main/g/gooroom-integration-applet/gooroom-integration-applet-dbgsym_0.3.1+grm3u1+han3u3_amd64.deb
Compare gooroom-integration-applet	UNKNOWN STEP	2026-08-17T14:28:27.6179373Z ##[endgroup]
Compare gooroom-integration-applet	UNKNOWN STEP	2026-08-17T14:28:27.6875854Z + sudo apt-get update
Compare gooroom-integration-applet	UNKNOWN STEP	2026-08-17T14:28:28.2379978Z Get:1 file:/etc/apt/apt-mirrors.txt Mirrorlist [144 B]
Compare gooroom-integration-applet	UNKNOWN STEP	2026-08-17T14:28:28.2718480Z Hit:2 http://azure.archive.ubuntu.com/ubuntu noble InRelease
Compare gooroom-integration-applet	UNKNOWN STEP	2026-08-17T14:28:28.2737138Z Get:6 https://packages.microsoft.com/repos/azure-cli noble InRelease [3564 B]
Compare gooroom-integration-applet	UNKNOWN STEP	2026-08-17T14:28:28.2762320Z Get:3 http://azure.archive.ubuntu.com/ubuntu noble-updates InRelease [126 kB]
Compare gooroom-integration-applet	UNKNOWN STEP	2026-08-17T14:28:28.2795906Z Get:7 https://packages.microsoft.com/ubuntu/24.04/prod noble InRelease [3600 B]
Compare gooroom-integration-applet	UNKNOWN STEP	2026-08-17T14:28:28.2798115Z Get:4 http://azure.archive.ubuntu.com/ubuntu noble-backports InRelease [126 kB]
Compare gooroom-integration-applet	UNKNOWN STEP	2026-08-17T14:28:28.2822547Z Get:5 http://azure.archive.ubuntu.com/ubuntu noble-security InRelease [126 kB]
Compare gooroom-integration-applet	UNKNOWN STEP	2026-08-17T14:28:28.3149905Z Get:8 https://dl.google.com/linux/chrome-stable/deb stable InRelease [2548 B]
Compare gooroom-integration-applet	UNKNOWN STEP	2026-08-17T14:28:28.4008159Z Get:9 https://packages.microsoft.com/repos/azure-cli noble/main amd64 Packages [2452 B]
Compare gooroom-integration-applet	UNKNOWN STEP	2026-08-17T14:28:28.4508186Z Get:10 http://azure.archive.ubuntu.com/ubuntu noble-updates/main amd64 Packages [1208 kB]
Compare gooroom-integration-applet	UNKNOWN STEP	2026-08-17T14:28:28.4612797Z Get:11 http://azure.archive.ubuntu.com/ubuntu noble-updates/main Translation-en [284 kB]
Compare gooroom-integration-applet	UNKNOWN STEP	2026-08-17T14:28:28.4631807Z Get:12 http://azure.archive.ubuntu.com/ubuntu noble-updates/main amd64 Components [181 kB]
Compare gooroom-integration-applet	UNKNOWN STEP	2026-08-17T14:28:28.4665145Z Get:13 http://azure.archive.ubuntu.com/ubuntu noble-updates/universe amd64 Packages [1683 kB]
Compare gooroom-integration-applet	UNKNOWN STEP	2026-08-17T14:28:28.4742453Z Get:14 http://azure.archive.ubuntu.com/ubuntu noble-updates/universe Translation-en [336 kB]
Compare gooroom-integration-applet	UNKNOWN STEP	2026-08-17T14:28:28.4776090Z Get:15 http://azure.archive.ubuntu.com/ubuntu noble-updates/universe amd64 Components [388 kB]
Compare gooroom-integration-applet	UNKNOWN STEP	2026-08-17T14:28:28.4804989Z Get:16 http://azure.archive.ubuntu.com/ubuntu noble-updates/restricted amd64 Packages [1452 kB]
Compare gooroom-integration-applet	UNKNOWN STEP	2026-08-17T14:28:28.4891114Z Get:17 http://azure.archive.ubuntu.com/ubuntu noble-updates/restricted Translation-en [330 kB]
Compare gooroom-integration-applet	UNKNOWN STEP	2026-08-17T14:28:28.4912598Z Get:18 http://azure.archive.ubuntu.com/ubuntu noble-updates/multiverse Translation-en [12.6 kB]
Compare gooroom-integration-applet	UNKNOWN STEP	2026-08-17T14:28:28.4921732Z Get:19 http://azure.archive.ubuntu.com/ubuntu noble-updates/multiverse amd64 Components [940 B]
Compare gooroom-integration-applet	UNKNOWN STEP	2026-08-17T14:28:28.5067417Z Get:20 https://packages.microsoft.com/ubuntu/24.04/prod noble/main arm64 Packages [285 kB]
Compare gooroom-integration-applet	UNKNOWN STEP	2026-08-17T14:28:28.5164229Z Get:21 https://packages.microsoft.com/ubuntu/24.04/prod noble/main amd64 Packages [326 kB]
Compare gooroom-integration-applet	UNKNOWN STEP	2026-08-17T14:28:28.5221536Z Get:22 https://packages.microsoft.com/ubuntu/24.04/prod noble/main armhf Packages [12.4 kB]
Compare gooroom-integration-applet	UNKNOWN STEP	2026-08-17T14:28:28.5995158Z Get:23 http://azure.archive.ubuntu.com/ubuntu noble-backports/main amd64 Components [5744 B]
Compare gooroom-integration-applet	UNKNOWN STEP	2026-08-17T14:28:28.6025300Z Get:24 http://azure.archive.ubuntu.com/ubuntu noble-backports/universe amd64 Components [12.6 kB]
Compare gooroom-integration-applet	UNKNOWN STEP	2026-08-17T14:28:28.6112552Z Get:25 http://azure.archive.ubuntu.com/ubuntu noble-security/main amd64 Packages [934 kB]
Compare gooroom-integration-applet	UNKNOWN STEP	2026-08-17T14:28:28.6173429Z Get:26 http://azure.archive.ubuntu.com/ubuntu noble-security/main Translation-en [202 kB]
Compare gooroom-integration-applet	UNKNOWN STEP	2026-08-17T14:28:28.6197181Z Get:27 http://azure.archive.ubuntu.com/ubuntu noble-security/main amd64 Components [46.3 kB]
Compare gooroom-integration-applet	UNKNOWN STEP	2026-08-17T14:28:28.6204098Z Get:28 http://azure.archive.ubuntu.com/ubuntu noble-security/universe amd64 Packages [1201 kB]
Compare gooroom-integration-applet	UNKNOWN STEP	2026-08-17T14:28:28.6278427Z Get:29 http://azure.archive.ubuntu.com/ubuntu noble-security/universe Translation-en [240 kB]
Compare gooroom-integration-applet	UNKNOWN STEP	2026-08-17T14:28:28.6297517Z Get:30 http://azure.archive.ubuntu.com/ubuntu noble-security/universe amd64 Components [76.2 kB]
Compare gooroom-integration-applet	UNKNOWN STEP	2026-08-17T14:28:28.6313025Z Get:31 http://azure.archive.ubuntu.com/ubuntu noble-security/restricted amd64 Packages [1330 kB]
Compare gooroom-integration-applet	UNKNOWN STEP	2026-08-17T14:28:28.6389409Z Get:32 http://azure.archive.ubuntu.com/ubuntu noble-security/restricted Translation-en [304 kB]
Compare gooroom-integration-applet	UNKNOWN STEP	2026-08-17T14:28:28.6428956Z Get:33 http://azure.archive.ubuntu.com/ubuntu noble-security/multiverse Translation-en [10.9 kB]
Compare gooroom-integration-applet	UNKNOWN STEP	2026-08-17T14:28:28.6945582Z Get:34 https://dl.google.com/linux/chrome-stable/deb stable/main amd64 Packages [1416 B]
Compare gooroom-integration-applet	UNKNOWN STEP	2026-08-17T14:28:33.1449348Z Fetched 11.3 MB in 1s (8209 kB/s)
Compare gooroom-integration-applet	UNKNOWN STEP	2026-08-17T14:28:33.8983300Z Reading package lists...
Compare gooroom-integration-applet	UNKNOWN STEP	2026-08-17T14:28:33.9102851Z + sudo apt-get install -y --no-install-recommends binutils ca-certificates curl debootstrap debian-archive-keyring dpkg-dev elfutils file git jq libglib2.0-bin python3 tar xz-utils
Compare gooroom-integration-applet	UNKNOWN STEP	2026-08-17T14:28:33.9320170Z Reading package lists...
Compare gooroom-integration-applet	UNKNOWN STEP	2026-08-17T14:28:34.1298382Z Building dependency tree...
Compare gooroom-integration-applet	UNKNOWN STEP	2026-08-17T14:28:34.1306297Z Reading state information...
Compare gooroom-integration-applet	UNKNOWN STEP	2026-08-17T14:28:34.3130131Z binutils is already the newest version (2.42-4ubuntu2.10).
Compare gooroom-integration-applet	UNKNOWN STEP	2026-08-17T14:28:34.3130653Z ca-certificates is already the newest version (20260601~24.04.1).
Compare gooroom-integration-applet	UNKNOWN STEP	2026-08-17T14:28:34.3131072Z curl is already the newest version (8.5.0-2ubuntu10.11).
Compare gooroom-integration-applet	UNKNOWN STEP	2026-08-17T14:28:34.3131441Z dpkg-dev is already the newest version (1.22.6ubuntu6.6).
Compare gooroom-integration-applet	UNKNOWN STEP	2026-08-17T14:28:34.3131819Z file is already the newest version (1:5.45-3build1).
Compare gooroom-integration-applet	UNKNOWN STEP	2026-08-17T14:28:34.3132184Z git is already the newest version (1:2.54.0-0ppa1~ubuntu24.04.1).
Compare gooroom-integration-applet	UNKNOWN STEP	2026-08-17T14:28:34.3132524Z git set to manually installed.
Compare gooroom-integration-applet	UNKNOWN STEP	2026-08-17T14:28:34.3132816Z jq is already the newest version (1.7.1-3ubuntu0.24.04.2).
Compare gooroom-integration-applet	UNKNOWN STEP	2026-08-17T14:28:34.3133190Z libglib2.0-bin is already the newest version (2.80.0-6ubuntu3.8).
Compare gooroom-integration-applet	UNKNOWN STEP	2026-08-17T14:28:34.3133545Z libglib2.0-bin set to manually installed.
Compare gooroom-integration-applet	UNKNOWN STEP	2026-08-17T14:28:34.3208971Z python3 is already the newest version (3.12.3-0ubuntu2.1).
Compare gooroom-integration-applet	UNKNOWN STEP	2026-08-17T14:28:34.3209549Z tar is already the newest version (1.35+dfsg-3ubuntu0.4).
Compare gooroom-integration-applet	UNKNOWN STEP	2026-08-17T14:28:34.3210118Z xz-utils is already the newest version (5.6.1+really5.4.5-1ubuntu0.3).
Compare gooroom-integration-applet	UNKNOWN STEP	2026-08-17T14:28:34.3210779Z The following additional packages will be installed:
Compare gooroom-integration-applet	UNKNOWN STEP	2026-08-17T14:28:34.3211496Z   libasm1t64
Compare gooroom-integration-applet	UNKNOWN STEP	2026-08-17T14:28:34.3211815Z Suggested packages:
Compare gooroom-integration-applet	UNKNOWN STEP	2026-08-17T14:28:34.3212210Z   squid-deb-proxy-client arch-test
Compare gooroom-integration-applet	UNKNOWN STEP	2026-08-17T14:28:34.3375355Z The following NEW packages will be installed:
Compare gooroom-integration-applet	UNKNOWN STEP	2026-08-17T14:28:34.3384575Z   debian-archive-keyring debootstrap elfutils libasm1t64
Compare gooroom-integration-applet	UNKNOWN STEP	2026-08-17T14:28:34.3574558Z 0 upgraded, 4 newly installed, 0 to remove and 12 not upgraded.
Compare gooroom-integration-applet	UNKNOWN STEP	2026-08-17T14:28:34.3574986Z Need to get 759 kB of archives.
Compare gooroom-integration-applet	UNKNOWN STEP	2026-08-17T14:28:34.3575342Z After this operation, 3674 kB of additional disk space will be used.
Compare gooroom-integration-applet	UNKNOWN STEP	2026-08-17T14:28:34.3575972Z Get:1 file:/etc/apt/apt-mirrors.txt Mirrorlist [144 B]
Compare gooroom-integration-applet	UNKNOWN STEP	2026-08-17T14:28:34.3785963Z Get:2 http://azure.archive.ubuntu.com/ubuntu noble/universe amd64 debian-archive-keyring all 2023.4ubuntu1 [168 kB]
Compare gooroom-integration-applet	UNKNOWN STEP	2026-08-17T14:28:34.3826764Z Get:3 http://azure.archive.ubuntu.com/ubuntu noble-updates/main amd64 libasm1t64 amd64 0.190-1.1ubuntu0.1 [17.5 kB]
Compare gooroom-integration-applet	UNKNOWN STEP	2026-08-17T14:28:34.3845223Z Get:4 http://azure.archive.ubuntu.com/ubuntu noble-updates/main amd64 elfutils amd64 0.190-1.1ubuntu0.1 [525 kB]
Compare gooroom-integration-applet	UNKNOWN STEP	2026-08-17T14:28:34.3894102Z Get:5 http://azure.archive.ubuntu.com/ubuntu noble-updates/main amd64 debootstrap all 1.0.134ubuntu2 [48.2 kB]
Compare gooroom-integration-applet	UNKNOWN STEP	2026-08-17T14:28:34.6466498Z Fetched 759 kB in 0s (17.3 MB/s)
Compare gooroom-integration-applet	UNKNOWN STEP	2026-08-17T14:28:34.6693169Z Selecting previously unselected package debian-archive-keyring.
Compare gooroom-integration-applet	UNKNOWN STEP	2026-08-17T14:28:34.6946387Z (Reading database ... 
Compare gooroom-integration-applet	UNKNOWN STEP	2026-08-17T14:28:34.6946738Z (Reading database ... 5%
Compare gooroom-integration-applet	UNKNOWN STEP	2026-08-17T14:28:34.6947000Z (Reading database ... 10%
Compare gooroom-integration-applet	UNKNOWN STEP	2026-08-17T14:28:34.6947239Z (Reading database ... 15%
Compare gooroom-integration-applet	UNKNOWN STEP	2026-08-17T14:28:34.6947462Z (Reading database ... 20%
Compare gooroom-integration-applet	UNKNOWN STEP	2026-08-17T14:28:34.6947680Z (Reading database ... 25%
Compare gooroom-integration-applet	UNKNOWN STEP	2026-08-17T14:28:34.6948039Z (Reading database ... 30%
Compare gooroom-integration-applet	UNKNOWN STEP	2026-08-17T14:28:34.6948259Z (Reading database ... 35%
Compare gooroom-integration-applet	UNKNOWN STEP	2026-08-17T14:28:34.6948482Z (Reading database ... 40%
Compare gooroom-integration-applet	UNKNOWN STEP	2026-08-17T14:28:34.6948703Z (Reading database ... 45%
Compare gooroom-integration-applet	UNKNOWN STEP	2026-08-17T14:28:34.6948919Z (Reading database ... 50%
Compare gooroom-integration-applet	UNKNOWN STEP	2026-08-17T14:28:34.6985226Z (Reading database ... 55%
Compare gooroom-integration-applet	UNKNOWN STEP	2026-08-17T14:28:34.8325384Z (Reading database ... 60%
Compare gooroom-integration-applet	UNKNOWN STEP	2026-08-17T14:28:34.9789452Z (Reading database ... 65%
Compare gooroom-integration-applet	UNKNOWN STEP	2026-08-17T14:28:35.1800816Z (Reading database ... 70%
Compare gooroom-integration-applet	UNKNOWN STEP	2026-08-17T14:28:35.3719107Z (Reading database ... 75%
Compare gooroom-integration-applet	UNKNOWN STEP	2026-08-17T14:28:35.5297828Z (Reading database ... 80%
Compare gooroom-integration-applet	UNKNOWN STEP	2026-08-17T14:28:35.6893269Z (Reading database ... 85%
Compare gooroom-integration-applet	UNKNOWN STEP	2026-08-17T14:28:35.8767901Z (Reading database ... 90%
Compare gooroom-integration-applet	UNKNOWN STEP	2026-08-17T14:28:36.0467425Z (Reading database ... 95%
Compare gooroom-integration-applet	UNKNOWN STEP	2026-08-17T14:28:36.0467884Z (Reading database ... 100%
Compare gooroom-integration-applet	UNKNOWN STEP	2026-08-17T14:28:36.0468436Z (Reading database ... 203139 files and directories currently installed.)
Compare gooroom-integration-applet	UNKNOWN STEP	2026-08-17T14:28:36.0515420Z Preparing to unpack .../debian-archive-keyring_2023.4ubuntu1_all.deb ...
Compare gooroom-integration-applet	UNKNOWN STEP	2026-08-17T14:28:36.1239389Z Unpacking debian-archive-keyring (2023.4ubuntu1) ...
Compare gooroom-integration-applet	UNKNOWN STEP	2026-08-17T14:28:36.1502887Z Selecting previously unselected package libasm1t64:amd64.
Compare gooroom-integration-applet	UNKNOWN STEP	2026-08-17T14:28:36.1638948Z Preparing to unpack .../libasm1t64_0.190-1.1ubuntu0.1_amd64.deb ...
Compare gooroom-integration-applet	UNKNOWN STEP	2026-08-17T14:28:36.1656219Z Unpacking libasm1t64:amd64 (0.190-1.1ubuntu0.1) ...
Compare gooroom-integration-applet	UNKNOWN STEP	2026-08-17T14:28:36.1860782Z Selecting previously unselected package elfutils.
Compare gooroom-integration-applet	UNKNOWN STEP	2026-08-17T14:28:36.1995644Z Preparing to unpack .../elfutils_0.190-1.1ubuntu0.1_amd64.deb ...
Compare gooroom-integration-applet	UNKNOWN STEP	2026-08-17T14:28:36.2004445Z Unpacking elfutils (0.190-1.1ubuntu0.1) ...
Compare gooroom-integration-applet	UNKNOWN STEP	2026-08-17T14:28:36.2368829Z Selecting previously unselected package debootstrap.
Compare gooroom-integration-applet	UNKNOWN STEP	2026-08-17T14:28:36.2502794Z Preparing to unpack .../debootstrap_1.0.134ubuntu2_all.deb ...
Compare gooroom-integration-applet	UNKNOWN STEP	2026-08-17T14:28:36.2511114Z Unpacking debootstrap (1.0.134ubuntu2) ...
Compare gooroom-integration-applet	UNKNOWN STEP	2026-08-17T14:28:36.2997288Z Setting up debootstrap (1.0.134ubuntu2) ...
Compare gooroom-integration-applet	UNKNOWN STEP	2026-08-17T14:28:36.3026180Z Setting up debian-archive-keyring (2023.4ubuntu1) ...
Compare gooroom-integration-applet	UNKNOWN STEP	2026-08-17T14:28:36.3714708Z Setting up libasm1t64:amd64 (0.190-1.1ubuntu0.1) ...
Compare gooroom-integration-applet	UNKNOWN STEP	2026-08-17T14:28:36.3734975Z Setting up elfutils (0.190-1.1ubuntu0.1) ...
Compare gooroom-integration-applet	UNKNOWN STEP	2026-08-17T14:28:36.3760564Z Processing triggers for man-db (2.12.0-4build2) ...
Compare gooroom-integration-applet	UNKNOWN STEP	2026-08-17T14:28:36.3782997Z Not building database; man-db/auto-update is not 'true'.
Compare gooroom-integration-applet	UNKNOWN STEP	2026-08-17T14:28:36.3796765Z Processing triggers for libc-bin (2.39-0ubuntu8.8) ...
Compare gooroom-integration-applet	UNKNOWN STEP	2026-08-17T14:28:37.4633717Z 
Compare gooroom-integration-applet	UNKNOWN STEP	2026-08-17T14:28:37.4634420Z Running kernel seems to be up-to-date.
Compare gooroom-integration-applet	UNKNOWN STEP	2026-08-17T14:28:37.4634835Z 
Compare gooroom-integration-applet	UNKNOWN STEP	2026-08-17T14:28:37.4634983Z No services need to be restarted.
Compare gooroom-integration-applet	UNKNOWN STEP	2026-08-17T14:28:37.4635220Z 
Compare gooroom-integration-applet	UNKNOWN STEP	2026-08-17T14:28:37.4635324Z No containers need to be restarted.
Compare gooroom-integration-applet	UNKNOWN STEP	2026-08-17T14:28:37.4635510Z 
Compare gooroom-integration-applet	UNKNOWN STEP	2026-08-17T14:28:37.4635632Z No user sessions are running outdated binaries.
Compare gooroom-integration-applet	UNKNOWN STEP	2026-08-17T14:28:37.4635846Z 
Compare gooroom-integration-applet	UNKNOWN STEP	2026-08-17T14:28:37.4636036Z No VM guests are running outdated hypervisor (qemu) binaries on this host.
Compare gooroom-integration-applet	UNKNOWN STEP	2026-08-17T14:28:38.4318318Z ##[group]Run set -euxo pipefail
Compare gooroom-integration-applet	UNKNOWN STEP	2026-08-17T14:28:38.4318664Z ^[[36;1mset -euxo pipefail^[[0m
Compare gooroom-integration-applet	UNKNOWN STEP	2026-08-17T14:28:38.4318912Z ^[[36;1mbase="work/$PACKAGE"^[[0m
Compare gooroom-integration-applet	UNKNOWN STEP	2026-08-17T14:28:38.4319142Z ^[[36;1mrm -rf "$base"^[[0m
Compare gooroom-integration-applet	UNKNOWN STEP	2026-08-17T14:28:38.4319520Z ^[[36;1mmkdir -p "$base"/{source-authority,downloads,build,comparison,artifact}^[[0m
Compare gooroom-integration-applet	UNKNOWN STEP	2026-08-17T14:28:38.4319981Z ^[[36;1mgit clone --filter=blob:none --no-checkout \^[[0m
Compare gooroom-integration-applet	UNKNOWN STEP	2026-08-17T14:28:38.4320366Z ^[[36;1m  "https://github.com/$REPOSITORY.git" "$base/source"^[[0m
Compare gooroom-integration-applet	UNKNOWN STEP	2026-08-17T14:28:38.4320777Z ^[[36;1mgit -C "$base/source" fetch --depth=1 origin "$BASE_COMMIT"^[[0m
Compare gooroom-integration-applet	UNKNOWN STEP	2026-08-17T14:28:38.4321190Z ^[[36;1mgit -C "$base/source" checkout --detach "$BASE_COMMIT"^[[0m
Compare gooroom-integration-applet	UNKNOWN STEP	2026-08-17T14:28:38.4321594Z ^[[36;1mtest "$(git -C "$base/source" rev-parse HEAD)" = "$BASE_COMMIT"^[[0m
Compare gooroom-integration-applet	UNKNOWN STEP	2026-08-17T14:28:38.4322054Z ^[[36;1mtest "$(git -C "$base/source" rev-parse HEAD^{tree})" = "$BASE_TREE"^[[0m
Compare gooroom-integration-applet	UNKNOWN STEP	2026-08-17T14:28:38.4322712Z ^[[36;1mprefix="arm64/locks/final-three-blockers-inspection-v1/$PACKAGE/vendor-changelog-prefix"^[[0m
Compare gooroom-integration-applet	UNKNOWN STEP	2026-08-17T14:28:38.4323214Z ^[[36;1mtest -s "$prefix"^[[0m
Compare gooroom-integration-applet	UNKNOWN STEP	2026-08-17T14:28:38.4323613Z ^[[36;1mcat "$prefix" "$base/source/debian/changelog" > "$base/source/debian/changelog.new"^[[0m
Compare gooroom-integration-applet	UNKNOWN STEP	2026-08-17T14:28:38.4324444Z ^[[36;1mmv "$base/source/debian/changelog.new" "$base/source/debian/changelog"^[[0m
Compare gooroom-integration-applet	UNKNOWN STEP	2026-08-17T14:28:38.4325005Z ^[[36;1mtest "$(dpkg-parsechangelog -l"$base/source/debian/changelog" -SVersion)" = "$VERSION"^[[0m
Compare gooroom-integration-applet	UNKNOWN STEP	2026-08-17T14:28:38.4325486Z ^[[36;1mgit -C "$base/source" diff --binary --full-index \^[[0m
Compare gooroom-integration-applet	UNKNOWN STEP	2026-08-17T14:28:38.4325844Z ^[[36;1m  > "$base/source-authority/version-only.patch"^[[0m
Compare gooroom-integration-applet	UNKNOWN STEP	2026-08-17T14:28:38.4326370Z ^[[36;1mgit -C "$base/source" add debian/changelog^[[0m
Compare gooroom-integration-applet	UNKNOWN STEP	2026-08-17T14:28:38.4326687Z ^[[36;1mtree="$(git -C "$base/source" write-tree)"^[[0m
Compare gooroom-integration-applet	UNKNOWN STEP	2026-08-17T14:28:38.4327023Z ^[[36;1mgit -C "$base/source" archive --format=tar "$tree" \^[[0m
Compare gooroom-integration-applet	UNKNOWN STEP	2026-08-17T14:28:38.4327417Z ^[[36;1m  > "$base/source-authority/reconstructed-source.tar"^[[0m
Compare gooroom-integration-applet	UNKNOWN STEP	2026-08-17T14:28:38.4327783Z ^[[36;1mcp -a "$base/source" "$base/artifact/source"^[[0m
Compare gooroom-integration-applet	UNKNOWN STEP	2026-08-17T14:28:38.4328097Z ^[[36;1mrm -rf "$base/artifact/source/.git"^[[0m
Compare gooroom-integration-applet	UNKNOWN STEP	2026-08-17T14:28:38.4328371Z ^[[36;1mjq -n \^[[0m
Compare gooroom-integration-applet	UNKNOWN STEP	2026-08-17T14:28:38.4328638Z ^[[36;1m  --arg package "$PACKAGE" --arg version "$VERSION" \^[[0m
Compare gooroom-integration-applet	UNKNOWN STEP	2026-08-17T14:28:38.4329043Z ^[[36;1m  --arg repository "$REPOSITORY" --arg base_commit "$BASE_COMMIT" \^[[0m
Compare gooroom-integration-applet	UNKNOWN STEP	2026-08-17T14:28:38.4329454Z ^[[36;1m  --arg base_tree "$BASE_TREE" --arg tree "$tree" \^[[0m
Compare gooroom-integration-applet	UNKNOWN STEP	2026-08-17T14:28:38.4330012Z ^[[36;1m  --arg archive_sha256 "$(sha256sum "$base/source-authority/reconstructed-source.tar" | awk '{print $1}')" \^[[0m
Compare gooroom-integration-applet	UNKNOWN STEP	2026-08-17T14:28:38.4330679Z ^[[36;1m  '{schema:1,package:$package,version:$version,repository:$repository,^[[0m
Compare gooroom-integration-applet	UNKNOWN STEP	2026-08-17T14:28:38.4331143Z ^[[36;1m    base_commit_sha:$base_commit,base_tree_sha:$base_tree,^[[0m
Compare gooroom-integration-applet	UNKNOWN STEP	2026-08-17T14:28:38.4331586Z ^[[36;1m    reconstructed_tree_sha:$tree,source_archive_sha256:$archive_sha256,^[[0m
Compare gooroom-integration-applet	UNKNOWN STEP	2026-08-17T14:28:38.4332137Z ^[[36;1m    policy:"public-base-plus-exact-vendor-changelog-prefix-no-code-delta"}' \^[[0m
Compare gooroom-integration-applet	UNKNOWN STEP	2026-08-17T14:28:38.4332611Z ^[[36;1m  > "$base/source-authority/source-lock.json"^[[0m
Compare gooroom-integration-applet	UNKNOWN STEP	2026-08-17T14:28:38.4375864Z shell: /usr/bin/bash --noprofile --norc -e -o pipefail {0}
Compare gooroom-integration-applet	UNKNOWN STEP	2026-08-17T14:28:38.4376213Z env:
Compare gooroom-integration-applet	UNKNOWN STEP	2026-08-17T14:28:38.4376417Z   SNAPSHOT: 20230730T235959Z
Compare gooroom-integration-applet	UNKNOWN STEP	2026-08-17T14:28:38.4376686Z   PACKAGE: gooroom-integration-applet
Compare gooroom-integration-applet	UNKNOWN STEP	2026-08-17T14:28:38.4376968Z   VERSION: 0.3.1+grm3u1+han3u3
Compare gooroom-integration-applet	UNKNOWN STEP	2026-08-17T14:28:38.4377246Z   REPOSITORY: gooroom/gooroom-integration-applet
Compare gooroom-integration-applet	UNKNOWN STEP	2026-08-17T14:28:38.4377586Z   BASE_COMMIT: 0f7897ad068da63c6529c5725afdf569152ca4c7
Compare gooroom-integration-applet	UNKNOWN STEP	2026-08-17T14:28:38.4377923Z   BASE_TREE: 5f24f24a3421835e18ab7ab894ce0dc78bbda2c9
Compare gooroom-integration-applet	UNKNOWN STEP	2026-08-17T14:28:38.4378635Z   TARGET_URL: https://update.hancomgooroom.com/hancom/pool/main/g/gooroom-integration-applet/gooroom-integration-applet_0.3.1+grm3u1+han3u3_amd64.deb
Compare gooroom-integration-applet	UNKNOWN STEP	2026-08-17T14:28:38.4379887Z   DEBUG_URL: https://update.hancomgooroom.com/hancom/pool/main/g/gooroom-integration-applet/gooroom-integration-applet-dbgsym_0.3.1+grm3u1+han3u3_amd64.deb
Compare gooroom-integration-applet	UNKNOWN STEP	2026-08-17T14:28:38.4380548Z ##[endgroup]
Compare gooroom-integration-applet	UNKNOWN STEP	2026-08-17T14:28:38.4442330Z + base=work/gooroom-integration-applet
Compare gooroom-integration-applet	UNKNOWN STEP	2026-08-17T14:28:38.4442822Z + rm -rf work/gooroom-integration-applet
Compare gooroom-integration-applet	UNKNOWN STEP	2026-08-17T14:28:38.4455598Z + mkdir -p work/gooroom-integration-applet/source-authority work/gooroom-integration-applet/downloads work/gooroom-integration-applet/build work/gooroom-integration-applet/comparison work/gooroom-integration-applet/artifact
Compare gooroom-integration-applet	UNKNOWN STEP	2026-08-17T14:28:38.4470801Z + git clone --filter=blob:none --no-checkout https://github.com/gooroom/gooroom-integration-applet.git work/gooroom-integration-applet/source
Compare gooroom-integration-applet	UNKNOWN STEP	2026-08-17T14:28:38.4483667Z Cloning into 'work/gooroom-integration-applet/source'...
Compare gooroom-integration-applet	UNKNOWN STEP	2026-08-17T14:28:38.7490336Z + git -C work/gooroom-integration-applet/source fetch --depth=1 origin 0f7897ad068da63c6529c5725afdf569152ca4c7
Compare gooroom-integration-applet	UNKNOWN STEP	2026-08-17T14:28:39.0529164Z From https://github.com/gooroom/gooroom-integration-applet
Compare gooroom-integration-applet	UNKNOWN STEP	2026-08-17T14:28:39.0529931Z  * branch            0f7897ad068da63c6529c5725afdf569152ca4c7 -> FETCH_HEAD
Compare gooroom-integration-applet	UNKNOWN STEP	2026-08-17T14:28:39.0558323Z + git -C work/gooroom-integration-applet/source checkout --detach 0f7897ad068da63c6529c5725afdf569152ca4c7
Compare gooroom-integration-applet	UNKNOWN STEP	2026-08-17T14:28:39.2301933Z HEAD is now at 0f7897a Version 0.3.1+grm3u1 released
Compare gooroom-integration-applet	UNKNOWN STEP	2026-08-17T14:28:39.2311475Z ++ git -C work/gooroom-integration-applet/source rev-parse HEAD
Compare gooroom-integration-applet	UNKNOWN STEP	2026-08-17T14:28:39.2328861Z + test 0f7897ad068da63c6529c5725afdf569152ca4c7 = 0f7897ad068da63c6529c5725afdf569152ca4c7
Compare gooroom-integration-applet	UNKNOWN STEP	2026-08-17T14:28:39.2332121Z ++ git -C work/gooroom-integration-applet/source rev-parse 'HEAD^{tree}'
Compare gooroom-integration-applet	UNKNOWN STEP	2026-08-17T14:28:39.2349975Z + test 5f24f24a3421835e18ab7ab894ce0dc78bbda2c9 = 5f24f24a3421835e18ab7ab894ce0dc78bbda2c9
Compare gooroom-integration-applet	UNKNOWN STEP	2026-08-17T14:28:39.2351441Z + prefix=arm64/locks/final-three-blockers-inspection-v1/gooroom-integration-applet/vendor-changelog-prefix
Compare gooroom-integration-applet	UNKNOWN STEP	2026-08-17T14:28:39.2352686Z + test -s arm64/locks/final-three-blockers-inspection-v1/gooroom-integration-applet/vendor-changelog-prefix
Compare gooroom-integration-applet	UNKNOWN STEP	2026-08-17T14:28:39.2353725Z + cat arm64/locks/final-three-blockers-inspection-v1/gooroom-integration-applet/vendor-changelog-prefix work/gooroom-integration-applet/source/debian/changelog
Compare gooroom-integration-applet	UNKNOWN STEP	2026-08-17T14:28:39.2364697Z + mv work/gooroom-integration-applet/source/debian/changelog.new work/gooroom-integration-applet/source/debian/changelog
Compare gooroom-integration-applet	UNKNOWN STEP	2026-08-17T14:28:39.2383225Z ++ dpkg-parsechangelog -lwork/gooroom-integration-applet/source/debian/changelog -SVersion
Compare gooroom-integration-applet	UNKNOWN STEP	2026-08-17T14:28:39.4518200Z + test 0.3.1+grm3u1+han3u3 = 0.3.1+grm3u1+han3u3
Compare gooroom-integration-applet	UNKNOWN STEP	2026-08-17T14:28:39.4518932Z + git -C work/gooroom-integration-applet/source diff --binary --full-index
Compare gooroom-integration-applet	UNKNOWN STEP	2026-08-17T14:28:39.4571483Z + git -C work/gooroom-integration-applet/source add debian/changelog
Compare gooroom-integration-applet	UNKNOWN STEP	2026-08-17T14:28:39.4622072Z ++ git -C work/gooroom-integration-applet/source write-tree
Compare gooroom-integration-applet	UNKNOWN STEP	2026-08-17T14:28:39.4669786Z + tree=dfcd826c3c443b2cc685473d0bf80f013d4254ed
Compare gooroom-integration-applet	UNKNOWN STEP	2026-08-17T14:28:39.4670667Z + git -C work/gooroom-integration-applet/source archive --format=tar dfcd826c3c443b2cc685473d0bf80f013d4254ed
Compare gooroom-integration-applet	UNKNOWN STEP	2026-08-17T14:28:39.4719329Z + cp -a work/gooroom-integration-applet/source work/gooroom-integration-applet/artifact/source
Compare gooroom-integration-applet	UNKNOWN STEP	2026-08-17T14:28:39.4828045Z + rm -rf work/gooroom-integration-applet/artifact/source/.git
Compare gooroom-integration-applet	UNKNOWN STEP	2026-08-17T14:28:39.4858724Z ++ sha256sum work/gooroom-integration-applet/source-authority/reconstructed-source.tar
Compare gooroom-integration-applet	UNKNOWN STEP	2026-08-17T14:28:39.4859582Z ++ awk '{print $1}'
Compare gooroom-integration-applet	UNKNOWN STEP	2026-08-17T14:28:39.4887341Z + jq -n --arg package gooroom-integration-applet --arg version 0.3.1+grm3u1+han3u3 --arg repository gooroom/gooroom-integration-applet --arg base_commit 0f7897ad068da63c6529c5725afdf569152ca4c7 --arg base_tree 5f24f24a3421835e18ab7ab894ce0dc78bbda2c9 --arg tree dfcd826c3c443b2cc685473d0bf80f013d4254ed --arg archive_sha256 e1114196d4972efb107251c53ce3f26bac13d5f48e52ffa9bfdce64bfd072955 '{schema:1,package:$package,version:$version,repository:$repository,
Compare gooroom-integration-applet	UNKNOWN STEP	2026-08-17T14:28:39.4889247Z     base_commit_sha:$base_commit,base_tree_sha:$base_tree,
Compare gooroom-integration-applet	UNKNOWN STEP	2026-08-17T14:28:39.4889670Z     reconstructed_tree_sha:$tree,source_archive_sha256:$archive_sha256,
Compare gooroom-integration-applet	UNKNOWN STEP	2026-08-17T14:28:39.4890422Z     policy:"public-base-plus-exact-vendor-changelog-prefix-no-code-delta"}'
Compare gooroom-integration-applet	UNKNOWN STEP	2026-08-17T14:28:39.4946590Z ##[group]Run set -euxo pipefail
Compare gooroom-integration-applet	UNKNOWN STEP	2026-08-17T14:28:39.4946923Z ^[[36;1mset -euxo pipefail^[[0m
Compare gooroom-integration-applet	UNKNOWN STEP	2026-08-17T14:28:39.4947168Z ^[[36;1mbase="work/$PACKAGE"^[[0m
Compare gooroom-integration-applet	UNKNOWN STEP	2026-08-17T14:28:39.4947504Z ^[[36;1mcurl --fail --show-error --location --retry 8 --retry-delay 3 \^[[0m
Compare gooroom-integration-applet	UNKNOWN STEP	2026-08-17T14:28:39.4948008Z ^[[36;1m  --retry-all-errors "$TARGET_URL" -o "$base/downloads/target.deb"^[[0m
Compare gooroom-integration-applet	UNKNOWN STEP	2026-08-17T14:28:39.4948494Z ^[[36;1mtest "$(dpkg-deb -f "$base/downloads/target.deb" Package)" = "$PACKAGE"^[[0m
Compare gooroom-integration-applet	UNKNOWN STEP	2026-08-17T14:28:39.4948961Z ^[[36;1mtest "$(dpkg-deb -f "$base/downloads/target.deb" Version)" = "$VERSION"^[[0m
Compare gooroom-integration-applet	UNKNOWN STEP	2026-08-17T14:28:39.4949318Z ^[[36;1mset +e^[[0m
Compare gooroom-integration-applet	UNKNOWN STEP	2026-08-17T14:28:39.4949620Z ^[[36;1mcurl --fail --show-error --location --retry 4 --retry-delay 3 \^[[0m
Compare gooroom-integration-applet	UNKNOWN STEP	2026-08-17T14:28:39.4950095Z ^[[36;1m  --retry-all-errors "$DEBUG_URL" -o "$base/downloads/target-dbgsym.deb"^[[0m
Compare gooroom-integration-applet	UNKNOWN STEP	2026-08-17T14:28:39.4950488Z ^[[36;1mdebug_rc=$?^[[0m
Compare gooroom-integration-applet	UNKNOWN STEP	2026-08-17T14:28:39.4950697Z ^[[36;1mset -e^[[0m
Compare gooroom-integration-applet	UNKNOWN STEP	2026-08-17T14:28:39.4950950Z ^[[36;1mif [ "$debug_rc" -ne 0 ]; then^[[0m
Compare gooroom-integration-applet	UNKNOWN STEP	2026-08-17T14:28:39.4951244Z ^[[36;1m  rm -f "$base/downloads/target-dbgsym.deb"^[[0m
Compare gooroom-integration-applet	UNKNOWN STEP	2026-08-17T14:28:39.4951527Z ^[[36;1mfi^[[0m
Compare gooroom-integration-applet	UNKNOWN STEP	2026-08-17T14:28:39.4991295Z shell: /usr/bin/bash --noprofile --norc -e -o pipefail {0}
Compare gooroom-integration-applet	UNKNOWN STEP	2026-08-17T14:28:39.4991628Z env:
Compare gooroom-integration-applet	UNKNOWN STEP	2026-08-17T14:28:39.4991831Z   SNAPSHOT: 20230730T235959Z
Compare gooroom-integration-applet	UNKNOWN STEP	2026-08-17T14:28:39.4992099Z   PACKAGE: gooroom-integration-applet
Compare gooroom-integration-applet	UNKNOWN STEP	2026-08-17T14:28:39.4992376Z   VERSION: 0.3.1+grm3u1+han3u3
Compare gooroom-integration-applet	UNKNOWN STEP	2026-08-17T14:28:39.4992651Z   REPOSITORY: gooroom/gooroom-integration-applet
Compare gooroom-integration-applet	UNKNOWN STEP	2026-08-17T14:28:39.4993182Z   BASE_COMMIT: 0f7897ad068da63c6529c5725afdf569152ca4c7
Compare gooroom-integration-applet	UNKNOWN STEP	2026-08-17T14:28:39.4993517Z   BASE_TREE: 5f24f24a3421835e18ab7ab894ce0dc78bbda2c9
Compare gooroom-integration-applet	UNKNOWN STEP	2026-08-17T14:28:39.4994454Z   TARGET_URL: https://update.hancomgooroom.com/hancom/pool/main/g/gooroom-integration-applet/gooroom-integration-applet_0.3.1+grm3u1+han3u3_amd64.deb
Compare gooroom-integration-applet	UNKNOWN STEP	2026-08-17T14:28:39.4995519Z   DEBUG_URL: https://update.hancomgooroom.com/hancom/pool/main/g/gooroom-integration-applet/gooroom-integration-applet-dbgsym_0.3.1+grm3u1+han3u3_amd64.deb
Compare gooroom-integration-applet	UNKNOWN STEP	2026-08-17T14:28:39.4996206Z ##[endgroup]
Compare gooroom-integration-applet	UNKNOWN STEP	2026-08-17T14:28:39.5053438Z + base=work/gooroom-integration-applet
Compare gooroom-integration-applet	UNKNOWN STEP	2026-08-17T14:28:39.5129392Z + curl --fail --show-error --location --retry 8 --retry-delay 3 --retry-all-errors https://update.hancomgooroom.com/hancom/pool/main/g/gooroom-integration-applet/gooroom-integration-applet_0.3.1+grm3u1+han3u3_amd64.deb -o work/gooroom-integration-applet/downloads/target.deb
Compare gooroom-integration-applet	UNKNOWN STEP	2026-08-17T14:28:39.5134974Z   % Total    % Received % Xferd  Average Speed   Time    Time     Time  Current
Compare gooroom-integration-applet	UNKNOWN STEP	2026-08-17T14:28:39.5135450Z                                  Dload  Upload   Total   Spent    Left  Speed
Compare gooroom-integration-applet	UNKNOWN STEP	2026-08-17T14:28:39.5135699Z 
Compare gooroom-integration-applet	UNKNOWN STEP	2026-08-17T14:28:39.6416861Z   0     0    0     0    0     0      0      0 --:--:-- --:--:-- --:--:--     0
Compare gooroom-integration-applet	UNKNOWN STEP	2026-08-17T14:28:40.9561215Z   0     0    0     0    0     0      0      0 --:--:-- --:--:-- --:--:--     0
Compare gooroom-integration-applet	UNKNOWN STEP	2026-08-17T14:28:41.6737641Z   0     0    0     0    0     0      0      0 --:--:--  0:00:01 --:--:--     0
Compare gooroom-integration-applet	UNKNOWN STEP	2026-08-17T14:28:41.7438266Z  78 62392   78 49152    0     0  22744      0  0:00:02  0:00:02 --:--:-- 22745
Compare gooroom-integration-applet	UNKNOWN STEP	2026-08-17T14:28:41.7438967Z 100 62392  100 62392    0     0  27964      0  0:00:02  0:00:02 --:--:-- 27953
Compare gooroom-integration-applet	UNKNOWN STEP	2026-08-17T14:28:41.7466731Z ++ dpkg-deb -f work/gooroom-integration-applet/downloads/target.deb Package
Compare gooroom-integration-applet	UNKNOWN STEP	2026-08-17T14:28:41.7518463Z + test gooroom-integration-applet = gooroom-integration-applet
Compare gooroom-integration-applet	UNKNOWN STEP	2026-08-17T14:28:41.7521492Z ++ dpkg-deb -f work/gooroom-integration-applet/downloads/target.deb Version
Compare gooroom-integration-applet	UNKNOWN STEP	2026-08-17T14:28:41.7568883Z + test 0.3.1+grm3u1+han3u3 = 0.3.1+grm3u1+han3u3
Compare gooroom-integration-applet	UNKNOWN STEP	2026-08-17T14:28:41.7569371Z + set +e
Compare gooroom-integration-applet	UNKNOWN STEP	2026-08-17T14:28:41.7570949Z + curl --fail --show-error --location --retry 4 --retry-delay 3 --retry-all-errors https://update.hancomgooroom.com/hancom/pool/main/g/gooroom-integration-applet/gooroom-integration-applet-dbgsym_0.3.1+grm3u1+han3u3_amd64.deb -o work/gooroom-integration-applet/downloads/target-dbgsym.deb
Compare gooroom-integration-applet	UNKNOWN STEP	2026-08-17T14:28:41.7624347Z   % Total    % Received % Xferd  Average Speed   Time    Time     Time  Current
Compare gooroom-integration-applet	UNKNOWN STEP	2026-08-17T14:28:41.7625140Z                                  Dload  Upload   Total   Spent    Left  Speed
Compare gooroom-integration-applet	UNKNOWN STEP	2026-08-17T14:28:41.7625587Z 
Compare gooroom-integration-applet	UNKNOWN STEP	2026-08-17T14:28:42.9653522Z   0     0    0     0    0     0      0      0 --:--:-- --:--:-- --:--:--     0
Compare gooroom-integration-applet	UNKNOWN STEP	2026-08-17T14:28:44.0307665Z   0     0    0     0    0     0      0      0 --:--:--  0:00:01 --:--:--     0
Compare gooroom-integration-applet	UNKNOWN STEP	2026-08-17T14:28:44.2873580Z  25  189k   25 49152    0     0  21668      0  0:00:08  0:00:02  0:00:06 21671
Compare gooroom-integration-applet	UNKNOWN STEP	2026-08-17T14:28:44.2874466Z 100  189k  100  189k    0     0  77036      0  0:00:02  0:00:02 --:--:-- 77066
Compare gooroom-integration-applet	UNKNOWN STEP	2026-08-17T14:28:44.2898388Z + debug_rc=0
Compare gooroom-integration-applet	UNKNOWN STEP	2026-08-17T14:28:44.2898728Z + set -e
Compare gooroom-integration-applet	UNKNOWN STEP	2026-08-17T14:28:44.2898986Z + '[' 0 -ne 0 ']'
Compare gooroom-integration-applet	UNKNOWN STEP	2026-08-17T14:28:44.2932734Z ##[group]Run set -euxo pipefail
Compare gooroom-integration-applet	UNKNOWN STEP	2026-08-17T14:28:44.2933097Z ^[[36;1mset -euxo pipefail^[[0m
Compare gooroom-integration-applet	UNKNOWN STEP	2026-08-17T14:28:44.2933359Z ^[[36;1mbase="$(pwd)/work/$PACKAGE"^[[0m
Compare gooroom-integration-applet	UNKNOWN STEP	2026-08-17T14:28:44.2933634Z ^[[36;1mrootfs="$base/build/rootfs"^[[0m
Compare gooroom-integration-applet	UNKNOWN STEP	2026-08-17T14:28:44.2934043Z ^[[36;1mmkdir -p "$base/build/debs"^[[0m
Compare gooroom-integration-applet	UNKNOWN STEP	2026-08-17T14:28:44.2934299Z ^[[36;1msudo debootstrap \^[[0m
Compare gooroom-integration-applet	UNKNOWN STEP	2026-08-17T14:28:44.2934544Z ^[[36;1m  --arch=amd64 \^[[0m
Compare gooroom-integration-applet	UNKNOWN STEP	2026-08-17T14:28:44.2934794Z ^[[36;1m  --variant=minbase \^[[0m
Compare gooroom-integration-applet	UNKNOWN STEP	2026-08-17T14:28:44.2935057Z ^[[36;1m  --include=ca-certificates \^[[0m
Compare gooroom-integration-applet	UNKNOWN STEP	2026-08-17T14:28:44.2935330Z ^[[36;1m  --no-check-gpg \^[[0m
Compare gooroom-integration-applet	UNKNOWN STEP	2026-08-17T14:28:44.2935566Z ^[[36;1m  bullseye "$rootfs" \^[[0m
Compare gooroom-integration-applet	UNKNOWN STEP	2026-08-17T14:28:44.2935913Z ^[[36;1m  "https://snapshot.debian.org/archive/debian/$SNAPSHOT/" \^[[0m
Compare gooroom-integration-applet	UNKNOWN STEP	2026-08-17T14:28:44.2936314Z ^[[36;1m  2>&1 | tee "$base/build/debootstrap.log"^[[0m
Compare gooroom-integration-applet	UNKNOWN STEP	2026-08-17T14:28:44.2936800Z ^[[36;1mprintf '%s\n' \^[[0m
Compare gooroom-integration-applet	UNKNOWN STEP	2026-08-17T14:28:44.2937312Z ^[[36;1m  "deb [check-valid-until=no] https://snapshot.debian.org/archive/debian/$SNAPSHOT bullseye main" \^[[0m
Compare gooroom-integration-applet	UNKNOWN STEP	2026-08-17T14:28:44.2937853Z ^[[36;1m  | sudo tee "$rootfs/etc/apt/sources.list" >/dev/null^[[0m
Compare gooroom-integration-applet	UNKNOWN STEP	2026-08-17T14:28:44.2938173Z ^[[36;1mprintf '%s\n' \^[[0m
Compare gooroom-integration-applet	UNKNOWN STEP	2026-08-17T14:28:44.2938433Z ^[[36;1m  'Acquire::Check-Valid-Until "false";' \^[[0m
Compare gooroom-integration-applet	UNKNOWN STEP	2026-08-17T14:28:44.2938729Z ^[[36;1m  'Acquire::Retries "5";' \^[[0m
Compare gooroom-integration-applet	UNKNOWN STEP	2026-08-17T14:28:44.2938994Z ^[[36;1m  'Dpkg::Use-Pty "0";' \^[[0m
Compare gooroom-integration-applet	UNKNOWN STEP	2026-08-17T14:28:44.2939339Z ^[[36;1m  | sudo tee "$rootfs/etc/apt/apt.conf.d/99snapshot" >/dev/null^[[0m
Compare gooroom-integration-applet	UNKNOWN STEP	2026-08-17T14:28:44.2939719Z ^[[36;1msudo mkdir -p "$rootfs/build/source"^[[0m
Compare gooroom-integration-applet	UNKNOWN STEP	2026-08-17T14:28:44.2940115Z ^[[36;1msudo tar -xf "$base/source-authority/reconstructed-source.tar" \^[[0m
Compare gooroom-integration-applet	UNKNOWN STEP	2026-08-17T14:28:44.2940487Z ^[[36;1m  -C "$rootfs/build/source"^[[0m
Compare gooroom-integration-applet	UNKNOWN STEP	2026-08-17T14:28:44.2940806Z ^[[36;1msudo chroot "$rootfs" /bin/bash -euxo pipefail -c '^[[0m
Compare gooroom-integration-applet	UNKNOWN STEP	2026-08-17T14:28:44.2941166Z ^[[36;1m  export DEBIAN_FRONTEND=noninteractive^[[0m
Compare gooroom-integration-applet	UNKNOWN STEP	2026-08-17T14:28:44.2941478Z ^[[36;1m  export DEB_BUILD_OPTIONS=nocheck^[[0m
Compare gooroom-integration-applet	UNKNOWN STEP	2026-08-17T14:28:44.2941768Z ^[[36;1m  export LC_ALL=C.UTF-8^[[0m
Compare gooroom-integration-applet	UNKNOWN STEP	2026-08-17T14:28:44.2942028Z ^[[36;1m  apt-get update^[[0m
Compare gooroom-integration-applet	UNKNOWN STEP	2026-08-17T14:28:44.2942310Z ^[[36;1m  apt-get install -y --no-install-recommends \^[[0m
Compare gooroom-integration-applet	UNKNOWN STEP	2026-08-17T14:28:44.2942678Z ^[[36;1m    build-essential devscripts dpkg-dev equivs git^[[0m
Compare gooroom-integration-applet	UNKNOWN STEP	2026-08-17T14:28:44.2942990Z ^[[36;1m  cd /build/source^[[0m
Compare gooroom-integration-applet	UNKNOWN STEP	2026-08-17T14:28:44.2943248Z ^[[36;1m  mk-build-deps --install --remove \^[[0m
Compare gooroom-integration-applet	UNKNOWN STEP	2026-08-17T14:28:44.2943614Z ^[[36;1m    --tool "apt-get -y --no-install-recommends" debian/control^[[0m
Compare gooroom-integration-applet	UNKNOWN STEP	2026-08-17T14:28:44.2944097Z ^[[36;1m  dpkg-buildpackage -us -uc -b -j2^[[0m
Compare gooroom-integration-applet	UNKNOWN STEP	2026-08-17T14:28:44.2944502Z ^[[36;1m' 2>&1 | tee "$base/build/build.log"^[[0m
Compare gooroom-integration-applet	UNKNOWN STEP	2026-08-17T14:28:44.2944912Z ^[[36;1mwhile IFS= read -r deb; do^[[0m
Compare gooroom-integration-applet	UNKNOWN STEP	2026-08-17T14:28:44.2945195Z ^[[36;1m  sudo cp "$deb" "$base/build/debs/"^[[0m
Compare gooroom-integration-applet	UNKNOWN STEP	2026-08-17T14:28:44.2945630Z ^[[36;1mdone < <(sudo find "$rootfs/build" -maxdepth 1 -type f -name '*.deb' | LC_ALL=C sort)^[[0m
Compare gooroom-integration-applet	UNKNOWN STEP	2026-08-17T14:28:44.2946100Z ^[[36;1msudo chown -R "$(id -u):$(id -g)" "$base/build"^[[0m
Compare gooroom-integration-applet	UNKNOWN STEP	2026-08-17T14:28:44.2946432Z ^[[36;1mfor deb in "$base/build/debs"/*.deb; do^[[0m
Compare gooroom-integration-applet	UNKNOWN STEP	2026-08-17T14:28:44.2946757Z ^[[36;1m  case "$(dpkg-deb -f "$deb" Package)" in^[[0m
Compare gooroom-integration-applet	UNKNOWN STEP	2026-08-17T14:28:44.2947127Z ^[[36;1m    "$PACKAGE") cp "$deb" "$base/downloads/candidate.deb" ;;^[[0m
Compare gooroom-integration-applet	UNKNOWN STEP	2026-08-17T14:28:44.2947568Z ^[[36;1m    "$PACKAGE-dbgsym") cp "$deb" "$base/downloads/candidate-dbgsym.deb" ;;^[[0m
Compare gooroom-integration-applet	UNKNOWN STEP	2026-08-17T14:28:44.2947938Z ^[[36;1m  esac^[[0m
Compare gooroom-integration-applet	UNKNOWN STEP	2026-08-17T14:28:44.2948138Z ^[[36;1mdone^[[0m
Compare gooroom-integration-applet	UNKNOWN STEP	2026-08-17T14:28:44.2948367Z ^[[36;1mtest -f "$base/downloads/candidate.deb"^[[0m
Compare gooroom-integration-applet	UNKNOWN STEP	2026-08-17T14:28:44.2948765Z ^[[36;1mtest "$(dpkg-deb -f "$base/downloads/candidate.deb" Version)" = "$VERSION"^[[0m
Compare gooroom-integration-applet	UNKNOWN STEP	2026-08-17T14:28:44.2949136Z ^[[36;1mrm -rf "$rootfs"^[[0m
Compare gooroom-integration-applet	UNKNOWN STEP	2026-08-17T14:28:44.2989367Z shell: /usr/bin/bash --noprofile --norc -e -o pipefail {0}
Compare gooroom-integration-applet	UNKNOWN STEP	2026-08-17T14:28:44.2989725Z env:
Compare gooroom-integration-applet	UNKNOWN STEP	2026-08-17T14:28:44.2989927Z   SNAPSHOT: 20230730T235959Z
Compare gooroom-integration-applet	UNKNOWN STEP	2026-08-17T14:28:44.2990201Z   PACKAGE: gooroom-integration-applet
Compare gooroom-integration-applet	UNKNOWN STEP	2026-08-17T14:28:44.2990682Z   VERSION: 0.3.1+grm3u1+han3u3
Compare gooroom-integration-applet	UNKNOWN STEP	2026-08-17T14:28:44.2990974Z   REPOSITORY: gooroom/gooroom-integration-applet
Compare gooroom-integration-applet	UNKNOWN STEP	2026-08-17T14:28:44.2991317Z   BASE_COMMIT: 0f7897ad068da63c6529c5725afdf569152ca4c7
Compare gooroom-integration-applet	UNKNOWN STEP	2026-08-17T14:28:44.2991657Z   BASE_TREE: 5f24f24a3421835e18ab7ab894ce0dc78bbda2c9
Compare gooroom-integration-applet	UNKNOWN STEP	2026-08-17T14:28:44.2992349Z   TARGET_URL: https://update.hancomgooroom.com/hancom/pool/main/g/gooroom-integration-applet/gooroom-integration-applet_0.3.1+grm3u1+han3u3_amd64.deb
Compare gooroom-integration-applet	UNKNOWN STEP	2026-08-17T14:28:44.2993383Z   DEBUG_URL: https://update.hancomgooroom.com/hancom/pool/main/g/gooroom-integration-applet/gooroom-integration-applet-dbgsym_0.3.1+grm3u1+han3u3_amd64.deb
Compare gooroom-integration-applet	UNKNOWN STEP	2026-08-17T14:28:44.2994320Z ##[endgroup]
Compare gooroom-integration-applet	UNKNOWN STEP	2026-08-17T14:28:44.3058747Z ++ pwd
Compare gooroom-integration-applet	UNKNOWN STEP	2026-08-17T14:28:44.3061091Z + base=/home/runner/work/hancom-gooroom-archive/hancom-gooroom-archive/work/gooroom-integration-applet
Compare gooroom-integration-applet	UNKNOWN STEP	2026-08-17T14:28:44.3062135Z + rootfs=/home/runner/work/hancom-gooroom-archive/hancom-gooroom-archive/work/gooroom-integration-applet/build/rootfs
Compare gooroom-integration-applet	UNKNOWN STEP	2026-08-17T14:28:44.3063451Z + mkdir -p /home/runner/work/hancom-gooroom-archive/hancom-gooroom-archive/work/gooroom-integration-applet/build/debs
Compare gooroom-integration-applet	UNKNOWN STEP	2026-08-17T14:28:44.3080952Z + sudo debootstrap --arch=amd64 --variant=minbase --include=ca-certificates --no-check-gpg bullseye /home/runner/work/hancom-gooroom-archive/hancom-gooroom-archive/work/gooroom-integration-applet/build/rootfs https://snapshot.debian.org/archive/debian/20230730T235959Z/
Compare gooroom-integration-applet	UNKNOWN STEP	2026-08-17T14:28:44.3083608Z + tee /home/runner/work/hancom-gooroom-archive/hancom-gooroom-archive/work/gooroom-integration-applet/build/debootstrap.log
Compare gooroom-integration-applet	UNKNOWN STEP	2026-08-17T14:28:44.3585889Z I: Retrieving InRelease 
Compare gooroom-integration-applet	UNKNOWN STEP	2026-08-17T14:28:45.2795111Z I: Retrieving Packages 
Compare gooroom-integration-applet	UNKNOWN STEP	2026-08-17T14:28:46.8637007Z I: Validating Packages 
Compare gooroom-integration-applet	UNKNOWN STEP	2026-08-17T14:28:47.6053083Z I: Resolving dependencies of required packages...
Compare gooroom-integration-applet	UNKNOWN STEP	2026-08-17T14:28:50.6700675Z I: Resolving dependencies of base packages...
Compare gooroom-integration-applet	UNKNOWN STEP	2026-08-17T14:28:55.6545976Z I: Checking component main on https://snapshot.debian.org/archive/debian/20230730T235959Z...
Compare gooroom-integration-applet	UNKNOWN STEP	2026-08-17T14:28:56.7657299Z I: Retrieving adduser 3.118
Compare gooroom-integration-applet	UNKNOWN STEP	2026-08-17T14:28:57.3446444Z I: Validating adduser 3.118
Compare gooroom-integration-applet	UNKNOWN STEP	2026-08-17T14:28:57.3555800Z I: Retrieving apt 2.2.4
Compare gooroom-integration-applet	UNKNOWN STEP	2026-08-17T14:28:58.6361636Z I: Validating apt 2.2.4
Compare gooroom-integration-applet	UNKNOWN STEP	2026-08-17T14:28:58.6485131Z I: Retrieving base-files 11.1+deb11u7
Compare gooroom-integration-applet	UNKNOWN STEP	2026-08-17T14:28:59.3978558Z I: Validating base-files 11.1+deb11u7
Compare gooroom-integration-applet	UNKNOWN STEP	2026-08-17T14:28:59.4086747Z I: Retrieving base-passwd 3.5.51
Compare gooroom-integration-applet	UNKNOWN STEP	2026-08-17T14:29:00.1451628Z I: Validating base-passwd 3.5.51
Compare gooroom-integration-applet	UNKNOWN STEP	2026-08-17T14:29:00.1560937Z I: Retrieving bash 5.1-2+deb11u1
Compare gooroom-integration-applet	UNKNOWN STEP	2026-08-17T14:29:01.3416921Z I: Validating bash 5.1-2+deb11u1
Compare gooroom-integration-applet	UNKNOWN STEP	2026-08-17T14:29:01.3539199Z I: Retrieving bsdutils 1:2.36.1-8+deb11u1
Compare gooroom-integration-applet	UNKNOWN STEP	2026-08-17T14:29:01.6037314Z I: Validating bsdutils 1:2.36.1-8+deb11u1
Compare gooroom-integration-applet	UNKNOWN STEP	2026-08-17T14:29:01.6146703Z I: Retrieving ca-certificates 20210119
Compare gooroom-integration-applet	UNKNOWN STEP	2026-08-17T14:29:01.9992721Z I: Validating ca-certificates 20210119
Compare gooroom-integration-applet	UNKNOWN STEP	2026-08-17T14:29:02.0102324Z I: Retrieving coreutils 8.32-4+b1
Compare gooroom-integration-applet	UNKNOWN STEP	2026-08-17T14:29:03.3589050Z I: Validating coreutils 8.32-4+b1
Compare gooroom-integration-applet	UNKNOWN STEP	2026-08-17T14:29:03.3724870Z I: Retrieving dash 0.5.11+git20200708+dd9ef66-5
Compare gooroom-integration-applet	UNKNOWN STEP	2026-08-17T14:29:03.8041004Z I: Validating dash 0.5.11+git20200708+dd9ef66-5
Compare gooroom-integration-applet	UNKNOWN STEP	2026-08-17T14:29:03.8153600Z I: Retrieving debconf 1.5.77
Compare gooroom-integration-applet	UNKNOWN STEP	2026-08-17T14:29:04.2110373Z I: Validating debconf 1.5.77
Compare gooroom-integration-applet	UNKNOWN STEP	2026-08-17T14:29:04.2221304Z I: Retrieving debian-archive-keyring 2021.1.1+deb11u1
Compare gooroom-integration-applet	UNKNOWN STEP	2026-08-17T14:29:05.2666014Z I: Validating debian-archive-keyring 2021.1.1+deb11u1
Compare gooroom-integration-applet	UNKNOWN STEP	2026-08-17T14:29:05.2780785Z I: Retrieving debianutils 4.11.2
Compare gooroom-integration-applet	UNKNOWN STEP	2026-08-17T14:29:05.9432897Z I: Validating debianutils 4.11.2
Compare gooroom-integration-applet	UNKNOWN STEP	2026-08-17T14:29:05.9544187Z I: Retrieving diffutils 1:3.7-5
Compare gooroom-integration-applet	UNKNOWN STEP	2026-08-17T14:29:06.8466378Z I: Validating diffutils 1:3.7-5
Compare gooroom-integration-applet	UNKNOWN STEP	2026-08-17T14:29:06.8577738Z I: Retrieving dpkg 1.20.12
Compare gooroom-integration-applet	UNKNOWN STEP	2026-08-17T14:29:08.1512917Z I: Validating dpkg 1.20.12
Compare gooroom-integration-applet	UNKNOWN STEP	2026-08-17T14:29:08.1646140Z I: Retrieving e2fsprogs 1.46.2-2
Compare gooroom-integration-applet	UNKNOWN STEP	2026-08-17T14:29:08.5631356Z I: Validating e2fsprogs 1.46.2-2
Compare gooroom-integration-applet	UNKNOWN STEP	2026-08-17T14:29:08.5745098Z I: Retrieving findutils 4.8.0-1
Compare gooroom-integration-applet	UNKNOWN STEP	2026-08-17T14:29:09.0054584Z I: Validating findutils 4.8.0-1
Compare gooroom-integration-applet	UNKNOWN STEP	2026-08-17T14:29:09.0173553Z I: Retrieving gcc-10-base 10.2.1-6
Compare gooroom-integration-applet	UNKNOWN STEP	2026-08-17T14:29:09.3847400Z I: Validating gcc-10-base 10.2.1-6
Compare gooroom-integration-applet	UNKNOWN STEP	2026-08-17T14:29:09.3958347Z I: Retrieving gcc-9-base 9.3.0-22
Compare gooroom-integration-applet	UNKNOWN STEP	2026-08-17T14:29:10.4704774Z I: Validating gcc-9-base 9.3.0-22
Compare gooroom-integration-applet	UNKNOWN STEP	2026-08-17T14:29:10.4816134Z I: Retrieving gpgv 2.2.27-2+deb11u2
Compare gooroom-integration-applet	UNKNOWN STEP	2026-08-17T14:29:10.9400337Z I: Validating gpgv 2.2.27-2+deb11u2
Compare gooroom-integration-applet	UNKNOWN STEP	2026-08-17T14:29:10.9520836Z I: Retrieving grep 3.6-1+deb11u1
Compare gooroom-integration-applet	UNKNOWN STEP	2026-08-17T14:29:11.8817844Z I: Validating grep 3.6-1+deb11u1
Compare gooroom-integration-applet	UNKNOWN STEP	2026-08-17T14:29:11.8934883Z I: Retrieving gzip 1.10-4+deb11u1
Compare gooroom-integration-applet	UNKNOWN STEP	2026-08-17T14:29:12.5785439Z I: Validating gzip 1.10-4+deb11u1
Compare gooroom-integration-applet	UNKNOWN STEP	2026-08-17T14:29:12.5894371Z I: Retrieving hostname 3.23
Compare gooroom-integration-applet	UNKNOWN STEP	2026-08-17T14:29:13.0035119Z I: Validating hostname 3.23
Compare gooroom-integration-applet	UNKNOWN STEP	2026-08-17T14:29:13.0144608Z I: Retrieving init-system-helpers 1.60
Compare gooroom-integration-applet	UNKNOWN STEP	2026-08-17T14:29:13.4081803Z I: Validating init-system-helpers 1.60
Compare gooroom-integration-applet	UNKNOWN STEP	2026-08-17T14:29:13.4191705Z I: Retrieving libacl1 2.2.53-10
Compare gooroom-integration-applet	UNKNOWN STEP	2026-08-17T14:29:13.8261231Z I: Validating libacl1 2.2.53-10
Compare gooroom-integration-applet	UNKNOWN STEP	2026-08-17T14:29:13.8370827Z I: Retrieving libapt-pkg6.0 2.2.4
Compare gooroom-integration-applet	UNKNOWN STEP	2026-08-17T14:29:14.5147231Z I: Validating libapt-pkg6.0 2.2.4
Compare gooroom-integration-applet	UNKNOWN STEP	2026-08-17T14:29:14.5269343Z I: Retrieving libattr1 1:2.4.48-6
Compare gooroom-integration-applet	UNKNOWN STEP	2026-08-17T14:29:15.2202461Z I: Validating libattr1 1:2.4.48-6
Compare gooroom-integration-applet	UNKNOWN STEP	2026-08-17T14:29:15.2316128Z I: Retrieving libaudit-common 1:3.0-2
Compare gooroom-integration-applet	UNKNOWN STEP	2026-08-17T14:29:15.6180502Z I: Validating libaudit-common 1:3.0-2
Compare gooroom-integration-applet	UNKNOWN STEP	2026-08-17T14:29:15.6288486Z I: Retrieving libaudit1 1:3.0-2
Compare gooroom-integration-applet	UNKNOWN STEP	2026-08-17T14:29:16.0552664Z I: Validating libaudit1 1:3.0-2
Compare gooroom-integration-applet	UNKNOWN STEP	2026-08-17T14:29:16.0662064Z I: Retrieving libblkid1 2.36.1-8+deb11u1
Compare gooroom-integration-applet	UNKNOWN STEP	2026-08-17T14:29:16.9817982Z I: Validating libblkid1 2.36.1-8+deb11u1
Compare gooroom-integration-applet	UNKNOWN STEP	2026-08-17T14:29:16.9929442Z I: Retrieving libbz2-1.0 1.0.8-4
Compare gooroom-integration-applet	UNKNOWN STEP	2026-08-17T14:29:17.3389596Z I: Validating libbz2-1.0 1.0.8-4
Compare gooroom-integration-applet	UNKNOWN STEP	2026-08-17T14:29:17.3497981Z I: Retrieving libc-bin 2.31-13+deb11u6
Compare gooroom-integration-applet	UNKNOWN STEP	2026-08-17T14:29:18.2362385Z I: Validating libc-bin 2.31-13+deb11u6
Compare gooroom-integration-applet	UNKNOWN STEP	2026-08-17T14:29:18.2477052Z I: Retrieving libc6 2.31-13+deb11u6
Compare gooroom-integration-applet	UNKNOWN STEP	2026-08-17T14:29:19.5535093Z I: Validating libc6 2.31-13+deb11u6
Compare gooroom-integration-applet	UNKNOWN STEP	2026-08-17T14:29:19.5667439Z I: Retrieving libcap-ng0 0.7.9-2.2+b1
Compare gooroom-integration-applet	UNKNOWN STEP	2026-08-17T14:29:20.0070128Z I: Validating libcap-ng0 0.7.9-2.2+b1
Compare gooroom-integration-applet	UNKNOWN STEP	2026-08-17T14:29:20.0182590Z I: Retrieving libcom-err2 1.46.2-2
Compare gooroom-integration-applet	UNKNOWN STEP	2026-08-17T14:29:20.3932431Z I: Validating libcom-err2 1.46.2-2
Compare gooroom-integration-applet	UNKNOWN STEP	2026-08-17T14:29:20.4043109Z I: Retrieving libcrypt1 1:4.4.18-4
Compare gooroom-integration-applet	UNKNOWN STEP	2026-08-17T14:29:20.7953533Z I: Validating libcrypt1 1:4.4.18-4
Compare gooroom-integration-applet	UNKNOWN STEP	2026-08-17T14:29:20.8066379Z I: Retrieving libdb5.3 5.3.28+dfsg1-0.8
Compare gooroom-integration-applet	UNKNOWN STEP	2026-08-17T14:29:22.0806106Z I: Validating libdb5.3 5.3.28+dfsg1-0.8
Compare gooroom-integration-applet	UNKNOWN STEP	2026-08-17T14:29:22.0921169Z I: Retrieving libdebconfclient0 0.260
Compare gooroom-integration-applet	UNKNOWN STEP	2026-08-17T14:29:22.7962836Z I: Validating libdebconfclient0 0.260
Compare gooroom-integration-applet	UNKNOWN STEP	2026-08-17T14:29:22.8071509Z I: Retrieving libext2fs2 1.46.2-2
Compare gooroom-integration-applet	UNKNOWN STEP	2026-08-17T14:29:23.1834947Z I: Validating libext2fs2 1.46.2-2
Compare gooroom-integration-applet	UNKNOWN STEP	2026-08-17T14:29:23.1944342Z I: Retrieving libffi7 3.3-6
Compare gooroom-integration-applet	UNKNOWN STEP	2026-08-17T14:29:23.6298652Z I: Validating libffi7 3.3-6
Compare gooroom-integration-applet	UNKNOWN STEP	2026-08-17T14:29:23.6404917Z I: Retrieving libgcc-s1 10.2.1-6
Compare gooroom-integration-applet	UNKNOWN STEP	2026-08-17T14:29:24.0001262Z I: Validating libgcc-s1 10.2.1-6
Compare gooroom-integration-applet	UNKNOWN STEP	2026-08-17T14:29:24.0113176Z I: Retrieving libgcrypt20 1.8.7-6
Compare gooroom-integration-applet	UNKNOWN STEP	2026-08-17T14:29:24.2385552Z I: Validating libgcrypt20 1.8.7-6
Compare gooroom-integration-applet	UNKNOWN STEP	2026-08-17T14:29:24.2505570Z I: Retrieving libgmp10 2:6.2.1+dfsg-1+deb11u1
Compare gooroom-integration-applet	UNKNOWN STEP	2026-08-17T14:29:24.7532759Z I: Validating libgmp10 2:6.2.1+dfsg-1+deb11u1
Compare gooroom-integration-applet	UNKNOWN STEP	2026-08-17T14:29:24.7647938Z I: Retrieving libgnutls30 3.7.1-5+deb11u3
Compare gooroom-integration-applet	UNKNOWN STEP	2026-08-17T14:29:26.3378282Z I: Validating libgnutls30 3.7.1-5+deb11u3
Compare gooroom-integration-applet	UNKNOWN STEP	2026-08-17T14:29:26.3498292Z I: Retrieving libgpg-error0 1.38-2
Compare gooroom-integration-applet	UNKNOWN STEP	2026-08-17T14:29:26.7828863Z I: Validating libgpg-error0 1.38-2
Compare gooroom-integration-applet	UNKNOWN STEP	2026-08-17T14:29:26.7943592Z I: Retrieving libgssapi-krb5-2 1.18.3-6+deb11u3
Compare gooroom-integration-applet	UNKNOWN STEP	2026-08-17T14:29:27.5364422Z I: Validating libgssapi-krb5-2 1.18.3-6+deb11u3
Compare gooroom-integration-applet	UNKNOWN STEP	2026-08-17T14:29:27.5473282Z I: Retrieving libhogweed6 3.7.3-1
Compare gooroom-integration-applet	UNKNOWN STEP	2026-08-17T14:29:27.9451560Z I: Validating libhogweed6 3.7.3-1
Compare gooroom-integration-applet	UNKNOWN STEP	2026-08-17T14:29:27.9564476Z I: Retrieving libidn2-0 2.3.0-5
Compare gooroom-integration-applet	UNKNOWN STEP	2026-08-17T14:29:28.4647793Z I: Validating libidn2-0 2.3.0-5
Compare gooroom-integration-applet	UNKNOWN STEP	2026-08-17T14:29:28.4757845Z I: Retrieving libk5crypto3 1.18.3-6+deb11u3
Compare gooroom-integration-applet	UNKNOWN STEP	2026-08-17T14:29:28.9568757Z I: Validating libk5crypto3 1.18.3-6+deb11u3
Compare gooroom-integration-applet	UNKNOWN STEP	2026-08-17T14:29:28.9678680Z I: Retrieving libkeyutils1 1.6.1-2
Compare gooroom-integration-applet	UNKNOWN STEP	2026-08-17T14:29:29.1695888Z I: Validating libkeyutils1 1.6.1-2
Compare gooroom-integration-applet	UNKNOWN STEP	2026-08-17T14:29:29.1809139Z I: Retrieving libkrb5-3 1.18.3-6+deb11u3
Compare gooroom-integration-applet	UNKNOWN STEP	2026-08-17T14:29:30.2888674Z I: Validating libkrb5-3 1.18.3-6+deb11u3
Compare gooroom-integration-applet	UNKNOWN STEP	2026-08-17T14:29:30.3002827Z I: Retrieving libkrb5support0 1.18.3-6+deb11u3
Compare gooroom-integration-applet	UNKNOWN STEP	2026-08-17T14:29:30.9263725Z I: Validating libkrb5support0 1.18.3-6+deb11u3
Compare gooroom-integration-applet	UNKNOWN STEP	2026-08-17T14:29:30.9370177Z I: Retrieving liblz4-1 1.9.3-2
Compare gooroom-integration-applet	UNKNOWN STEP	2026-08-17T14:29:31.3243307Z I: Validating liblz4-1 1.9.3-2
Compare gooroom-integration-applet	UNKNOWN STEP	2026-08-17T14:29:31.3357244Z I: Retrieving liblzma5 5.2.5-2.1~deb11u1
Compare gooroom-integration-applet	UNKNOWN STEP	2026-08-17T14:29:31.9913047Z I: Validating liblzma5 5.2.5-2.1~deb11u1
Compare gooroom-integration-applet	UNKNOWN STEP	2026-08-17T14:29:32.0023635Z I: Retrieving libmount1 2.36.1-8+deb11u1
Compare gooroom-integration-applet	UNKNOWN STEP	2026-08-17T14:29:32.9645546Z I: Validating libmount1 2.36.1-8+deb11u1
Compare gooroom-integration-applet	UNKNOWN STEP	2026-08-17T14:29:32.9754567Z I: Retrieving libnettle8 3.7.3-1
Compare gooroom-integration-applet	UNKNOWN STEP	2026-08-17T14:29:33.3772307Z I: Validating libnettle8 3.7.3-1
Compare gooroom-integration-applet	UNKNOWN STEP	2026-08-17T14:29:33.3888673Z I: Retrieving libnsl2 1.3.0-2
Compare gooroom-integration-applet	UNKNOWN STEP	2026-08-17T14:29:33.7979691Z I: Validating libnsl2 1.3.0-2
Compare gooroom-integration-applet	UNKNOWN STEP	2026-08-17T14:29:33.8092027Z I: Retrieving libp11-kit0 0.23.22-1
Compare gooroom-integration-applet	UNKNOWN STEP	2026-08-17T14:29:34.6061030Z I: Validating libp11-kit0 0.23.22-1
Compare gooroom-integration-applet	UNKNOWN STEP	2026-08-17T14:29:34.6172001Z I: Retrieving libpam-modules 1.4.0-9+deb11u1
Compare gooroom-integration-applet	UNKNOWN STEP	2026-08-17T14:29:35.6108063Z I: Validating libpam-modules 1.4.0-9+deb11u1
Compare gooroom-integration-applet	UNKNOWN STEP	2026-08-17T14:29:35.6224798Z I: Retrieving libpam-modules-bin 1.4.0-9+deb11u1
Compare gooroom-integration-applet	UNKNOWN STEP	2026-08-17T14:29:36.5963363Z I: Validating libpam-modules-bin 1.4.0-9+deb11u1
Compare gooroom-integration-applet	UNKNOWN STEP	2026-08-17T14:29:36.6078135Z I: Retrieving libpam-runtime 1.4.0-9+deb11u1
Compare gooroom-integration-applet	UNKNOWN STEP	2026-08-17T14:29:37.5844444Z I: Validating libpam-runtime 1.4.0-9+deb11u1
Compare gooroom-integration-applet	UNKNOWN STEP	2026-08-17T14:29:37.5954850Z I: Retrieving libpam0g 1.4.0-9+deb11u1
Compare gooroom-integration-applet	UNKNOWN STEP	2026-08-17T14:29:38.4809054Z I: Validating libpam0g 1.4.0-9+deb11u1
Compare gooroom-integration-applet	UNKNOWN STEP	2026-08-17T14:29:38.4920623Z I: Retrieving libpcre2-8-0 10.36-2+deb11u1
Compare gooroom-integration-applet	UNKNOWN STEP	2026-08-17T14:29:38.8842876Z I: Validating libpcre2-8-0 10.36-2+deb11u1
Compare gooroom-integration-applet	UNKNOWN STEP	2026-08-17T14:29:38.8954113Z I: Retrieving libpcre3 2:8.39-13
Compare gooroom-integration-applet	UNKNOWN STEP	2026-08-17T14:29:39.6690166Z I: Validating libpcre3 2:8.39-13
Compare gooroom-integration-applet	UNKNOWN STEP	2026-08-17T14:29:39.6800648Z I: Retrieving libseccomp2 2.5.1-1+deb11u1
Compare gooroom-integration-applet	UNKNOWN STEP	2026-08-17T14:29:40.3046504Z I: Validating libseccomp2 2.5.1-1+deb11u1
Compare gooroom-integration-applet	UNKNOWN STEP	2026-08-17T14:29:40.3154418Z I: Retrieving libselinux1 3.1-3
Compare gooroom-integration-applet	UNKNOWN STEP	2026-08-17T14:29:40.5239606Z I: Validating libselinux1 3.1-3
Compare gooroom-integration-applet	UNKNOWN STEP	2026-08-17T14:29:40.5347415Z I: Retrieving libsemanage-common 3.1-1
Compare gooroom-integration-applet	UNKNOWN STEP	2026-08-17T14:29:40.9148882Z I: Validating libsemanage-common 3.1-1
Compare gooroom-integration-applet	UNKNOWN STEP	2026-08-17T14:29:40.9259606Z I: Retrieving libsemanage1 3.1-1+b2
Compare gooroom-integration-applet	UNKNOWN STEP	2026-08-17T14:29:41.8709767Z I: Validating libsemanage1 3.1-1+b2
Compare gooroom-integration-applet	UNKNOWN STEP	2026-08-17T14:29:41.8822381Z I: Retrieving libsepol1 3.1-1
Compare gooroom-integration-applet	UNKNOWN STEP	2026-08-17T14:29:42.3741820Z I: Validating libsepol1 3.1-1
Compare gooroom-integration-applet	UNKNOWN STEP	2026-08-17T14:29:42.3854027Z I: Retrieving libsmartcols1 2.36.1-8+deb11u1
Compare gooroom-integration-applet	UNKNOWN STEP	2026-08-17T14:29:43.3334760Z I: Validating libsmartcols1 2.36.1-8+deb11u1
Compare gooroom-integration-applet	UNKNOWN STEP	2026-08-17T14:29:43.3444258Z I: Retrieving libss2 1.46.2-2
Compare gooroom-integration-applet	UNKNOWN STEP	2026-08-17T14:29:44.2478808Z I: Validating libss2 1.46.2-2
Compare gooroom-integration-applet	UNKNOWN STEP	2026-08-17T14:29:44.2588442Z I: Retrieving libssl1.1 1.1.1n-0+deb11u4
Compare gooroom-integration-applet	UNKNOWN STEP	2026-08-17T14:29:44.6889686Z I: Validating libssl1.1 1.1.1n-0+deb11u4
Compare gooroom-integration-applet	UNKNOWN STEP	2026-08-17T14:29:44.7010690Z I: Retrieving libstdc++6 10.2.1-6
Compare gooroom-integration-applet	UNKNOWN STEP	2026-08-17T14:29:45.0776828Z I: Validating libstdc++6 10.2.1-6
Compare gooroom-integration-applet	UNKNOWN STEP	2026-08-17T14:29:45.0895532Z I: Retrieving libsystemd0 247.3-7+deb11u2
Compare gooroom-integration-applet	UNKNOWN STEP	2026-08-17T14:29:45.4170346Z I: Validating libsystemd0 247.3-7+deb11u2
Compare gooroom-integration-applet	UNKNOWN STEP	2026-08-17T14:29:45.4287595Z I: Retrieving libtasn1-6 4.16.0-2+deb11u1
Compare gooroom-integration-applet	UNKNOWN STEP	2026-08-17T14:29:46.3846499Z I: Validating libtasn1-6 4.16.0-2+deb11u1
Compare gooroom-integration-applet	UNKNOWN STEP	2026-08-17T14:29:46.3954523Z I: Retrieving libtinfo6 6.2+20201114-2+deb11u1
Compare gooroom-integration-applet	UNKNOWN STEP	2026-08-17T14:29:46.9985503Z I: Validating libtinfo6 6.2+20201114-2+deb11u1
Compare gooroom-integration-applet	UNKNOWN STEP	2026-08-17T14:29:47.0101792Z I: Retrieving libtirpc-common 1.3.1-1+deb11u1
Compare gooroom-integration-applet	UNKNOWN STEP	2026-08-17T14:29:47.3362952Z I: Validating libtirpc-common 1.3.1-1+deb11u1
Compare gooroom-integration-applet	UNKNOWN STEP	2026-08-17T14:29:47.3475474Z I: Retrieving libtirpc3 1.3.1-1+deb11u1
Compare gooroom-integration-applet	UNKNOWN STEP	2026-08-17T14:29:47.7031439Z I: Validating libtirpc3 1.3.1-1+deb11u1
Compare gooroom-integration-applet	UNKNOWN STEP	2026-08-17T14:29:47.7141989Z I: Retrieving libudev1 247.3-7+deb11u2
Compare gooroom-integration-applet	UNKNOWN STEP	2026-08-17T14:29:48.0938813Z I: Validating libudev1 247.3-7+deb11u2
Compare gooroom-integration-applet	UNKNOWN STEP	2026-08-17T14:29:48.1047346Z I: Retrieving libunistring2 0.9.10-4
Compare gooroom-integration-applet	UNKNOWN STEP	2026-08-17T14:29:48.4446232Z I: Validating libunistring2 0.9.10-4
Compare gooroom-integration-applet	UNKNOWN STEP	2026-08-17T14:29:48.4564025Z I: Retrieving libuuid1 2.36.1-8+deb11u1
Compare gooroom-integration-applet	UNKNOWN STEP	2026-08-17T14:29:48.7750954Z I: Validating libuuid1 2.36.1-8+deb11u1
Compare gooroom-integration-applet	UNKNOWN STEP	2026-08-17T14:29:48.7860683Z I: Retrieving libxxhash0 0.8.0-2
Compare gooroom-integration-applet	UNKNOWN STEP	2026-08-17T14:29:49.1709250Z I: Validating libxxhash0 0.8.0-2
Compare gooroom-integration-applet	UNKNOWN STEP	2026-08-17T14:29:49.1817128Z I: Retrieving libzstd1 1.4.8+dfsg-2.1
Compare gooroom-integration-applet	UNKNOWN STEP	2026-08-17T14:29:49.6046365Z I: Validating libzstd1 1.4.8+dfsg-2.1
Compare gooroom-integration-applet	UNKNOWN STEP	2026-08-17T14:29:49.6162882Z I: Retrieving login 1:4.8.1-1
Compare gooroom-integration-applet	UNKNOWN STEP	2026-08-17T14:29:50.3176004Z I: Validating login 1:4.8.1-1
Compare gooroom-integration-applet	UNKNOWN STEP	2026-08-17T14:29:50.3294419Z I: Retrieving logsave 1.46.2-2
Compare gooroom-integration-applet	UNKNOWN STEP	2026-08-17T14:29:50.6452942Z I: Validating logsave 1.46.2-2
Compare gooroom-integration-applet	UNKNOWN STEP	2026-08-17T14:29:50.6565684Z I: Retrieving lsb-base 11.1.0
Compare gooroom-integration-applet	UNKNOWN STEP	2026-08-17T14:29:51.0244648Z I: Validating lsb-base 11.1.0
Compare gooroom-integration-applet	UNKNOWN STEP	2026-08-17T14:29:51.0352595Z I: Retrieving mawk 1.3.4.20200120-2
Compare gooroom-integration-applet	UNKNOWN STEP	2026-08-17T14:29:51.4262749Z I: Validating mawk 1.3.4.20200120-2
Compare gooroom-integration-applet	UNKNOWN STEP	2026-08-17T14:29:51.4375491Z I: Retrieving mount 2.36.1-8+deb11u1
Compare gooroom-integration-applet	UNKNOWN STEP	2026-08-17T14:29:51.8482250Z I: Validating mount 2.36.1-8+deb11u1
Compare gooroom-integration-applet	UNKNOWN STEP	2026-08-17T14:29:51.8591057Z I: Retrieving ncurses-base 6.2+20201114-2+deb11u1
Compare gooroom-integration-applet	UNKNOWN STEP	2026-08-17T14:29:53.0763128Z I: Validating ncurses-base 6.2+20201114-2+deb11u1
Compare gooroom-integration-applet	UNKNOWN STEP	2026-08-17T14:29:53.0879051Z I: Retrieving ncurses-bin 6.2+20201114-2+deb11u1
Compare gooroom-integration-applet	UNKNOWN STEP	2026-08-17T14:29:53.5677339Z I: Validating ncurses-bin 6.2+20201114-2+deb11u1
Compare gooroom-integration-applet	UNKNOWN STEP	2026-08-17T14:29:53.5791015Z I: Retrieving openssl 1.1.1n-0+deb11u4
Compare gooroom-integration-applet	UNKNOWN STEP	2026-08-17T14:29:54.0252174Z I: Validating openssl 1.1.1n-0+deb11u4
Compare gooroom-integration-applet	UNKNOWN STEP	2026-08-17T14:29:54.0372687Z I: Retrieving passwd 1:4.8.1-1
Compare gooroom-integration-applet	UNKNOWN STEP	2026-08-17T14:29:54.2179801Z I: Validating passwd 1:4.8.1-1
Compare gooroom-integration-applet	UNKNOWN STEP	2026-08-17T14:29:54.2298976Z I: Retrieving perl-base 5.32.1-4+deb11u2
Compare gooroom-integration-applet	UNKNOWN STEP	2026-08-17T14:29:54.6601656Z I: Validating perl-base 5.32.1-4+deb11u2
Compare gooroom-integration-applet	UNKNOWN STEP	2026-08-17T14:29:54.6723137Z I: Retrieving sed 4.7-1
Compare gooroom-integration-applet	UNKNOWN STEP	2026-08-17T14:29:55.0584106Z I: Validating sed 4.7-1
Compare gooroom-integration-applet	UNKNOWN STEP	2026-08-17T14:29:55.0699460Z I: Retrieving sysvinit-utils 2.96-7+deb11u1
Compare gooroom-integration-applet	UNKNOWN STEP	2026-08-17T14:29:55.7443790Z I: Validating sysvinit-utils 2.96-7+deb11u1
Compare gooroom-integration-applet	UNKNOWN STEP	2026-08-17T14:29:55.7552557Z I: Retrieving tar 1.34+dfsg-1
Compare gooroom-integration-applet	UNKNOWN STEP	2026-08-17T14:29:56.1476657Z I: Validating tar 1.34+dfsg-1
Compare gooroom-integration-applet	UNKNOWN STEP	2026-08-17T14:29:56.1597044Z I: Retrieving tzdata 2021a-1+deb11u10
Compare gooroom-integration-applet	UNKNOWN STEP	2026-08-17T14:29:56.5092686Z I: Validating tzdata 2021a-1+deb11u10
Compare gooroom-integration-applet	UNKNOWN STEP	2026-08-17T14:29:56.5204839Z I: Retrieving util-linux 2.36.1-8+deb11u1
Compare gooroom-integration-applet	UNKNOWN STEP	2026-08-17T14:29:57.2244296Z I: Validating util-linux 2.36.1-8+deb11u1
Compare gooroom-integration-applet	UNKNOWN STEP	2026-08-17T14:29:57.2365617Z I: Retrieving zlib1g 1:1.2.11.dfsg-2+deb11u2
Compare gooroom-integration-applet	UNKNOWN STEP	2026-08-17T14:29:57.8816253Z I: Validating zlib1g 1:1.2.11.dfsg-2+deb11u2
Compare gooroom-integration-applet	UNKNOWN STEP	2026-08-17T14:29:57.8938973Z I: Chosen extractor for .deb packages: dpkg-deb
Compare gooroom-integration-applet	UNKNOWN STEP	2026-08-17T14:29:57.9121226Z I: Extracting adduser...
Compare gooroom-integration-applet	UNKNOWN STEP	2026-08-17T14:29:57.9330829Z I: Extracting apt...
Compare gooroom-integration-applet	UNKNOWN STEP	2026-08-17T14:29:58.0268550Z I: Extracting base-files...
Compare gooroom-integration-applet	UNKNOWN STEP	2026-08-17T14:29:58.0351579Z I: Extracting base-passwd...
Compare gooroom-integration-applet	UNKNOWN STEP	2026-08-17T14:29:58.0423120Z I: Extracting bash...
Compare gooroom-integration-applet	UNKNOWN STEP	2026-08-17T14:29:58.1269296Z I: Extracting bsdutils...
Compare gooroom-integration-applet	UNKNOWN STEP	2026-08-17T14:29:58.1368482Z I: Extracting coreutils...
Compare gooroom-integration-applet	UNKNOWN STEP	2026-08-17T14:29:58.3047982Z I: Extracting dash...
Compare gooroom-integration-applet	UNKNOWN STEP	2026-08-17T14:29:58.3156223Z I: Extracting debconf...
Compare gooroom-integration-applet	UNKNOWN STEP	2026-08-17T14:29:58.3276151Z I: Extracting debian-archive-keyring...
Compare gooroom-integration-applet	UNKNOWN STEP	2026-08-17T14:29:58.3385574Z I: Extracting debianutils...
Compare gooroom-integration-applet	UNKNOWN STEP	2026-08-17T14:29:58.3495041Z I: Extracting diffutils...
Compare gooroom-integration-applet	UNKNOWN STEP	2026-08-17T14:29:58.3782597Z I: Extracting dpkg...
Compare gooroom-integration-applet	UNKNOWN STEP	2026-08-17T14:29:58.4773584Z I: Extracting e2fsprogs...
Compare gooroom-integration-applet	UNKNOWN STEP	2026-08-17T14:29:58.5177665Z I: Extracting findutils...
Compare gooroom-integration-applet	UNKNOWN STEP	2026-08-17T14:29:58.5569697Z I: Extracting gcc-10-base...
Compare gooroom-integration-applet	UNKNOWN STEP	2026-08-17T14:29:58.5657938Z I: Extracting gcc-9-base...
Compare gooroom-integration-applet	UNKNOWN STEP	2026-08-17T14:29:58.5745807Z I: Extracting gpgv...
Compare gooroom-integration-applet	UNKNOWN STEP	2026-08-17T14:29:58.5952822Z I: Extracting grep...
Compare gooroom-integration-applet	UNKNOWN STEP	2026-08-17T14:29:58.6176829Z I: Extracting gzip...
Compare gooroom-integration-applet	UNKNOWN STEP	2026-08-17T14:29:58.6304781Z I: Extracting hostname...
Compare gooroom-integration-applet	UNKNOWN STEP	2026-08-17T14:29:58.6355077Z I: Extracting init-system-helpers...
Compare gooroom-integration-applet	UNKNOWN STEP	2026-08-17T14:29:58.6421035Z I: Extracting libacl1...
Compare gooroom-integration-applet	UNKNOWN STEP	2026-08-17T14:29:58.6476234Z I: Extracting libapt-pkg6.0...
Compare gooroom-integration-applet	UNKNOWN STEP	2026-08-17T14:29:58.7059808Z I: Extracting libattr1...
Compare gooroom-integration-applet	UNKNOWN STEP	2026-08-17T14:29:58.7108800Z I: Extracting libaudit-common...
Compare gooroom-integration-applet	UNKNOWN STEP	2026-08-17T14:29:58.7155163Z I: Extracting libaudit1...
Compare gooroom-integration-applet	UNKNOWN STEP	2026-08-17T14:29:58.7225137Z I: Extracting libblkid1...
Compare gooroom-integration-applet	UNKNOWN STEP	2026-08-17T14:29:58.7347156Z I: Extracting libbz2-1.0...
Compare gooroom-integration-applet	UNKNOWN STEP	2026-08-17T14:29:58.7411492Z I: Extracting libc-bin...
Compare gooroom-integration-applet	UNKNOWN STEP	2026-08-17T14:29:58.7957165Z I: Extracting libc6...
Compare gooroom-integration-applet	UNKNOWN STEP	2026-08-17T14:29:58.9651283Z I: Extracting libcap-ng0...
Compare gooroom-integration-applet	UNKNOWN STEP	2026-08-17T14:29:58.9699520Z I: Extracting libcom-err2...
Compare gooroom-integration-applet	UNKNOWN STEP	2026-08-17T14:29:58.9785144Z I: Extracting libcrypt1...
Compare gooroom-integration-applet	UNKNOWN STEP	2026-08-17T14:29:58.9879454Z I: Extracting libdb5.3...
Compare gooroom-integration-applet	UNKNOWN STEP	2026-08-17T14:29:59.0344351Z I: Extracting libdebconfclient0...
Compare gooroom-integration-applet	UNKNOWN STEP	2026-08-17T14:29:59.0412376Z I: Extracting libext2fs2...
Compare gooroom-integration-applet	UNKNOWN STEP	2026-08-17T14:29:59.0574140Z I: Extracting libffi7...
Compare gooroom-integration-applet	UNKNOWN STEP	2026-08-17T14:29:59.0623604Z I: Extracting libgcc-s1...
Compare gooroom-integration-applet	UNKNOWN STEP	2026-08-17T14:29:59.0685265Z I: Extracting libgcrypt20...
Compare gooroom-integration-applet	UNKNOWN STEP	2026-08-17T14:29:59.1012270Z I: Extracting libgmp10...
Compare gooroom-integration-applet	UNKNOWN STEP	2026-08-17T14:29:59.1214905Z I: Extracting libgnutls30...
Compare gooroom-integration-applet	UNKNOWN STEP	2026-08-17T14:29:59.1912968Z I: Extracting libgpg-error0...
Compare gooroom-integration-applet	UNKNOWN STEP	2026-08-17T14:29:59.1997736Z I: Extracting libgssapi-krb5-2...
Compare gooroom-integration-applet	UNKNOWN STEP	2026-08-17T14:29:59.2139271Z I: Extracting libhogweed6...
Compare gooroom-integration-applet	UNKNOWN STEP	2026-08-17T14:29:59.2344702Z I: Extracting libidn2-0...
Compare gooroom-integration-applet	UNKNOWN STEP	2026-08-17T14:29:59.2451555Z I: Extracting libk5crypto3...
Compare gooroom-integration-applet	UNKNOWN STEP	2026-08-17T14:29:59.2561691Z I: Extracting libkeyutils1...
Compare gooroom-integration-applet	UNKNOWN STEP	2026-08-17T14:29:59.2608091Z I: Extracting libkrb5-3...
Compare gooroom-integration-applet	UNKNOWN STEP	2026-08-17T14:29:59.2882968Z I: Extracting libkrb5support0...
Compare gooroom-integration-applet	UNKNOWN STEP	2026-08-17T14:29:59.2962377Z I: Extracting liblz4-1...
Compare gooroom-integration-applet	UNKNOWN STEP	2026-08-17T14:29:59.3034188Z I: Extracting liblzma5...
Compare gooroom-integration-applet	UNKNOWN STEP	2026-08-17T14:29:59.3178152Z I: Extracting libmount1...
Compare gooroom-integration-applet	UNKNOWN STEP	2026-08-17T14:29:59.3346606Z I: Extracting libnettle8...
Compare gooroom-integration-applet	UNKNOWN STEP	2026-08-17T14:29:59.3521215Z I: Extracting libnsl2...
Compare gooroom-integration-applet	UNKNOWN STEP	2026-08-17T14:29:59.3582398Z I: Extracting libp11-kit0...
Compare gooroom-integration-applet	UNKNOWN STEP	2026-08-17T14:29:59.3774594Z I: Extracting libpam-modules...
Compare gooroom-integration-applet	UNKNOWN STEP	2026-08-17T14:29:59.4023140Z I: Extracting libpam-modules-bin...
Compare gooroom-integration-applet	UNKNOWN STEP	2026-08-17T14:29:59.4132258Z I: Extracting libpam-runtime...
Compare gooroom-integration-applet	UNKNOWN STEP	2026-08-17T14:29:59.4310579Z I: Extracting libpam0g...
Compare gooroom-integration-applet	UNKNOWN STEP	2026-08-17T14:29:59.4422052Z I: Extracting libpcre2-8-0...
Compare gooroom-integration-applet	UNKNOWN STEP	2026-08-17T14:29:59.4612971Z I: Extracting libpcre3...
Compare gooroom-integration-applet	UNKNOWN STEP	2026-08-17T14:29:59.4871375Z I: Extracting libseccomp2...
Compare gooroom-integration-applet	UNKNOWN STEP	2026-08-17T14:29:59.4941199Z I: Extracting libselinux1...
Compare gooroom-integration-applet	UNKNOWN STEP	2026-08-17T14:29:59.5031279Z I: Extracting libsemanage-common...
Compare gooroom-integration-applet	UNKNOWN STEP	2026-08-17T14:29:59.5082531Z I: Extracting libsemanage1...
Compare gooroom-integration-applet	UNKNOWN STEP	2026-08-17T14:29:59.5181776Z I: Extracting libsepol1...
Compare gooroom-integration-applet	UNKNOWN STEP	2026-08-17T14:29:59.5384976Z I: Extracting libsmartcols1...
Compare gooroom-integration-applet	UNKNOWN STEP	2026-08-17T14:29:59.5522181Z I: Extracting libss2...
Compare gooroom-integration-applet	UNKNOWN STEP	2026-08-17T14:29:59.5607454Z I: Extracting libssl1.1...
Compare gooroom-integration-applet	UNKNOWN STEP	2026-08-17T14:29:59.6468926Z I: Extracting libstdc++6...
Compare gooroom-integration-applet	UNKNOWN STEP	2026-08-17T14:29:59.6830353Z I: Extracting libsystemd0...
Compare gooroom-integration-applet	UNKNOWN STEP	2026-08-17T14:29:59.7064703Z I: Extracting libtasn1-6...
Compare gooroom-integration-applet	UNKNOWN STEP	2026-08-17T14:29:59.7134164Z I: Extracting libtinfo6...
Compare gooroom-integration-applet	UNKNOWN STEP	2026-08-17T14:29:59.7275367Z I: Extracting libtirpc-common...
Compare gooroom-integration-applet	UNKNOWN STEP	2026-08-17T14:29:59.7321253Z I: Extracting libtirpc3...
Compare gooroom-integration-applet	UNKNOWN STEP	2026-08-17T14:29:59.7409270Z I: Extracting libudev1...
Compare gooroom-integration-applet	UNKNOWN STEP	2026-08-17T14:29:59.7514236Z I: Extracting libunistring2...
Compare gooroom-integration-applet	UNKNOWN STEP	2026-08-17T14:29:59.7828219Z I: Extracting libuuid1...
Compare gooroom-integration-applet	UNKNOWN STEP	2026-08-17T14:29:59.7919086Z I: Extracting libxxhash0...
Compare gooroom-integration-applet	UNKNOWN STEP	2026-08-17T14:29:59.7972747Z I: Extracting libzstd1...
Compare gooroom-integration-applet	UNKNOWN STEP	2026-08-17T14:29:59.8206813Z I: Extracting login...
Compare gooroom-integration-applet	UNKNOWN STEP	2026-08-17T14:29:59.8609135Z I: Extracting logsave...
Compare gooroom-integration-applet	UNKNOWN STEP	2026-08-17T14:29:59.8692928Z I: Extracting lsb-base...
Compare gooroom-integration-applet	UNKNOWN STEP	2026-08-17T14:29:59.8749363Z I: Extracting mawk...
Compare gooroom-integration-applet	UNKNOWN STEP	2026-08-17T14:29:59.8856544Z I: Extracting mount...
Compare gooroom-integration-applet	UNKNOWN STEP	2026-08-17T14:29:59.9016023Z I: Extracting ncurses-base...
Compare gooroom-integration-applet	UNKNOWN STEP	2026-08-17T14:29:59.9112723Z I: Extracting ncurses-bin...
Compare gooroom-integration-applet	UNKNOWN STEP	2026-08-17T14:29:59.9311284Z I: Extracting passwd...
Compare gooroom-integration-applet	UNKNOWN STEP	2026-08-17T14:29:59.9921123Z I: Extracting perl-base...
Compare gooroom-integration-applet	UNKNOWN STEP	2026-08-17T14:30:00.1062841Z I: Extracting sed...
Compare gooroom-integration-applet	UNKNOWN STEP	2026-08-17T14:30:00.1314785Z I: Extracting sysvinit-utils...
Compare gooroom-integration-applet	UNKNOWN STEP	2026-08-17T14:30:00.1369422Z I: Extracting tar...
Compare gooroom-integration-applet	UNKNOWN STEP	2026-08-17T14:30:00.1882686Z I: Extracting tzdata...
Compare gooroom-integration-applet	UNKNOWN STEP	2026-08-17T14:30:00.2597536Z I: Extracting util-linux...
Compare gooroom-integration-applet	UNKNOWN STEP	2026-08-17T14:30:00.3400476Z I: Extracting zlib1g...
Compare gooroom-integration-applet	UNKNOWN STEP	2026-08-17T14:30:00.6430689Z I: Installing core packages...
Compare gooroom-integration-applet	UNKNOWN STEP	2026-08-17T14:30:01.7067993Z I: Unpacking required packages...
Compare gooroom-integration-applet	UNKNOWN STEP	2026-08-17T14:30:01.7347795Z I: Unpacking adduser...
Compare gooroom-integration-applet	UNKNOWN STEP	2026-08-17T14:30:01.7750863Z I: Unpacking apt...
Compare gooroom-integration-applet	UNKNOWN STEP	2026-08-17T14:30:01.9158426Z I: Unpacking base-files...
Compare gooroom-integration-applet	UNKNOWN STEP	2026-08-17T14:30:01.9397324Z I: Unpacking base-passwd...
Compare gooroom-integration-applet	UNKNOWN STEP	2026-08-17T14:30:01.9594312Z I: Unpacking bash...
Compare gooroom-integration-applet	UNKNOWN STEP	2026-08-17T14:30:02.0845722Z I: Unpacking bsdutils...
Compare gooroom-integration-applet	UNKNOWN STEP	2026-08-17T14:30:02.1050719Z I: Unpacking coreutils...
Compare gooroom-integration-applet	UNKNOWN STEP	2026-08-17T14:30:02.3724263Z I: Unpacking dash...
Compare gooroom-integration-applet	UNKNOWN STEP	2026-08-17T14:30:02.3950290Z I: Unpacking debconf...
Compare gooroom-integration-applet	UNKNOWN STEP	2026-08-17T14:30:02.4291631Z I: Unpacking debian-archive-keyring...
Compare gooroom-integration-applet	UNKNOWN STEP	2026-08-17T14:30:02.4775864Z I: Unpacking debianutils...
Compare gooroom-integration-applet	UNKNOWN STEP	2026-08-17T14:30:02.4995491Z I: Unpacking diffutils...
Compare gooroom-integration-applet	UNKNOWN STEP	2026-08-17T14:30:02.5415803Z I: Unpacking dpkg...
Compare gooroom-integration-applet	UNKNOWN STEP	2026-08-17T14:30:02.6725831Z I: Unpacking e2fsprogs...
Compare gooroom-integration-applet	UNKNOWN STEP	2026-08-17T14:30:02.7279423Z I: Unpacking findutils...
Compare gooroom-integration-applet	UNKNOWN STEP	2026-08-17T14:30:02.7799254Z I: Unpacking gcc-10-base:amd64...
Compare gooroom-integration-applet	UNKNOWN STEP	2026-08-17T14:30:02.7964152Z I: Unpacking gcc-9-base:amd64...
Compare gooroom-integration-applet	UNKNOWN STEP	2026-08-17T14:30:02.8126905Z I: Unpacking gpgv...
Compare gooroom-integration-applet	UNKNOWN STEP	2026-08-17T14:30:02.8426946Z I: Unpacking grep...
Compare gooroom-integration-applet	UNKNOWN STEP	2026-08-17T14:30:02.8800496Z I: Unpacking gzip...
Compare gooroom-integration-applet	UNKNOWN STEP	2026-08-17T14:30:02.9018178Z I: Unpacking hostname...
Compare gooroom-integration-applet	UNKNOWN STEP	2026-08-17T14:30:02.9140205Z I: Unpacking init-system-helpers...
Compare gooroom-integration-applet	UNKNOWN STEP	2026-08-17T14:30:02.9291575Z I: Unpacking libacl1:amd64...
Compare gooroom-integration-applet	UNKNOWN STEP	2026-08-17T14:30:02.9428861Z I: Unpacking libapt-pkg6.0:amd64...
Compare gooroom-integration-applet	UNKNOWN STEP	2026-08-17T14:30:03.0239621Z I: Unpacking libattr1:amd64...
Compare gooroom-integration-applet	UNKNOWN STEP	2026-08-17T14:30:03.0358751Z I: Unpacking libaudit-common...
Compare gooroom-integration-applet	UNKNOWN STEP	2026-08-17T14:30:03.0480833Z I: Unpacking libaudit1:amd64...
Compare gooroom-integration-applet	UNKNOWN STEP	2026-08-17T14:30:03.0632144Z I: Unpacking libblkid1:amd64...
Compare gooroom-integration-applet	UNKNOWN STEP	2026-08-17T14:30:03.0902976Z I: Unpacking libbz2-1.0:amd64...
Compare gooroom-integration-applet	UNKNOWN STEP	2026-08-17T14:30:03.1047061Z I: Unpacking libc-bin...
Compare gooroom-integration-applet	UNKNOWN STEP	2026-08-17T14:30:03.1945239Z I: Unpacking libc6:amd64...
Compare gooroom-integration-applet	UNKNOWN STEP	2026-08-17T14:30:03.5140618Z I: Unpacking libcap-ng0:amd64...
Compare gooroom-integration-applet	UNKNOWN STEP	2026-08-17T14:30:03.5262083Z I: Unpacking libcom-err2:amd64...
Compare gooroom-integration-applet	UNKNOWN STEP	2026-08-17T14:30:03.5422547Z I: Unpacking libcrypt1:amd64...
Compare gooroom-integration-applet	UNKNOWN STEP	2026-08-17T14:30:03.5594608Z I: Unpacking libdb5.3:amd64...
Compare gooroom-integration-applet	UNKNOWN STEP	2026-08-17T14:30:03.6176218Z I: Unpacking libdebconfclient0:amd64...
Compare gooroom-integration-applet	UNKNOWN STEP	2026-08-17T14:30:03.6323725Z I: Unpacking libext2fs2:amd64...
Compare gooroom-integration-applet	UNKNOWN STEP	2026-08-17T14:30:03.6577057Z I: Unpacking libffi7:amd64...
Compare gooroom-integration-applet	UNKNOWN STEP	2026-08-17T14:30:03.6703152Z I: Unpacking libgcc-s1:amd64...
Compare gooroom-integration-applet	UNKNOWN STEP	2026-08-17T14:30:03.6840828Z I: Unpacking libgcrypt20:amd64...
Compare gooroom-integration-applet	UNKNOWN STEP	2026-08-17T14:30:03.7289211Z I: Unpacking libgmp10:amd64...
Compare gooroom-integration-applet	UNKNOWN STEP	2026-08-17T14:30:03.7614636Z I: Unpacking libgnutls30:amd64...
Compare gooroom-integration-applet	UNKNOWN STEP	2026-08-17T14:30:03.8473675Z I: Unpacking libgpg-error0:amd64...
Compare gooroom-integration-applet	UNKNOWN STEP	2026-08-17T14:30:03.8650832Z I: Unpacking libgssapi-krb5-2:amd64...
Compare gooroom-integration-applet	UNKNOWN STEP	2026-08-17T14:30:03.8880879Z I: Unpacking libhogweed6:amd64...
Compare gooroom-integration-applet	UNKNOWN STEP	2026-08-17T14:30:03.9205016Z I: Unpacking libidn2-0:amd64...
Compare gooroom-integration-applet	UNKNOWN STEP	2026-08-17T14:30:03.9435878Z I: Unpacking libk5crypto3:amd64...
Compare gooroom-integration-applet	UNKNOWN STEP	2026-08-17T14:30:03.9630135Z I: Unpacking libkeyutils1:amd64...
Compare gooroom-integration-applet	UNKNOWN STEP	2026-08-17T14:30:03.9753598Z I: Unpacking libkrb5-3:amd64...
Compare gooroom-integration-applet	UNKNOWN STEP	2026-08-17T14:30:04.0146160Z I: Unpacking libkrb5support0:amd64...
Compare gooroom-integration-applet	UNKNOWN STEP	2026-08-17T14:30:04.0309107Z I: Unpacking liblz4-1:amd64...
Compare gooroom-integration-applet	UNKNOWN STEP	2026-08-17T14:30:04.0468614Z I: Unpacking liblzma5:amd64...
Compare gooroom-integration-applet	UNKNOWN STEP	2026-08-17T14:30:04.0711006Z I: Unpacking libmount1:amd64...
Compare gooroom-integration-applet	UNKNOWN STEP	2026-08-17T14:30:04.0979910Z I: Unpacking libnettle8:amd64...
Compare gooroom-integration-applet	UNKNOWN STEP	2026-08-17T14:30:04.1248772Z I: Unpacking libnsl2:amd64...
Compare gooroom-integration-applet	UNKNOWN STEP	2026-08-17T14:30:04.1403852Z I: Unpacking libp11-kit0:amd64...
Compare gooroom-integration-applet	UNKNOWN STEP	2026-08-17T14:30:04.1749799Z I: Unpacking libpam-modules:amd64...
Compare gooroom-integration-applet	UNKNOWN STEP	2026-08-17T14:30:04.2641498Z I: Unpacking libpam-modules-bin...
Compare gooroom-integration-applet	UNKNOWN STEP	2026-08-17T14:30:04.2846685Z I: Unpacking libpam-runtime...
Compare gooroom-integration-applet	UNKNOWN STEP	2026-08-17T14:30:04.3253755Z I: Unpacking libpam0g:amd64...
Compare gooroom-integration-applet	UNKNOWN STEP	2026-08-17T14:30:04.3469508Z I: Unpacking libpcre2-8-0:amd64...
Compare gooroom-integration-applet	UNKNOWN STEP	2026-08-17T14:30:04.3778472Z I: Unpacking libpcre3:amd64...
Compare gooroom-integration-applet	UNKNOWN STEP	2026-08-17T14:30:04.4171397Z I: Unpacking libseccomp2:amd64...
Compare gooroom-integration-applet	UNKNOWN STEP	2026-08-17T14:30:04.4323176Z I: Unpacking libselinux1:amd64...
Compare gooroom-integration-applet	UNKNOWN STEP	2026-08-17T14:30:04.4497248Z I: Unpacking libsemanage-common...
Compare gooroom-integration-applet	UNKNOWN STEP	2026-08-17T14:30:04.4632433Z I: Unpacking libsemanage1:amd64...
Compare gooroom-integration-applet	UNKNOWN STEP	2026-08-17T14:30:04.4818131Z I: Unpacking libsepol1:amd64...
Compare gooroom-integration-applet	UNKNOWN STEP	2026-08-17T14:30:04.5134094Z I: Unpacking libsmartcols1:amd64...
Compare gooroom-integration-applet	UNKNOWN STEP	2026-08-17T14:30:04.5370740Z I: Unpacking libss2:amd64...
Compare gooroom-integration-applet	UNKNOWN STEP	2026-08-17T14:30:04.5577525Z I: Unpacking libssl1.1:amd64...
Compare gooroom-integration-applet	UNKNOWN STEP	2026-08-17T14:30:04.6630861Z I: Unpacking libstdc++6:amd64...
Compare gooroom-integration-applet	UNKNOWN STEP	2026-08-17T14:30:04.7104946Z I: Unpacking libsystemd0:amd64...
Compare gooroom-integration-applet	UNKNOWN STEP	2026-08-17T14:30:04.7441239Z I: Unpacking libtasn1-6:amd64...
Compare gooroom-integration-applet	UNKNOWN STEP	2026-08-17T14:30:04.7598229Z I: Unpacking libtinfo6:amd64...
Compare gooroom-integration-applet	UNKNOWN STEP	2026-08-17T14:30:04.7835435Z I: Unpacking libtirpc-common...
Compare gooroom-integration-applet	UNKNOWN STEP	2026-08-17T14:30:04.7963755Z I: Unpacking libtirpc3:amd64...
Compare gooroom-integration-applet	UNKNOWN STEP	2026-08-17T14:30:04.8136400Z I: Unpacking libudev1:amd64...
Compare gooroom-integration-applet	UNKNOWN STEP	2026-08-17T14:30:04.8335536Z I: Unpacking libunistring2:amd64...
Compare gooroom-integration-applet	UNKNOWN STEP	2026-08-17T14:30:04.8758497Z I: Unpacking libuuid1:amd64...
Compare gooroom-integration-applet	UNKNOWN STEP	2026-08-17T14:30:04.8938149Z I: Unpacking libxxhash0:amd64...
Compare gooroom-integration-applet	UNKNOWN STEP	2026-08-17T14:30:04.9152065Z I: Unpacking libzstd1:amd64...
Compare gooroom-integration-applet	UNKNOWN STEP	2026-08-17T14:30:04.9519328Z I: Unpacking login...
Compare gooroom-integration-applet	UNKNOWN STEP	2026-08-17T14:30:05.0176146Z I: Unpacking logsave...
Compare gooroom-integration-applet	UNKNOWN STEP	2026-08-17T14:30:05.0333123Z I: Unpacking lsb-base...
Compare gooroom-integration-applet	UNKNOWN STEP	2026-08-17T14:30:05.0481377Z I: Unpacking mawk...
Compare gooroom-integration-applet	UNKNOWN STEP	2026-08-17T14:30:05.0679459Z I: Unpacking mount...
Compare gooroom-integration-applet	UNKNOWN STEP	2026-08-17T14:30:05.0936644Z I: Unpacking ncurses-base...
Compare gooroom-integration-applet	UNKNOWN STEP	2026-08-17T14:30:05.1164990Z I: Unpacking ncurses-bin...
Compare gooroom-integration-applet	UNKNOWN STEP	2026-08-17T14:30:05.1479675Z I: Unpacking passwd...
Compare gooroom-integration-applet	UNKNOWN STEP	2026-08-17T14:30:05.2530407Z I: Unpacking perl-base...
Compare gooroom-integration-applet	UNKNOWN STEP	2026-08-17T14:30:05.4759645Z I: Unpacking sed...
Compare gooroom-integration-applet	UNKNOWN STEP	2026-08-17T14:30:05.5130685Z I: Unpacking sysvinit-utils...
Compare gooroom-integration-applet	UNKNOWN STEP	2026-08-17T14:30:05.5270402Z I: Unpacking tar...
Compare gooroom-integration-applet	UNKNOWN STEP	2026-08-17T14:30:05.5988916Z I: Unpacking tzdata...
Compare gooroom-integration-applet	UNKNOWN STEP	2026-08-17T14:30:05.8973535Z I: Unpacking util-linux...
Compare gooroom-integration-applet	UNKNOWN STEP	2026-08-17T14:30:06.0144422Z I: Unpacking zlib1g:amd64...
Compare gooroom-integration-applet	UNKNOWN STEP	2026-08-17T14:30:06.0317970Z I: Configuring required packages...
Compare gooroom-integration-applet	UNKNOWN STEP	2026-08-17T14:30:06.0398184Z I: Configuring lsb-base...
Compare gooroom-integration-applet	UNKNOWN STEP	2026-08-17T14:30:06.0427727Z I: Configuring libtirpc-common...
Compare gooroom-integration-applet	UNKNOWN STEP	2026-08-17T14:30:06.0509523Z I: Configuring debian-archive-keyring...
Compare gooroom-integration-applet	UNKNOWN STEP	2026-08-17T14:30:06.0834573Z I: Configuring libaudit-common...
Compare gooroom-integration-applet	UNKNOWN STEP	2026-08-17T14:30:06.0860444Z I: Configuring libsemanage-common...
Compare gooroom-integration-applet	UNKNOWN STEP	2026-08-17T14:30:06.0879771Z I: Configuring gcc-10-base:amd64...
Compare gooroom-integration-applet	UNKNOWN STEP	2026-08-17T14:30:06.0911589Z I: Configuring ncurses-base...
Compare gooroom-integration-applet	UNKNOWN STEP	2026-08-17T14:30:06.0929898Z I: Configuring gcc-9-base:amd64...
Compare gooroom-integration-applet	UNKNOWN STEP	2026-08-17T14:30:06.0965045Z I: Configuring libcrypt1:amd64...
Compare gooroom-integration-applet	UNKNOWN STEP	2026-08-17T14:30:06.0988781Z I: Configuring libgcc-s1:amd64...
Compare gooroom-integration-applet	UNKNOWN STEP	2026-08-17T14:30:06.1030629Z I: Configuring libc6:amd64...
Compare gooroom-integration-applet	UNKNOWN STEP	2026-08-17T14:30:06.1722386Z I: Configuring libudev1:amd64...
Compare gooroom-integration-applet	UNKNOWN STEP	2026-08-17T14:30:06.1740130Z I: Configuring libsepol1:amd64...
Compare gooroom-integration-applet	UNKNOWN STEP	2026-08-17T14:30:06.1763350Z I: Configuring libxxhash0:amd64...
Compare gooroom-integration-applet	UNKNOWN STEP	2026-08-17T14:30:06.1788596Z I: Configuring libattr1:amd64...
Compare gooroom-integration-applet	UNKNOWN STEP	2026-08-17T14:30:06.1808276Z I: Configuring sysvinit-utils...
Compare gooroom-integration-applet	UNKNOWN STEP	2026-08-17T14:30:06.1828164Z I: Configuring libtasn1-6:amd64...
Compare gooroom-integration-applet	UNKNOWN STEP	2026-08-17T14:30:06.1846869Z I: Configuring debianutils...
Compare gooroom-integration-applet	UNKNOWN STEP	2026-08-17T14:30:06.1888044Z I: Configuring mawk...
Compare gooroom-integration-applet	UNKNOWN STEP	2026-08-17T14:30:06.1928233Z I: Configuring libdebconfclient0:amd64...
Compare gooroom-integration-applet	UNKNOWN STEP	2026-08-17T14:30:06.1985709Z I: Configuring base-files...
Compare gooroom-integration-applet	UNKNOWN STEP	2026-08-17T14:30:06.2068916Z I: Configuring libbz2-1.0:amd64...
Compare gooroom-integration-applet	UNKNOWN STEP	2026-08-17T14:30:06.2088075Z I: Configuring base-passwd...
Compare gooroom-integration-applet	UNKNOWN STEP	2026-08-17T14:30:06.2659847Z I: Configuring libdb5.3:amd64...
Compare gooroom-integration-applet	UNKNOWN STEP	2026-08-17T14:30:06.2678578Z I: Configuring libblkid1:amd64...
Compare gooroom-integration-applet	UNKNOWN STEP	2026-08-17T14:30:06.2697501Z I: Configuring libstdc++6:amd64...
Compare gooroom-integration-applet	UNKNOWN STEP	2026-08-17T14:30:06.2716488Z I: Configuring libtinfo6:amd64...
Compare gooroom-integration-applet	UNKNOWN STEP	2026-08-17T14:30:06.2764648Z I: Configuring bash...
Compare gooroom-integration-applet	UNKNOWN STEP	2026-08-17T14:30:06.2995804Z I: Configuring libzstd1:amd64...
Compare gooroom-integration-applet	UNKNOWN STEP	2026-08-17T14:30:06.3018963Z I: Configuring libkeyutils1:amd64...
Compare gooroom-integration-applet	UNKNOWN STEP	2026-08-17T14:30:06.3040416Z I: Configuring liblzma5:amd64...
Compare gooroom-integration-applet	UNKNOWN STEP	2026-08-17T14:30:06.3058103Z I: Configuring libgpg-error0:amd64...
Compare gooroom-integration-applet	UNKNOWN STEP	2026-08-17T14:30:06.3076697Z I: Configuring liblz4-1:amd64...
Compare gooroom-integration-applet	UNKNOWN STEP	2026-08-17T14:30:06.3130503Z I: Configuring libc-bin...
Compare gooroom-integration-applet	UNKNOWN STEP	2026-08-17T14:30:06.3218095Z I: Configuring ncurses-bin...
Compare gooroom-integration-applet	UNKNOWN STEP	2026-08-17T14:30:06.3243853Z I: Configuring libffi7:amd64...
Compare gooroom-integration-applet	UNKNOWN STEP	2026-08-17T14:30:06.3264539Z I: Configuring libacl1:amd64...
Compare gooroom-integration-applet	UNKNOWN STEP	2026-08-17T14:30:06.3283738Z I: Configuring libunistring2:amd64...
Compare gooroom-integration-applet	UNKNOWN STEP	2026-08-17T14:30:06.3302906Z I: Configuring libsmartcols1:amd64...
Compare gooroom-integration-applet	UNKNOWN STEP	2026-08-17T14:30:06.3324450Z I: Configuring libgcrypt20:amd64...
Compare gooroom-integration-applet	UNKNOWN STEP	2026-08-17T14:30:06.3348144Z I: Configuring zlib1g:amd64...
Compare gooroom-integration-applet	UNKNOWN STEP	2026-08-17T14:30:06.3367528Z I: Configuring libidn2-0:amd64...
Compare gooroom-integration-applet	UNKNOWN STEP	2026-08-17T14:30:06.3385951Z I: Configuring libcom-err2:amd64...
Compare gooroom-integration-applet	UNKNOWN STEP	2026-08-17T14:30:06.3405935Z I: Configuring diffutils...
Compare gooroom-integration-applet	UNKNOWN STEP	2026-08-17T14:30:06.3432296Z I: Configuring libseccomp2:amd64...
Compare gooroom-integration-applet	UNKNOWN STEP	2026-08-17T14:30:06.3452604Z I: Configuring libsystemd0:amd64...
Compare gooroom-integration-applet	UNKNOWN STEP	2026-08-17T14:30:06.3474053Z I: Configuring libkrb5support0:amd64...
Compare gooroom-integration-applet	UNKNOWN STEP	2026-08-17T14:30:06.3494519Z I: Configuring hostname...
Compare gooroom-integration-applet	UNKNOWN STEP	2026-08-17T14:30:06.3514271Z I: Configuring libpcre3:amd64...
Compare gooroom-integration-applet	UNKNOWN STEP	2026-08-17T14:30:06.3536271Z I: Configuring libcap-ng0:amd64...
Compare gooroom-integration-applet	UNKNOWN STEP	2026-08-17T14:30:06.3556372Z I: Configuring libext2fs2:amd64...
Compare gooroom-integration-applet	UNKNOWN STEP	2026-08-17T14:30:06.3579387Z I: Configuring libnettle8:amd64...
Compare gooroom-integration-applet	UNKNOWN STEP	2026-08-17T14:30:06.3598740Z I: Configuring libapt-pkg6.0:amd64...
Compare gooroom-integration-applet	UNKNOWN STEP	2026-08-17T14:30:06.3620384Z I: Configuring libgmp10:amd64...
Compare gooroom-integration-applet	UNKNOWN STEP	2026-08-17T14:30:06.3641587Z I: Configuring libp11-kit0:amd64...
Compare gooroom-integration-applet	UNKNOWN STEP	2026-08-17T14:30:06.3660398Z I: Configuring libaudit1:amd64...
Compare gooroom-integration-applet	UNKNOWN STEP	2026-08-17T14:30:06.3681101Z I: Configuring libuuid1:amd64...
Compare gooroom-integration-applet	UNKNOWN STEP	2026-08-17T14:30:06.3699868Z I: Configuring libss2:amd64...
Compare gooroom-integration-applet	UNKNOWN STEP	2026-08-17T14:30:06.3719636Z I: Configuring libpcre2-8-0:amd64...
Compare gooroom-integration-applet	UNKNOWN STEP	2026-08-17T14:30:06.3742407Z I: Configuring libk5crypto3:amd64...
Compare gooroom-integration-applet	UNKNOWN STEP	2026-08-17T14:30:06.3762714Z I: Configuring logsave...
Compare gooroom-integration-applet	UNKNOWN STEP	2026-08-17T14:30:06.3784834Z I: Configuring gpgv...
Compare gooroom-integration-applet	UNKNOWN STEP	2026-08-17T14:30:06.3811218Z I: Configuring libhogweed6:amd64...
Compare gooroom-integration-applet	UNKNOWN STEP	2026-08-17T14:30:06.3831897Z I: Configuring bsdutils...
Compare gooroom-integration-applet	UNKNOWN STEP	2026-08-17T14:30:06.3875235Z I: Configuring e2fsprogs...
Compare gooroom-integration-applet	UNKNOWN STEP	2026-08-17T14:30:06.5643836Z I: Configuring libselinux1:amd64...
Compare gooroom-integration-applet	UNKNOWN STEP	2026-08-17T14:30:06.5669496Z I: Configuring libgnutls30:amd64...
Compare gooroom-integration-applet	UNKNOWN STEP	2026-08-17T14:30:06.5694258Z I: Configuring sed...
Compare gooroom-integration-applet	UNKNOWN STEP	2026-08-17T14:30:06.5717982Z I: Configuring findutils...
Compare gooroom-integration-applet	UNKNOWN STEP	2026-08-17T14:30:06.5739265Z I: Configuring libmount1:amd64...
Compare gooroom-integration-applet	UNKNOWN STEP	2026-08-17T14:30:06.5764516Z I: Configuring libsemanage1:amd64...
Compare gooroom-integration-applet	UNKNOWN STEP	2026-08-17T14:30:06.5790387Z I: Configuring tar...
Compare gooroom-integration-applet	UNKNOWN STEP	2026-08-17T14:30:06.5901288Z I: Configuring coreutils...
Compare gooroom-integration-applet	UNKNOWN STEP	2026-08-17T14:30:06.5973764Z I: Configuring dpkg...
Compare gooroom-integration-applet	UNKNOWN STEP	2026-08-17T14:30:06.5999586Z I: Configuring grep...
Compare gooroom-integration-applet	UNKNOWN STEP	2026-08-17T14:30:06.6020075Z I: Configuring perl-base...
Compare gooroom-integration-applet	UNKNOWN STEP	2026-08-17T14:30:06.6079083Z I: Configuring init-system-helpers...
Compare gooroom-integration-applet	UNKNOWN STEP	2026-08-17T14:30:06.6098632Z I: Configuring gzip...
Compare gooroom-integration-applet	UNKNOWN STEP	2026-08-17T14:30:06.6140295Z I: Configuring debconf...
Compare gooroom-integration-applet	UNKNOWN STEP	2026-08-17T14:30:06.6793834Z I: Configuring tzdata...
Compare gooroom-integration-applet	UNKNOWN STEP	2026-08-17T14:30:06.7576245Z I: Configuring libpam0g:amd64...
Compare gooroom-integration-applet	UNKNOWN STEP	2026-08-17T14:30:06.8123681Z I: Configuring dash...
Compare gooroom-integration-applet	UNKNOWN STEP	2026-08-17T14:30:06.9130233Z I: Configuring libssl1.1:amd64...
Compare gooroom-integration-applet	UNKNOWN STEP	2026-08-17T14:30:06.9679554Z I: Configuring libpam-modules-bin...
Compare gooroom-integration-applet	UNKNOWN STEP	2026-08-17T14:30:06.9699666Z I: Configuring libkrb5-3:amd64...
Compare gooroom-integration-applet	UNKNOWN STEP	2026-08-17T14:30:06.9723329Z I: Configuring libgssapi-krb5-2:amd64...
Compare gooroom-integration-applet	UNKNOWN STEP	2026-08-17T14:30:06.9756370Z I: Configuring libtirpc3:amd64...
Compare gooroom-integration-applet	UNKNOWN STEP	2026-08-17T14:30:06.9777364Z I: Configuring libnsl2:amd64...
Compare gooroom-integration-applet	UNKNOWN STEP	2026-08-17T14:30:06.9855567Z I: Configuring libpam-modules:amd64...
Compare gooroom-integration-applet	UNKNOWN STEP	2026-08-17T14:30:06.9952287Z I: Configuring passwd...
Compare gooroom-integration-applet	UNKNOWN STEP	2026-08-17T14:30:07.0198505Z I: Configuring libpam-runtime...
Compare gooroom-integration-applet	UNKNOWN STEP	2026-08-17T14:30:07.0963509Z I: Configuring login...
Compare gooroom-integration-applet	UNKNOWN STEP	2026-08-17T14:30:07.1087024Z I: Configuring adduser...
Compare gooroom-integration-applet	UNKNOWN STEP	2026-08-17T14:30:07.1734227Z I: Configuring apt...
Compare gooroom-integration-applet	UNKNOWN STEP	2026-08-17T14:30:07.3936204Z I: Configuring util-linux...
Compare gooroom-integration-applet	UNKNOWN STEP	2026-08-17T14:30:07.4907381Z I: Configuring mount...
Compare gooroom-integration-applet	UNKNOWN STEP	2026-08-17T14:30:07.4922308Z I: Configuring libc-bin...
Compare gooroom-integration-applet	UNKNOWN STEP	2026-08-17T14:30:07.5017555Z I: Unpacking the base system...
Compare gooroom-integration-applet	UNKNOWN STEP	2026-08-17T14:30:07.8224029Z I: Unpacking ca-certificates...
Compare gooroom-integration-applet	UNKNOWN STEP	2026-08-17T14:30:07.8561960Z I: Unpacking openssl...
Compare gooroom-integration-applet	UNKNOWN STEP	2026-08-17T14:30:07.9248827Z I: Configuring the base system...
Compare gooroom-integration-applet	UNKNOWN STEP	2026-08-17T14:30:07.9296152Z I: Configuring openssl...
Compare gooroom-integration-applet	UNKNOWN STEP	2026-08-17T14:30:07.9322481Z I: Configuring ca-certificates...
Compare gooroom-integration-applet	UNKNOWN STEP	2026-08-17T14:30:08.8225246Z I: Configuring ca-certificates...
Compare gooroom-integration-applet	UNKNOWN STEP	2026-08-17T14:30:09.2250638Z I: Base system installed successfully.
Compare gooroom-integration-applet	UNKNOWN STEP	2026-08-17T14:30:09.2620440Z + printf '%s\n' 'deb [check-valid-until=no] https://snapshot.debian.org/archive/debian/20230730T235959Z bullseye main'
Compare gooroom-integration-applet	UNKNOWN STEP	2026-08-17T14:30:09.2621881Z + sudo tee /home/runner/work/hancom-gooroom-archive/hancom-gooroom-archive/work/gooroom-integration-applet/build/rootfs/etc/apt/sources.list
Compare gooroom-integration-applet	UNKNOWN STEP	2026-08-17T14:30:09.2710524Z + printf '%s\n' 'Acquire::Check-Valid-Until "false";' 'Acquire::Retries "5";' 'Dpkg::Use-Pty "0";'
Compare gooroom-integration-applet	UNKNOWN STEP	2026-08-17T14:30:09.2711877Z + sudo tee /home/runner/work/hancom-gooroom-archive/hancom-gooroom-archive/work/gooroom-integration-applet/build/rootfs/etc/apt/apt.conf.d/99snapshot
Compare gooroom-integration-applet	UNKNOWN STEP	2026-08-17T14:30:09.2783310Z + sudo mkdir -p /home/runner/work/hancom-gooroom-archive/hancom-gooroom-archive/work/gooroom-integration-applet/build/rootfs/build/source
Compare gooroom-integration-applet	UNKNOWN STEP	2026-08-17T14:30:09.2866579Z + sudo tar -xf /home/runner/work/hancom-gooroom-archive/hancom-gooroom-archive/work/gooroom-integration-applet/source-authority/reconstructed-source.tar -C /home/runner/work/hancom-gooroom-archive/hancom-gooroom-archive/work/gooroom-integration-applet/build/rootfs/build/source
Compare gooroom-integration-applet	UNKNOWN STEP	2026-08-17T14:30:09.2997012Z + sudo chroot /home/runner/work/hancom-gooroom-archive/hancom-gooroom-archive/work/gooroom-integration-applet/build/rootfs /bin/bash -euxo pipefail -c '
Compare gooroom-integration-applet	UNKNOWN STEP	2026-08-17T14:30:09.2998160Z   export DEBIAN_FRONTEND=noninteractive
Compare gooroom-integration-applet	UNKNOWN STEP	2026-08-17T14:30:09.2998579Z   export DEB_BUILD_OPTIONS=nocheck
Compare gooroom-integration-applet	UNKNOWN STEP	2026-08-17T14:30:09.2998968Z   export LC_ALL=C.UTF-8
Compare gooroom-integration-applet	UNKNOWN STEP	2026-08-17T14:30:09.2999295Z   apt-get update
Compare gooroom-integration-applet	UNKNOWN STEP	2026-08-17T14:30:09.2999664Z   apt-get install -y --no-install-recommends \
Compare gooroom-integration-applet	UNKNOWN STEP	2026-08-17T14:30:09.3000181Z     build-essential devscripts dpkg-dev equivs git
Compare gooroom-integration-applet	UNKNOWN STEP	2026-08-17T14:30:09.3000626Z   cd /build/source
Compare gooroom-integration-applet	UNKNOWN STEP	2026-08-17T14:30:09.3000964Z   mk-build-deps --install --remove \
Compare gooroom-integration-applet	UNKNOWN STEP	2026-08-17T14:30:09.3001446Z     --tool "apt-get -y --no-install-recommends" debian/control
Compare gooroom-integration-applet	UNKNOWN STEP	2026-08-17T14:30:09.3002125Z   dpkg-buildpackage -us -uc -b -j2
Compare gooroom-integration-applet	UNKNOWN STEP	2026-08-17T14:30:09.3002491Z '
Compare gooroom-integration-applet	UNKNOWN STEP	2026-08-17T14:30:09.3003219Z + tee /home/runner/work/hancom-gooroom-archive/hancom-gooroom-archive/work/gooroom-integration-applet/build/build.log
Compare gooroom-integration-applet	UNKNOWN STEP	2026-08-17T14:30:09.3074023Z + export DEBIAN_FRONTEND=noninteractive
Compare gooroom-integration-applet	UNKNOWN STEP	2026-08-17T14:30:09.3074522Z + DEBIAN_FRONTEND=noninteractive
Compare gooroom-integration-applet	UNKNOWN STEP	2026-08-17T14:30:09.3074924Z + export DEB_BUILD_OPTIONS=nocheck
Compare gooroom-integration-applet	UNKNOWN STEP	2026-08-17T14:30:09.3075304Z + DEB_BUILD_OPTIONS=nocheck
Compare gooroom-integration-applet	UNKNOWN STEP	2026-08-17T14:30:09.3075604Z + export LC_ALL=C.UTF-8
Compare gooroom-integration-applet	UNKNOWN STEP	2026-08-17T14:30:09.3075820Z + LC_ALL=C.UTF-8
Compare gooroom-integration-applet	UNKNOWN STEP	2026-08-17T14:30:09.3076021Z + apt-get update
Compare gooroom-integration-applet	UNKNOWN STEP	2026-08-17T14:30:09.6793149Z Hit:1 https://snapshot.debian.org/archive/debian/20230730T235959Z bullseye InRelease
Compare gooroom-integration-applet	UNKNOWN STEP	2026-08-17T14:30:10.1039423Z Get:2 https://snapshot.debian.org/archive/debian/20230730T235959Z bullseye/main Translation-en [6240 kB]
Compare gooroom-integration-applet	UNKNOWN STEP	2026-08-17T14:30:11.1717114Z Fetched 6240 kB in 2s (3377 kB/s)
Compare gooroom-integration-applet	UNKNOWN STEP	2026-08-17T14:30:11.5153784Z Reading package lists...
Compare gooroom-integration-applet	UNKNOWN STEP	2026-08-17T14:30:11.5225885Z + apt-get install -y --no-install-recommends build-essential devscripts dpkg-dev equivs git
Compare gooroom-integration-applet	UNKNOWN STEP	2026-08-17T14:30:11.5355559Z Reading package lists...
Compare gooroom-integration-applet	UNKNOWN STEP	2026-08-17T14:30:11.6092907Z Building dependency tree...
Compare gooroom-integration-applet	UNKNOWN STEP	2026-08-17T14:30:11.7016077Z The following additional packages will be installed:
Compare gooroom-integration-applet	UNKNOWN STEP	2026-08-17T14:30:11.7016917Z   autoconf automake autopoint autotools-dev binutils binutils-common
Compare gooroom-integration-applet	UNKNOWN STEP	2026-08-17T14:30:11.7017727Z   binutils-x86-64-linux-gnu bsdextrautils bzip2 cpp cpp-10 debhelper
Compare gooroom-integration-applet	UNKNOWN STEP	2026-08-17T14:30:11.7018553Z   dh-autoreconf dh-strip-nondeterminism dirmngr dwz fakeroot file g++ g++-10
Compare gooroom-integration-applet	UNKNOWN STEP	2026-08-17T14:30:11.7019339Z   gcc gcc-10 gettext gettext-base git-man gnupg gnupg-l10n gnupg-utils gpg
Compare gooroom-integration-applet	UNKNOWN STEP	2026-08-17T14:30:11.7020076Z   gpg-agent gpg-wks-client gpg-wks-server gpgconf gpgsm groff-base
Compare gooroom-integration-applet	UNKNOWN STEP	2026-08-17T14:30:11.7020815Z   intltool-debian libarchive-zip-perl libasan6 libassuan0 libatomic1
Compare gooroom-integration-applet	UNKNOWN STEP	2026-08-17T14:30:11.7021609Z   libb-hooks-op-check-perl libbinutils libbrotli1 libc-dev-bin libc6-dev
Compare gooroom-integration-applet	UNKNOWN STEP	2026-08-17T14:30:11.7022472Z   libcc1-0 libclass-method-modifiers-perl libcrypt-dev libctf-nobfd0 libctf0
Compare gooroom-integration-applet	UNKNOWN STEP	2026-08-17T14:30:11.7023448Z   libcurl3-gnutls libdebhelper-perl libdevel-callchecker-perl libdpkg-perl
Compare gooroom-integration-applet	UNKNOWN STEP	2026-08-17T14:30:11.7024814Z   libdynaloader-functions-perl libelf1 libencode-locale-perl liberror-perl
Compare gooroom-integration-applet	UNKNOWN STEP	2026-08-17T14:30:11.7025597Z   libexpat1 libfakeroot libfile-dirlist-perl libfile-homedir-perl
Compare gooroom-integration-applet	UNKNOWN STEP	2026-08-17T14:30:11.7026373Z   libfile-listing-perl libfile-stripnondeterminism-perl libfile-touch-perl
Compare gooroom-integration-applet	UNKNOWN STEP	2026-08-17T14:30:11.7027172Z   libfile-which-perl libgcc-10-dev libgdbm-compat4 libgdbm6 libgomp1
Compare gooroom-integration-applet	UNKNOWN STEP	2026-08-17T14:30:11.7027794Z   libhtml-parser-perl libhtml-tagset-perl libhtml-tree-perl
Compare gooroom-integration-applet	UNKNOWN STEP	2026-08-17T14:30:11.7028458Z   libhttp-cookies-perl libhttp-date-perl libhttp-message-perl
Compare gooroom-integration-applet	UNKNOWN STEP	2026-08-17T14:30:11.7029170Z   libhttp-negotiate-perl libicu67 libimport-into-perl libio-html-perl
Compare gooroom-integration-applet	UNKNOWN STEP	2026-08-17T14:30:11.7029942Z   libio-pty-perl libio-socket-ssl-perl libipc-run-perl libisl23 libitm1
Compare gooroom-integration-applet	UNKNOWN STEP	2026-08-17T14:30:11.7030652Z   libksba8 libldap-2.4-2 liblsan0 liblwp-mediatypes-perl
Compare gooroom-integration-applet	UNKNOWN STEP	2026-08-17T14:30:11.7031582Z   liblwp-protocol-https-perl libmagic-mgc libmagic1 libmodule-runtime-perl
Compare gooroom-integration-applet	UNKNOWN STEP	2026-08-17T14:30:11.7032367Z   libmoo-perl libmpc3 libmpdec3 libmpfr6 libncursesw6 libnet-http-perl
Compare gooroom-integration-applet	UNKNOWN STEP	2026-08-17T14:30:11.7033169Z   libnet-ssleay-perl libnghttp2-14 libnpth0 libnsl-dev libparams-classify-perl
Compare gooroom-integration-applet	UNKNOWN STEP	2026-08-17T14:30:11.7034180Z   libperl5.32 libpipeline1 libpsl5 libpython3-stdlib libpython3.9-minimal
Compare gooroom-integration-applet	UNKNOWN STEP	2026-08-17T14:30:11.7034978Z   libpython3.9-stdlib libquadmath0 libreadline8 librole-tiny-perl librtmp1
Compare gooroom-integration-applet	UNKNOWN STEP	2026-08-17T14:30:11.7035730Z   libsasl2-2 libsasl2-modules-db libsigsegv2 libsqlite3-0 libssh2-1
Compare gooroom-integration-applet	UNKNOWN STEP	2026-08-17T14:30:11.7036496Z   libstdc++-10-dev libstrictures-perl libsub-override-perl libsub-quote-perl
Compare gooroom-integration-applet	UNKNOWN STEP	2026-08-17T14:30:11.7037337Z   libtimedate-perl libtirpc-dev libtool libtry-tiny-perl libtsan0 libubsan1
Compare gooroom-integration-applet	UNKNOWN STEP	2026-08-17T14:30:11.7038175Z   libuchardet0 liburi-perl libwww-perl libwww-robotrules-perl libxml2
Compare gooroom-integration-applet	UNKNOWN STEP	2026-08-17T14:30:11.7038947Z   linux-libc-dev m4 make man-db media-types netbase patch patchutils perl
Compare gooroom-integration-applet	UNKNOWN STEP	2026-08-17T14:30:11.7039749Z   perl-modules-5.32 perl-openssl-defaults pinentry-curses po-debconf python3
Compare gooroom-integration-applet	UNKNOWN STEP	2026-08-17T14:30:11.7040571Z   python3-minimal python3.9 python3.9-minimal readline-common sensible-utils
Compare gooroom-integration-applet	UNKNOWN STEP	2026-08-17T14:30:11.7041162Z   wdiff xz-utils
Compare gooroom-integration-applet	UNKNOWN STEP	2026-08-17T14:30:11.7041516Z Suggested packages:
Compare gooroom-integration-applet	UNKNOWN STEP	2026-08-17T14:30:11.7042086Z   autoconf-archive gnu-standards autoconf-doc binutils-doc bzip2-doc cpp-doc
Compare gooroom-integration-applet	UNKNOWN STEP	2026-08-17T14:30:11.7042735Z   gcc-10-locales dh-make adequate at autopkgtest bls-standalone bsd-mailx
Compare gooroom-integration-applet	UNKNOWN STEP	2026-08-17T14:30:11.7043380Z   | mailx check-all-the-things cvs-buildpackage devscripts-el diffoscope
Compare gooroom-integration-applet	UNKNOWN STEP	2026-08-17T14:30:11.7044143Z   disorderfs dose-extra duck faketime gnuplot how-can-i-help
Compare gooroom-integration-applet	UNKNOWN STEP	2026-08-17T14:30:11.7044809Z   libauthen-sasl-perl libdbd-pg-perl libfile-desktopentry-perl
Compare gooroom-integration-applet	UNKNOWN STEP	2026-08-17T14:30:11.7045436Z   libnet-smtps-perl libterm-size-perl libyaml-syck-perl mmdebstrap
Compare gooroom-integration-applet	UNKNOWN STEP	2026-08-17T14:30:11.7046144Z   mozilla-devscripts mutt piuparts postgresql-client pristine-lfs quilt ratt
Compare gooroom-integration-applet	UNKNOWN STEP	2026-08-17T14:30:11.7046902Z   reprotest ssh-client svn-buildpackage w3m dbus-user-session libpam-systemd
Compare gooroom-integration-applet	UNKNOWN STEP	2026-08-17T14:30:11.7047658Z   pinentry-gnome3 tor debian-keyring g++-multilib g++-10-multilib gcc-10-doc
Compare gooroom-integration-applet	UNKNOWN STEP	2026-08-17T14:30:11.7048397Z   gcc-multilib manpages-dev flex bison gdb gcc-doc gcc-10-multilib gettext-doc
Compare gooroom-integration-applet	UNKNOWN STEP	2026-08-17T14:30:11.7049116Z   libasprintf-dev libgettextpo-dev git-daemon-run | git-daemon-sysvinit
Compare gooroom-integration-applet	UNKNOWN STEP	2026-08-17T14:30:11.7049828Z   git-doc git-el git-email git-gui gitk gitweb git-cvs git-mediawiki git-svn
Compare gooroom-integration-applet	UNKNOWN STEP	2026-08-17T14:30:11.7050506Z   parcimonie xloadimage scdaemon groff glibc-doc bzr gdbm-l10n
Compare gooroom-integration-applet	UNKNOWN STEP	2026-08-17T14:30:11.7051141Z   libdata-dump-perl libcrypt-ssleay-perl libscalar-number-perl
Compare gooroom-integration-applet	UNKNOWN STEP	2026-08-17T14:30:11.7051776Z   libstdc++-10-doc libbareword-filehandles-perl libindirect-perl
Compare gooroom-integration-applet	UNKNOWN STEP	2026-08-17T14:30:11.7052542Z   libmultidimensional-perl libtool-doc gfortran | fortran95-compiler gcj-jdk
Compare gooroom-integration-applet	UNKNOWN STEP	2026-08-17T14:30:11.7053272Z   libauthen-ntlm-perl m4-doc make-doc apparmor less www-browser ed
Compare gooroom-integration-applet	UNKNOWN STEP	2026-08-17T14:30:11.7054163Z   diffutils-doc perl-doc libterm-readline-gnu-perl
Compare gooroom-integration-applet	UNKNOWN STEP	2026-08-17T14:30:11.7054800Z   | libterm-readline-perl-perl libtap-harness-archive-perl pinentry-doc
Compare gooroom-integration-applet	UNKNOWN STEP	2026-08-17T14:30:11.7055731Z   libmail-box-perl python3-doc python3-tk python3-venv python3.9-venv
Compare gooroom-integration-applet	UNKNOWN STEP	2026-08-17T14:30:11.7056359Z   python3.9-doc binfmt-support readline-doc wdiff-doc
Compare gooroom-integration-applet	UNKNOWN STEP	2026-08-17T14:30:11.7056830Z Recommended packages:
Compare gooroom-integration-applet	UNKNOWN STEP	2026-08-17T14:30:11.7057290Z   dctrl-tools dput | dupload libdistro-info-perl libgit-wrapper-perl
Compare gooroom-integration-applet	UNKNOWN STEP	2026-08-17T14:30:11.7057993Z   libgitlab-api-v4-perl liblist-compare-perl libstring-shellquote-perl
Compare gooroom-integration-applet	UNKNOWN STEP	2026-08-17T14:30:11.7058739Z   licensecheck lintian pristine-tar python3-apt python3-debian python3-magic
Compare gooroom-integration-applet	UNKNOWN STEP	2026-08-17T14:30:11.7059491Z   python3-requests python3-unidiff python3-xdg strace unzip wget | curl
Compare gooroom-integration-applet	UNKNOWN STEP	2026-08-17T14:30:11.7060246Z   debian-keyring libsoap-lite-perl libalgorithm-merge-perl curl | wget | lynx
Compare gooroom-integration-applet	UNKNOWN STEP	2026-08-17T14:30:11.7061014Z   less ssh-client manpages manpages-dev libc-devtools libfile-fcntllock-perl
Compare gooroom-integration-applet	UNKNOWN STEP	2026-08-17T14:30:11.7061929Z   liblocale-gettext-perl libarchive-cpio-perl libhtml-format-perl
Compare gooroom-integration-applet	UNKNOWN STEP	2026-08-17T14:30:11.7062559Z   libclone-perl libldap-common libclass-xsaccessor-perl
Compare gooroom-integration-applet	UNKNOWN STEP	2026-08-17T14:30:11.7063179Z   libnamespace-clean-perl libsub-name-perl libgpm2 publicsuffix
Compare gooroom-integration-applet	UNKNOWN STEP	2026-08-17T14:30:11.7063850Z   libsasl2-modules libltdl-dev libdata-dump-perl libhtml-form-perl
Compare gooroom-integration-applet	UNKNOWN STEP	2026-08-17T14:30:11.7064665Z   libhttp-daemon-perl libmailtools-perl libmail-sendmail-perl
Compare gooroom-integration-applet	UNKNOWN STEP	2026-08-17T14:30:11.7296954Z The following NEW packages will be installed:
Compare gooroom-integration-applet	UNKNOWN STEP	2026-08-17T14:30:11.7297607Z   autoconf automake autopoint autotools-dev binutils binutils-common
Compare gooroom-integration-applet	UNKNOWN STEP	2026-08-17T14:30:11.7298364Z   binutils-x86-64-linux-gnu bsdextrautils build-essential bzip2 cpp cpp-10
Compare gooroom-integration-applet	UNKNOWN STEP	2026-08-17T14:30:11.7299168Z   debhelper devscripts dh-autoreconf dh-strip-nondeterminism dirmngr dpkg-dev
Compare gooroom-integration-applet	UNKNOWN STEP	2026-08-17T14:30:11.7299927Z   dwz equivs fakeroot file g++ g++-10 gcc gcc-10 gettext gettext-base git
Compare gooroom-integration-applet	UNKNOWN STEP	2026-08-17T14:30:11.7300610Z   git-man gnupg gnupg-l10n gnupg-utils gpg gpg-agent gpg-wks-client
Compare gooroom-integration-applet	UNKNOWN STEP	2026-08-17T14:30:11.7301361Z   gpg-wks-server gpgconf gpgsm groff-base intltool-debian libarchive-zip-perl
Compare gooroom-integration-applet	UNKNOWN STEP	2026-08-17T14:30:11.7305178Z   libasan6 libassuan0 libatomic1 libb-hooks-op-check-perl libbinutils
Compare gooroom-integration-applet	UNKNOWN STEP	2026-08-17T14:30:11.7306111Z   libbrotli1 libc-dev-bin libc6-dev libcc1-0 libclass-method-modifiers-perl
Compare gooroom-integration-applet	UNKNOWN STEP	2026-08-17T14:30:11.7307008Z   libcrypt-dev libctf-nobfd0 libctf0 libcurl3-gnutls libdebhelper-perl
Compare gooroom-integration-applet	UNKNOWN STEP	2026-08-17T14:30:11.7307934Z   libdevel-callchecker-perl libdpkg-perl libdynaloader-functions-perl libelf1
Compare gooroom-integration-applet	UNKNOWN STEP	2026-08-17T14:30:11.7308824Z   libencode-locale-perl liberror-perl libexpat1 libfakeroot
Compare gooroom-integration-applet	UNKNOWN STEP	2026-08-17T14:30:11.7309549Z   libfile-dirlist-perl libfile-homedir-perl libfile-listing-perl
Compare gooroom-integration-applet	UNKNOWN STEP	2026-08-17T14:30:11.7310377Z   libfile-stripnondeterminism-perl libfile-touch-perl libfile-which-perl
Compare gooroom-integration-applet	UNKNOWN STEP	2026-08-17T14:30:11.7311214Z   libgcc-10-dev libgdbm-compat4 libgdbm6 libgomp1 libhtml-parser-perl
Compare gooroom-integration-applet	UNKNOWN STEP	2026-08-17T14:30:11.7312029Z   libhtml-tagset-perl libhtml-tree-perl libhttp-cookies-perl libhttp-date-perl
Compare gooroom-integration-applet	UNKNOWN STEP	2026-08-17T14:30:11.7312887Z   libhttp-message-perl libhttp-negotiate-perl libicu67 libimport-into-perl
Compare gooroom-integration-applet	UNKNOWN STEP	2026-08-17T14:30:11.7313691Z   libio-html-perl libio-pty-perl libio-socket-ssl-perl libipc-run-perl
Compare gooroom-integration-applet	UNKNOWN STEP	2026-08-17T14:30:11.7314713Z   libisl23 libitm1 libksba8 libldap-2.4-2 liblsan0 liblwp-mediatypes-perl
Compare gooroom-integration-applet	UNKNOWN STEP	2026-08-17T14:30:11.7315507Z   liblwp-protocol-https-perl libmagic-mgc libmagic1 libmodule-runtime-perl
Compare gooroom-integration-applet	UNKNOWN STEP	2026-08-17T14:30:11.7316278Z   libmoo-perl libmpc3 libmpdec3 libmpfr6 libncursesw6 libnet-http-perl
Compare gooroom-integration-applet	UNKNOWN STEP	2026-08-17T14:30:11.7317057Z   libnet-ssleay-perl libnghttp2-14 libnpth0 libnsl-dev libparams-classify-perl
Compare gooroom-integration-applet	UNKNOWN STEP	2026-08-17T14:30:11.7317849Z   libperl5.32 libpipeline1 libpsl5 libpython3-stdlib libpython3.9-minimal
Compare gooroom-integration-applet	UNKNOWN STEP	2026-08-17T14:30:11.7318610Z   libpython3.9-stdlib libquadmath0 libreadline8 librole-tiny-perl librtmp1
Compare gooroom-integration-applet	UNKNOWN STEP	2026-08-17T14:30:11.7319346Z   libsasl2-2 libsasl2-modules-db libsigsegv2 libsqlite3-0 libssh2-1
Compare gooroom-integration-applet	UNKNOWN STEP	2026-08-17T14:30:11.7320086Z   libstdc++-10-dev libstrictures-perl libsub-override-perl libsub-quote-perl
Compare gooroom-integration-applet	UNKNOWN STEP	2026-08-17T14:30:11.7320892Z   libtimedate-perl libtirpc-dev libtool libtry-tiny-perl libtsan0 libubsan1
Compare gooroom-integration-applet	UNKNOWN STEP	2026-08-17T14:30:11.7321914Z   libuchardet0 liburi-perl libwww-perl libwww-robotrules-perl libxml2
Compare gooroom-integration-applet	UNKNOWN STEP	2026-08-17T14:30:11.7322663Z   linux-libc-dev m4 make man-db media-types netbase patch patchutils perl
Compare gooroom-integration-applet	UNKNOWN STEP	2026-08-17T14:30:11.7323435Z   perl-modules-5.32 perl-openssl-defaults pinentry-curses po-debconf python3
Compare gooroom-integration-applet	UNKNOWN STEP	2026-08-17T14:30:11.7324387Z   python3-minimal python3.9 python3.9-minimal readline-common sensible-utils
Compare gooroom-integration-applet	UNKNOWN STEP	2026-08-17T14:30:11.7324972Z   wdiff xz-utils
Compare gooroom-integration-applet	UNKNOWN STEP	2026-08-17T14:31:00.7562903Z 0 upgraded, 160 newly installed, 0 to remove and 0 not upgraded.
Compare gooroom-integration-applet	UNKNOWN STEP	2026-08-17T14:31:00.7563485Z Need to get 114 MB of archives.
Compare gooroom-integration-applet	UNKNOWN STEP	2026-08-17T14:31:00.7563825Z After this operation, 432 MB of additional disk space will be used.
Compare gooroom-integration-applet	UNKNOWN STEP	2026-08-17T14:31:00.7564730Z Get:1 https://snapshot.debian.org/archive/debian/20230730T235959Z bullseye/main amd64 bsdextrautils amd64 2.36.1-8+deb11u1 [145 kB]
Compare gooroom-integration-applet	UNKNOWN STEP	2026-08-17T14:31:00.7669484Z Get:2 https://snapshot.debian.org/archive/debian/20230730T235959Z bullseye/main amd64 libuchardet0 amd64 0.0.7-1 [67.8 kB]
Compare gooroom-integration-applet	UNKNOWN STEP	2026-08-17T14:31:00.7675096Z Get:3 https://snapshot.debian.org/archive/debian/20230730T235959Z bullseye/main amd64 groff-base amd64 1.22.4-6 [936 kB]
Compare gooroom-integration-applet	UNKNOWN STEP	2026-08-17T14:31:00.7880335Z Get:4 https://snapshot.debian.org/archive/debian/20230730T235959Z bullseye/main amd64 libgdbm6 amd64 1.19-2 [64.9 kB]
Compare gooroom-integration-applet	UNKNOWN STEP	2026-08-17T14:31:00.7885936Z Get:5 https://snapshot.debian.org/archive/debian/20230730T235959Z bullseye/main amd64 libpipeline1 amd64 1.5.3-1 [34.3 kB]
Compare gooroom-integration-applet	UNKNOWN STEP	2026-08-17T14:31:01.0991892Z Get:6 https://snapshot.debian.org/archive/debian/20230730T235959Z bullseye/main amd64 man-db amd64 2.9.4-2 [1354 kB]
Compare gooroom-integration-applet	UNKNOWN STEP	2026-08-17T14:31:01.4070708Z Get:7 https://snapshot.debian.org/archive/debian/20230730T235959Z bullseye/main amd64 perl-modules-5.32 all 5.32.1-4+deb11u2 [2823 kB]
Compare gooroom-integration-applet	UNKNOWN STEP	2026-08-17T14:31:02.1900560Z Get:8 https://snapshot.debian.org/archive/debian/20230730T235959Z bullseye/main amd64 libgdbm-compat4 amd64 1.19-2 [44.7 kB]
Compare gooroom-integration-applet	UNKNOWN STEP	2026-08-17T14:31:02.4875057Z Get:9 https://snapshot.debian.org/archive/debian/20230730T235959Z bullseye/main amd64 libperl5.32 amd64 5.32.1-4+deb11u2 [4106 kB]
Compare gooroom-integration-applet	UNKNOWN STEP	2026-08-17T14:31:03.2474159Z Get:10 https://snapshot.debian.org/archive/debian/20230730T235959Z bullseye/main amd64 perl amd64 5.32.1-4+deb11u2 [293 kB]
Compare gooroom-integration-applet	UNKNOWN STEP	2026-08-17T14:31:03.2499817Z Get:11 https://snapshot.debian.org/archive/debian/20230730T235959Z bullseye/main amd64 libpython3.9-minimal amd64 3.9.2-1 [801 kB]
Compare gooroom-integration-applet	UNKNOWN STEP	2026-08-17T14:31:03.2562981Z Get:12 https://snapshot.debian.org/archive/debian/20230730T235959Z bullseye/main amd64 libexpat1 amd64 2.2.10-2+deb11u5 [98.2 kB]
Compare gooroom-integration-applet	UNKNOWN STEP	2026-08-17T14:31:03.2604992Z Get:13 https://snapshot.debian.org/archive/debian/20230730T235959Z bullseye/main amd64 python3.9-minimal amd64 3.9.2-1 [1955 kB]
Compare gooroom-integration-applet	UNKNOWN STEP	2026-08-17T14:31:03.2885010Z Get:14 https://snapshot.debian.org/archive/debian/20230730T235959Z bullseye/main amd64 python3-minimal amd64 3.9.2-3 [38.2 kB]
Compare gooroom-integration-applet	UNKNOWN STEP	2026-08-17T14:31:03.2888909Z Get:15 https://snapshot.debian.org/archive/debian/20230730T235959Z bullseye/main amd64 media-types all 4.0.0 [30.3 kB]
Compare gooroom-integration-applet	UNKNOWN STEP	2026-08-17T14:31:03.2900734Z Get:16 https://snapshot.debian.org/archive/debian/20230730T235959Z bullseye/main amd64 libmpdec3 amd64 2.5.1-1 [87.7 kB]
Compare gooroom-integration-applet	UNKNOWN STEP	2026-08-17T14:31:03.2937805Z Get:17 https://snapshot.debian.org/archive/debian/20230730T235959Z bullseye/main amd64 libncursesw6 amd64 6.2+20201114-2+deb11u1 [132 kB]
Compare gooroom-integration-applet	UNKNOWN STEP	2026-08-17T14:31:03.2960932Z Get:18 https://snapshot.debian.org/archive/debian/20230730T235959Z bullseye/main amd64 readline-common all 8.1-1 [73.7 kB]
Compare gooroom-integration-applet	UNKNOWN STEP	2026-08-17T14:31:03.2987407Z Get:19 https://snapshot.debian.org/archive/debian/20230730T235959Z bullseye/main amd64 libreadline8 amd64 8.1-1 [169 kB]
Compare gooroom-integration-applet	UNKNOWN STEP	2026-08-17T14:31:03.3010918Z Get:20 https://snapshot.debian.org/archive/debian/20230730T235959Z bullseye/main amd64 libsqlite3-0 amd64 3.34.1-3 [797 kB]
Compare gooroom-integration-applet	UNKNOWN STEP	2026-08-17T14:31:03.3187765Z Get:21 https://snapshot.debian.org/archive/debian/20230730T235959Z bullseye/main amd64 libpython3.9-stdlib amd64 3.9.2-1 [1684 kB]
Compare gooroom-integration-applet	UNKNOWN STEP	2026-08-17T14:31:03.3379082Z Get:22 https://snapshot.debian.org/archive/debian/20230730T235959Z bullseye/main amd64 python3.9 amd64 3.9.2-1 [466 kB]
Compare gooroom-integration-applet	UNKNOWN STEP	2026-08-17T14:31:03.3494919Z Get:23 https://snapshot.debian.org/archive/debian/20230730T235959Z bullseye/main amd64 libpython3-stdlib amd64 3.9.2-3 [21.4 kB]
Compare gooroom-integration-applet	UNKNOWN STEP	2026-08-17T14:31:03.3513662Z Get:24 https://snapshot.debian.org/archive/debian/20230730T235959Z bullseye/main amd64 python3 amd64 3.9.2-3 [37.9 kB]
Compare gooroom-integration-applet	UNKNOWN STEP	2026-08-17T14:31:03.3530534Z Get:25 https://snapshot.debian.org/archive/debian/20230730T235959Z bullseye/main amd64 netbase all 6.3 [19.9 kB]
Compare gooroom-integration-applet	UNKNOWN STEP	2026-08-17T14:31:03.3549605Z Get:26 https://snapshot.debian.org/archive/debian/20230730T235959Z bullseye/main amd64 sensible-utils all 0.0.14 [14.8 kB]
Compare gooroom-integration-applet	UNKNOWN STEP	2026-08-17T14:31:03.3568547Z Get:27 https://snapshot.debian.org/archive/debian/20230730T235959Z bullseye/main amd64 bzip2 amd64 1.0.8-4 [49.3 kB]
Compare gooroom-integration-applet	UNKNOWN STEP	2026-08-17T14:31:03.6928793Z Get:28 https://snapshot.debian.org/archive/debian/20230730T235959Z bullseye/main amd64 libmagic-mgc amd64 1:5.39-3 [273 kB]
Compare gooroom-integration-applet	UNKNOWN STEP	2026-08-17T14:31:03.6982927Z Get:29 https://snapshot.debian.org/archive/debian/20230730T235959Z bullseye/main amd64 libmagic1 amd64 1:5.39-3 [126 kB]
Compare gooroom-integration-applet	UNKNOWN STEP	2026-08-17T14:31:04.0764758Z Get:30 https://snapshot.debian.org/archive/debian/20230730T235959Z bullseye/main amd64 file amd64 1:5.39-3 [69.1 kB]
Compare gooroom-integration-applet	UNKNOWN STEP	2026-08-17T14:31:04.3848308Z Get:31 https://snapshot.debian.org/archive/debian/20230730T235959Z bullseye/main amd64 gettext-base amd64 0.21-4 [175 kB]
Compare gooroom-integration-applet	UNKNOWN STEP	2026-08-17T14:31:04.3920078Z Get:32 https://snapshot.debian.org/archive/debian/20230730T235959Z bullseye/main amd64 xz-utils amd64 5.2.5-2.1~deb11u1 [220 kB]
Compare gooroom-integration-applet	UNKNOWN STEP	2026-08-17T14:31:04.7212944Z Get:33 https://snapshot.debian.org/archive/debian/20230730T235959Z bullseye/main amd64 libsigsegv2 amd64 2.13-1 [34.8 kB]
Compare gooroom-integration-applet	UNKNOWN STEP	2026-08-17T14:31:04.7234900Z Get:34 https://snapshot.debian.org/archive/debian/20230730T235959Z bullseye/main amd64 m4 amd64 1.4.18-5 [204 kB]
Compare gooroom-integration-applet	UNKNOWN STEP	2026-08-17T14:31:04.7272586Z Get:35 https://snapshot.debian.org/archive/debian/20230730T235959Z bullseye/main amd64 autoconf all 2.69-14 [313 kB]
Compare gooroom-integration-applet	UNKNOWN STEP	2026-08-17T14:31:04.7314149Z Get:36 https://snapshot.debian.org/archive/debian/20230730T235959Z bullseye/main amd64 autotools-dev all 20180224.1+nmu1 [77.1 kB]
Compare gooroom-integration-applet	UNKNOWN STEP	2026-08-17T14:31:04.7336748Z Get:37 https://snapshot.debian.org/archive/debian/20230730T235959Z bullseye/main amd64 automake all 1:1.16.3-2 [814 kB]
Compare gooroom-integration-applet	UNKNOWN STEP	2026-08-17T14:31:04.7393325Z Get:38 https://snapshot.debian.org/archive/debian/20230730T235959Z bullseye/main amd64 autopoint all 0.21-4 [510 kB]
Compare gooroom-integration-applet	UNKNOWN STEP	2026-08-17T14:31:05.1510382Z Get:39 https://snapshot.debian.org/archive/debian/20230730T235959Z bullseye/main amd64 binutils-common amd64 2.35.2-2 [2220 kB]
Compare gooroom-integration-applet	UNKNOWN STEP	2026-08-17T14:31:05.1654124Z Get:40 https://snapshot.debian.org/archive/debian/20230730T235959Z bullseye/main amd64 libbinutils amd64 2.35.2-2 [570 kB]
Compare gooroom-integration-applet	UNKNOWN STEP	2026-08-17T14:31:05.1690907Z Get:41 https://snapshot.debian.org/archive/debian/20230730T235959Z bullseye/main amd64 libctf-nobfd0 amd64 2.35.2-2 [110 kB]
Compare gooroom-integration-applet	UNKNOWN STEP	2026-08-17T14:31:05.1699596Z Get:42 https://snapshot.debian.org/archive/debian/20230730T235959Z bullseye/main amd64 libctf0 amd64 2.35.2-2 [53.2 kB]
Compare gooroom-integration-applet	UNKNOWN STEP	2026-08-17T14:31:05.2599910Z Get:43 https://snapshot.debian.org/archive/debian/20230730T235959Z bullseye/main amd64 binutils-x86-64-linux-gnu amd64 2.35.2-2 [1809 kB]
Compare gooroom-integration-applet	UNKNOWN STEP	2026-08-17T14:31:05.2722981Z Get:44 https://snapshot.debian.org/archive/debian/20230730T235959Z bullseye/main amd64 binutils amd64 2.35.2-2 [61.2 kB]
Compare gooroom-integration-applet	UNKNOWN STEP	2026-08-17T14:31:05.2727860Z Get:45 https://snapshot.debian.org/archive/debian/20230730T235959Z bullseye/main amd64 libc-dev-bin amd64 2.31-13+deb11u6 [276 kB]
Compare gooroom-integration-applet	UNKNOWN STEP	2026-08-17T14:31:05.5881495Z Get:46 https://snapshot.debian.org/archive/debian/20230730T235959Z bullseye/main amd64 linux-libc-dev amd64 5.10.178-3 [1617 kB]
Compare gooroom-integration-applet	UNKNOWN STEP	2026-08-17T14:31:06.2594624Z Get:47 https://snapshot.debian.org/archive/debian/20230730T235959Z bullseye/main amd64 libcrypt-dev amd64 1:4.4.18-4 [104 kB]
Compare gooroom-integration-applet	UNKNOWN STEP	2026-08-17T14:31:06.2638668Z Get:48 https://snapshot.debian.org/archive/debian/20230730T235959Z bullseye/main amd64 libtirpc-dev amd64 1.3.1-1+deb11u1 [191 kB]
Compare gooroom-integration-applet	UNKNOWN STEP	2026-08-17T14:31:06.2670898Z Get:49 https://snapshot.debian.org/archive/debian/20230730T235959Z bullseye/main amd64 libnsl-dev amd64 1.3.0-2 [66.4 kB]
Compare gooroom-integration-applet	UNKNOWN STEP	2026-08-17T14:31:06.2701182Z Get:50 https://snapshot.debian.org/archive/debian/20230730T235959Z bullseye/main amd64 libc6-dev amd64 2.31-13+deb11u6 [2360 kB]
Compare gooroom-integration-applet	UNKNOWN STEP	2026-08-17T14:31:06.2872429Z Get:51 https://snapshot.debian.org/archive/debian/20230730T235959Z bullseye/main amd64 libisl23 amd64 0.23-1 [676 kB]
Compare gooroom-integration-applet	UNKNOWN STEP	2026-08-17T14:31:06.6376440Z Get:52 https://snapshot.debian.org/archive/debian/20230730T235959Z bullseye/main amd64 libmpfr6 amd64 4.1.0-3 [2012 kB]
Compare gooroom-integration-applet	UNKNOWN STEP	2026-08-17T14:31:06.6511972Z Get:53 https://snapshot.debian.org/archive/debian/20230730T235959Z bullseye/main amd64 libmpc3 amd64 1.2.0-1 [45.0 kB]
Compare gooroom-integration-applet	UNKNOWN STEP	2026-08-17T14:31:06.9535406Z Get:54 https://snapshot.debian.org/archive/debian/20230730T235959Z bullseye/main amd64 cpp-10 amd64 10.2.1-6 [8528 kB]
Compare gooroom-integration-applet	UNKNOWN STEP	2026-08-17T14:31:07.0079089Z Get:55 https://snapshot.debian.org/archive/debian/20230730T235959Z bullseye/main amd64 cpp amd64 4:10.2.1-1 [19.7 kB]
Compare gooroom-integration-applet	UNKNOWN STEP	2026-08-17T14:31:07.0136867Z Get:56 https://snapshot.debian.org/archive/debian/20230730T235959Z bullseye/main amd64 libcc1-0 amd64 10.2.1-6 [47.0 kB]
Compare gooroom-integration-applet	UNKNOWN STEP	2026-08-17T14:31:07.0138079Z Get:57 https://snapshot.debian.org/archive/debian/20230730T235959Z bullseye/main amd64 libgomp1 amd64 10.2.1-6 [99.9 kB]
Compare gooroom-integration-applet	UNKNOWN STEP	2026-08-17T14:31:07.0139208Z Get:58 https://snapshot.debian.org/archive/debian/20230730T235959Z bullseye/main amd64 libitm1 amd64 10.2.1-6 [25.8 kB]
Compare gooroom-integration-applet	UNKNOWN STEP	2026-08-17T14:31:07.0140227Z Get:59 https://snapshot.debian.org/archive/debian/20230730T235959Z bullseye/main amd64 libatomic1 amd64 10.2.1-6 [9008 B]
Compare gooroom-integration-applet	UNKNOWN STEP	2026-08-17T14:31:07.0141413Z Get:60 https://snapshot.debian.org/archive/debian/20230730T235959Z bullseye/main amd64 libasan6 amd64 10.2.1-6 [2065 kB]
Compare gooroom-integration-applet	UNKNOWN STEP	2026-08-17T14:31:07.0251380Z Get:61 https://snapshot.debian.org/archive/debian/20230730T235959Z bullseye/main amd64 liblsan0 amd64 10.2.1-6 [828 kB]
Compare gooroom-integration-applet	UNKNOWN STEP	2026-08-17T14:31:07.0310300Z Get:62 https://snapshot.debian.org/archive/debian/20230730T235959Z bullseye/main amd64 libtsan0 amd64 10.2.1-6 [2000 kB]
Compare gooroom-integration-applet	UNKNOWN STEP	2026-08-17T14:31:07.0447273Z Get:63 https://snapshot.debian.org/archive/debian/20230730T235959Z bullseye/main amd64 libubsan1 amd64 10.2.1-6 [777 kB]
Compare gooroom-integration-applet	UNKNOWN STEP	2026-08-17T14:31:07.0502001Z Get:64 https://snapshot.debian.org/archive/debian/20230730T235959Z bullseye/main amd64 libquadmath0 amd64 10.2.1-6 [145 kB]
Compare gooroom-integration-applet	UNKNOWN STEP	2026-08-17T14:31:07.0516004Z Get:65 https://snapshot.debian.org/archive/debian/20230730T235959Z bullseye/main amd64 libgcc-10-dev amd64 10.2.1-6 [2328 kB]
Compare gooroom-integration-applet	UNKNOWN STEP	2026-08-17T14:31:07.0672889Z Get:66 https://snapshot.debian.org/archive/debian/20230730T235959Z bullseye/main amd64 gcc-10 amd64 10.2.1-6 [17.0 MB]
Compare gooroom-integration-applet	UNKNOWN STEP	2026-08-17T14:31:07.1800103Z Get:67 https://snapshot.debian.org/archive/debian/20230730T235959Z bullseye/main amd64 gcc amd64 4:10.2.1-1 [5192 B]
Compare gooroom-integration-applet	UNKNOWN STEP	2026-08-17T14:31:07.1801556Z Get:68 https://snapshot.debian.org/archive/debian/20230730T235959Z bullseye/main amd64 libstdc++-10-dev amd64 10.2.1-6 [1741 kB]
Compare gooroom-integration-applet	UNKNOWN STEP	2026-08-17T14:31:07.5588313Z Get:69 https://snapshot.debian.org/archive/debian/20230730T235959Z bullseye/main amd64 g++-10 amd64 10.2.1-6 [9380 kB]
Compare gooroom-integration-applet	UNKNOWN STEP	2026-08-17T14:31:07.6266200Z Get:70 https://snapshot.debian.org/archive/debian/20230730T235959Z bullseye/main amd64 g++ amd64 4:10.2.1-1 [1644 B]
Compare gooroom-integration-applet	UNKNOWN STEP	2026-08-17T14:31:07.6268277Z Get:71 https://snapshot.debian.org/archive/debian/20230730T235959Z bullseye/main amd64 make amd64 4.3-4.1 [396 kB]
Compare gooroom-integration-applet	UNKNOWN STEP	2026-08-17T14:31:07.6299214Z Get:72 https://snapshot.debian.org/archive/debian/20230730T235959Z bullseye/main amd64 libdpkg-perl all 1.20.12 [1551 kB]
Compare gooroom-integration-applet	UNKNOWN STEP	2026-08-17T14:31:07.6409729Z Get:73 https://snapshot.debian.org/archive/debian/20230730T235959Z bullseye/main amd64 patch amd64 2.7.6-7 [128 kB]
Compare gooroom-integration-applet	UNKNOWN STEP	2026-08-17T14:31:07.6424805Z Get:74 https://snapshot.debian.org/archive/debian/20230730T235959Z bullseye/main amd64 dpkg-dev all 1.20.12 [2312 kB]
Compare gooroom-integration-applet	UNKNOWN STEP	2026-08-17T14:31:07.6585490Z Get:75 https://snapshot.debian.org/archive/debian/20230730T235959Z bullseye/main amd64 build-essential amd64 12.9 [7704 B]
Compare gooroom-integration-applet	UNKNOWN STEP	2026-08-17T14:31:07.6588150Z Get:76 https://snapshot.debian.org/archive/debian/20230730T235959Z bullseye/main amd64 libdebhelper-perl all 13.3.4 [189 kB]
Compare gooroom-integration-applet	UNKNOWN STEP	2026-08-17T14:31:07.9366457Z Get:77 https://snapshot.debian.org/archive/debian/20230730T235959Z bullseye/main amd64 libtool all 2.4.6-15 [513 kB]
Compare gooroom-integration-applet	UNKNOWN STEP	2026-08-17T14:31:07.9404173Z Get:78 https://snapshot.debian.org/archive/debian/20230730T235959Z bullseye/main amd64 dh-autoreconf all 20 [17.1 kB]
Compare gooroom-integration-applet	UNKNOWN STEP	2026-08-17T14:31:07.9408063Z Get:79 https://snapshot.debian.org/archive/debian/20230730T235959Z bullseye/main amd64 libarchive-zip-perl all 1.68-1 [104 kB]
Compare gooroom-integration-applet	UNKNOWN STEP	2026-08-17T14:31:08.2797953Z Get:80 https://snapshot.debian.org/archive/debian/20230730T235959Z bullseye/main amd64 libsub-override-perl all 0.09-2 [10.2 kB]
Compare gooroom-integration-applet	UNKNOWN STEP	2026-08-17T14:31:08.5778518Z Get:81 https://snapshot.debian.org/archive/debian/20230730T235959Z bullseye/main amd64 libfile-stripnondeterminism-perl all 1.12.0-1 [26.3 kB]
Compare gooroom-integration-applet	UNKNOWN STEP	2026-08-17T14:31:08.5787276Z Get:82 https://snapshot.debian.org/archive/debian/20230730T235959Z bullseye/main amd64 dh-strip-nondeterminism all 1.12.0-1 [15.4 kB]
Compare gooroom-integration-applet	UNKNOWN STEP	2026-08-17T14:31:08.5796681Z Get:83 https://snapshot.debian.org/archive/debian/20230730T235959Z bullseye/main amd64 libelf1 amd64 0.183-1 [165 kB]
Compare gooroom-integration-applet	UNKNOWN STEP	2026-08-17T14:31:08.8645384Z Get:84 https://snapshot.debian.org/archive/debian/20230730T235959Z bullseye/main amd64 dwz amd64 0.13+20210201-1 [175 kB]
Compare gooroom-integration-applet	UNKNOWN STEP	2026-08-17T14:31:08.8658646Z Get:85 https://snapshot.debian.org/archive/debian/20230730T235959Z bullseye/main amd64 libicu67 amd64 67.1-7 [8622 kB]
Compare gooroom-integration-applet	UNKNOWN STEP	2026-08-17T14:31:08.9251096Z Get:86 https://snapshot.debian.org/archive/debian/20230730T235959Z bullseye/main amd64 libxml2 amd64 2.9.10+dfsg-6.7+deb11u4 [693 kB]
Compare gooroom-integration-applet	UNKNOWN STEP	2026-08-17T14:31:08.9298222Z Get:87 https://snapshot.debian.org/archive/debian/20230730T235959Z bullseye/main amd64 gettext amd64 0.21-4 [1311 kB]
Compare gooroom-integration-applet	UNKNOWN STEP	2026-08-17T14:31:08.9387792Z Get:88 https://snapshot.debian.org/archive/debian/20230730T235959Z bullseye/main amd64 intltool-debian all 0.35.0+20060710.5 [26.8 kB]
Compare gooroom-integration-applet	UNKNOWN STEP	2026-08-17T14:31:08.9391216Z Get:89 https://snapshot.debian.org/archive/debian/20230730T235959Z bullseye/main amd64 po-debconf all 1.0.21+nmu1 [248 kB]
Compare gooroom-integration-applet	UNKNOWN STEP	2026-08-17T14:31:08.9410578Z Get:90 https://snapshot.debian.org/archive/debian/20230730T235959Z bullseye/main amd64 debhelper all 13.3.4 [1049 kB]
Compare gooroom-integration-applet	UNKNOWN STEP	2026-08-17T14:31:08.9482977Z Get:91 https://snapshot.debian.org/archive/debian/20230730T235959Z bullseye/main amd64 libfakeroot amd64 1.25.3-1.1 [47.0 kB]
Compare gooroom-integration-applet	UNKNOWN STEP	2026-08-17T14:31:08.9488102Z Get:92 https://snapshot.debian.org/archive/debian/20230730T235959Z bullseye/main amd64 fakeroot amd64 1.25.3-1.1 [87.0 kB]
Compare gooroom-integration-applet	UNKNOWN STEP	2026-08-17T14:31:08.9496135Z Get:93 https://snapshot.debian.org/archive/debian/20230730T235959Z bullseye/main amd64 libassuan0 amd64 2.5.3-7.1 [50.5 kB]
Compare gooroom-integration-applet	UNKNOWN STEP	2026-08-17T14:31:08.9503365Z Get:94 https://snapshot.debian.org/archive/debian/20230730T235959Z bullseye/main amd64 gpgconf amd64 2.2.27-2+deb11u2 [548 kB]
Compare gooroom-integration-applet	UNKNOWN STEP	2026-08-17T14:31:09.2643308Z Get:95 https://snapshot.debian.org/archive/debian/20230730T235959Z bullseye/main amd64 libksba8 amd64 1.5.0-3+deb11u2 [123 kB]
Compare gooroom-integration-applet	UNKNOWN STEP	2026-08-17T14:31:09.2654897Z Get:96 https://snapshot.debian.org/archive/debian/20230730T235959Z bullseye/main amd64 libsasl2-modules-db amd64 2.1.27+dfsg-2.1+deb11u1 [69.1 kB]
Compare gooroom-integration-applet	UNKNOWN STEP	2026-08-17T14:31:09.2674276Z Get:97 https://snapshot.debian.org/archive/debian/20230730T235959Z bullseye/main amd64 libsasl2-2 amd64 2.1.27+dfsg-2.1+deb11u1 [106 kB]
Compare gooroom-integration-applet	UNKNOWN STEP	2026-08-17T14:31:09.2705388Z Get:98 https://snapshot.debian.org/archive/debian/20230730T235959Z bullseye/main amd64 libldap-2.4-2 amd64 2.4.57+dfsg-3+deb11u1 [232 kB]
Compare gooroom-integration-applet	UNKNOWN STEP	2026-08-17T14:31:09.2746721Z Get:99 https://snapshot.debian.org/archive/debian/20230730T235959Z bullseye/main amd64 libnpth0 amd64 1.6-3 [19.0 kB]
Compare gooroom-integration-applet	UNKNOWN STEP	2026-08-17T14:31:09.2783355Z Get:100 https://snapshot.debian.org/archive/debian/20230730T235959Z bullseye/main amd64 dirmngr amd64 2.2.27-2+deb11u2 [763 kB]
Compare gooroom-integration-applet	UNKNOWN STEP	2026-08-17T14:31:09.2968222Z Get:101 https://snapshot.debian.org/archive/debian/20230730T235959Z bullseye/main amd64 gnupg-l10n all 2.2.27-2+deb11u2 [1086 kB]
Compare gooroom-integration-applet	UNKNOWN STEP	2026-08-17T14:31:09.3052149Z Get:102 https://snapshot.debian.org/archive/debian/20230730T235959Z bullseye/main amd64 gnupg-utils amd64 2.2.27-2+deb11u2 [905 kB]
Compare gooroom-integration-applet	UNKNOWN STEP	2026-08-17T14:31:09.3116186Z Get:103 https://snapshot.debian.org/archive/debian/20230730T235959Z bullseye/main amd64 gpg amd64 2.2.27-2+deb11u2 [928 kB]
Compare gooroom-integration-applet	UNKNOWN STEP	2026-08-17T14:31:09.3180416Z Get:104 https://snapshot.debian.org/archive/debian/20230730T235959Z bullseye/main amd64 pinentry-curses amd64 1.1.0-4 [64.9 kB]
Compare gooroom-integration-applet	UNKNOWN STEP	2026-08-17T14:31:09.6506142Z Get:105 https://snapshot.debian.org/archive/debian/20230730T235959Z bullseye/main amd64 gpg-agent amd64 2.2.27-2+deb11u2 [669 kB]
Compare gooroom-integration-applet	UNKNOWN STEP	2026-08-17T14:31:09.6549805Z Get:106 https://snapshot.debian.org/archive/debian/20230730T235959Z bullseye/main amd64 gpg-wks-client amd64 2.2.27-2+deb11u2 [524 kB]
Compare gooroom-integration-applet	UNKNOWN STEP	2026-08-17T14:31:09.6591550Z Get:107 https://snapshot.debian.org/archive/debian/20230730T235959Z bullseye/main amd64 gpg-wks-server amd64 2.2.27-2+deb11u2 [516 kB]
Compare gooroom-integration-applet	UNKNOWN STEP	2026-08-17T14:31:09.9971620Z Get:108 https://snapshot.debian.org/archive/debian/20230730T235959Z bullseye/main amd64 gpgsm amd64 2.2.27-2+deb11u2 [645 kB]
Compare gooroom-integration-applet	UNKNOWN STEP	2026-08-17T14:31:10.0018689Z Get:109 https://snapshot.debian.org/archive/debian/20230730T235959Z bullseye/main amd64 gnupg all 2.2.27-2+deb11u2 [825 kB]
Compare gooroom-integration-applet	UNKNOWN STEP	2026-08-17T14:31:10.0074992Z Get:110 https://snapshot.debian.org/archive/debian/20230730T235959Z bullseye/main amd64 libfile-dirlist-perl all 0.05-2 [7444 B]
Compare gooroom-integration-applet	UNKNOWN STEP	2026-08-17T14:31:10.2752629Z Get:111 https://snapshot.debian.org/archive/debian/20230730T235959Z bullseye/main amd64 libfile-which-perl all 1.23-1 [16.6 kB]
Compare gooroom-integration-applet	UNKNOWN STEP	2026-08-17T14:31:10.5518732Z Get:112 https://snapshot.debian.org/archive/debian/20230730T235959Z bullseye/main amd64 libfile-homedir-perl all 1.006-1 [43.8 kB]
Compare gooroom-integration-applet	UNKNOWN STEP	2026-08-17T14:31:10.9503524Z Get:113 https://snapshot.debian.org/archive/debian/20230730T235959Z bullseye/main amd64 libfile-touch-perl all 0.11-1 [9254 B]
Compare gooroom-integration-applet	UNKNOWN STEP	2026-08-17T14:31:10.9518159Z Get:114 https://snapshot.debian.org/archive/debian/20230730T235959Z bullseye/main amd64 libio-pty-perl amd64 1:1.15-2 [37.0 kB]
Compare gooroom-integration-applet	UNKNOWN STEP	2026-08-17T14:31:10.9537021Z Get:115 https://snapshot.debian.org/archive/debian/20230730T235959Z bullseye/main amd64 libipc-run-perl all 20200505.0-1 [102 kB]
Compare gooroom-integration-applet	UNKNOWN STEP	2026-08-17T14:31:11.3157962Z Get:116 https://snapshot.debian.org/archive/debian/20230730T235959Z bullseye/main amd64 libclass-method-modifiers-perl all 2.13-1 [19.2 kB]
Compare gooroom-integration-applet	UNKNOWN STEP	2026-08-17T14:31:11.3168242Z Get:117 https://snapshot.debian.org/archive/debian/20230730T235959Z bullseye/main amd64 libb-hooks-op-check-perl amd64 0.22-1+b3 [11.3 kB]
Compare gooroom-integration-applet	UNKNOWN STEP	2026-08-17T14:31:11.6186930Z Get:118 https://snapshot.debian.org/archive/debian/20230730T235959Z bullseye/main amd64 libdynaloader-functions-perl all 0.003-1.1 [12.7 kB]
Compare gooroom-integration-applet	UNKNOWN STEP	2026-08-17T14:31:11.6209965Z Get:119 https://snapshot.debian.org/archive/debian/20230730T235959Z bullseye/main amd64 libdevel-callchecker-perl amd64 0.008-1+b2 [15.9 kB]
Compare gooroom-integration-applet	UNKNOWN STEP	2026-08-17T14:31:11.6228885Z Get:120 https://snapshot.debian.org/archive/debian/20230730T235959Z bullseye/main amd64 libparams-classify-perl amd64 0.015-1+b3 [25.7 kB]
Compare gooroom-integration-applet	UNKNOWN STEP	2026-08-17T14:31:11.9676586Z Get:121 https://snapshot.debian.org/archive/debian/20230730T235959Z bullseye/main amd64 libmodule-runtime-perl all 0.016-1 [19.4 kB]
Compare gooroom-integration-applet	UNKNOWN STEP	2026-08-17T14:31:12.3346512Z Get:122 https://snapshot.debian.org/archive/debian/20230730T235959Z bullseye/main amd64 libimport-into-perl all 1.002005-1 [11.6 kB]
Compare gooroom-integration-applet	UNKNOWN STEP	2026-08-17T14:31:12.3393548Z Get:123 https://snapshot.debian.org/archive/debian/20230730T235959Z bullseye/main amd64 librole-tiny-perl all 2.002004-1 [21.4 kB]
Compare gooroom-integration-applet	UNKNOWN STEP	2026-08-17T14:31:12.3407181Z Get:124 https://snapshot.debian.org/archive/debian/20230730T235959Z bullseye/main amd64 libstrictures-perl all 2.000006-1 [18.6 kB]
Compare gooroom-integration-applet	UNKNOWN STEP	2026-08-17T14:31:12.6632254Z Get:125 https://snapshot.debian.org/archive/debian/20230730T235959Z bullseye/main amd64 libsub-quote-perl all 2.006006-1 [21.0 kB]
Compare gooroom-integration-applet	UNKNOWN STEP	2026-08-17T14:31:13.0094282Z Get:126 https://snapshot.debian.org/archive/debian/20230730T235959Z bullseye/main amd64 libmoo-perl all 2.004004-1 [59.9 kB]
Compare gooroom-integration-applet	UNKNOWN STEP	2026-08-17T14:31:13.0114653Z Get:127 https://snapshot.debian.org/archive/debian/20230730T235959Z bullseye/main amd64 libencode-locale-perl all 1.05-1.1 [13.2 kB]
Compare gooroom-integration-applet	UNKNOWN STEP	2026-08-17T14:31:13.0130704Z Get:128 https://snapshot.debian.org/archive/debian/20230730T235959Z bullseye/main amd64 libtimedate-perl all 2.3300-2 [39.3 kB]
Compare gooroom-integration-applet	UNKNOWN STEP	2026-08-17T14:31:13.0149874Z Get:129 https://snapshot.debian.org/archive/debian/20230730T235959Z bullseye/main amd64 libhttp-date-perl all 6.05-1 [10.4 kB]
Compare gooroom-integration-applet	UNKNOWN STEP	2026-08-17T14:31:13.0171094Z Get:130 https://snapshot.debian.org/archive/debian/20230730T235959Z bullseye/main amd64 libfile-listing-perl all 6.14-1 [12.4 kB]
Compare gooroom-integration-applet	UNKNOWN STEP	2026-08-17T14:31:13.0195972Z Get:131 https://snapshot.debian.org/archive/debian/20230730T235959Z bullseye/main amd64 libhtml-tagset-perl all 3.20-4 [13.0 kB]
Compare gooroom-integration-applet	UNKNOWN STEP	2026-08-17T14:31:13.0220818Z Get:132 https://snapshot.debian.org/archive/debian/20230730T235959Z bullseye/main amd64 liburi-perl all 5.08-1 [90.6 kB]
Compare gooroom-integration-applet	UNKNOWN STEP	2026-08-17T14:31:13.0236517Z Get:133 https://snapshot.debian.org/archive/debian/20230730T235959Z bullseye/main amd64 libhtml-parser-perl amd64 3.75-1+b1 [105 kB]
Compare gooroom-integration-applet	UNKNOWN STEP	2026-08-17T14:31:13.0260260Z Get:134 https://snapshot.debian.org/archive/debian/20230730T235959Z bullseye/main amd64 libhtml-tree-perl all 5.07-2 [213 kB]
Compare gooroom-integration-applet	UNKNOWN STEP	2026-08-17T14:31:13.0286364Z Get:135 https://snapshot.debian.org/archive/debian/20230730T235959Z bullseye/main amd64 libio-html-perl all 1.004-2 [16.1 kB]
Compare gooroom-integration-applet	UNKNOWN STEP	2026-08-17T14:31:13.0319377Z Get:136 https://snapshot.debian.org/archive/debian/20230730T235959Z bullseye/main amd64 liblwp-mediatypes-perl all 6.04-1 [19.9 kB]
Compare gooroom-integration-applet	UNKNOWN STEP	2026-08-17T14:31:13.0341757Z Get:137 https://snapshot.debian.org/archive/debian/20230730T235959Z bullseye/main amd64 libhttp-message-perl all 6.28-1 [79.6 kB]
Compare gooroom-integration-applet	UNKNOWN STEP	2026-08-17T14:31:13.0360673Z Get:138 https://snapshot.debian.org/archive/debian/20230730T235959Z bullseye/main amd64 libhttp-cookies-perl all 6.10-1 [19.6 kB]
Compare gooroom-integration-applet	UNKNOWN STEP	2026-08-17T14:31:13.0381316Z Get:139 https://snapshot.debian.org/archive/debian/20230730T235959Z bullseye/main amd64 libhttp-negotiate-perl all 6.01-1 [12.8 kB]
Compare gooroom-integration-applet	UNKNOWN STEP	2026-08-17T14:31:13.0401720Z Get:140 https://snapshot.debian.org/archive/debian/20230730T235959Z bullseye/main amd64 perl-openssl-defaults amd64 5 [7360 B]
Compare gooroom-integration-applet	UNKNOWN STEP	2026-08-17T14:31:13.0416146Z Get:141 https://snapshot.debian.org/archive/debian/20230730T235959Z bullseye/main amd64 libnet-ssleay-perl amd64 1.88-3+b1 [321 kB]
Compare gooroom-integration-applet	UNKNOWN STEP	2026-08-17T14:31:13.3230666Z Get:142 https://snapshot.debian.org/archive/debian/20230730T235959Z bullseye/main amd64 libio-socket-ssl-perl all 2.069-1 [215 kB]
Compare gooroom-integration-applet	UNKNOWN STEP	2026-08-17T14:31:13.3246123Z Get:143 https://snapshot.debian.org/archive/debian/20230730T235959Z bullseye/main amd64 libnet-http-perl all 6.20-1 [25.1 kB]
Compare gooroom-integration-applet	UNKNOWN STEP	2026-08-17T14:31:13.3254529Z Get:144 https://snapshot.debian.org/archive/debian/20230730T235959Z bullseye/main amd64 liblwp-protocol-https-perl all 6.10-1 [12.2 kB]
Compare gooroom-integration-applet	UNKNOWN STEP	2026-08-17T14:31:13.3267111Z Get:145 https://snapshot.debian.org/archive/debian/20230730T235959Z bullseye/main amd64 libtry-tiny-perl all 0.30-1 [23.3 kB]
Compare gooroom-integration-applet	UNKNOWN STEP	2026-08-17T14:31:13.3281593Z Get:146 https://snapshot.debian.org/archive/debian/20230730T235959Z bullseye/main amd64 libwww-robotrules-perl all 6.02-1 [12.9 kB]
Compare gooroom-integration-applet	UNKNOWN STEP	2026-08-17T14:31:13.3295488Z Get:147 https://snapshot.debian.org/archive/debian/20230730T235959Z bullseye/main amd64 libwww-perl all 6.52-1 [192 kB]
Compare gooroom-integration-applet	UNKNOWN STEP	2026-08-17T14:31:13.3327760Z Get:148 https://snapshot.debian.org/archive/debian/20230730T235959Z bullseye/main amd64 patchutils amd64 0.4.2-1 [77.5 kB]
Compare gooroom-integration-applet	UNKNOWN STEP	2026-08-17T14:31:13.6607050Z Get:149 https://snapshot.debian.org/archive/debian/20230730T235959Z bullseye/main amd64 wdiff amd64 1.2.2-2+b1 [122 kB]
Compare gooroom-integration-applet	UNKNOWN STEP	2026-08-17T14:31:13.9776636Z Get:150 https://snapshot.debian.org/archive/debian/20230730T235959Z bullseye/main amd64 devscripts amd64 2.21.3+deb11u1 [1093 kB]
Compare gooroom-integration-applet	UNKNOWN STEP	2026-08-17T14:31:13.9862587Z Get:151 https://snapshot.debian.org/archive/debian/20230730T235959Z bullseye/main amd64 equivs all 2.3.1 [22.7 kB]
Compare gooroom-integration-applet	UNKNOWN STEP	2026-08-17T14:31:14.3107880Z Get:152 https://snapshot.debian.org/archive/debian/20230730T235959Z bullseye/main amd64 libbrotli1 amd64 1.0.9-2+b2 [279 kB]
Compare gooroom-integration-applet	UNKNOWN STEP	2026-08-17T14:31:14.3129183Z Get:153 https://snapshot.debian.org/archive/debian/20230730T235959Z bullseye/main amd64 libnghttp2-14 amd64 1.43.0-1 [77.1 kB]
Compare gooroom-integration-applet	UNKNOWN STEP	2026-08-17T14:31:14.3145923Z Get:154 https://snapshot.debian.org/archive/debian/20230730T235959Z bullseye/main amd64 libpsl5 amd64 0.21.0-1.2 [57.3 kB]
Compare gooroom-integration-applet	UNKNOWN STEP	2026-08-17T14:31:14.3187574Z Get:155 https://snapshot.debian.org/archive/debian/20230730T235959Z bullseye/main amd64 librtmp1 amd64 2.4+20151223.gitfa8646d.1-2+b2 [60.8 kB]
Compare gooroom-integration-applet	UNKNOWN STEP	2026-08-17T14:31:14.3213070Z Get:156 https://snapshot.debian.org/archive/debian/20230730T235959Z bullseye/main amd64 libssh2-1 amd64 1.9.0-2 [156 kB]
Compare gooroom-integration-applet	UNKNOWN STEP	2026-08-17T14:31:14.3234477Z Get:157 https://snapshot.debian.org/archive/debian/20230730T235959Z bullseye/main amd64 libcurl3-gnutls amd64 7.74.0-1.3+deb11u7 [343 kB]
Compare gooroom-integration-applet	UNKNOWN STEP	2026-08-17T14:31:14.3283782Z Get:158 https://snapshot.debian.org/archive/debian/20230730T235959Z bullseye/main amd64 liberror-perl all 0.17029-1 [31.0 kB]
Compare gooroom-integration-applet	UNKNOWN STEP	2026-08-17T14:31:14.3295724Z Get:159 https://snapshot.debian.org/archive/debian/20230730T235959Z bullseye/main amd64 git-man all 1:2.30.2-1+deb11u2 [1828 kB]
Compare gooroom-integration-applet	UNKNOWN STEP	2026-08-17T14:31:14.6697906Z Get:160 https://snapshot.debian.org/archive/debian/20230730T235959Z bullseye/main amd64 git amd64 1:2.30.2-1+deb11u2 [5518 kB]
Compare gooroom-integration-applet	UNKNOWN STEP	2026-08-17T14:31:15.7170121Z debconf: delaying package configuration, since apt-utils is not installed
Compare gooroom-integration-applet	UNKNOWN STEP	2026-08-17T14:31:15.7357748Z Fetched 114 MB in 1min 4s (1779 kB/s)
Compare gooroom-integration-applet	UNKNOWN STEP	2026-08-17T14:31:15.7461685Z Selecting previously unselected package bsdextrautils.
Compare gooroom-integration-applet	UNKNOWN STEP	2026-08-17T14:31:15.7508452Z (Reading database ... 6972 files and directories currently installed.)
Compare gooroom-integration-applet	UNKNOWN STEP	2026-08-17T14:31:15.7512168Z Preparing to unpack .../00-bsdextrautils_2.36.1-8+deb11u1_amd64.deb ...
Compare gooroom-integration-applet	UNKNOWN STEP	2026-08-17T14:31:15.7519691Z Unpacking bsdextrautils (2.36.1-8+deb11u1) ...
Compare gooroom-integration-applet	UNKNOWN STEP	2026-08-17T14:31:15.7769157Z Selecting previously unselected package libuchardet0:amd64.
Compare gooroom-integration-applet	UNKNOWN STEP	2026-08-17T14:31:15.7779316Z Preparing to unpack .../01-libuchardet0_0.0.7-1_amd64.deb ...
Compare gooroom-integration-applet	UNKNOWN STEP	2026-08-17T14:31:15.7790924Z Unpacking libuchardet0:amd64 (0.0.7-1) ...
Compare gooroom-integration-applet	UNKNOWN STEP	2026-08-17T14:31:15.7951782Z Selecting previously unselected package groff-base.
Compare gooroom-integration-applet	UNKNOWN STEP	2026-08-17T14:31:15.7962062Z Preparing to unpack .../02-groff-base_1.22.4-6_amd64.deb ...
Compare gooroom-integration-applet	UNKNOWN STEP	2026-08-17T14:31:15.7968382Z Unpacking groff-base (1.22.4-6) ...
Compare gooroom-integration-applet	UNKNOWN STEP	2026-08-17T14:31:15.8857874Z Selecting previously unselected package libgdbm6:amd64.
Compare gooroom-integration-applet	UNKNOWN STEP	2026-08-17T14:31:15.8869429Z Preparing to unpack .../03-libgdbm6_1.19-2_amd64.deb ...
Compare gooroom-integration-applet	UNKNOWN STEP	2026-08-17T14:31:15.8877311Z Unpacking libgdbm6:amd64 (1.19-2) ...
Compare gooroom-integration-applet	UNKNOWN STEP	2026-08-17T14:31:15.9040958Z Selecting previously unselected package libpipeline1:amd64.
Compare gooroom-integration-applet	UNKNOWN STEP	2026-08-17T14:31:15.9051199Z Preparing to unpack .../04-libpipeline1_1.5.3-1_amd64.deb ...
Compare gooroom-integration-applet	UNKNOWN STEP	2026-08-17T14:31:15.9058656Z Unpacking libpipeline1:amd64 (1.5.3-1) ...
Compare gooroom-integration-applet	UNKNOWN STEP	2026-08-17T14:31:15.9213758Z Selecting previously unselected package man-db.
Compare gooroom-integration-applet	UNKNOWN STEP	2026-08-17T14:31:15.9224453Z Preparing to unpack .../05-man-db_2.9.4-2_amd64.deb ...
Compare gooroom-integration-applet	UNKNOWN STEP	2026-08-17T14:31:15.9253669Z Unpacking man-db (2.9.4-2) ...
Compare gooroom-integration-applet	UNKNOWN STEP	2026-08-17T14:31:16.0398949Z Selecting previously unselected package perl-modules-5.32.
Compare gooroom-integration-applet	UNKNOWN STEP	2026-08-17T14:31:16.0410825Z Preparing to unpack .../06-perl-modules-5.32_5.32.1-4+deb11u2_all.deb ...
Compare gooroom-integration-applet	UNKNOWN STEP	2026-08-17T14:31:16.0417941Z Unpacking perl-modules-5.32 (5.32.1-4+deb11u2) ...
Compare gooroom-integration-applet	UNKNOWN STEP	2026-08-17T14:31:16.3558822Z Selecting previously unselected package libgdbm-compat4:amd64.
Compare gooroom-integration-applet	UNKNOWN STEP	2026-08-17T14:31:16.3574067Z Preparing to unpack .../07-libgdbm-compat4_1.19-2_amd64.deb ...
Compare gooroom-integration-applet	UNKNOWN STEP	2026-08-17T14:31:16.3580647Z Unpacking libgdbm-compat4:amd64 (1.19-2) ...
Compare gooroom-integration-applet	UNKNOWN STEP	2026-08-17T14:31:16.3734411Z Selecting previously unselected package libperl5.32:amd64.
Compare gooroom-integration-applet	UNKNOWN STEP	2026-08-17T14:31:16.3746863Z Preparing to unpack .../08-libperl5.32_5.32.1-4+deb11u2_amd64.deb ...
Compare gooroom-integration-applet	UNKNOWN STEP	2026-08-17T14:31:16.3754363Z Unpacking libperl5.32:amd64 (5.32.1-4+deb11u2) ...
Compare gooroom-integration-applet	UNKNOWN STEP	2026-08-17T14:31:16.7512304Z Selecting previously unselected package perl.
Compare gooroom-integration-applet	UNKNOWN STEP	2026-08-17T14:31:16.7526936Z Preparing to unpack .../09-perl_5.32.1-4+deb11u2_amd64.deb ...
Compare gooroom-integration-applet	UNKNOWN STEP	2026-08-17T14:31:16.7575371Z Unpacking perl (5.32.1-4+deb11u2) ...
Compare gooroom-integration-applet	UNKNOWN STEP	2026-08-17T14:31:16.7912793Z Selecting previously unselected package libpython3.9-minimal:amd64.
Compare gooroom-integration-applet	UNKNOWN STEP	2026-08-17T14:31:16.7926083Z Preparing to unpack .../10-libpython3.9-minimal_3.9.2-1_amd64.deb ...
Compare gooroom-integration-applet	UNKNOWN STEP	2026-08-17T14:31:16.7932750Z Unpacking libpython3.9-minimal:amd64 (3.9.2-1) ...
Compare gooroom-integration-applet	UNKNOWN STEP	2026-08-17T14:31:16.8783162Z Selecting previously unselected package libexpat1:amd64.
Compare gooroom-integration-applet	UNKNOWN STEP	2026-08-17T14:31:16.8796400Z Preparing to unpack .../11-libexpat1_2.2.10-2+deb11u5_amd64.deb ...
Compare gooroom-integration-applet	UNKNOWN STEP	2026-08-17T14:31:16.8802741Z Unpacking libexpat1:amd64 (2.2.10-2+deb11u5) ...
Compare gooroom-integration-applet	UNKNOWN STEP	2026-08-17T14:31:16.8996278Z Selecting previously unselected package python3.9-minimal.
Compare gooroom-integration-applet	UNKNOWN STEP	2026-08-17T14:31:16.9009137Z Preparing to unpack .../12-python3.9-minimal_3.9.2-1_amd64.deb ...
Compare gooroom-integration-applet	UNKNOWN STEP	2026-08-17T14:31:16.9043138Z Unpacking python3.9-minimal (3.9.2-1) ...
Compare gooroom-integration-applet	UNKNOWN STEP	2026-08-17T14:31:17.0521225Z Setting up libpython3.9-minimal:amd64 (3.9.2-1) ...
Compare gooroom-integration-applet	UNKNOWN STEP	2026-08-17T14:31:17.0554201Z Setting up libexpat1:amd64 (2.2.10-2+deb11u5) ...
Compare gooroom-integration-applet	UNKNOWN STEP	2026-08-17T14:31:17.0571780Z Setting up python3.9-minimal (3.9.2-1) ...
Compare gooroom-integration-applet	UNKNOWN STEP	2026-08-17T14:31:17.5460040Z Selecting previously unselected package python3-minimal.
Compare gooroom-integration-applet	UNKNOWN STEP	2026-08-17T14:31:17.5518709Z (Reading database ... 9812 files and directories currently installed.)
Compare gooroom-integration-applet	UNKNOWN STEP	2026-08-17T14:31:17.5526320Z Preparing to unpack .../0-python3-minimal_3.9.2-3_amd64.deb ...
Compare gooroom-integration-applet	UNKNOWN STEP	2026-08-17T14:31:17.5532842Z Unpacking python3-minimal (3.9.2-3) ...
Compare gooroom-integration-applet	UNKNOWN STEP	2026-08-17T14:31:17.5683439Z Selecting previously unselected package media-types.
Compare gooroom-integration-applet	UNKNOWN STEP	2026-08-17T14:31:17.5695291Z Preparing to unpack .../1-media-types_4.0.0_all.deb ...
Compare gooroom-integration-applet	UNKNOWN STEP	2026-08-17T14:31:17.5701979Z Unpacking media-types (4.0.0) ...
Compare gooroom-integration-applet	UNKNOWN STEP	2026-08-17T14:31:17.5838894Z Selecting previously unselected package libmpdec3:amd64.
Compare gooroom-integration-applet	UNKNOWN STEP	2026-08-17T14:31:17.5851348Z Preparing to unpack .../2-libmpdec3_2.5.1-1_amd64.deb ...
Compare gooroom-integration-applet	UNKNOWN STEP	2026-08-17T14:31:17.5858272Z Unpacking libmpdec3:amd64 (2.5.1-1) ...
Compare gooroom-integration-applet	UNKNOWN STEP	2026-08-17T14:31:17.6040179Z Selecting previously unselected package libncursesw6:amd64.
Compare gooroom-integration-applet	UNKNOWN STEP	2026-08-17T14:31:17.6052405Z Preparing to unpack .../3-libncursesw6_6.2+20201114-2+deb11u1_amd64.deb ...
Compare gooroom-integration-applet	UNKNOWN STEP	2026-08-17T14:31:17.6059179Z Unpacking libncursesw6:amd64 (6.2+20201114-2+deb11u1) ...
Compare gooroom-integration-applet	UNKNOWN STEP	2026-08-17T14:31:17.6266660Z Selecting previously unselected package readline-common.
Compare gooroom-integration-applet	UNKNOWN STEP	2026-08-17T14:31:17.6278724Z Preparing to unpack .../4-readline-common_8.1-1_all.deb ...
Compare gooroom-integration-applet	UNKNOWN STEP	2026-08-17T14:31:17.6285327Z Unpacking readline-common (8.1-1) ...
Compare gooroom-integration-applet	UNKNOWN STEP	2026-08-17T14:31:17.6450112Z Selecting previously unselected package libreadline8:amd64.
Compare gooroom-integration-applet	UNKNOWN STEP	2026-08-17T14:31:17.6461867Z Preparing to unpack .../5-libreadline8_8.1-1_amd64.deb ...
Compare gooroom-integration-applet	UNKNOWN STEP	2026-08-17T14:31:17.6470291Z Unpacking libreadline8:amd64 (8.1-1) ...
Compare gooroom-integration-applet	UNKNOWN STEP	2026-08-17T14:31:17.6712094Z Selecting previously unselected package libsqlite3-0:amd64.
Compare gooroom-integration-applet	UNKNOWN STEP	2026-08-17T14:31:17.6723623Z Preparing to unpack .../6-libsqlite3-0_3.34.1-3_amd64.deb ...
Compare gooroom-integration-applet	UNKNOWN STEP	2026-08-17T14:31:17.6730238Z Unpacking libsqlite3-0:amd64 (3.34.1-3) ...
Compare gooroom-integration-applet	UNKNOWN STEP	2026-08-17T14:31:17.7314339Z Selecting previously unselected package libpython3.9-stdlib:amd64.
Compare gooroom-integration-applet	UNKNOWN STEP	2026-08-17T14:31:17.7325868Z Preparing to unpack .../7-libpython3.9-stdlib_3.9.2-1_amd64.deb ...
Compare gooroom-integration-applet	UNKNOWN STEP	2026-08-17T14:31:17.7332389Z Unpacking libpython3.9-stdlib:amd64 (3.9.2-1) ...
Compare gooroom-integration-applet	UNKNOWN STEP	2026-08-17T14:31:17.8703124Z Selecting previously unselected package python3.9.
Compare gooroom-integration-applet	UNKNOWN STEP	2026-08-17T14:31:17.8715974Z Preparing to unpack .../8-python3.9_3.9.2-1_amd64.deb ...
Compare gooroom-integration-applet	UNKNOWN STEP	2026-08-17T14:31:17.8722656Z Unpacking python3.9 (3.9.2-1) ...
Compare gooroom-integration-applet	UNKNOWN STEP	2026-08-17T14:31:17.8959720Z Selecting previously unselected package libpython3-stdlib:amd64.
Compare gooroom-integration-applet	UNKNOWN STEP	2026-08-17T14:31:17.8971028Z Preparing to unpack .../9-libpython3-stdlib_3.9.2-3_amd64.deb ...
Compare gooroom-integration-applet	UNKNOWN STEP	2026-08-17T14:31:17.8977710Z Unpacking libpython3-stdlib:amd64 (3.9.2-3) ...
Compare gooroom-integration-applet	UNKNOWN STEP	2026-08-17T14:31:17.9119713Z Setting up python3-minimal (3.9.2-3) ...
Compare gooroom-integration-applet	UNKNOWN STEP	2026-08-17T14:31:18.0409790Z Selecting previously unselected package python3.
Compare gooroom-integration-applet	UNKNOWN STEP	2026-08-17T14:31:18.0450932Z (Reading database ... 10250 files and directories currently installed.)
Compare gooroom-integration-applet	UNKNOWN STEP	2026-08-17T14:31:18.0458193Z Preparing to unpack .../000-python3_3.9.2-3_amd64.deb ...
Compare gooroom-integration-applet	UNKNOWN STEP	2026-08-17T14:31:18.0489387Z Unpacking python3 (3.9.2-3) ...
Compare gooroom-integration-applet	UNKNOWN STEP	2026-08-17T14:31:18.0639684Z Selecting previously unselected package netbase.
Compare gooroom-integration-applet	UNKNOWN STEP	2026-08-17T14:31:18.0651712Z Preparing to unpack .../001-netbase_6.3_all.deb ...
Compare gooroom-integration-applet	UNKNOWN STEP	2026-08-17T14:31:18.0657946Z Unpacking netbase (6.3) ...
Compare gooroom-integration-applet	UNKNOWN STEP	2026-08-17T14:31:18.0774739Z Selecting previously unselected package sensible-utils.
Compare gooroom-integration-applet	UNKNOWN STEP	2026-08-17T14:31:18.0787335Z Preparing to unpack .../002-sensible-utils_0.0.14_all.deb ...
Compare gooroom-integration-applet	UNKNOWN STEP	2026-08-17T14:31:18.0793665Z Unpacking sensible-utils (0.0.14) ...
Compare gooroom-integration-applet	UNKNOWN STEP	2026-08-17T14:31:18.0923683Z Selecting previously unselected package bzip2.
Compare gooroom-integration-applet	UNKNOWN STEP	2026-08-17T14:31:18.0936790Z Preparing to unpack .../003-bzip2_1.0.8-4_amd64.deb ...
Compare gooroom-integration-applet	UNKNOWN STEP	2026-08-17T14:31:18.0942825Z Unpacking bzip2 (1.0.8-4) ...
Compare gooroom-integration-applet	UNKNOWN STEP	2026-08-17T14:31:18.1094806Z Selecting previously unselected package libmagic-mgc.
Compare gooroom-integration-applet	UNKNOWN STEP	2026-08-17T14:31:18.1108264Z Preparing to unpack .../004-libmagic-mgc_1%3a5.39-3_amd64.deb ...
Compare gooroom-integration-applet	UNKNOWN STEP	2026-08-17T14:31:18.1114938Z Unpacking libmagic-mgc (1:5.39-3) ...
Compare gooroom-integration-applet	UNKNOWN STEP	2026-08-17T14:31:18.1507905Z Selecting previously unselected package libmagic1:amd64.
Compare gooroom-integration-applet	UNKNOWN STEP	2026-08-17T14:31:18.1520772Z Preparing to unpack .../005-libmagic1_1%3a5.39-3_amd64.deb ...
Compare gooroom-integration-applet	UNKNOWN STEP	2026-08-17T14:31:18.1527110Z Unpacking libmagic1:amd64 (1:5.39-3) ...
Compare gooroom-integration-applet	UNKNOWN STEP	2026-08-17T14:31:18.1718099Z Selecting previously unselected package file.
Compare gooroom-integration-applet	UNKNOWN STEP	2026-08-17T14:31:18.1729775Z Preparing to unpack .../006-file_1%3a5.39-3_amd64.deb ...
Compare gooroom-integration-applet	UNKNOWN STEP	2026-08-17T14:31:18.1736077Z Unpacking file (1:5.39-3) ...
Compare gooroom-integration-applet	UNKNOWN STEP	2026-08-17T14:31:18.1899133Z Selecting previously unselected package gettext-base.
Compare gooroom-integration-applet	UNKNOWN STEP	2026-08-17T14:31:18.1909713Z Preparing to unpack .../007-gettext-base_0.21-4_amd64.deb ...
Compare gooroom-integration-applet	UNKNOWN STEP	2026-08-17T14:31:18.1915745Z Unpacking gettext-base (0.21-4) ...
Compare gooroom-integration-applet	UNKNOWN STEP	2026-08-17T14:31:18.2215073Z Selecting previously unselected package xz-utils.
Compare gooroom-integration-applet	UNKNOWN STEP	2026-08-17T14:31:18.2228556Z Preparing to unpack .../008-xz-utils_5.2.5-2.1~deb11u1_amd64.deb ...
Compare gooroom-integration-applet	UNKNOWN STEP	2026-08-17T14:31:18.2234649Z Unpacking xz-utils (5.2.5-2.1~deb11u1) ...
Compare gooroom-integration-applet	UNKNOWN STEP	2026-08-17T14:31:18.2485186Z Selecting previously unselected package libsigsegv2:amd64.
Compare gooroom-integration-applet	UNKNOWN STEP	2026-08-17T14:31:18.2498456Z Preparing to unpack .../009-libsigsegv2_2.13-1_amd64.deb ...
Compare gooroom-integration-applet	UNKNOWN STEP	2026-08-17T14:31:18.2505572Z Unpacking libsigsegv2:amd64 (2.13-1) ...
Compare gooroom-integration-applet	UNKNOWN STEP	2026-08-17T14:31:18.2638390Z Selecting previously unselected package m4.
Compare gooroom-integration-applet	UNKNOWN STEP	2026-08-17T14:31:18.2651157Z Preparing to unpack .../010-m4_1.4.18-5_amd64.deb ...
Compare gooroom-integration-applet	UNKNOWN STEP	2026-08-17T14:31:18.2659469Z Unpacking m4 (1.4.18-5) ...
Compare gooroom-integration-applet	UNKNOWN STEP	2026-08-17T14:31:18.2908239Z Selecting previously unselected package autoconf.
Compare gooroom-integration-applet	UNKNOWN STEP	2026-08-17T14:31:18.2921564Z Preparing to unpack .../011-autoconf_2.69-14_all.deb ...
Compare gooroom-integration-applet	UNKNOWN STEP	2026-08-17T14:31:18.2931524Z Unpacking autoconf (2.69-14) ...
Compare gooroom-integration-applet	UNKNOWN STEP	2026-08-17T14:31:18.3273060Z Selecting previously unselected package autotools-dev.
Compare gooroom-integration-applet	UNKNOWN STEP	2026-08-17T14:31:18.3286258Z Preparing to unpack .../012-autotools-dev_20180224.1+nmu1_all.deb ...
Compare gooroom-integration-applet	UNKNOWN STEP	2026-08-17T14:31:18.3293116Z Unpacking autotools-dev (20180224.1+nmu1) ...
Compare gooroom-integration-applet	UNKNOWN STEP	2026-08-17T14:31:18.3463547Z Selecting previously unselected package automake.
Compare gooroom-integration-applet	UNKNOWN STEP	2026-08-17T14:31:18.3476867Z Preparing to unpack .../013-automake_1%3a1.16.3-2_all.deb ...
Compare gooroom-integration-applet	UNKNOWN STEP	2026-08-17T14:31:18.3492579Z Unpacking automake (1:1.16.3-2) ...
Compare gooroom-integration-applet	UNKNOWN STEP	2026-08-17T14:31:18.4071074Z Selecting previously unselected package autopoint.
Compare gooroom-integration-applet	UNKNOWN STEP	2026-08-17T14:31:18.4084707Z Preparing to unpack .../014-autopoint_0.21-4_all.deb ...
Compare gooroom-integration-applet	UNKNOWN STEP	2026-08-17T14:31:18.4091305Z Unpacking autopoint (0.21-4) ...
Compare gooroom-integration-applet	UNKNOWN STEP	2026-08-17T14:31:18.4311410Z Selecting previously unselected package binutils-common:amd64.
Compare gooroom-integration-applet	UNKNOWN STEP	2026-08-17T14:31:18.4324986Z Preparing to unpack .../015-binutils-common_2.35.2-2_amd64.deb ...
Compare gooroom-integration-applet	UNKNOWN STEP	2026-08-17T14:31:18.4331872Z Unpacking binutils-common:amd64 (2.35.2-2) ...
Compare gooroom-integration-applet	UNKNOWN STEP	2026-08-17T14:31:18.6260097Z Selecting previously unselected package libbinutils:amd64.
Compare gooroom-integration-applet	UNKNOWN STEP	2026-08-17T14:31:18.6273615Z Preparing to unpack .../016-libbinutils_2.35.2-2_amd64.deb ...
Compare gooroom-integration-applet	UNKNOWN STEP	2026-08-17T14:31:18.6281071Z Unpacking libbinutils:amd64 (2.35.2-2) ...
Compare gooroom-integration-applet	UNKNOWN STEP	2026-08-17T14:31:18.6811926Z Selecting previously unselected package libctf-nobfd0:amd64.
Compare gooroom-integration-applet	UNKNOWN STEP	2026-08-17T14:31:18.6825332Z Preparing to unpack .../017-libctf-nobfd0_2.35.2-2_amd64.deb ...
Compare gooroom-integration-applet	UNKNOWN STEP	2026-08-17T14:31:18.6831587Z Unpacking libctf-nobfd0:amd64 (2.35.2-2) ...
Compare gooroom-integration-applet	UNKNOWN STEP	2026-08-17T14:31:18.7022992Z Selecting previously unselected package libctf0:amd64.
Compare gooroom-integration-applet	UNKNOWN STEP	2026-08-17T14:31:18.7036354Z Preparing to unpack .../018-libctf0_2.35.2-2_amd64.deb ...
Compare gooroom-integration-applet	UNKNOWN STEP	2026-08-17T14:31:18.7047618Z Unpacking libctf0:amd64 (2.35.2-2) ...
Compare gooroom-integration-applet	UNKNOWN STEP	2026-08-17T14:31:18.7190469Z Selecting previously unselected package binutils-x86-64-linux-gnu.
Compare gooroom-integration-applet	UNKNOWN STEP	2026-08-17T14:31:18.7203585Z Preparing to unpack .../019-binutils-x86-64-linux-gnu_2.35.2-2_amd64.deb ...
Compare gooroom-integration-applet	UNKNOWN STEP	2026-08-17T14:31:18.7209782Z Unpacking binutils-x86-64-linux-gnu (2.35.2-2) ...
Compare gooroom-integration-applet	UNKNOWN STEP	2026-08-17T14:31:18.8868293Z Selecting previously unselected package binutils.
Compare gooroom-integration-applet	UNKNOWN STEP	2026-08-17T14:31:18.8881409Z Preparing to unpack .../020-binutils_2.35.2-2_amd64.deb ...
Compare gooroom-integration-applet	UNKNOWN STEP	2026-08-17T14:31:18.8887536Z Unpacking binutils (2.35.2-2) ...
Compare gooroom-integration-applet	UNKNOWN STEP	2026-08-17T14:31:18.9046230Z Selecting previously unselected package libc-dev-bin.
Compare gooroom-integration-applet	UNKNOWN STEP	2026-08-17T14:31:18.9055856Z Preparing to unpack .../021-libc-dev-bin_2.31-13+deb11u6_amd64.deb ...
Compare gooroom-integration-applet	UNKNOWN STEP	2026-08-17T14:31:18.9061791Z Unpacking libc-dev-bin (2.31-13+deb11u6) ...
Compare gooroom-integration-applet	UNKNOWN STEP	2026-08-17T14:31:18.9238213Z Selecting previously unselected package linux-libc-dev:amd64.
Compare gooroom-integration-applet	UNKNOWN STEP	2026-08-17T14:31:18.9249317Z Preparing to unpack .../022-linux-libc-dev_5.10.178-3_amd64.deb ...
Compare gooroom-integration-applet	UNKNOWN STEP	2026-08-17T14:31:18.9256899Z Unpacking linux-libc-dev:amd64 (5.10.178-3) ...
Compare gooroom-integration-applet	UNKNOWN STEP	2026-08-17T14:31:19.0750854Z Selecting previously unselected package libcrypt-dev:amd64.
Compare gooroom-integration-applet	UNKNOWN STEP	2026-08-17T14:31:19.0766789Z Preparing to unpack .../023-libcrypt-dev_1%3a4.4.18-4_amd64.deb ...
Compare gooroom-integration-applet	UNKNOWN STEP	2026-08-17T14:31:19.0773126Z Unpacking libcrypt-dev:amd64 (1:4.4.18-4) ...
Compare gooroom-integration-applet	UNKNOWN STEP	2026-08-17T14:31:19.0959967Z Selecting previously unselected package libtirpc-dev:amd64.
Compare gooroom-integration-applet	UNKNOWN STEP	2026-08-17T14:31:19.0973412Z Preparing to unpack .../024-libtirpc-dev_1.3.1-1+deb11u1_amd64.deb ...
Compare gooroom-integration-applet	UNKNOWN STEP	2026-08-17T14:31:19.0980131Z Unpacking libtirpc-dev:amd64 (1.3.1-1+deb11u1) ...
Compare gooroom-integration-applet	UNKNOWN STEP	2026-08-17T14:31:19.1244531Z Selecting previously unselected package libnsl-dev:amd64.
Compare gooroom-integration-applet	UNKNOWN STEP	2026-08-17T14:31:19.1257418Z Preparing to unpack .../025-libnsl-dev_1.3.0-2_amd64.deb ...
Compare gooroom-integration-applet	UNKNOWN STEP	2026-08-17T14:31:19.1263258Z Unpacking libnsl-dev:amd64 (1.3.0-2) ...
Compare gooroom-integration-applet	UNKNOWN STEP	2026-08-17T14:31:19.1425786Z Selecting previously unselected package libc6-dev:amd64.
Compare gooroom-integration-applet	UNKNOWN STEP	2026-08-17T14:31:19.1436873Z Preparing to unpack .../026-libc6-dev_2.31-13+deb11u6_amd64.deb ...
Compare gooroom-integration-applet	UNKNOWN STEP	2026-08-17T14:31:19.1442563Z Unpacking libc6-dev:amd64 (2.31-13+deb11u6) ...
Compare gooroom-integration-applet	UNKNOWN STEP	2026-08-17T14:31:19.3756599Z Selecting previously unselected package libisl23:amd64.
Compare gooroom-integration-applet	UNKNOWN STEP	2026-08-17T14:31:19.3772119Z Preparing to unpack .../027-libisl23_0.23-1_amd64.deb ...
Compare gooroom-integration-applet	UNKNOWN STEP	2026-08-17T14:31:19.3778264Z Unpacking libisl23:amd64 (0.23-1) ...
Compare gooroom-integration-applet	UNKNOWN STEP	2026-08-17T14:31:19.4346393Z Selecting previously unselected package libmpfr6:amd64.
Compare gooroom-integration-applet	UNKNOWN STEP	2026-08-17T14:31:19.4359795Z Preparing to unpack .../028-libmpfr6_4.1.0-3_amd64.deb ...
Compare gooroom-integration-applet	UNKNOWN STEP	2026-08-17T14:31:19.4366264Z Unpacking libmpfr6:amd64 (4.1.0-3) ...
Compare gooroom-integration-applet	UNKNOWN STEP	2026-08-17T14:31:19.5246463Z Selecting previously unselected package libmpc3:amd64.
Compare gooroom-integration-applet	UNKNOWN STEP	2026-08-17T14:31:19.5260321Z Preparing to unpack .../029-libmpc3_1.2.0-1_amd64.deb ...
Compare gooroom-integration-applet	UNKNOWN STEP	2026-08-17T14:31:19.5267181Z Unpacking libmpc3:amd64 (1.2.0-1) ...
Compare gooroom-integration-applet	UNKNOWN STEP	2026-08-17T14:31:19.5406461Z Selecting previously unselected package cpp-10.
Compare gooroom-integration-applet	UNKNOWN STEP	2026-08-17T14:31:19.5417435Z Preparing to unpack .../030-cpp-10_10.2.1-6_amd64.deb ...
Compare gooroom-integration-applet	UNKNOWN STEP	2026-08-17T14:31:19.5424091Z Unpacking cpp-10 (10.2.1-6) ...
Compare gooroom-integration-applet	UNKNOWN STEP	2026-08-17T14:31:20.1819087Z Selecting previously unselected package cpp.
Compare gooroom-integration-applet	UNKNOWN STEP	2026-08-17T14:31:20.1833704Z Preparing to unpack .../031-cpp_4%3a10.2.1-1_amd64.deb ...
Compare gooroom-integration-applet	UNKNOWN STEP	2026-08-17T14:31:20.1840405Z Unpacking cpp (4:10.2.1-1) ...
Compare gooroom-integration-applet	UNKNOWN STEP	2026-08-17T14:31:20.1970495Z Selecting previously unselected package libcc1-0:amd64.
Compare gooroom-integration-applet	UNKNOWN STEP	2026-08-17T14:31:20.1982127Z Preparing to unpack .../032-libcc1-0_10.2.1-6_amd64.deb ...
Compare gooroom-integration-applet	UNKNOWN STEP	2026-08-17T14:31:20.1988901Z Unpacking libcc1-0:amd64 (10.2.1-6) ...
Compare gooroom-integration-applet	UNKNOWN STEP	2026-08-17T14:31:20.2142382Z Selecting previously unselected package libgomp1:amd64.
Compare gooroom-integration-applet	UNKNOWN STEP	2026-08-17T14:31:20.2153183Z Preparing to unpack .../033-libgomp1_10.2.1-6_amd64.deb ...
Compare gooroom-integration-applet	UNKNOWN STEP	2026-08-17T14:31:20.2160065Z Unpacking libgomp1:amd64 (10.2.1-6) ...
Compare gooroom-integration-applet	UNKNOWN STEP	2026-08-17T14:31:20.2342588Z Selecting previously unselected package libitm1:amd64.
Compare gooroom-integration-applet	UNKNOWN STEP	2026-08-17T14:31:20.2352587Z Preparing to unpack .../034-libitm1_10.2.1-6_amd64.deb ...
Compare gooroom-integration-applet	UNKNOWN STEP	2026-08-17T14:31:20.2359492Z Unpacking libitm1:amd64 (10.2.1-6) ...
Compare gooroom-integration-applet	UNKNOWN STEP	2026-08-17T14:31:20.2493043Z Selecting previously unselected package libatomic1:amd64.
Compare gooroom-integration-applet	UNKNOWN STEP	2026-08-17T14:31:20.2503056Z Preparing to unpack .../035-libatomic1_10.2.1-6_amd64.deb ...
Compare gooroom-integration-applet	UNKNOWN STEP	2026-08-17T14:31:20.2509892Z Unpacking libatomic1:amd64 (10.2.1-6) ...
Compare gooroom-integration-applet	UNKNOWN STEP	2026-08-17T14:31:20.2634574Z Selecting previously unselected package libasan6:amd64.
Compare gooroom-integration-applet	UNKNOWN STEP	2026-08-17T14:31:20.2647987Z Preparing to unpack .../036-libasan6_10.2.1-6_amd64.deb ...
Compare gooroom-integration-applet	UNKNOWN STEP	2026-08-17T14:31:20.2657803Z Unpacking libasan6:amd64 (10.2.1-6) ...
Compare gooroom-integration-applet	UNKNOWN STEP	2026-08-17T14:31:20.4447201Z Selecting previously unselected package liblsan0:amd64.
Compare gooroom-integration-applet	UNKNOWN STEP	2026-08-17T14:31:20.4461374Z Preparing to unpack .../037-liblsan0_10.2.1-6_amd64.deb ...
Compare gooroom-integration-applet	UNKNOWN STEP	2026-08-17T14:31:20.4468538Z Unpacking liblsan0:amd64 (10.2.1-6) ...
Compare gooroom-integration-applet	UNKNOWN STEP	2026-08-17T14:31:20.5198349Z Selecting previously unselected package libtsan0:amd64.
Compare gooroom-integration-applet	UNKNOWN STEP	2026-08-17T14:31:20.5212402Z Preparing to unpack .../038-libtsan0_10.2.1-6_amd64.deb ...
Compare gooroom-integration-applet	UNKNOWN STEP	2026-08-17T14:31:20.5219709Z Unpacking libtsan0:amd64 (10.2.1-6) ...
Compare gooroom-integration-applet	UNKNOWN STEP	2026-08-17T14:31:20.6993504Z Selecting previously unselected package libubsan1:amd64.
Compare gooroom-integration-applet	UNKNOWN STEP	2026-08-17T14:31:20.7008345Z Preparing to unpack .../039-libubsan1_10.2.1-6_amd64.deb ...
Compare gooroom-integration-applet	UNKNOWN STEP	2026-08-17T14:31:20.7016667Z Unpacking libubsan1:amd64 (10.2.1-6) ...
Compare gooroom-integration-applet	UNKNOWN STEP	2026-08-17T14:31:20.7704676Z Selecting previously unselected package libquadmath0:amd64.
Compare gooroom-integration-applet	UNKNOWN STEP	2026-08-17T14:31:20.7719536Z Preparing to unpack .../040-libquadmath0_10.2.1-6_amd64.deb ...
Compare gooroom-integration-applet	UNKNOWN STEP	2026-08-17T14:31:20.7725969Z Unpacking libquadmath0:amd64 (10.2.1-6) ...
Compare gooroom-integration-applet	UNKNOWN STEP	2026-08-17T14:31:20.7938938Z Selecting previously unselected package libgcc-10-dev:amd64.
Compare gooroom-integration-applet	UNKNOWN STEP	2026-08-17T14:31:20.7954104Z Preparing to unpack .../041-libgcc-10-dev_10.2.1-6_amd64.deb ...
Compare gooroom-integration-applet	UNKNOWN STEP	2026-08-17T14:31:20.7961145Z Unpacking libgcc-10-dev:amd64 (10.2.1-6) ...
Compare gooroom-integration-applet	UNKNOWN STEP	2026-08-17T14:31:20.9671786Z Selecting previously unselected package gcc-10.
Compare gooroom-integration-applet	UNKNOWN STEP	2026-08-17T14:31:20.9687836Z Preparing to unpack .../042-gcc-10_10.2.1-6_amd64.deb ...
Compare gooroom-integration-applet	UNKNOWN STEP	2026-08-17T14:31:20.9695786Z Unpacking gcc-10 (10.2.1-6) ...
Compare gooroom-integration-applet	UNKNOWN STEP	2026-08-17T14:31:22.1269703Z Selecting previously unselected package gcc.
Compare gooroom-integration-applet	UNKNOWN STEP	2026-08-17T14:31:22.1284731Z Preparing to unpack .../043-gcc_4%3a10.2.1-1_amd64.deb ...
Compare gooroom-integration-applet	UNKNOWN STEP	2026-08-17T14:31:22.1291091Z Unpacking gcc (4:10.2.1-1) ...
Compare gooroom-integration-applet	UNKNOWN STEP	2026-08-17T14:31:22.1435976Z Selecting previously unselected package libstdc++-10-dev:amd64.
Compare gooroom-integration-applet	UNKNOWN STEP	2026-08-17T14:31:22.1450440Z Preparing to unpack .../044-libstdc++-10-dev_10.2.1-6_amd64.deb ...
Compare gooroom-integration-applet	UNKNOWN STEP	2026-08-17T14:31:22.1457210Z Unpacking libstdc++-10-dev:amd64 (10.2.1-6) ...
Compare gooroom-integration-applet	UNKNOWN STEP	2026-08-17T14:31:22.3680029Z Selecting previously unselected package g++-10.
Compare gooroom-integration-applet	UNKNOWN STEP	2026-08-17T14:31:22.3697433Z Preparing to unpack .../045-g++-10_10.2.1-6_amd64.deb ...
Compare gooroom-integration-applet	UNKNOWN STEP	2026-08-17T14:31:22.3704655Z Unpacking g++-10 (10.2.1-6) ...
Compare gooroom-integration-applet	UNKNOWN STEP	2026-08-17T14:31:23.0339707Z Selecting previously unselected package g++.
Compare gooroom-integration-applet	UNKNOWN STEP	2026-08-17T14:31:23.0355264Z Preparing to unpack .../046-g++_4%3a10.2.1-1_amd64.deb ...
Compare gooroom-integration-applet	UNKNOWN STEP	2026-08-17T14:31:23.0361650Z Unpacking g++ (4:10.2.1-1) ...
Compare gooroom-integration-applet	UNKNOWN STEP	2026-08-17T14:31:23.0480262Z Selecting previously unselected package make.
Compare gooroom-integration-applet	UNKNOWN STEP	2026-08-17T14:31:23.0494480Z Preparing to unpack .../047-make_4.3-4.1_amd64.deb ...
Compare gooroom-integration-applet	UNKNOWN STEP	2026-08-17T14:31:23.0500911Z Unpacking make (4.3-4.1) ...
Compare gooroom-integration-applet	UNKNOWN STEP	2026-08-17T14:31:23.0904488Z Selecting previously unselected package libdpkg-perl.
Compare gooroom-integration-applet	UNKNOWN STEP	2026-08-17T14:31:23.0918767Z Preparing to unpack .../048-libdpkg-perl_1.20.12_all.deb ...
Compare gooroom-integration-applet	UNKNOWN STEP	2026-08-17T14:31:23.0925320Z Unpacking libdpkg-perl (1.20.12) ...
Compare gooroom-integration-applet	UNKNOWN STEP	2026-08-17T14:31:23.1496990Z Selecting previously unselected package patch.
Compare gooroom-integration-applet	UNKNOWN STEP	2026-08-17T14:31:23.1512718Z Preparing to unpack .../049-patch_2.7.6-7_amd64.deb ...
Compare gooroom-integration-applet	UNKNOWN STEP	2026-08-17T14:31:23.1525946Z Unpacking patch (2.7.6-7) ...
Compare gooroom-integration-applet	UNKNOWN STEP	2026-08-17T14:31:23.1731021Z Selecting previously unselected package dpkg-dev.
Compare gooroom-integration-applet	UNKNOWN STEP	2026-08-17T14:31:23.1745712Z Preparing to unpack .../050-dpkg-dev_1.20.12_all.deb ...
Compare gooroom-integration-applet	UNKNOWN STEP	2026-08-17T14:31:23.1754006Z Unpacking dpkg-dev (1.20.12) ...
Compare gooroom-integration-applet	UNKNOWN STEP	2026-08-17T14:31:23.2901915Z Selecting previously unselected package build-essential.
Compare gooroom-integration-applet	UNKNOWN STEP	2026-08-17T14:31:23.2918264Z Preparing to unpack .../051-build-essential_12.9_amd64.deb ...
Compare gooroom-integration-applet	UNKNOWN STEP	2026-08-17T14:31:23.2925120Z Unpacking build-essential (12.9) ...
Compare gooroom-integration-applet	UNKNOWN STEP	2026-08-17T14:31:23.3040847Z Selecting previously unselected package libdebhelper-perl.
Compare gooroom-integration-applet	UNKNOWN STEP	2026-08-17T14:31:23.3054095Z Preparing to unpack .../052-libdebhelper-perl_13.3.4_all.deb ...
Compare gooroom-integration-applet	UNKNOWN STEP	2026-08-17T14:31:23.3075000Z Unpacking libdebhelper-perl (13.3.4) ...
Compare gooroom-integration-applet	UNKNOWN STEP	2026-08-17T14:31:23.3302109Z Selecting previously unselected package libtool.
Compare gooroom-integration-applet	UNKNOWN STEP	2026-08-17T14:31:23.3316623Z Preparing to unpack .../053-libtool_2.4.6-15_all.deb ...
Compare gooroom-integration-applet	UNKNOWN STEP	2026-08-17T14:31:23.3323271Z Unpacking libtool (2.4.6-15) ...
Compare gooroom-integration-applet	UNKNOWN STEP	2026-08-17T14:31:23.3582912Z Selecting previously unselected package dh-autoreconf.
Compare gooroom-integration-applet	UNKNOWN STEP	2026-08-17T14:31:23.3595758Z Preparing to unpack .../054-dh-autoreconf_20_all.deb ...
Compare gooroom-integration-applet	UNKNOWN STEP	2026-08-17T14:31:23.3604635Z Unpacking dh-autoreconf (20) ...
Compare gooroom-integration-applet	UNKNOWN STEP	2026-08-17T14:31:23.3742705Z Selecting previously unselected package libarchive-zip-perl.
Compare gooroom-integration-applet	UNKNOWN STEP	2026-08-17T14:31:23.3756375Z Preparing to unpack .../055-libarchive-zip-perl_1.68-1_all.deb ...
Compare gooroom-integration-applet	UNKNOWN STEP	2026-08-17T14:31:23.3764220Z Unpacking libarchive-zip-perl (1.68-1) ...
Compare gooroom-integration-applet	UNKNOWN STEP	2026-08-17T14:31:23.3957380Z Selecting previously unselected package libsub-override-perl.
Compare gooroom-integration-applet	UNKNOWN STEP	2026-08-17T14:31:23.3970985Z Preparing to unpack .../056-libsub-override-perl_0.09-2_all.deb ...
Compare gooroom-integration-applet	UNKNOWN STEP	2026-08-17T14:31:23.3978553Z Unpacking libsub-override-perl (0.09-2) ...
Compare gooroom-integration-applet	UNKNOWN STEP	2026-08-17T14:31:23.4095504Z Selecting previously unselected package libfile-stripnondeterminism-perl.
Compare gooroom-integration-applet	UNKNOWN STEP	2026-08-17T14:31:23.4108258Z Preparing to unpack .../057-libfile-stripnondeterminism-perl_1.12.0-1_all.deb ...
Compare gooroom-integration-applet	UNKNOWN STEP	2026-08-17T14:31:23.4115510Z Unpacking libfile-stripnondeterminism-perl (1.12.0-1) ...
Compare gooroom-integration-applet	UNKNOWN STEP	2026-08-17T14:31:23.4250639Z Selecting previously unselected package dh-strip-nondeterminism.
Compare gooroom-integration-applet	UNKNOWN STEP	2026-08-17T14:31:23.4262005Z Preparing to unpack .../058-dh-strip-nondeterminism_1.12.0-1_all.deb ...
Compare gooroom-integration-applet	UNKNOWN STEP	2026-08-17T14:31:23.4268446Z Unpacking dh-strip-nondeterminism (1.12.0-1) ...
Compare gooroom-integration-applet	UNKNOWN STEP	2026-08-17T14:31:23.4398294Z Selecting previously unselected package libelf1:amd64.
Compare gooroom-integration-applet	UNKNOWN STEP	2026-08-17T14:31:23.4409116Z Preparing to unpack .../059-libelf1_0.183-1_amd64.deb ...
Compare gooroom-integration-applet	UNKNOWN STEP	2026-08-17T14:31:23.4416907Z Unpacking libelf1:amd64 (0.183-1) ...
Compare gooroom-integration-applet	UNKNOWN STEP	2026-08-17T14:31:23.4671577Z Selecting previously unselected package dwz.
Compare gooroom-integration-applet	UNKNOWN STEP	2026-08-17T14:31:23.4685173Z Preparing to unpack .../060-dwz_0.13+20210201-1_amd64.deb ...
Compare gooroom-integration-applet	UNKNOWN STEP	2026-08-17T14:31:23.4693621Z Unpacking dwz (0.13+20210201-1) ...
Compare gooroom-integration-applet	UNKNOWN STEP	2026-08-17T14:31:23.4962033Z Selecting previously unselected package libicu67:amd64.
Compare gooroom-integration-applet	UNKNOWN STEP	2026-08-17T14:31:23.4977219Z Preparing to unpack .../061-libicu67_67.1-7_amd64.deb ...
Compare gooroom-integration-applet	UNKNOWN STEP	2026-08-17T14:31:23.4985749Z Unpacking libicu67:amd64 (67.1-7) ...
Compare gooroom-integration-applet	UNKNOWN STEP	2026-08-17T14:31:24.1199792Z Selecting previously unselected package libxml2:amd64.
Compare gooroom-integration-applet	UNKNOWN STEP	2026-08-17T14:31:24.1216092Z Preparing to unpack .../062-libxml2_2.9.10+dfsg-6.7+deb11u4_amd64.deb ...
Compare gooroom-integration-applet	UNKNOWN STEP	2026-08-17T14:31:24.1223376Z Unpacking libxml2:amd64 (2.9.10+dfsg-6.7+deb11u4) ...
Compare gooroom-integration-applet	UNKNOWN STEP	2026-08-17T14:31:24.1804773Z Selecting previously unselected package gettext.
Compare gooroom-integration-applet	UNKNOWN STEP	2026-08-17T14:31:24.1820645Z Preparing to unpack .../063-gettext_0.21-4_amd64.deb ...
Compare gooroom-integration-applet	UNKNOWN STEP	2026-08-17T14:31:24.1828876Z Unpacking gettext (0.21-4) ...
Compare gooroom-integration-applet	UNKNOWN STEP	2026-08-17T14:31:24.2811405Z Selecting previously unselected package intltool-debian.
Compare gooroom-integration-applet	UNKNOWN STEP	2026-08-17T14:31:24.2828432Z Preparing to unpack .../064-intltool-debian_0.35.0+20060710.5_all.deb ...
Compare gooroom-integration-applet	UNKNOWN STEP	2026-08-17T14:31:24.2835534Z Unpacking intltool-debian (0.35.0+20060710.5) ...
Compare gooroom-integration-applet	UNKNOWN STEP	2026-08-17T14:31:24.2966242Z Selecting previously unselected package po-debconf.
Compare gooroom-integration-applet	UNKNOWN STEP	2026-08-17T14:31:24.2981300Z Preparing to unpack .../065-po-debconf_1.0.21+nmu1_all.deb ...
Compare gooroom-integration-applet	UNKNOWN STEP	2026-08-17T14:31:24.2988088Z Unpacking po-debconf (1.0.21+nmu1) ...
Compare gooroom-integration-applet	UNKNOWN STEP	2026-08-17T14:31:24.3298150Z Selecting previously unselected package debhelper.
Compare gooroom-integration-applet	UNKNOWN STEP	2026-08-17T14:31:24.3315650Z Preparing to unpack .../066-debhelper_13.3.4_all.deb ...
Compare gooroom-integration-applet	UNKNOWN STEP	2026-08-17T14:31:24.3323234Z Unpacking debhelper (13.3.4) ...
Compare gooroom-integration-applet	UNKNOWN STEP	2026-08-17T14:31:24.4291239Z Selecting previously unselected package libfakeroot:amd64.
Compare gooroom-integration-applet	UNKNOWN STEP	2026-08-17T14:31:24.4309448Z Preparing to unpack .../067-libfakeroot_1.25.3-1.1_amd64.deb ...
Compare gooroom-integration-applet	UNKNOWN STEP	2026-08-17T14:31:24.4316345Z Unpacking libfakeroot:amd64 (1.25.3-1.1) ...
Compare gooroom-integration-applet	UNKNOWN STEP	2026-08-17T14:31:24.4471381Z Selecting previously unselected package fakeroot.
Compare gooroom-integration-applet	UNKNOWN STEP	2026-08-17T14:31:24.4487957Z Preparing to unpack .../068-fakeroot_1.25.3-1.1_amd64.deb ...
Compare gooroom-integration-applet	UNKNOWN STEP	2026-08-17T14:31:24.4495524Z Unpacking fakeroot (1.25.3-1.1) ...
Compare gooroom-integration-applet	UNKNOWN STEP	2026-08-17T14:31:24.4693825Z Selecting previously unselected package libassuan0:amd64.
Compare gooroom-integration-applet	UNKNOWN STEP	2026-08-17T14:31:24.4711984Z Preparing to unpack .../069-libassuan0_2.5.3-7.1_amd64.deb ...
Compare gooroom-integration-applet	UNKNOWN STEP	2026-08-17T14:31:24.4719102Z Unpacking libassuan0:amd64 (2.5.3-7.1) ...
Compare gooroom-integration-applet	UNKNOWN STEP	2026-08-17T14:31:24.4875058Z Selecting previously unselected package gpgconf.
Compare gooroom-integration-applet	UNKNOWN STEP	2026-08-17T14:31:24.4891857Z Preparing to unpack .../070-gpgconf_2.2.27-2+deb11u2_amd64.deb ...
Compare gooroom-integration-applet	UNKNOWN STEP	2026-08-17T14:31:24.4898316Z Unpacking gpgconf (2.2.27-2+deb11u2) ...
Compare gooroom-integration-applet	UNKNOWN STEP	2026-08-17T14:31:24.5170949Z Selecting previously unselected package libksba8:amd64.
Compare gooroom-integration-applet	UNKNOWN STEP	2026-08-17T14:31:24.5187953Z Preparing to unpack .../071-libksba8_1.5.0-3+deb11u2_amd64.deb ...
Compare gooroom-integration-applet	UNKNOWN STEP	2026-08-17T14:31:24.5195315Z Unpacking libksba8:amd64 (1.5.0-3+deb11u2) ...
Compare gooroom-integration-applet	UNKNOWN STEP	2026-08-17T14:31:24.5393012Z Selecting previously unselected package libsasl2-modules-db:amd64.
Compare gooroom-integration-applet	UNKNOWN STEP	2026-08-17T14:31:24.5410333Z Preparing to unpack .../072-libsasl2-modules-db_2.1.27+dfsg-2.1+deb11u1_amd64.deb ...
Compare gooroom-integration-applet	UNKNOWN STEP	2026-08-17T14:31:24.5417777Z Unpacking libsasl2-modules-db:amd64 (2.1.27+dfsg-2.1+deb11u1) ...
Compare gooroom-integration-applet	UNKNOWN STEP	2026-08-17T14:31:24.5582119Z Selecting previously unselected package libsasl2-2:amd64.
Compare gooroom-integration-applet	UNKNOWN STEP	2026-08-17T14:31:24.5599585Z Preparing to unpack .../073-libsasl2-2_2.1.27+dfsg-2.1+deb11u1_amd64.deb ...
Compare gooroom-integration-applet	UNKNOWN STEP	2026-08-17T14:31:24.5607552Z Unpacking libsasl2-2:amd64 (2.1.27+dfsg-2.1+deb11u1) ...
Compare gooroom-integration-applet	UNKNOWN STEP	2026-08-17T14:31:24.5807115Z Selecting previously unselected package libldap-2.4-2:amd64.
Compare gooroom-integration-applet	UNKNOWN STEP	2026-08-17T14:31:24.5824946Z Preparing to unpack .../074-libldap-2.4-2_2.4.57+dfsg-3+deb11u1_amd64.deb ...
Compare gooroom-integration-applet	UNKNOWN STEP	2026-08-17T14:31:24.5832034Z Unpacking libldap-2.4-2:amd64 (2.4.57+dfsg-3+deb11u1) ...
Compare gooroom-integration-applet	UNKNOWN STEP	2026-08-17T14:31:24.6118536Z Selecting previously unselected package libnpth0:amd64.
Compare gooroom-integration-applet	UNKNOWN STEP	2026-08-17T14:31:24.6135840Z Preparing to unpack .../075-libnpth0_1.6-3_amd64.deb ...
Compare gooroom-integration-applet	UNKNOWN STEP	2026-08-17T14:31:24.6142973Z Unpacking libnpth0:amd64 (1.6-3) ...
Compare gooroom-integration-applet	UNKNOWN STEP	2026-08-17T14:31:24.6281495Z Selecting previously unselected package dirmngr.
Compare gooroom-integration-applet	UNKNOWN STEP	2026-08-17T14:31:24.6299182Z Preparing to unpack .../076-dirmngr_2.2.27-2+deb11u2_amd64.deb ...
Compare gooroom-integration-applet	UNKNOWN STEP	2026-08-17T14:31:24.6414685Z Unpacking dirmngr (2.2.27-2+deb11u2) ...
Compare gooroom-integration-applet	UNKNOWN STEP	2026-08-17T14:31:24.6832416Z Selecting previously unselected package gnupg-l10n.
Compare gooroom-integration-applet	UNKNOWN STEP	2026-08-17T14:31:24.6848909Z Preparing to unpack .../077-gnupg-l10n_2.2.27-2+deb11u2_all.deb ...
Compare gooroom-integration-applet	UNKNOWN STEP	2026-08-17T14:31:24.6855913Z Unpacking gnupg-l10n (2.2.27-2+deb11u2) ...
Compare gooroom-integration-applet	UNKNOWN STEP	2026-08-17T14:31:24.7598545Z Selecting previously unselected package gnupg-utils.
Compare gooroom-integration-applet	UNKNOWN STEP	2026-08-17T14:31:24.7615881Z Preparing to unpack .../078-gnupg-utils_2.2.27-2+deb11u2_amd64.deb ...
Compare gooroom-integration-applet	UNKNOWN STEP	2026-08-17T14:31:24.7625097Z Unpacking gnupg-utils (2.2.27-2+deb11u2) ...
Compare gooroom-integration-applet	UNKNOWN STEP	2026-08-17T14:31:24.8163209Z Selecting previously unselected package gpg.
Compare gooroom-integration-applet	UNKNOWN STEP	2026-08-17T14:31:24.8180349Z Preparing to unpack .../079-gpg_2.2.27-2+deb11u2_amd64.deb ...
Compare gooroom-integration-applet	UNKNOWN STEP	2026-08-17T14:31:24.8187132Z Unpacking gpg (2.2.27-2+deb11u2) ...
Compare gooroom-integration-applet	UNKNOWN STEP	2026-08-17T14:31:24.8696729Z Selecting previously unselected package pinentry-curses.
Compare gooroom-integration-applet	UNKNOWN STEP	2026-08-17T14:31:24.8713436Z Preparing to unpack .../080-pinentry-curses_1.1.0-4_amd64.deb ...
Compare gooroom-integration-applet	UNKNOWN STEP	2026-08-17T14:31:24.8719951Z Unpacking pinentry-curses (1.1.0-4) ...
Compare gooroom-integration-applet	UNKNOWN STEP	2026-08-17T14:31:24.8890154Z Selecting previously unselected package gpg-agent.
Compare gooroom-integration-applet	UNKNOWN STEP	2026-08-17T14:31:24.8906827Z Preparing to unpack .../081-gpg-agent_2.2.27-2+deb11u2_amd64.deb ...
Compare gooroom-integration-applet	UNKNOWN STEP	2026-08-17T14:31:24.8913629Z Unpacking gpg-agent (2.2.27-2+deb11u2) ...
Compare gooroom-integration-applet	UNKNOWN STEP	2026-08-17T14:31:24.9270364Z Selecting previously unselected package gpg-wks-client.
Compare gooroom-integration-applet	UNKNOWN STEP	2026-08-17T14:31:24.9287512Z Preparing to unpack .../082-gpg-wks-client_2.2.27-2+deb11u2_amd64.deb ...
Compare gooroom-integration-applet	UNKNOWN STEP	2026-08-17T14:31:24.9293531Z Unpacking gpg-wks-client (2.2.27-2+deb11u2) ...
Compare gooroom-integration-applet	UNKNOWN STEP	2026-08-17T14:31:24.9526918Z Selecting previously unselected package gpg-wks-server.
Compare gooroom-integration-applet	UNKNOWN STEP	2026-08-17T14:31:24.9544116Z Preparing to unpack .../083-gpg-wks-server_2.2.27-2+deb11u2_amd64.deb ...
Compare gooroom-integration-applet	UNKNOWN STEP	2026-08-17T14:31:24.9551691Z Unpacking gpg-wks-server (2.2.27-2+deb11u2) ...
Compare gooroom-integration-applet	UNKNOWN STEP	2026-08-17T14:31:24.9887422Z Selecting previously unselected package gpgsm.
Compare gooroom-integration-applet	UNKNOWN STEP	2026-08-17T14:31:24.9905352Z Preparing to unpack .../084-gpgsm_2.2.27-2+deb11u2_amd64.deb ...
Compare gooroom-integration-applet	UNKNOWN STEP	2026-08-17T14:31:24.9911343Z Unpacking gpgsm (2.2.27-2+deb11u2) ...
Compare gooroom-integration-applet	UNKNOWN STEP	2026-08-17T14:31:25.0256353Z Selecting previously unselected package gnupg.
Compare gooroom-integration-applet	UNKNOWN STEP	2026-08-17T14:31:25.0272797Z Preparing to unpack .../085-gnupg_2.2.27-2+deb11u2_all.deb ...
Compare gooroom-integration-applet	UNKNOWN STEP	2026-08-17T14:31:25.0279319Z Unpacking gnupg (2.2.27-2+deb11u2) ...
Compare gooroom-integration-applet	UNKNOWN STEP	2026-08-17T14:31:25.0656007Z Selecting previously unselected package libfile-dirlist-perl.
Compare gooroom-integration-applet	UNKNOWN STEP	2026-08-17T14:31:25.0672719Z Preparing to unpack .../086-libfile-dirlist-perl_0.05-2_all.deb ...
Compare gooroom-integration-applet	UNKNOWN STEP	2026-08-17T14:31:25.0680161Z Unpacking libfile-dirlist-perl (0.05-2) ...
Compare gooroom-integration-applet	UNKNOWN STEP	2026-08-17T14:31:25.0799644Z Selecting previously unselected package libfile-which-perl.
Compare gooroom-integration-applet	UNKNOWN STEP	2026-08-17T14:31:25.0815230Z Preparing to unpack .../087-libfile-which-perl_1.23-1_all.deb ...
Compare gooroom-integration-applet	UNKNOWN STEP	2026-08-17T14:31:25.0821759Z Unpacking libfile-which-perl (1.23-1) ...
Compare gooroom-integration-applet	UNKNOWN STEP	2026-08-17T14:31:25.0941453Z Selecting previously unselected package libfile-homedir-perl.
Compare gooroom-integration-applet	UNKNOWN STEP	2026-08-17T14:31:25.0957010Z Preparing to unpack .../088-libfile-homedir-perl_1.006-1_all.deb ...
Compare gooroom-integration-applet	UNKNOWN STEP	2026-08-17T14:31:25.0966955Z Unpacking libfile-homedir-perl (1.006-1) ...
Compare gooroom-integration-applet	UNKNOWN STEP	2026-08-17T14:31:25.1114699Z Selecting previously unselected package libfile-touch-perl.
Compare gooroom-integration-applet	UNKNOWN STEP	2026-08-17T14:31:25.1129970Z Preparing to unpack .../089-libfile-touch-perl_0.11-1_all.deb ...
Compare gooroom-integration-applet	UNKNOWN STEP	2026-08-17T14:31:25.1136658Z Unpacking libfile-touch-perl (0.11-1) ...
Compare gooroom-integration-applet	UNKNOWN STEP	2026-08-17T14:31:25.1251573Z Selecting previously unselected package libio-pty-perl.
Compare gooroom-integration-applet	UNKNOWN STEP	2026-08-17T14:31:25.1266092Z Preparing to unpack .../090-libio-pty-perl_1%3a1.15-2_amd64.deb ...
Compare gooroom-integration-applet	UNKNOWN STEP	2026-08-17T14:31:25.1272023Z Unpacking libio-pty-perl (1:1.15-2) ...
Compare gooroom-integration-applet	UNKNOWN STEP	2026-08-17T14:31:25.1413745Z Selecting previously unselected package libipc-run-perl.
Compare gooroom-integration-applet	UNKNOWN STEP	2026-08-17T14:31:25.1430305Z Preparing to unpack .../091-libipc-run-perl_20200505.0-1_all.deb ...
Compare gooroom-integration-applet	UNKNOWN STEP	2026-08-17T14:31:25.1436399Z Unpacking libipc-run-perl (20200505.0-1) ...
Compare gooroom-integration-applet	UNKNOWN STEP	2026-08-17T14:31:25.1626118Z Selecting previously unselected package libclass-method-modifiers-perl.
Compare gooroom-integration-applet	UNKNOWN STEP	2026-08-17T14:31:25.1642605Z Preparing to unpack .../092-libclass-method-modifiers-perl_2.13-1_all.deb ...
Compare gooroom-integration-applet	UNKNOWN STEP	2026-08-17T14:31:25.1649429Z Unpacking libclass-method-modifiers-perl (2.13-1) ...
Compare gooroom-integration-applet	UNKNOWN STEP	2026-08-17T14:31:25.1775545Z Selecting previously unselected package libb-hooks-op-check-perl.
Compare gooroom-integration-applet	UNKNOWN STEP	2026-08-17T14:31:25.1791411Z Preparing to unpack .../093-libb-hooks-op-check-perl_0.22-1+b3_amd64.deb ...
Compare gooroom-integration-applet	UNKNOWN STEP	2026-08-17T14:31:25.1799203Z Unpacking libb-hooks-op-check-perl (0.22-1+b3) ...
Compare gooroom-integration-applet	UNKNOWN STEP	2026-08-17T14:31:25.1933182Z Selecting previously unselected package libdynaloader-functions-perl.
Compare gooroom-integration-applet	UNKNOWN STEP	2026-08-17T14:31:25.1950044Z Preparing to unpack .../094-libdynaloader-functions-perl_0.003-1.1_all.deb ...
Compare gooroom-integration-applet	UNKNOWN STEP	2026-08-17T14:31:25.1956399Z Unpacking libdynaloader-functions-perl (0.003-1.1) ...
Compare gooroom-integration-applet	UNKNOWN STEP	2026-08-17T14:31:25.2075803Z Selecting previously unselected package libdevel-callchecker-perl.
Compare gooroom-integration-applet	UNKNOWN STEP	2026-08-17T14:31:25.2092441Z Preparing to unpack .../095-libdevel-callchecker-perl_0.008-1+b2_amd64.deb ...
Compare gooroom-integration-applet	UNKNOWN STEP	2026-08-17T14:31:25.2100481Z Unpacking libdevel-callchecker-perl (0.008-1+b2) ...
Compare gooroom-integration-applet	UNKNOWN STEP	2026-08-17T14:31:25.2229744Z Selecting previously unselected package libparams-classify-perl.
Compare gooroom-integration-applet	UNKNOWN STEP	2026-08-17T14:31:25.2246592Z Preparing to unpack .../096-libparams-classify-perl_0.015-1+b3_amd64.deb ...
Compare gooroom-integration-applet	UNKNOWN STEP	2026-08-17T14:31:25.2253035Z Unpacking libparams-classify-perl (0.015-1+b3) ...
Compare gooroom-integration-applet	UNKNOWN STEP	2026-08-17T14:31:25.2392376Z Selecting previously unselected package libmodule-runtime-perl.
Compare gooroom-integration-applet	UNKNOWN STEP	2026-08-17T14:31:25.2409877Z Preparing to unpack .../097-libmodule-runtime-perl_0.016-1_all.deb ...
Compare gooroom-integration-applet	UNKNOWN STEP	2026-08-17T14:31:25.2416712Z Unpacking libmodule-runtime-perl (0.016-1) ...
Compare gooroom-integration-applet	UNKNOWN STEP	2026-08-17T14:31:25.2542664Z Selecting previously unselected package libimport-into-perl.
Compare gooroom-integration-applet	UNKNOWN STEP	2026-08-17T14:31:25.2559744Z Preparing to unpack .../098-libimport-into-perl_1.002005-1_all.deb ...
Compare gooroom-integration-applet	UNKNOWN STEP	2026-08-17T14:31:25.2566696Z Unpacking libimport-into-perl (1.002005-1) ...
Compare gooroom-integration-applet	UNKNOWN STEP	2026-08-17T14:31:25.2687363Z Selecting previously unselected package librole-tiny-perl.
Compare gooroom-integration-applet	UNKNOWN STEP	2026-08-17T14:31:25.2704597Z Preparing to unpack .../099-librole-tiny-perl_2.002004-1_all.deb ...
Compare gooroom-integration-applet	UNKNOWN STEP	2026-08-17T14:31:25.2710733Z Unpacking librole-tiny-perl (2.002004-1) ...
Compare gooroom-integration-applet	UNKNOWN STEP	2026-08-17T14:31:25.2840409Z Selecting previously unselected package libstrictures-perl.
Compare gooroom-integration-applet	UNKNOWN STEP	2026-08-17T14:31:25.2857690Z Preparing to unpack .../100-libstrictures-perl_2.000006-1_all.deb ...
Compare gooroom-integration-applet	UNKNOWN STEP	2026-08-17T14:31:25.2864120Z Unpacking libstrictures-perl (2.000006-1) ...
Compare gooroom-integration-applet	UNKNOWN STEP	2026-08-17T14:31:25.2989273Z Selecting previously unselected package libsub-quote-perl.
Compare gooroom-integration-applet	UNKNOWN STEP	2026-08-17T14:31:25.3006541Z Preparing to unpack .../101-libsub-quote-perl_2.006006-1_all.deb ...
Compare gooroom-integration-applet	UNKNOWN STEP	2026-08-17T14:31:25.3016628Z Unpacking libsub-quote-perl (2.006006-1) ...
Compare gooroom-integration-applet	UNKNOWN STEP	2026-08-17T14:31:25.3144527Z Selecting previously unselected package libmoo-perl.
Compare gooroom-integration-applet	UNKNOWN STEP	2026-08-17T14:31:25.3161464Z Preparing to unpack .../102-libmoo-perl_2.004004-1_all.deb ...
Compare gooroom-integration-applet	UNKNOWN STEP	2026-08-17T14:31:25.3167949Z Unpacking libmoo-perl (2.004004-1) ...
Compare gooroom-integration-applet	UNKNOWN STEP	2026-08-17T14:31:25.3330602Z Selecting previously unselected package libencode-locale-perl.
Compare gooroom-integration-applet	UNKNOWN STEP	2026-08-17T14:31:25.3346383Z Preparing to unpack .../103-libencode-locale-perl_1.05-1.1_all.deb ...
Compare gooroom-integration-applet	UNKNOWN STEP	2026-08-17T14:31:25.3352807Z Unpacking libencode-locale-perl (1.05-1.1) ...
Compare gooroom-integration-applet	UNKNOWN STEP	2026-08-17T14:31:25.3471825Z Selecting previously unselected package libtimedate-perl.
Compare gooroom-integration-applet	UNKNOWN STEP	2026-08-17T14:31:25.3487725Z Preparing to unpack .../104-libtimedate-perl_2.3300-2_all.deb ...
Compare gooroom-integration-applet	UNKNOWN STEP	2026-08-17T14:31:25.3494328Z Unpacking libtimedate-perl (2.3300-2) ...
Compare gooroom-integration-applet	UNKNOWN STEP	2026-08-17T14:31:25.3692670Z Selecting previously unselected package libhttp-date-perl.
Compare gooroom-integration-applet	UNKNOWN STEP	2026-08-17T14:31:25.3710577Z Preparing to unpack .../105-libhttp-date-perl_6.05-1_all.deb ...
Compare gooroom-integration-applet	UNKNOWN STEP	2026-08-17T14:31:25.3717335Z Unpacking libhttp-date-perl (6.05-1) ...
Compare gooroom-integration-applet	UNKNOWN STEP	2026-08-17T14:31:25.3843035Z Selecting previously unselected package libfile-listing-perl.
Compare gooroom-integration-applet	UNKNOWN STEP	2026-08-17T14:31:25.3861391Z Preparing to unpack .../106-libfile-listing-perl_6.14-1_all.deb ...
Compare gooroom-integration-applet	UNKNOWN STEP	2026-08-17T14:31:25.3867742Z Unpacking libfile-listing-perl (6.14-1) ...
Compare gooroom-integration-applet	UNKNOWN STEP	2026-08-17T14:31:25.3996957Z Selecting previously unselected package libhtml-tagset-perl.
Compare gooroom-integration-applet	UNKNOWN STEP	2026-08-17T14:31:25.4014730Z Preparing to unpack .../107-libhtml-tagset-perl_3.20-4_all.deb ...
Compare gooroom-integration-applet	UNKNOWN STEP	2026-08-17T14:31:25.4021190Z Unpacking libhtml-tagset-perl (3.20-4) ...
Compare gooroom-integration-applet	UNKNOWN STEP	2026-08-17T14:31:25.4148022Z Selecting previously unselected package liburi-perl.
Compare gooroom-integration-applet	UNKNOWN STEP	2026-08-17T14:31:25.4166008Z Preparing to unpack .../108-liburi-perl_5.08-1_all.deb ...
Compare gooroom-integration-applet	UNKNOWN STEP	2026-08-17T14:31:25.4172503Z Unpacking liburi-perl (5.08-1) ...
Compare gooroom-integration-applet	UNKNOWN STEP	2026-08-17T14:31:25.4401616Z Selecting previously unselected package libhtml-parser-perl.
Compare gooroom-integration-applet	UNKNOWN STEP	2026-08-17T14:31:25.4419504Z Preparing to unpack .../109-libhtml-parser-perl_3.75-1+b1_amd64.deb ...
Compare gooroom-integration-applet	UNKNOWN STEP	2026-08-17T14:31:25.4425855Z Unpacking libhtml-parser-perl (3.75-1+b1) ...
Compare gooroom-integration-applet	UNKNOWN STEP	2026-08-17T14:31:25.4618976Z Selecting previously unselected package libhtml-tree-perl.
Compare gooroom-integration-applet	UNKNOWN STEP	2026-08-17T14:31:25.4637252Z Preparing to unpack .../110-libhtml-tree-perl_5.07-2_all.deb ...
Compare gooroom-integration-applet	UNKNOWN STEP	2026-08-17T14:31:25.4644089Z Unpacking libhtml-tree-perl (5.07-2) ...
Compare gooroom-integration-applet	UNKNOWN STEP	2026-08-17T14:31:25.4908997Z Selecting previously unselected package libio-html-perl.
Compare gooroom-integration-applet	UNKNOWN STEP	2026-08-17T14:31:25.4927077Z Preparing to unpack .../111-libio-html-perl_1.004-2_all.deb ...
Compare gooroom-integration-applet	UNKNOWN STEP	2026-08-17T14:31:25.4933358Z Unpacking libio-html-perl (1.004-2) ...
Compare gooroom-integration-applet	UNKNOWN STEP	2026-08-17T14:31:25.5061380Z Selecting previously unselected package liblwp-mediatypes-perl.
Compare gooroom-integration-applet	UNKNOWN STEP	2026-08-17T14:31:25.5079722Z Preparing to unpack .../112-liblwp-mediatypes-perl_6.04-1_all.deb ...
Compare gooroom-integration-applet	UNKNOWN STEP	2026-08-17T14:31:25.5086777Z Unpacking liblwp-mediatypes-perl (6.04-1) ...
Compare gooroom-integration-applet	UNKNOWN STEP	2026-08-17T14:31:25.5217099Z Selecting previously unselected package libhttp-message-perl.
Compare gooroom-integration-applet	UNKNOWN STEP	2026-08-17T14:31:25.5234967Z Preparing to unpack .../113-libhttp-message-perl_6.28-1_all.deb ...
Compare gooroom-integration-applet	UNKNOWN STEP	2026-08-17T14:31:25.5241560Z Unpacking libhttp-message-perl (6.28-1) ...
Compare gooroom-integration-applet	UNKNOWN STEP	2026-08-17T14:31:25.5422018Z Selecting previously unselected package libhttp-cookies-perl.
Compare gooroom-integration-applet	UNKNOWN STEP	2026-08-17T14:31:25.5440588Z Preparing to unpack .../114-libhttp-cookies-perl_6.10-1_all.deb ...
Compare gooroom-integration-applet	UNKNOWN STEP	2026-08-17T14:31:25.5446644Z Unpacking libhttp-cookies-perl (6.10-1) ...
Compare gooroom-integration-applet	UNKNOWN STEP	2026-08-17T14:31:25.5573096Z Selecting previously unselected package libhttp-negotiate-perl.
Compare gooroom-integration-applet	UNKNOWN STEP	2026-08-17T14:31:25.5590246Z Preparing to unpack .../115-libhttp-negotiate-perl_6.01-1_all.deb ...
Compare gooroom-integration-applet	UNKNOWN STEP	2026-08-17T14:31:25.5596680Z Unpacking libhttp-negotiate-perl (6.01-1) ...
Compare gooroom-integration-applet	UNKNOWN STEP	2026-08-17T14:31:25.5717903Z Selecting previously unselected package perl-openssl-defaults:amd64.
Compare gooroom-integration-applet	UNKNOWN STEP	2026-08-17T14:31:25.5734894Z Preparing to unpack .../116-perl-openssl-defaults_5_amd64.deb ...
Compare gooroom-integration-applet	UNKNOWN STEP	2026-08-17T14:31:25.5742239Z Unpacking perl-openssl-defaults:amd64 (5) ...
Compare gooroom-integration-applet	UNKNOWN STEP	2026-08-17T14:31:25.5871455Z Selecting previously unselected package libnet-ssleay-perl.
Compare gooroom-integration-applet	UNKNOWN STEP	2026-08-17T14:31:25.5889368Z Preparing to unpack .../117-libnet-ssleay-perl_1.88-3+b1_amd64.deb ...
Compare gooroom-integration-applet	UNKNOWN STEP	2026-08-17T14:31:25.5895483Z Unpacking libnet-ssleay-perl (1.88-3+b1) ...
Compare gooroom-integration-applet	UNKNOWN STEP	2026-08-17T14:31:25.6327746Z Selecting previously unselected package libio-socket-ssl-perl.
Compare gooroom-integration-applet	UNKNOWN STEP	2026-08-17T14:31:25.6346216Z Preparing to unpack .../118-libio-socket-ssl-perl_2.069-1_all.deb ...
Compare gooroom-integration-applet	UNKNOWN STEP	2026-08-17T14:31:25.6352244Z Unpacking libio-socket-ssl-perl (2.069-1) ...
Compare gooroom-integration-applet	UNKNOWN STEP	2026-08-17T14:31:25.6647755Z Selecting previously unselected package libnet-http-perl.
Compare gooroom-integration-applet	UNKNOWN STEP	2026-08-17T14:31:25.6665516Z Preparing to unpack .../119-libnet-http-perl_6.20-1_all.deb ...
Compare gooroom-integration-applet	UNKNOWN STEP	2026-08-17T14:31:25.6672257Z Unpacking libnet-http-perl (6.20-1) ...
Compare gooroom-integration-applet	UNKNOWN STEP	2026-08-17T14:31:25.6810976Z Selecting previously unselected package liblwp-protocol-https-perl.
Compare gooroom-integration-applet	UNKNOWN STEP	2026-08-17T14:31:25.6828359Z Preparing to unpack .../120-liblwp-protocol-https-perl_6.10-1_all.deb ...
Compare gooroom-integration-applet	UNKNOWN STEP	2026-08-17T14:31:25.6835556Z Unpacking liblwp-protocol-https-perl (6.10-1) ...
Compare gooroom-integration-applet	UNKNOWN STEP	2026-08-17T14:31:25.6958391Z Selecting previously unselected package libtry-tiny-perl.
Compare gooroom-integration-applet	UNKNOWN STEP	2026-08-17T14:31:25.6974378Z Preparing to unpack .../121-libtry-tiny-perl_0.30-1_all.deb ...
Compare gooroom-integration-applet	UNKNOWN STEP	2026-08-17T14:31:25.6981293Z Unpacking libtry-tiny-perl (0.30-1) ...
Compare gooroom-integration-applet	UNKNOWN STEP	2026-08-17T14:31:25.7109893Z Selecting previously unselected package libwww-robotrules-perl.
Compare gooroom-integration-applet	UNKNOWN STEP	2026-08-17T14:31:25.7124981Z Preparing to unpack .../122-libwww-robotrules-perl_6.02-1_all.deb ...
Compare gooroom-integration-applet	UNKNOWN STEP	2026-08-17T14:31:25.7131772Z Unpacking libwww-robotrules-perl (6.02-1) ...
Compare gooroom-integration-applet	UNKNOWN STEP	2026-08-17T14:31:25.7257693Z Selecting previously unselected package libwww-perl.
Compare gooroom-integration-applet	UNKNOWN STEP	2026-08-17T14:31:25.7274287Z Preparing to unpack .../123-libwww-perl_6.52-1_all.deb ...
Compare gooroom-integration-applet	UNKNOWN STEP	2026-08-17T14:31:25.7281549Z Unpacking libwww-perl (6.52-1) ...
Compare gooroom-integration-applet	UNKNOWN STEP	2026-08-17T14:31:25.7565287Z Selecting previously unselected package patchutils.
Compare gooroom-integration-applet	UNKNOWN STEP	2026-08-17T14:31:25.7583644Z Preparing to unpack .../124-patchutils_0.4.2-1_amd64.deb ...
Compare gooroom-integration-applet	UNKNOWN STEP	2026-08-17T14:31:25.7589463Z Unpacking patchutils (0.4.2-1) ...
Compare gooroom-integration-applet	UNKNOWN STEP	2026-08-17T14:31:25.7786138Z Selecting previously unselected package wdiff.
Compare gooroom-integration-applet	UNKNOWN STEP	2026-08-17T14:31:25.7804639Z Preparing to unpack .../125-wdiff_1.2.2-2+b1_amd64.deb ...
Compare gooroom-integration-applet	UNKNOWN STEP	2026-08-17T14:31:25.7812573Z Unpacking wdiff (1.2.2-2+b1) ...
Compare gooroom-integration-applet	UNKNOWN STEP	2026-08-17T14:31:25.8118129Z Selecting previously unselected package devscripts.
Compare gooroom-integration-applet	UNKNOWN STEP	2026-08-17T14:31:25.8137163Z Preparing to unpack .../126-devscripts_2.21.3+deb11u1_amd64.deb ...
Compare gooroom-integration-applet	UNKNOWN STEP	2026-08-17T14:31:25.8315516Z Unpacking devscripts (2.21.3+deb11u1) ...
Compare gooroom-integration-applet	UNKNOWN STEP	2026-08-17T14:31:25.9436760Z Selecting previously unselected package equivs.
Compare gooroom-integration-applet	UNKNOWN STEP	2026-08-17T14:31:25.9456433Z Preparing to unpack .../127-equivs_2.3.1_all.deb ...
Compare gooroom-integration-applet	UNKNOWN STEP	2026-08-17T14:31:25.9463487Z Unpacking equivs (2.3.1) ...
Compare gooroom-integration-applet	UNKNOWN STEP	2026-08-17T14:31:25.9626072Z Selecting previously unselected package libbrotli1:amd64.
Compare gooroom-integration-applet	UNKNOWN STEP	2026-08-17T14:31:25.9645856Z Preparing to unpack .../128-libbrotli1_1.0.9-2+b2_amd64.deb ...
Compare gooroom-integration-applet	UNKNOWN STEP	2026-08-17T14:31:25.9654341Z Unpacking libbrotli1:amd64 (1.0.9-2+b2) ...
Compare gooroom-integration-applet	UNKNOWN STEP	2026-08-17T14:31:25.9992299Z Selecting previously unselected package libnghttp2-14:amd64.
Compare gooroom-integration-applet	UNKNOWN STEP	2026-08-17T14:31:26.0010513Z Preparing to unpack .../129-libnghttp2-14_1.43.0-1_amd64.deb ...
Compare gooroom-integration-applet	UNKNOWN STEP	2026-08-17T14:31:26.0017776Z Unpacking libnghttp2-14:amd64 (1.43.0-1) ...
Compare gooroom-integration-applet	UNKNOWN STEP	2026-08-17T14:31:26.0206435Z Selecting previously unselected package libpsl5:amd64.
Compare gooroom-integration-applet	UNKNOWN STEP	2026-08-17T14:31:26.0224668Z Preparing to unpack .../130-libpsl5_0.21.0-1.2_amd64.deb ...
Compare gooroom-integration-applet	UNKNOWN STEP	2026-08-17T14:31:26.0236915Z Unpacking libpsl5:amd64 (0.21.0-1.2) ...
Compare gooroom-integration-applet	UNKNOWN STEP	2026-08-17T14:31:26.0407646Z Selecting previously unselected package librtmp1:amd64.
Compare gooroom-integration-applet	UNKNOWN STEP	2026-08-17T14:31:26.0426350Z Preparing to unpack .../131-librtmp1_2.4+20151223.gitfa8646d.1-2+b2_amd64.deb ...
Compare gooroom-integration-applet	UNKNOWN STEP	2026-08-17T14:31:26.0434575Z Unpacking librtmp1:amd64 (2.4+20151223.gitfa8646d.1-2+b2) ...
Compare gooroom-integration-applet	UNKNOWN STEP	2026-08-17T14:31:26.0605271Z Selecting previously unselected package libssh2-1:amd64.
Compare gooroom-integration-applet	UNKNOWN STEP	2026-08-17T14:31:26.0623263Z Preparing to unpack .../132-libssh2-1_1.9.0-2_amd64.deb ...
Compare gooroom-integration-applet	UNKNOWN STEP	2026-08-17T14:31:26.0630260Z Unpacking libssh2-1:amd64 (1.9.0-2) ...
Compare gooroom-integration-applet	UNKNOWN STEP	2026-08-17T14:31:26.0874993Z Selecting previously unselected package libcurl3-gnutls:amd64.
Compare gooroom-integration-applet	UNKNOWN STEP	2026-08-17T14:31:26.0894161Z Preparing to unpack .../133-libcurl3-gnutls_7.74.0-1.3+deb11u7_amd64.deb ...
Compare gooroom-integration-applet	UNKNOWN STEP	2026-08-17T14:31:26.0900913Z Unpacking libcurl3-gnutls:amd64 (7.74.0-1.3+deb11u7) ...
Compare gooroom-integration-applet	UNKNOWN STEP	2026-08-17T14:31:26.1218068Z Selecting previously unselected package liberror-perl.
Compare gooroom-integration-applet	UNKNOWN STEP	2026-08-17T14:31:26.1236764Z Preparing to unpack .../134-liberror-perl_0.17029-1_all.deb ...
Compare gooroom-integration-applet	UNKNOWN STEP	2026-08-17T14:31:26.1243306Z Unpacking liberror-perl (0.17029-1) ...
Compare gooroom-integration-applet	UNKNOWN STEP	2026-08-17T14:31:26.1388740Z Selecting previously unselected package git-man.
Compare gooroom-integration-applet	UNKNOWN STEP	2026-08-17T14:31:26.1407850Z Preparing to unpack .../135-git-man_1%3a2.30.2-1+deb11u2_all.deb ...
Compare gooroom-integration-applet	UNKNOWN STEP	2026-08-17T14:31:26.1414445Z Unpacking git-man (1:2.30.2-1+deb11u2) ...
Compare gooroom-integration-applet	UNKNOWN STEP	2026-08-17T14:31:26.2457008Z Selecting previously unselected package git.
Compare gooroom-integration-applet	UNKNOWN STEP	2026-08-17T14:31:26.2475415Z Preparing to unpack .../136-git_1%3a2.30.2-1+deb11u2_amd64.deb ...
Compare gooroom-integration-applet	UNKNOWN STEP	2026-08-17T14:31:26.2619673Z Unpacking git (1:2.30.2-1+deb11u2) ...
Compare gooroom-integration-applet	UNKNOWN STEP	2026-08-17T14:31:26.7116192Z Setting up libksba8:amd64 (1.5.0-3+deb11u2) ...
Compare gooroom-integration-applet	UNKNOWN STEP	2026-08-17T14:31:26.7135396Z Setting up media-types (4.0.0) ...
Compare gooroom-integration-applet	UNKNOWN STEP	2026-08-17T14:31:26.7161749Z Setting up libpipeline1:amd64 (1.5.3-1) ...
Compare gooroom-integration-applet	UNKNOWN STEP	2026-08-17T14:31:26.7178031Z Setting up wdiff (1.2.2-2+b1) ...
Compare gooroom-integration-applet	UNKNOWN STEP	2026-08-17T14:31:26.7196385Z Setting up libpsl5:amd64 (0.21.0-1.2) ...
Compare gooroom-integration-applet	UNKNOWN STEP	2026-08-17T14:31:26.7213812Z Setting up bsdextrautils (2.36.1-8+deb11u1) ...
Compare gooroom-integration-applet	UNKNOWN STEP	2026-08-17T14:31:26.7244657Z update-alternatives: using /usr/bin/write.ul to provide /usr/bin/write (write) in auto mode
Compare gooroom-integration-applet	UNKNOWN STEP	2026-08-17T14:31:26.7259668Z Setting up libicu67:amd64 (67.1-7) ...
Compare gooroom-integration-applet	UNKNOWN STEP	2026-08-17T14:31:26.7277008Z Setting up libmagic-mgc (1:5.39-3) ...
Compare gooroom-integration-applet	UNKNOWN STEP	2026-08-17T14:31:26.7301010Z Setting up perl-modules-5.32 (5.32.1-4+deb11u2) ...
Compare gooroom-integration-applet	UNKNOWN STEP	2026-08-17T14:31:26.7324670Z Setting up libbrotli1:amd64 (1.0.9-2+b2) ...
Compare gooroom-integration-applet	UNKNOWN STEP	2026-08-17T14:31:26.7350258Z Setting up libsqlite3-0:amd64 (3.34.1-3) ...
Compare gooroom-integration-applet	UNKNOWN STEP	2026-08-17T14:31:26.7367272Z Setting up binutils-common:amd64 (2.35.2-2) ...
Compare gooroom-integration-applet	UNKNOWN STEP	2026-08-17T14:31:26.7385805Z Setting up libnghttp2-14:amd64 (1.43.0-1) ...
Compare gooroom-integration-applet	UNKNOWN STEP	2026-08-17T14:31:26.7402953Z Setting up libmagic1:amd64 (1:5.39-3) ...
Compare gooroom-integration-applet	UNKNOWN STEP	2026-08-17T14:31:26.7433204Z Setting up perl-openssl-defaults:amd64 (5) ...
Compare gooroom-integration-applet	UNKNOWN STEP	2026-08-17T14:31:26.7453633Z Setting up linux-libc-dev:amd64 (5.10.178-3) ...
Compare gooroom-integration-applet	UNKNOWN STEP	2026-08-17T14:31:26.7472723Z Setting up libctf-nobfd0:amd64 (2.35.2-2) ...
Compare gooroom-integration-applet	UNKNOWN STEP	2026-08-17T14:31:26.7490516Z Setting up gettext-base (0.21-4) ...
Compare gooroom-integration-applet	UNKNOWN STEP	2026-08-17T14:31:26.7508113Z Setting up libnpth0:amd64 (1.6-3) ...
Compare gooroom-integration-applet	UNKNOWN STEP	2026-08-17T14:31:26.7526479Z Setting up file (1:5.39-3) ...
Compare gooroom-integration-applet	UNKNOWN STEP	2026-08-17T14:31:26.7561406Z Setting up libassuan0:amd64 (2.5.3-7.1) ...
Compare gooroom-integration-applet	UNKNOWN STEP	2026-08-17T14:31:26.7564664Z Setting up libgomp1:amd64 (10.2.1-6) ...
Compare gooroom-integration-applet	UNKNOWN STEP	2026-08-17T14:31:26.7582959Z Setting up bzip2 (1.0.8-4) ...
Compare gooroom-integration-applet	UNKNOWN STEP	2026-08-17T14:31:26.7600109Z Setting up libfakeroot:amd64 (1.25.3-1.1) ...
Compare gooroom-integration-applet	UNKNOWN STEP	2026-08-17T14:31:26.7627040Z Setting up libasan6:amd64 (10.2.1-6) ...
Compare gooroom-integration-applet	UNKNOWN STEP	2026-08-17T14:31:26.7645896Z Setting up libsasl2-modules-db:amd64 (2.1.27+dfsg-2.1+deb11u1) ...
Compare gooroom-integration-applet	UNKNOWN STEP	2026-08-17T14:31:26.7663426Z Setting up fakeroot (1.25.3-1.1) ...
Compare gooroom-integration-applet	UNKNOWN STEP	2026-08-17T14:31:26.7696436Z update-alternatives: using /usr/bin/fakeroot-sysv to provide /usr/bin/fakeroot (fakeroot) in auto mode
Compare gooroom-integration-applet	UNKNOWN STEP	2026-08-17T14:31:26.7733375Z Setting up autotools-dev (20180224.1+nmu1) ...
Compare gooroom-integration-applet	UNKNOWN STEP	2026-08-17T14:31:26.7750698Z Setting up libtirpc-dev:amd64 (1.3.1-1+deb11u1) ...
Compare gooroom-integration-applet	UNKNOWN STEP	2026-08-17T14:31:26.7769525Z Setting up make (4.3-4.1) ...
Compare gooroom-integration-applet	UNKNOWN STEP	2026-08-17T14:31:26.7787632Z Setting up libmpfr6:amd64 (4.1.0-3) ...
Compare gooroom-integration-applet	UNKNOWN STEP	2026-08-17T14:31:26.7807709Z Setting up gnupg-l10n (2.2.27-2+deb11u2) ...
Compare gooroom-integration-applet	UNKNOWN STEP	2026-08-17T14:31:26.7825005Z Setting up librtmp1:amd64 (2.4+20151223.gitfa8646d.1-2+b2) ...
Compare gooroom-integration-applet	UNKNOWN STEP	2026-08-17T14:31:26.7842604Z Setting up libsigsegv2:amd64 (2.13-1) ...
Compare gooroom-integration-applet	UNKNOWN STEP	2026-08-17T14:31:26.7861677Z Setting up xz-utils (5.2.5-2.1~deb11u1) ...
Compare gooroom-integration-applet	UNKNOWN STEP	2026-08-17T14:31:26.7892682Z update-alternatives: using /usr/bin/xz to provide /usr/bin/lzma (lzma) in auto mode
Compare gooroom-integration-applet	UNKNOWN STEP	2026-08-17T14:31:26.7929214Z Setting up libquadmath0:amd64 (10.2.1-6) ...
Compare gooroom-integration-applet	UNKNOWN STEP	2026-08-17T14:31:26.7953473Z Setting up libmpc3:amd64 (1.2.0-1) ...
Compare gooroom-integration-applet	UNKNOWN STEP	2026-08-17T14:31:26.7970976Z Setting up libatomic1:amd64 (10.2.1-6) ...
Compare gooroom-integration-applet	UNKNOWN STEP	2026-08-17T14:31:26.7992138Z Setting up patch (2.7.6-7) ...
Compare gooroom-integration-applet	UNKNOWN STEP	2026-08-17T14:31:26.8009328Z Setting up autopoint (0.21-4) ...
Compare gooroom-integration-applet	UNKNOWN STEP	2026-08-17T14:31:26.8028314Z Setting up libncursesw6:amd64 (6.2+20201114-2+deb11u1) ...
Compare gooroom-integration-applet	UNKNOWN STEP	2026-08-17T14:31:26.8047902Z Setting up libsasl2-2:amd64 (2.1.27+dfsg-2.1+deb11u1) ...
Compare gooroom-integration-applet	UNKNOWN STEP	2026-08-17T14:31:26.8065516Z Setting up libubsan1:amd64 (10.2.1-6) ...
Compare gooroom-integration-applet	UNKNOWN STEP	2026-08-17T14:31:26.8082890Z Setting up libnsl-dev:amd64 (1.3.0-2) ...
Compare gooroom-integration-applet	UNKNOWN STEP	2026-08-17T14:31:26.8101193Z Setting up sensible-utils (0.0.14) ...
Compare gooroom-integration-applet	UNKNOWN STEP	2026-08-17T14:31:26.8119355Z Setting up libcrypt-dev:amd64 (1:4.4.18-4) ...
Compare gooroom-integration-applet	UNKNOWN STEP	2026-08-17T14:31:26.8136517Z Setting up libuchardet0:amd64 (0.0.7-1) ...
Compare gooroom-integration-applet	UNKNOWN STEP	2026-08-17T14:31:26.8155736Z Setting up libmpdec3:amd64 (2.5.1-1) ...
Compare gooroom-integration-applet	UNKNOWN STEP	2026-08-17T14:31:26.8173515Z Setting up git-man (1:2.30.2-1+deb11u2) ...
Compare gooroom-integration-applet	UNKNOWN STEP	2026-08-17T14:31:26.8190875Z Setting up libssh2-1:amd64 (1.9.0-2) ...
Compare gooroom-integration-applet	UNKNOWN STEP	2026-08-17T14:31:26.8208487Z Setting up netbase (6.3) ...
Compare gooroom-integration-applet	UNKNOWN STEP	2026-08-17T14:31:26.8281492Z Setting up libbinutils:amd64 (2.35.2-2) ...
Compare gooroom-integration-applet	UNKNOWN STEP	2026-08-17T14:31:26.8298553Z Setting up libisl23:amd64 (0.23-1) ...
Compare gooroom-integration-applet	UNKNOWN STEP	2026-08-17T14:31:26.8317652Z Setting up libc-dev-bin (2.31-13+deb11u6) ...
Compare gooroom-integration-applet	UNKNOWN STEP	2026-08-17T14:31:26.8335294Z Setting up libelf1:amd64 (0.183-1) ...
Compare gooroom-integration-applet	UNKNOWN STEP	2026-08-17T14:31:26.8353181Z Setting up readline-common (8.1-1) ...
Compare gooroom-integration-applet	UNKNOWN STEP	2026-08-17T14:31:26.8394637Z Setting up libxml2:amd64 (2.9.10+dfsg-6.7+deb11u4) ...
Compare gooroom-integration-applet	UNKNOWN STEP	2026-08-17T14:31:26.8411574Z Setting up libcc1-0:amd64 (10.2.1-6) ...
Compare gooroom-integration-applet	UNKNOWN STEP	2026-08-17T14:31:26.8431266Z Setting up liblsan0:amd64 (10.2.1-6) ...
Compare gooroom-integration-applet	UNKNOWN STEP	2026-08-17T14:31:26.8450515Z Setting up cpp-10 (10.2.1-6) ...
Compare gooroom-integration-applet	UNKNOWN STEP	2026-08-17T14:31:26.8467109Z Setting up libitm1:amd64 (10.2.1-6) ...
Compare gooroom-integration-applet	UNKNOWN STEP	2026-08-17T14:31:26.8486194Z Setting up libgdbm6:amd64 (1.19-2) ...
Compare gooroom-integration-applet	UNKNOWN STEP	2026-08-17T14:31:26.8505992Z Setting up libtsan0:amd64 (10.2.1-6) ...
Compare gooroom-integration-applet	UNKNOWN STEP	2026-08-17T14:31:26.8523413Z Setting up libctf0:amd64 (2.35.2-2) ...
Compare gooroom-integration-applet	UNKNOWN STEP	2026-08-17T14:31:26.8543780Z Setting up pinentry-curses (1.1.0-4) ...
Compare gooroom-integration-applet	UNKNOWN STEP	2026-08-17T14:31:26.8588192Z Setting up gettext (0.21-4) ...
Compare gooroom-integration-applet	UNKNOWN STEP	2026-08-17T14:31:26.8607724Z Setting up libgcc-10-dev:amd64 (10.2.1-6) ...
Compare gooroom-integration-applet	UNKNOWN STEP	2026-08-17T14:31:26.8624715Z Setting up libreadline8:amd64 (8.1-1) ...
Compare gooroom-integration-applet	UNKNOWN STEP	2026-08-17T14:31:26.8643650Z Setting up libldap-2.4-2:amd64 (2.4.57+dfsg-3+deb11u1) ...
Compare gooroom-integration-applet	UNKNOWN STEP	2026-08-17T14:31:26.8660553Z Setting up m4 (1.4.18-5) ...
Compare gooroom-integration-applet	UNKNOWN STEP	2026-08-17T14:31:26.8677263Z Setting up libcurl3-gnutls:amd64 (7.74.0-1.3+deb11u7) ...
Compare gooroom-integration-applet	UNKNOWN STEP	2026-08-17T14:31:26.8695537Z Setting up libgdbm-compat4:amd64 (1.19-2) ...
Compare gooroom-integration-applet	UNKNOWN STEP	2026-08-17T14:31:26.8712998Z Setting up libperl5.32:amd64 (5.32.1-4+deb11u2) ...
Compare gooroom-integration-applet	UNKNOWN STEP	2026-08-17T14:31:26.8730995Z Setting up dwz (0.13+20210201-1) ...
Compare gooroom-integration-applet	UNKNOWN STEP	2026-08-17T14:31:26.8752870Z Setting up groff-base (1.22.4-6) ...
Compare gooroom-integration-applet	UNKNOWN STEP	2026-08-17T14:31:26.8781853Z Setting up cpp (4:10.2.1-1) ...
Compare gooroom-integration-applet	UNKNOWN STEP	2026-08-17T14:31:26.8824688Z Setting up gpgconf (2.2.27-2+deb11u2) ...
Compare gooroom-integration-applet	UNKNOWN STEP	2026-08-17T14:31:26.8842390Z Setting up libc6-dev:amd64 (2.31-13+deb11u6) ...
Compare gooroom-integration-applet	UNKNOWN STEP	2026-08-17T14:31:26.8862277Z Setting up gpg (2.2.27-2+deb11u2) ...
Compare gooroom-integration-applet	UNKNOWN STEP	2026-08-17T14:31:26.8879572Z Setting up libpython3.9-stdlib:amd64 (3.9.2-1) ...
Compare gooroom-integration-applet	UNKNOWN STEP	2026-08-17T14:31:26.8900563Z Setting up libpython3-stdlib:amd64 (3.9.2-3) ...
Compare gooroom-integration-applet	UNKNOWN STEP	2026-08-17T14:31:26.8991067Z Setting up gnupg-utils (2.2.27-2+deb11u2) ...
Compare gooroom-integration-applet	UNKNOWN STEP	2026-08-17T14:31:26.9007393Z Setting up binutils-x86-64-linux-gnu (2.35.2-2) ...
Compare gooroom-integration-applet	UNKNOWN STEP	2026-08-17T14:31:26.9025663Z Setting up libstdc++-10-dev:amd64 (10.2.1-6) ...
Compare gooroom-integration-applet	UNKNOWN STEP	2026-08-17T14:31:26.9042847Z Setting up gpg-agent (2.2.27-2+deb11u2) ...
Compare gooroom-integration-applet	UNKNOWN STEP	2026-08-17T14:31:27.2879173Z Setting up gpgsm (2.2.27-2+deb11u2) ...
Compare gooroom-integration-applet	UNKNOWN STEP	2026-08-17T14:31:27.2896700Z Setting up binutils (2.35.2-2) ...
Compare gooroom-integration-applet	UNKNOWN STEP	2026-08-17T14:31:27.2915563Z Setting up man-db (2.9.4-2) ...
Compare gooroom-integration-applet	UNKNOWN STEP	2026-08-17T14:31:27.3530691Z Building database of manual pages ...
Compare gooroom-integration-applet	UNKNOWN STEP	2026-08-17T14:31:47.6465822Z Setting up dirmngr (2.2.27-2+deb11u2) ...
Compare gooroom-integration-applet	UNKNOWN STEP	2026-08-17T14:31:47.7542541Z Setting up perl (5.32.1-4+deb11u2) ...
Compare gooroom-integration-applet	UNKNOWN STEP	2026-08-17T14:31:47.7622177Z Setting up libio-html-perl (1.004-2) ...
Compare gooroom-integration-applet	UNKNOWN STEP	2026-08-17T14:31:47.7638646Z Setting up libb-hooks-op-check-perl (0.22-1+b3) ...
Compare gooroom-integration-applet	UNKNOWN STEP	2026-08-17T14:31:47.7655677Z Setting up gcc-10 (10.2.1-6) ...
Compare gooroom-integration-applet	UNKNOWN STEP	2026-08-17T14:31:47.7679188Z Setting up libdpkg-perl (1.20.12) ...
Compare gooroom-integration-applet	UNKNOWN STEP	2026-08-17T14:31:47.7698445Z Setting up autoconf (2.69-14) ...
Compare gooroom-integration-applet	UNKNOWN STEP	2026-08-17T14:31:47.7723373Z Setting up libtimedate-perl (2.3300-2) ...
Compare gooroom-integration-applet	UNKNOWN STEP	2026-08-17T14:31:47.7743275Z Setting up gpg-wks-server (2.2.27-2+deb11u2) ...
Compare gooroom-integration-applet	UNKNOWN STEP	2026-08-17T14:31:47.7762844Z Setting up libsub-override-perl (0.09-2) ...
Compare gooroom-integration-applet	UNKNOWN STEP	2026-08-17T14:31:47.7781620Z Setting up libstrictures-perl (2.000006-1) ...
Compare gooroom-integration-applet	UNKNOWN STEP	2026-08-17T14:31:47.7799290Z Setting up libsub-quote-perl (2.006006-1) ...
Compare gooroom-integration-applet	UNKNOWN STEP	2026-08-17T14:31:47.7817444Z Setting up libfile-dirlist-perl (0.05-2) ...
Compare gooroom-integration-applet	UNKNOWN STEP	2026-08-17T14:31:47.7834210Z Setting up liburi-perl (5.08-1) ...
Compare gooroom-integration-applet	UNKNOWN STEP	2026-08-17T14:31:47.7856161Z Setting up libfile-touch-perl (0.11-1) ...
Compare gooroom-integration-applet	UNKNOWN STEP	2026-08-17T14:31:47.7875953Z Setting up python3.9 (3.9.2-1) ...
Compare gooroom-integration-applet	UNKNOWN STEP	2026-08-17T14:31:48.2836466Z Setting up libnet-ssleay-perl (1.88-3+b1) ...
Compare gooroom-integration-applet	UNKNOWN STEP	2026-08-17T14:31:48.2853168Z Setting up automake (1:1.16.3-2) ...
Compare gooroom-integration-applet	UNKNOWN STEP	2026-08-17T14:31:48.2883046Z update-alternatives: using /usr/bin/automake-1.16 to provide /usr/bin/automake (automake) in auto mode
Compare gooroom-integration-applet	UNKNOWN STEP	2026-08-17T14:31:48.2903509Z Setting up libhttp-date-perl (6.05-1) ...
Compare gooroom-integration-applet	UNKNOWN STEP	2026-08-17T14:31:48.2920899Z Setting up libfile-which-perl (1.23-1) ...
Compare gooroom-integration-applet	UNKNOWN STEP	2026-08-17T14:31:48.2937286Z Setting up g++-10 (10.2.1-6) ...
Compare gooroom-integration-applet	UNKNOWN STEP	2026-08-17T14:31:48.2954940Z Setting up libfile-listing-perl (6.14-1) ...
Compare gooroom-integration-applet	UNKNOWN STEP	2026-08-17T14:31:48.2972890Z Setting up gpg-wks-client (2.2.27-2+deb11u2) ...
Compare gooroom-integration-applet	UNKNOWN STEP	2026-08-17T14:31:48.2990938Z Setting up libdynaloader-functions-perl (0.003-1.1) ...
Compare gooroom-integration-applet	UNKNOWN STEP	2026-08-17T14:31:48.3007967Z Setting up libclass-method-modifiers-perl (2.13-1) ...
Compare gooroom-integration-applet	UNKNOWN STEP	2026-08-17T14:31:48.3025919Z Setting up libio-pty-perl (1:1.15-2) ...
Compare gooroom-integration-applet	UNKNOWN STEP	2026-08-17T14:31:48.3043389Z Setting up libtool (2.4.6-15) ...
Compare gooroom-integration-applet	UNKNOWN STEP	2026-08-17T14:31:48.3067352Z Setting up libarchive-zip-perl (1.68-1) ...
Compare gooroom-integration-applet	UNKNOWN STEP	2026-08-17T14:31:48.3085353Z Setting up libhtml-tagset-perl (3.20-4) ...
Compare gooroom-integration-applet	UNKNOWN STEP	2026-08-17T14:31:48.3102004Z Setting up libdebhelper-perl (13.3.4) ...
Compare gooroom-integration-applet	UNKNOWN STEP	2026-08-17T14:31:48.3119258Z Setting up liblwp-mediatypes-perl (6.04-1) ...
Compare gooroom-integration-applet	UNKNOWN STEP	2026-08-17T14:31:48.3136826Z Setting up libtry-tiny-perl (0.30-1) ...
Compare gooroom-integration-applet	UNKNOWN STEP	2026-08-17T14:31:48.3153366Z Setting up libnet-http-perl (6.20-1) ...
Compare gooroom-integration-applet	UNKNOWN STEP	2026-08-17T14:31:48.3170595Z Setting up libencode-locale-perl (1.05-1.1) ...
Compare gooroom-integration-applet	UNKNOWN STEP	2026-08-17T14:31:48.3189519Z Setting up python3 (3.9.2-3) ...
Compare gooroom-integration-applet	UNKNOWN STEP	2026-08-17T14:31:48.3985843Z Setting up libdevel-callchecker-perl (0.008-1+b2) ...
Compare gooroom-integration-applet	UNKNOWN STEP	2026-08-17T14:31:48.4005626Z Setting up gcc (4:10.2.1-1) ...
Compare gooroom-integration-applet	UNKNOWN STEP	2026-08-17T14:31:48.4086646Z Setting up dpkg-dev (1.20.12) ...
Compare gooroom-integration-applet	UNKNOWN STEP	2026-08-17T14:31:48.4119132Z Setting up intltool-debian (0.35.0+20060710.5) ...
Compare gooroom-integration-applet	UNKNOWN STEP	2026-08-17T14:31:48.4137608Z Setting up liberror-perl (0.17029-1) ...
Compare gooroom-integration-applet	UNKNOWN STEP	2026-08-17T14:31:48.4155875Z Setting up dh-autoreconf (20) ...
Compare gooroom-integration-applet	UNKNOWN STEP	2026-08-17T14:31:48.4183625Z Setting up patchutils (0.4.2-1) ...
Compare gooroom-integration-applet	UNKNOWN STEP	2026-08-17T14:31:48.4200231Z Setting up libipc-run-perl (20200505.0-1) ...
Compare gooroom-integration-applet	UNKNOWN STEP	2026-08-17T14:31:48.4216344Z Setting up git (1:2.30.2-1+deb11u2) ...
Compare gooroom-integration-applet	UNKNOWN STEP	2026-08-17T14:31:48.4389055Z Setting up libwww-robotrules-perl (6.02-1) ...
Compare gooroom-integration-applet	UNKNOWN STEP	2026-08-17T14:31:48.4405757Z Setting up g++ (4:10.2.1-1) ...
Compare gooroom-integration-applet	UNKNOWN STEP	2026-08-17T14:31:48.4579067Z update-alternatives: using /usr/bin/g++ to provide /usr/bin/c++ (c++) in auto mode
Compare gooroom-integration-applet	UNKNOWN STEP	2026-08-17T14:31:48.4594684Z Setting up libhtml-parser-perl (3.75-1+b1) ...
Compare gooroom-integration-applet	UNKNOWN STEP	2026-08-17T14:31:48.4614506Z Setting up librole-tiny-perl (2.002004-1) ...
Compare gooroom-integration-applet	UNKNOWN STEP	2026-08-17T14:31:48.4632306Z Setting up gnupg (2.2.27-2+deb11u2) ...
Compare gooroom-integration-applet	UNKNOWN STEP	2026-08-17T14:31:48.4652530Z Setting up build-essential (12.9) ...
Compare gooroom-integration-applet	UNKNOWN STEP	2026-08-17T14:31:48.4672304Z Setting up libfile-homedir-perl (1.006-1) ...
Compare gooroom-integration-applet	UNKNOWN STEP	2026-08-17T14:31:48.4689770Z Setting up libio-socket-ssl-perl (2.069-1) ...
Compare gooroom-integration-applet	UNKNOWN STEP	2026-08-17T14:31:48.4707747Z Setting up libhttp-message-perl (6.28-1) ...
Compare gooroom-integration-applet	UNKNOWN STEP	2026-08-17T14:31:48.4725118Z Setting up libfile-stripnondeterminism-perl (1.12.0-1) ...
Compare gooroom-integration-applet	UNKNOWN STEP	2026-08-17T14:31:48.4740914Z Setting up libhttp-negotiate-perl (6.01-1) ...
Compare gooroom-integration-applet	UNKNOWN STEP	2026-08-17T14:31:48.4758211Z Setting up libhttp-cookies-perl (6.10-1) ...
Compare gooroom-integration-applet	UNKNOWN STEP	2026-08-17T14:31:48.4775168Z Setting up po-debconf (1.0.21+nmu1) ...
Compare gooroom-integration-applet	UNKNOWN STEP	2026-08-17T14:31:48.4793191Z Setting up libhtml-tree-perl (5.07-2) ...
Compare gooroom-integration-applet	UNKNOWN STEP	2026-08-17T14:31:48.4810800Z Setting up libparams-classify-perl (0.015-1+b3) ...
Compare gooroom-integration-applet	UNKNOWN STEP	2026-08-17T14:31:48.4828320Z Setting up libmodule-runtime-perl (0.016-1) ...
Compare gooroom-integration-applet	UNKNOWN STEP	2026-08-17T14:31:48.4845469Z Setting up dh-strip-nondeterminism (1.12.0-1) ...
Compare gooroom-integration-applet	UNKNOWN STEP	2026-08-17T14:31:48.4862172Z Setting up libimport-into-perl (1.002005-1) ...
Compare gooroom-integration-applet	UNKNOWN STEP	2026-08-17T14:31:48.4880897Z Setting up libmoo-perl (2.004004-1) ...
Compare gooroom-integration-applet	UNKNOWN STEP	2026-08-17T14:31:48.4899313Z Setting up debhelper (13.3.4) ...
Compare gooroom-integration-applet	UNKNOWN STEP	2026-08-17T14:31:48.4918133Z Setting up equivs (2.3.1) ...
Compare gooroom-integration-applet	UNKNOWN STEP	2026-08-17T14:31:48.4944476Z Setting up liblwp-protocol-https-perl (6.10-1) ...
Compare gooroom-integration-applet	UNKNOWN STEP	2026-08-17T14:31:48.4965328Z Setting up libwww-perl (6.52-1) ...
Compare gooroom-integration-applet	UNKNOWN STEP	2026-08-17T14:31:48.4986255Z Setting up devscripts (2.21.3+deb11u1) ...
Compare gooroom-integration-applet	UNKNOWN STEP	2026-08-17T14:31:48.6267905Z Processing triggers for libc-bin (2.31-13+deb11u6) ...
Compare gooroom-integration-applet	UNKNOWN STEP	2026-08-17T14:31:48.6835715Z + cd /build/source
Compare gooroom-integration-applet	UNKNOWN STEP	2026-08-17T14:31:48.6839245Z + mk-build-deps --install --remove --tool 'apt-get -y --no-install-recommends' debian/control
Compare gooroom-integration-applet	UNKNOWN STEP	2026-08-17T14:31:48.8987217Z dpkg-buildpackage: info: source package gooroom-integration-applet-build-deps
Compare gooroom-integration-applet	UNKNOWN STEP	2026-08-17T14:31:48.8988048Z dpkg-buildpackage: info: source version 0.3.1+grm3u1+han3u3
Compare gooroom-integration-applet	UNKNOWN STEP	2026-08-17T14:31:48.8989039Z dpkg-buildpackage: info: source distribution unstable
Compare gooroom-integration-applet	UNKNOWN STEP	2026-08-17T14:31:48.8990168Z dpkg-buildpackage: info: source changed by Equivs Dummy Package Generator <root@runnervmzvulz.ywgp2imo21luxe0qdw54wwlgfe.cx.internal.cloudapp.net>
Compare gooroom-integration-applet	UNKNOWN STEP	2026-08-17T14:31:48.9151108Z  dpkg-source --before-build .
Compare gooroom-integration-applet	UNKNOWN STEP	2026-08-17T14:31:48.9151609Z dpkg-buildpackage: info: host architecture amd64
Compare gooroom-integration-applet	UNKNOWN STEP	2026-08-17T14:31:48.9907275Z  debian/rules clean
Compare gooroom-integration-applet	UNKNOWN STEP	2026-08-17T14:31:48.9926017Z dh clean
Compare gooroom-integration-applet	UNKNOWN STEP	2026-08-17T14:31:49.0476916Z    dh_clean
Compare gooroom-integration-applet	UNKNOWN STEP	2026-08-17T14:31:49.0768848Z  debian/rules binary
Compare gooroom-integration-applet	UNKNOWN STEP	2026-08-17T14:31:49.0785561Z dh binary
Compare gooroom-integration-applet	UNKNOWN STEP	2026-08-17T14:31:49.1233026Z    dh_update_autotools_config
Compare gooroom-integration-applet	UNKNOWN STEP	2026-08-17T14:31:49.1476374Z    dh_autoreconf
Compare gooroom-integration-applet	UNKNOWN STEP	2026-08-17T14:31:49.1812383Z    create-stamp debian/debhelper-build-stamp
Compare gooroom-integration-applet	UNKNOWN STEP	2026-08-17T14:31:49.1812850Z    dh_prep
Compare gooroom-integration-applet	UNKNOWN STEP	2026-08-17T14:31:49.2061681Z    dh_install
Compare gooroom-integration-applet	UNKNOWN STEP	2026-08-17T14:31:49.2341514Z    dh_installdocs
Compare gooroom-integration-applet	UNKNOWN STEP	2026-08-17T14:31:49.2662185Z    dh_installchangelogs
Compare gooroom-integration-applet	UNKNOWN STEP	2026-08-17T14:31:49.3241451Z    dh_perl
Compare gooroom-integration-applet	UNKNOWN STEP	2026-08-17T14:31:49.3541557Z    dh_link
Compare gooroom-integration-applet	UNKNOWN STEP	2026-08-17T14:31:49.3817187Z    dh_strip_nondeterminism
Compare gooroom-integration-applet	UNKNOWN STEP	2026-08-17T14:31:49.4316422Z    dh_compress
Compare gooroom-integration-applet	UNKNOWN STEP	2026-08-17T14:31:49.4675499Z    dh_fixperms
Compare gooroom-integration-applet	UNKNOWN STEP	2026-08-17T14:31:49.5040818Z    dh_missing
Compare gooroom-integration-applet	UNKNOWN STEP	2026-08-17T14:31:49.5246830Z    dh_installdeb
Compare gooroom-integration-applet	UNKNOWN STEP	2026-08-17T14:31:49.5514808Z    dh_gencontrol
Compare gooroom-integration-applet	UNKNOWN STEP	2026-08-17T14:31:49.6376887Z    dh_md5sums
Compare gooroom-integration-applet	UNKNOWN STEP	2026-08-17T14:31:49.6672023Z    dh_builddeb
Compare gooroom-integration-applet	UNKNOWN STEP	2026-08-17T14:31:49.6889621Z dpkg-deb: building package 'gooroom-integration-applet-build-deps' in '../gooroom-integration-applet-build-deps_0.3.1+grm3u1+han3u3_all.deb'.
Compare gooroom-integration-applet	UNKNOWN STEP	2026-08-17T14:31:49.7032113Z  dpkg-genbuildinfo --build=binary
Compare gooroom-integration-applet	UNKNOWN STEP	2026-08-17T14:31:49.7993388Z  dpkg-genchanges --build=binary >../gooroom-integration-applet-build-deps_0.3.1+grm3u1+han3u3_amd64.changes
Compare gooroom-integration-applet	UNKNOWN STEP	2026-08-17T14:31:49.8629019Z dpkg-genchanges: info: binary-only upload (no source code included)
Compare gooroom-integration-applet	UNKNOWN STEP	2026-08-17T14:31:49.8655048Z  dpkg-source --after-build .
Compare gooroom-integration-applet	UNKNOWN STEP	2026-08-17T14:31:49.9420585Z dpkg-buildpackage: info: binary-only upload (no source included)
Compare gooroom-integration-applet	UNKNOWN STEP	2026-08-17T14:31:49.9461578Z 
Compare gooroom-integration-applet	UNKNOWN STEP	2026-08-17T14:31:49.9461899Z The package has been created.
Compare gooroom-integration-applet	UNKNOWN STEP	2026-08-17T14:31:49.9462432Z Attention, the package has been created in the current directory,
Compare gooroom-integration-applet	UNKNOWN STEP	2026-08-17T14:31:49.9463063Z not in ".." as indicated by the message above!
Compare gooroom-integration-applet	UNKNOWN STEP	2026-08-17T14:31:49.9585796Z Selecting previously unselected package gooroom-integration-applet-build-deps.
Compare gooroom-integration-applet	UNKNOWN STEP	2026-08-17T14:31:49.9673116Z (Reading database ... 18041 files and directories currently installed.)
Compare gooroom-integration-applet	UNKNOWN STEP	2026-08-17T14:31:49.9678189Z Preparing to unpack gooroom-integration-applet-build-deps_0.3.1+grm3u1+han3u3_all.deb ...
Compare gooroom-integration-applet	UNKNOWN STEP	2026-08-17T14:31:49.9685746Z Unpacking gooroom-integration-applet-build-deps (0.3.1+grm3u1+han3u3) ...
Compare gooroom-integration-applet	UNKNOWN STEP	2026-08-17T14:31:50.0216066Z Reading package lists...
Compare gooroom-integration-applet	UNKNOWN STEP	2026-08-17T14:31:50.1038345Z Building dependency tree...
Compare gooroom-integration-applet	UNKNOWN STEP	2026-08-17T14:31:50.1038974Z Reading state information...
Compare gooroom-integration-applet	UNKNOWN STEP	2026-08-17T14:31:50.1612437Z Correcting dependencies... Done
Compare gooroom-integration-applet	UNKNOWN STEP	2026-08-17T14:31:50.2431582Z The following additional packages will be installed:
Compare gooroom-integration-applet	UNKNOWN STEP	2026-08-17T14:31:50.2432104Z   autoconf-archive dbus dbus-user-session dmsetup libapparmor1 libargon2-1
Compare gooroom-integration-applet	UNKNOWN STEP	2026-08-17T14:31:50.2434990Z   libcap2 libcryptsetup12 libdbus-1-3 libdevmapper1.02.1 libip4tc2 libjson-c5
Compare gooroom-integration-applet	UNKNOWN STEP	2026-08-17T14:31:50.2436125Z   libkmod2 libpam-systemd systemd systemd-sysv
Compare gooroom-integration-applet	UNKNOWN STEP	2026-08-17T14:31:50.2439655Z Suggested packages:
Compare gooroom-integration-applet	UNKNOWN STEP	2026-08-17T14:31:50.2440013Z   systemd-container policykit-1
Compare gooroom-integration-applet	UNKNOWN STEP	2026-08-17T14:31:50.2440409Z Recommended packages:
Compare gooroom-integration-applet	UNKNOWN STEP	2026-08-17T14:31:50.2440813Z   systemd-timesyncd | time-daemon libnss-systemd
Compare gooroom-integration-applet	UNKNOWN STEP	2026-08-17T14:31:50.2559175Z The following packages will be REMOVED:
Compare gooroom-integration-applet	UNKNOWN STEP	2026-08-17T14:31:50.2563788Z   gooroom-integration-applet-build-deps
Compare gooroom-integration-applet	UNKNOWN STEP	2026-08-17T14:31:50.2566425Z The following NEW packages will be installed:
Compare gooroom-integration-applet	UNKNOWN STEP	2026-08-17T14:31:50.2566967Z   autoconf-archive dbus dbus-user-session dmsetup libapparmor1 libargon2-1
Compare gooroom-integration-applet	UNKNOWN STEP	2026-08-17T14:31:50.2567778Z   libcap2 libcryptsetup12 libdbus-1-3 libdevmapper1.02.1 libip4tc2 libjson-c5
Compare gooroom-integration-applet	UNKNOWN STEP	2026-08-17T14:31:50.2568444Z   libkmod2 libpam-systemd systemd systemd-sysv
Compare gooroom-integration-applet	UNKNOWN STEP	2026-08-17T14:31:54.9692665Z 0 upgraded, 16 newly installed, 1 to remove and 0 not upgraded.
Compare gooroom-integration-applet	UNKNOWN STEP	2026-08-17T14:31:54.9693533Z 1 not fully installed or removed.
Compare gooroom-integration-applet	UNKNOWN STEP	2026-08-17T14:31:54.9693803Z Need to get 6968 kB of archives.
Compare gooroom-integration-applet	UNKNOWN STEP	2026-08-17T14:31:54.9694331Z After this operation, 26.3 MB of additional disk space will be used.
Compare gooroom-integration-applet	UNKNOWN STEP	2026-08-17T14:31:54.9694987Z Get:1 https://snapshot.debian.org/archive/debian/20230730T235959Z bullseye/main amd64 libapparmor1 amd64 2.13.6-10 [99.3 kB]
Compare gooroom-integration-applet	UNKNOWN STEP	2026-08-17T14:31:54.9767402Z Get:2 https://snapshot.debian.org/archive/debian/20230730T235959Z bullseye/main amd64 libcap2 amd64 1:2.44-1 [23.6 kB]
Compare gooroom-integration-applet	UNKNOWN STEP	2026-08-17T14:31:54.9774905Z Get:3 https://snapshot.debian.org/archive/debian/20230730T235959Z bullseye/main amd64 libargon2-1 amd64 0~20171227-0.2 [19.6 kB]
Compare gooroom-integration-applet	UNKNOWN STEP	2026-08-17T14:31:54.9805282Z Get:4 https://snapshot.debian.org/archive/debian/20230730T235959Z bullseye/main amd64 dmsetup amd64 2:1.02.175-2.1 [92.1 kB]
Compare gooroom-integration-applet	UNKNOWN STEP	2026-08-17T14:31:55.3458939Z Get:5 https://snapshot.debian.org/archive/debian/20230730T235959Z bullseye/main amd64 libdevmapper1.02.1 amd64 2:1.02.175-2.1 [143 kB]
Compare gooroom-integration-applet	UNKNOWN STEP	2026-08-17T14:31:55.3506481Z Get:6 https://snapshot.debian.org/archive/debian/20230730T235959Z bullseye/main amd64 libjson-c5 amd64 0.15-2 [42.8 kB]
Compare gooroom-integration-applet	UNKNOWN STEP	2026-08-17T14:31:55.3510716Z Get:7 https://snapshot.debian.org/archive/debian/20230730T235959Z bullseye/main amd64 libcryptsetup12 amd64 2:2.3.7-1+deb11u1 [248 kB]
Compare gooroom-integration-applet	UNKNOWN STEP	2026-08-17T14:31:55.3606879Z Get:8 https://snapshot.debian.org/archive/debian/20230730T235959Z bullseye/main amd64 libip4tc2 amd64 1.8.7-1 [34.6 kB]
Compare gooroom-integration-applet	UNKNOWN STEP	2026-08-17T14:31:55.3648983Z Get:9 https://snapshot.debian.org/archive/debian/20230730T235959Z bullseye/main amd64 libkmod2 amd64 28-1 [55.6 kB]
Compare gooroom-integration-applet	UNKNOWN STEP	2026-08-17T14:31:55.6404800Z Get:10 https://snapshot.debian.org/archive/debian/20230730T235959Z bullseye/main amd64 systemd amd64 247.3-7+deb11u2 [4501 kB]
Compare gooroom-integration-applet	UNKNOWN STEP	2026-08-17T14:31:56.3500134Z Get:11 https://snapshot.debian.org/archive/debian/20230730T235959Z bullseye/main amd64 systemd-sysv amd64 247.3-7+deb11u2 [113 kB]
Compare gooroom-integration-applet	UNKNOWN STEP	2026-08-17T14:31:56.3525658Z Get:12 https://snapshot.debian.org/archive/debian/20230730T235959Z bullseye/main amd64 libdbus-1-3 amd64 1.12.24-0+deb11u1 [222 kB]
Compare gooroom-integration-applet	UNKNOWN STEP	2026-08-17T14:31:56.3578142Z Get:13 https://snapshot.debian.org/archive/debian/20230730T235959Z bullseye/main amd64 dbus amd64 1.12.24-0+deb11u1 [243 kB]
Compare gooroom-integration-applet	UNKNOWN STEP	2026-08-17T14:31:56.3624555Z Get:14 https://snapshot.debian.org/archive/debian/20230730T235959Z bullseye/main amd64 autoconf-archive all 20190106-2.1 [746 kB]
Compare gooroom-integration-applet	UNKNOWN STEP	2026-08-17T14:31:56.3709349Z Get:15 https://snapshot.debian.org/archive/debian/20230730T235959Z bullseye/main amd64 libpam-systemd amd64 247.3-7+deb11u2 [283 kB]
Compare gooroom-integration-applet	UNKNOWN STEP	2026-08-17T14:31:56.6521269Z Get:16 https://snapshot.debian.org/archive/debian/20230730T235959Z bullseye/main amd64 dbus-user-session amd64 1.12.24-0+deb11u1 [99.7 kB]
Compare gooroom-integration-applet	UNKNOWN STEP	2026-08-17T14:31:56.7399635Z debconf: delaying package configuration, since apt-utils is not installed
Compare gooroom-integration-applet	UNKNOWN STEP	2026-08-17T14:31:56.7774216Z Fetched 6968 kB in 6s (1090 kB/s)
Compare gooroom-integration-applet	UNKNOWN STEP	2026-08-17T14:31:56.7921710Z (Reading database ... 18045 files and directories currently installed.)
Compare gooroom-integration-applet	UNKNOWN STEP	2026-08-17T14:31:56.7927801Z Removing gooroom-integration-applet-build-deps (0.3.1+grm3u1+han3u3) ...
Compare gooroom-integration-applet	UNKNOWN STEP	2026-08-17T14:31:56.8131106Z Selecting previously unselected package libapparmor1:amd64.
Compare gooroom-integration-applet	UNKNOWN STEP	2026-08-17T14:31:56.8218742Z (Reading database ... 18041 files and directories currently installed.)
Compare gooroom-integration-applet	UNKNOWN STEP	2026-08-17T14:31:56.8224708Z Preparing to unpack .../0-libapparmor1_2.13.6-10_amd64.deb ...
Compare gooroom-integration-applet	UNKNOWN STEP	2026-08-17T14:31:56.8237891Z Unpacking libapparmor1:amd64 (2.13.6-10) ...
Compare gooroom-integration-applet	UNKNOWN STEP	2026-08-17T14:31:56.8431532Z Selecting previously unselected package libcap2:amd64.
Compare gooroom-integration-applet	UNKNOWN STEP	2026-08-17T14:31:56.8448097Z Preparing to unpack .../1-libcap2_1%3a2.44-1_amd64.deb ...
Compare gooroom-integration-applet	UNKNOWN STEP	2026-08-17T14:31:56.8455199Z Unpacking libcap2:amd64 (1:2.44-1) ...
Compare gooroom-integration-applet	UNKNOWN STEP	2026-08-17T14:31:56.8591893Z Selecting previously unselected package libargon2-1:amd64.
Compare gooroom-integration-applet	UNKNOWN STEP	2026-08-17T14:31:56.8609247Z Preparing to unpack .../2-libargon2-1_0~20171227-0.2_amd64.deb ...
Compare gooroom-integration-applet	UNKNOWN STEP	2026-08-17T14:31:56.8616458Z Unpacking libargon2-1:amd64 (0~20171227-0.2) ...
Compare gooroom-integration-applet	UNKNOWN STEP	2026-08-17T14:31:56.8748778Z Selecting previously unselected package dmsetup.
Compare gooroom-integration-applet	UNKNOWN STEP	2026-08-17T14:31:56.8767203Z Preparing to unpack .../3-dmsetup_2%3a1.02.175-2.1_amd64.deb ...
Compare gooroom-integration-applet	UNKNOWN STEP	2026-08-17T14:31:56.8774271Z Unpacking dmsetup (2:1.02.175-2.1) ...
Compare gooroom-integration-applet	UNKNOWN STEP	2026-08-17T14:31:56.8967800Z Selecting previously unselected package libdevmapper1.02.1:amd64.
Compare gooroom-integration-applet	UNKNOWN STEP	2026-08-17T14:31:56.8986391Z Preparing to unpack .../4-libdevmapper1.02.1_2%3a1.02.175-2.1_amd64.deb ...
Compare gooroom-integration-applet	UNKNOWN STEP	2026-08-17T14:31:56.8993386Z Unpacking libdevmapper1.02.1:amd64 (2:1.02.175-2.1) ...
Compare gooroom-integration-applet	UNKNOWN STEP	2026-08-17T14:31:56.9218414Z Selecting previously unselected package libjson-c5:amd64.
Compare gooroom-integration-applet	UNKNOWN STEP	2026-08-17T14:31:56.9237361Z Preparing to unpack .../5-libjson-c5_0.15-2_amd64.deb ...
Compare gooroom-integration-applet	UNKNOWN STEP	2026-08-17T14:31:56.9244155Z Unpacking libjson-c5:amd64 (0.15-2) ...
Compare gooroom-integration-applet	UNKNOWN STEP	2026-08-17T14:31:56.9403494Z Selecting previously unselected package libcryptsetup12:amd64.
Compare gooroom-integration-applet	UNKNOWN STEP	2026-08-17T14:31:56.9422719Z Preparing to unpack .../6-libcryptsetup12_2%3a2.3.7-1+deb11u1_amd64.deb ...
Compare gooroom-integration-applet	UNKNOWN STEP	2026-08-17T14:31:56.9429995Z Unpacking libcryptsetup12:amd64 (2:2.3.7-1+deb11u1) ...
Compare gooroom-integration-applet	UNKNOWN STEP	2026-08-17T14:31:56.9735277Z Selecting previously unselected package libip4tc2:amd64.
Compare gooroom-integration-applet	UNKNOWN STEP	2026-08-17T14:31:56.9754033Z Preparing to unpack .../7-libip4tc2_1.8.7-1_amd64.deb ...
Compare gooroom-integration-applet	UNKNOWN STEP	2026-08-17T14:31:56.9760944Z Unpacking libip4tc2:amd64 (1.8.7-1) ...
Compare gooroom-integration-applet	UNKNOWN STEP	2026-08-17T14:31:56.9905621Z Selecting previously unselected package libkmod2:amd64.
Compare gooroom-integration-applet	UNKNOWN STEP	2026-08-17T14:31:56.9923700Z Preparing to unpack .../8-libkmod2_28-1_amd64.deb ...
Compare gooroom-integration-applet	UNKNOWN STEP	2026-08-17T14:31:56.9931067Z Unpacking libkmod2:amd64 (28-1) ...
Compare gooroom-integration-applet	UNKNOWN STEP	2026-08-17T14:31:57.0101262Z Selecting previously unselected package systemd.
Compare gooroom-integration-applet	UNKNOWN STEP	2026-08-17T14:31:57.0120595Z Preparing to unpack .../9-systemd_247.3-7+deb11u2_amd64.deb ...
Compare gooroom-integration-applet	UNKNOWN STEP	2026-08-17T14:31:57.0514273Z Unpacking systemd (247.3-7+deb11u2) ...
Compare gooroom-integration-applet	UNKNOWN STEP	2026-08-17T14:31:57.4606795Z Setting up libapparmor1:amd64 (2.13.6-10) ...
Compare gooroom-integration-applet	UNKNOWN STEP	2026-08-17T14:31:57.4625504Z Setting up libcap2:amd64 (1:2.44-1) ...
Compare gooroom-integration-applet	UNKNOWN STEP	2026-08-17T14:31:57.4641418Z Setting up libargon2-1:amd64 (0~20171227-0.2) ...
Compare gooroom-integration-applet	UNKNOWN STEP	2026-08-17T14:31:57.4657806Z Setting up libjson-c5:amd64 (0.15-2) ...
Compare gooroom-integration-applet	UNKNOWN STEP	2026-08-17T14:31:57.4675024Z Setting up libip4tc2:amd64 (1.8.7-1) ...
Compare gooroom-integration-applet	UNKNOWN STEP	2026-08-17T14:31:57.4693132Z Setting up libkmod2:amd64 (28-1) ...
Compare gooroom-integration-applet	UNKNOWN STEP	2026-08-17T14:31:57.4714444Z Setting up libdevmapper1.02.1:amd64 (2:1.02.175-2.1) ...
Compare gooroom-integration-applet	UNKNOWN STEP	2026-08-17T14:31:57.4732825Z Setting up libcryptsetup12:amd64 (2:2.3.7-1+deb11u1) ...
Compare gooroom-integration-applet	UNKNOWN STEP	2026-08-17T14:31:57.4768540Z Setting up systemd (247.3-7+deb11u2) ...
Compare gooroom-integration-applet	UNKNOWN STEP	2026-08-17T14:31:57.4884711Z Created symlink /etc/systemd/system/getty.target.wants/getty@tty1.service → /lib/systemd/system/getty@.service.
Compare gooroom-integration-applet	UNKNOWN STEP	2026-08-17T14:31:57.4903392Z Created symlink /etc/systemd/system/multi-user.target.wants/remote-fs.target → /lib/systemd/system/remote-fs.target.
Compare gooroom-integration-applet	UNKNOWN STEP	2026-08-17T14:31:57.4939553Z Created symlink /etc/systemd/system/sysinit.target.wants/systemd-pstore.service → /lib/systemd/system/systemd-pstore.service.
Compare gooroom-integration-applet	UNKNOWN STEP	2026-08-17T14:31:57.4979588Z Initializing machine ID from random generator.
Compare gooroom-integration-applet	UNKNOWN STEP	2026-08-17T14:31:57.7125879Z Setting up dmsetup (2:1.02.175-2.1) ...
Compare gooroom-integration-applet	UNKNOWN STEP	2026-08-17T14:31:57.7297612Z Selecting previously unselected package systemd-sysv.
Compare gooroom-integration-applet	UNKNOWN STEP	2026-08-17T14:31:57.7376942Z (Reading database ... 18895 files and directories currently installed.)
Compare gooroom-integration-applet	UNKNOWN STEP	2026-08-17T14:31:57.7382925Z Preparing to unpack .../0-systemd-sysv_247.3-7+deb11u2_amd64.deb ...
Compare gooroom-integration-applet	UNKNOWN STEP	2026-08-17T14:31:57.7390469Z Unpacking systemd-sysv (247.3-7+deb11u2) ...
Compare gooroom-integration-applet	UNKNOWN STEP	2026-08-17T14:31:57.7613042Z Selecting previously unselected package libdbus-1-3:amd64.
Compare gooroom-integration-applet	UNKNOWN STEP	2026-08-17T14:31:57.7631953Z Preparing to unpack .../1-libdbus-1-3_1.12.24-0+deb11u1_amd64.deb ...
Compare gooroom-integration-applet	UNKNOWN STEP	2026-08-17T14:31:57.7639621Z Unpacking libdbus-1-3:amd64 (1.12.24-0+deb11u1) ...
Compare gooroom-integration-applet	UNKNOWN STEP	2026-08-17T14:31:57.7928117Z Selecting previously unselected package dbus.
Compare gooroom-integration-applet	UNKNOWN STEP	2026-08-17T14:31:57.7947514Z Preparing to unpack .../2-dbus_1.12.24-0+deb11u1_amd64.deb ...
Compare gooroom-integration-applet	UNKNOWN STEP	2026-08-17T14:31:57.8032500Z Unpacking dbus (1.12.24-0+deb11u1) ...
Compare gooroom-integration-applet	UNKNOWN STEP	2026-08-17T14:31:57.8353270Z Selecting previously unselected package autoconf-archive.
Compare gooroom-integration-applet	UNKNOWN STEP	2026-08-17T14:31:57.8373250Z Preparing to unpack .../3-autoconf-archive_20190106-2.1_all.deb ...
Compare gooroom-integration-applet	UNKNOWN STEP	2026-08-17T14:31:57.8379685Z Unpacking autoconf-archive (20190106-2.1) ...
Compare gooroom-integration-applet	UNKNOWN STEP	2026-08-17T14:31:58.0486642Z Selecting previously unselected package libpam-systemd:amd64.
Compare gooroom-integration-applet	UNKNOWN STEP	2026-08-17T14:31:58.0509428Z Preparing to unpack .../4-libpam-systemd_247.3-7+deb11u2_amd64.deb ...
Compare gooroom-integration-applet	UNKNOWN STEP	2026-08-17T14:31:58.0516090Z Unpacking libpam-systemd:amd64 (247.3-7+deb11u2) ...
Compare gooroom-integration-applet	UNKNOWN STEP	2026-08-17T14:31:58.0793296Z Selecting previously unselected package dbus-user-session.
Compare gooroom-integration-applet	UNKNOWN STEP	2026-08-17T14:31:58.0814117Z Preparing to unpack .../5-dbus-user-session_1.12.24-0+deb11u1_amd64.deb ...
Compare gooroom-integration-applet	UNKNOWN STEP	2026-08-17T14:31:58.0822325Z Unpacking dbus-user-session (1.12.24-0+deb11u1) ...
Compare gooroom-integration-applet	UNKNOWN STEP	2026-08-17T14:31:58.1050657Z Setting up systemd-sysv (247.3-7+deb11u2) ...
Compare gooroom-integration-applet	UNKNOWN STEP	2026-08-17T14:31:58.1077114Z Setting up autoconf-archive (20190106-2.1) ...
Compare gooroom-integration-applet	UNKNOWN STEP	2026-08-17T14:31:58.1101776Z Setting up libdbus-1-3:amd64 (1.12.24-0+deb11u1) ...
Compare gooroom-integration-applet	UNKNOWN STEP	2026-08-17T14:31:58.1118687Z Setting up dbus (1.12.24-0+deb11u1) ...
Compare gooroom-integration-applet	UNKNOWN STEP	2026-08-17T14:31:58.1820532Z invoke-rc.d: could not determine current runlevel
Compare gooroom-integration-applet	UNKNOWN STEP	2026-08-17T14:31:58.1832029Z Setting up libpam-systemd:amd64 (247.3-7+deb11u2) ...
Compare gooroom-integration-applet	UNKNOWN STEP	2026-08-17T14:31:58.2717911Z Setting up dbus-user-session (1.12.24-0+deb11u1) ...
Compare gooroom-integration-applet	UNKNOWN STEP	2026-08-17T14:31:58.2743849Z Processing triggers for man-db (2.9.4-2) ...
Compare gooroom-integration-applet	UNKNOWN STEP	2026-08-17T14:31:59.7317947Z Processing triggers for libc-bin (2.31-13+deb11u6) ...
Compare gooroom-integration-applet	UNKNOWN STEP	2026-08-17T14:31:59.7857837Z mk-build-deps: Unable to install gooroom-integration-applet-build-deps at /usr/bin/mk-build-deps line 457.
Compare gooroom-integration-applet	UNKNOWN STEP	2026-08-17T14:31:59.7858474Z mk-build-deps: Unable to install all build-dep packages
Compare gooroom-integration-applet	UNKNOWN STEP	2026-08-17T14:31:59.7907723Z ##[error]Process completed with exit code 1.
Compare gooroom-integration-applet	UNKNOWN STEP	2026-08-17T14:31:59.8039364Z Node 20 is being deprecated. This workflow is running with Node 24 by default. If you need to temporarily use Node 20, you can set the ACTIONS_ALLOW_USE_UNSECURE_NODE_VERSION=true environment variable. For more information see: https://github.blog/changelog/2025-09-19-deprecation-of-node-20-on-github-actions-runners/
Compare gooroom-integration-applet	UNKNOWN STEP	2026-08-17T14:31:59.8040877Z Post job cleanup.
Compare gooroom-integration-applet	UNKNOWN STEP	2026-08-17T14:31:59.8924538Z [command]/usr/bin/git version
Compare gooroom-integration-applet	UNKNOWN STEP	2026-08-17T14:31:59.8964510Z git version 2.54.0
Compare gooroom-integration-applet	UNKNOWN STEP	2026-08-17T14:31:59.9005130Z Temporarily overriding HOME='/home/runner/work/_temp/089f036a-79a5-446b-a1d1-2d0b103ccf09' before making global git config changes
Compare gooroom-integration-applet	UNKNOWN STEP	2026-08-17T14:31:59.9006606Z Adding repository directory to the temporary git global config as a safe directory
Compare gooroom-integration-applet	UNKNOWN STEP	2026-08-17T14:31:59.9011310Z [command]/usr/bin/git config --global --add safe.directory /home/runner/work/hancom-gooroom-archive/hancom-gooroom-archive
Compare gooroom-integration-applet	UNKNOWN STEP	2026-08-17T14:31:59.9053753Z [command]/usr/bin/git config --local --name-only --get-regexp core\.sshCommand
Compare gooroom-integration-applet	UNKNOWN STEP	2026-08-17T14:31:59.9093824Z [command]/usr/bin/git submodule foreach --recursive sh -c "git config --local --name-only --get-regexp 'core\.sshCommand' && git config --local --unset-all 'core.sshCommand' || :"
Compare gooroom-integration-applet	UNKNOWN STEP	2026-08-17T14:31:59.9365996Z [command]/usr/bin/git config --local --name-only --get-regexp http\.https\:\/\/github\.com\/\.extraheader
Compare gooroom-integration-applet	UNKNOWN STEP	2026-08-17T14:31:59.9400489Z http.https://github.com/.extraheader
Compare gooroom-integration-applet	UNKNOWN STEP	2026-08-17T14:31:59.9412159Z [command]/usr/bin/git config --local --unset-all http.https://github.com/.extraheader
Compare gooroom-integration-applet	UNKNOWN STEP	2026-08-17T14:31:59.9452183Z [command]/usr/bin/git submodule foreach --recursive sh -c "git config --local --name-only --get-regexp 'http\.https\:\/\/github\.com\/\.extraheader' && git config --local --unset-all 'http.https://github.com/.extraheader' || :"
Compare gooroom-integration-applet	UNKNOWN STEP	2026-08-17T14:31:59.9941008Z Cleaning up orphan processes
Compare gooroom-integration-applet	UNKNOWN STEP	2026-08-17T14:32:00.0259866Z ##[warning]Node.js 20 is deprecated. The following actions target Node.js 20 but are being forced to run on Node.js 24: actions/checkout@11bd71901bbe5b1630ceea73d27597364c9af683. For more information see: https://github.blog/changelog/2025-09-19-deprecation-of-node-20-on-github-actions-runners/
