reference_package	reference_version	reference_architecture	source	source_version	target_package	target_architecture	disposition	match_reason	candidate_version	candidate_sha256	repository_filename
accountsservice	0.6.55-3+grm3u1	amd64	accountsservice	0.6.55-3+grm3u1	accountsservice	arm64	native-arm64	exact-binary-and-source-version	0.6.55-3+grm3u1	2f64ce63cb666be87ac5aff05934d0d81845bd8d4cdc20489b316f234ce68eb8	2f64ce63cb666be87ac5aff05934d0d81845bd8d4cdc20489b316f234ce68eb8-accountsservice_0.6.55-3+grm3u1_arm64.deb
acl	2.2.53-10	amd64	acl	2.2.53-10	acl	arm64	native-arm64	exact-binary-and-source-version	2.2.53-10	77b22ebf33b1bd888a1f8a57e6fa7e1d67a45515d9b656efa782f2e96992af3c	77b22ebf33b1bd888a1f8a57e6fa7e1d67a45515d9b656efa782f2e96992af3c-acl_2.2.53-10_arm64.deb
adduser	3.118+grm3u1	all	adduser	3.118+grm3u1	adduser	all	reuse-all	exact-binary-and-source-version	3.118+grm3u1	1c54af742f2c9fd2677cf0df8d9ef0fc9c87e62b9d391e32e5ced6a36ae8b2fc	1c54af742f2c9fd2677cf0df8d9ef0fc9c87e62b9d391e32e5ced6a36ae8b2fc-adduser_3.118+grm3u1_all.deb
adwaita-icon-theme	3.38.0-1	all	adwaita-icon-theme	3.38.0-1	adwaita-icon-theme	all	reuse-all	exact-binary-and-source-version	3.38.0-1	2046876c82fc1c342b38ace9aa0661bcb3e167837c984b4bdc89702bc78df5ac	2046876c82fc1c342b38ace9aa0661bcb3e167837c984b4bdc89702bc78df5ac-adwaita-icon-theme_3.38.0-1_all.deb
alsa-utils	1.2.4-1	amd64	alsa-utils	1.2.4-1	alsa-utils	arm64	native-arm64	exact-binary-and-source-version	1.2.4-1	e8a1ef315c0218763de6031fca33e74b6b38c749aba148a0fa272cb5ea03a87f	e8a1ef315c0218763de6031fca33e74b6b38c749aba148a0fa272cb5ea03a87f-alsa-utils_1.2.4-1_arm64.deb
apg	2.2.3.dfsg.1-5+b2	amd64	apg	2.2.3.dfsg.1-5	apg	arm64	native-arm64	exact-source-version-architecture-binnmu	2.2.3.dfsg.1-5+b1	c4c3bd56d18dd6d859d0cfa83c596cde624f4d1985a94c0cf1520a1e5d21f137	c4c3bd56d18dd6d859d0cfa83c596cde624f4d1985a94c0cf1520a1e5d21f137-apg_2.2.3.dfsg.1-5+b1_arm64.deb
appstream	0.14.4-1	amd64	appstream	0.14.4-1	appstream	arm64	native-arm64	exact-binary-and-source-version	0.14.4-1	8a9ef046fe8494a3b71f852831c9251cd9f18e1000714ad6b579eeb056d16efa	8a9ef046fe8494a3b71f852831c9251cd9f18e1000714ad6b579eeb056d16efa-appstream_0.14.4-1_arm64.deb
apt	2.2.4	amd64	apt	2.2.4	apt	arm64	native-arm64	exact-binary-and-source-version	2.2.4	39cbe42f3e64c6359b445d6fed7385273881e507b8be1d3b653ec9fb7d4c917c	39cbe42f3e64c6359b445d6fed7385273881e507b8be1d3b653ec9fb7d4c917c-apt_2.2.4_arm64.deb
apt-config-icons	0.14.4-1	all	appstream	0.14.4-1	apt-config-icons	all	reuse-all	exact-binary-and-source-version	0.14.4-1	5c17483a0670a48368f498264d7518b4297742c7bc68e3bdb4f571731acd1d3a	5c17483a0670a48368f498264d7518b4297742c7bc68e3bdb4f571731acd1d3a-apt-config-icons_0.14.4-1_all.deb
apt-transport-https	2.2.4	all	apt	2.2.4	apt-transport-https	all	reuse-all	exact-binary-and-source-version	2.2.4	e77caf989ccce108e39b1558cb32ad4b190fbf6cc0b064245f4093816a2f21d4	e77caf989ccce108e39b1558cb32ad4b190fbf6cc0b064245f4093816a2f21d4-apt-transport-https_2.2.4_all.deb
apt-utils	2.2.4	amd64	apt	2.2.4	apt-utils	arm64	native-arm64	exact-binary-and-source-version	2.2.4	80368bc75bab25f5dfb79d9666224c4d71b08062c22cc00a54d0c63bc7f4149e	80368bc75bab25f5dfb79d9666224c4d71b08062c22cc00a54d0c63bc7f4149e-apt-utils_2.2.4_arm64.deb
aptitude	0.8.13-3	amd64	aptitude	0.8.13-3	aptitude	arm64	native-arm64	exact-binary-and-source-version	0.8.13-3	301fe0b3695cd4afcd2268aac87d1fd94b2b06ad318f4d89af533d7817c311fb	301fe0b3695cd4afcd2268aac87d1fd94b2b06ad318f4d89af533d7817c311fb-aptitude_0.8.13-3_arm64.deb
aptitude-common	0.8.13-3	all	aptitude	0.8.13-3	aptitude-common	all	reuse-all	exact-binary-and-source-version	0.8.13-3	f7a9e6d24cb2000edd0255f2c987b070a6cc1de499c635c3b06276cd9494fbbf	f7a9e6d24cb2000edd0255f2c987b070a6cc1de499c635c3b06276cd9494fbbf-aptitude-common_0.8.13-3_all.deb
arc-icon-theme	20161113+grm3u1	all	arc-icon-theme	20161113+grm3u1	arc-icon-theme	all	reuse-all	exact-binary-and-source-version	20161113+grm3u1	8a81d99d8ff6e52ae571b7ea81c3d6a67c8046875fc3081f92822b57abcaa66b	8a81d99d8ff6e52ae571b7ea81c3d6a67c8046875fc3081f92822b57abcaa66b-arc-icon-theme_20161113+grm3u1_all.deb
arc-theme	20200513-1+grm2u1+han3u2	all	arc-theme	20200513-1+grm2u1+han3u2	arc-theme	all	reuse-all	exact-binary-and-source-version	20200513-1+grm2u1+han3u2	d3cb4db8be14780ad7c7b004fde13290a02d2bb471b15a341d69af932cd37623	d3cb4db8be14780ad7c7b004fde13290a02d2bb471b15a341d69af932cd37623-arc-theme_20200513-1+grm2u1+han3u2_all.deb
arp-scan	1.9.7-2	amd64	arp-scan	1.9.7-2	arp-scan	arm64	native-arm64	exact-binary-and-source-version	1.9.7-2	9270f91b7512a2ceb9283171142460cb650bf5ffe69349c7944c0c8be5a9a1dc	9270f91b7512a2ceb9283171142460cb650bf5ffe69349c7944c0c8be5a9a1dc-arp-scan_1.9.7-2_arm64.deb
at-spi2-core	2.38.0-4+deb11u1	amd64	at-spi2-core	2.38.0-4+deb11u1	at-spi2-core	arm64	native-arm64	exact-binary-and-source-version	2.38.0-4+deb11u1	f63bec45df839d8ae273a580ad81632dd272199cd825579a542f017b4ed2688b	f63bec45df839d8ae273a580ad81632dd272199cd825579a542f017b4ed2688b-at-spi2-core_2.38.0-4+deb11u1_arm64.deb
attr	1:2.4.48-6	amd64	attr	1:2.4.48-6	attr	arm64	native-arm64	exact-binary-and-source-version	1:2.4.48-6	2b4df5a0a6b7bc909c6a3113f533a6993a441a0f4b039d1826202bfafa30efbe	2b4df5a0a6b7bc909c6a3113f533a6993a441a0f4b039d1826202bfafa30efbe-attr_1%3a2.4.48-6_arm64.deb
ayatana-indicator-application	0.8.0-1	amd64	ayatana-indicator-application	0.8.0-1	ayatana-indicator-application	arm64	native-arm64	exact-binary-and-source-version	0.8.0-1	3bc84cc881b17c297fb83316d49710b0b2b19de8cb6b33ab46ebbd747bb4fea5	3bc84cc881b17c297fb83316d49710b0b2b19de8cb6b33ab46ebbd747bb4fea5-ayatana-indicator-application_0.8.0-1_arm64.deb
ayatana-indicator-common	0.8.4-1+deb11u2	all	libayatana-indicator	0.8.4-1+deb11u2	ayatana-indicator-common	all	reuse-all	exact-binary-and-source-version	0.8.4-1+deb11u2	cce64f97bf89a0216be8bbe8d1d7a9ba14c74a2c6f0a1a6768e9a3341d97d290	cce64f97bf89a0216be8bbe8d1d7a9ba14c74a2c6f0a1a6768e9a3341d97d290-ayatana-indicator-common_0.8.4-1+deb11u2_all.deb
base-files	11.1+deb11u7	amd64	base-files	11.1+deb11u7	base-files	arm64	native-arm64	exact-binary-and-source-version	11.1+deb11u7	f2c290240d468063e00305ef712a2c03163b0a9a741c3a4c774e169b92670a75	f2c290240d468063e00305ef712a2c03163b0a9a741c3a4c774e169b92670a75-base-files_11.1+deb11u7_arm64.deb
base-passwd	3.5.51	amd64	base-passwd	3.5.51	base-passwd	arm64	native-arm64	exact-binary-and-source-version	3.5.51	443aac2b10f27616f6f9622e4b85aea0232ce1569abc3a8cc55dfd36ea9bee67	443aac2b10f27616f6f9622e4b85aea0232ce1569abc3a8cc55dfd36ea9bee67-base-passwd_3.5.51_arm64.deb
bash	5.1-2+deb11u1	amd64	bash	5.1-2+deb11u1	bash	arm64	native-arm64	exact-binary-and-source-version	5.1-2+deb11u1	d7c7af5d86f43a885069408a89788f67f248e8124c682bb73936f33874e0611b	d7c7af5d86f43a885069408a89788f67f248e8124c682bb73936f33874e0611b-bash_5.1-2+deb11u1_arm64.deb
bash-completion	1:2.11-2	all	bash-completion	1:2.11-2	bash-completion	all	reuse-all	exact-binary-and-source-version	1:2.11-2	74804ac370bc9895101a9636fa09b99c9415624bd35d6d9fb46cb8de9b0775a7	74804ac370bc9895101a9636fa09b99c9415624bd35d6d9fb46cb8de9b0775a7-bash-completion_1%3a2.11-2_all.deb
bc	1.07.1-2+b2	amd64	bc	1.07.1-2	bc	arm64	native-arm64	exact-binary-and-source-version	1.07.1-2+b2	bc7da8e547ea6407363e3266b7f943ea53ac6433fe18c4da513686ba230a24b8	bc7da8e547ea6407363e3266b7f943ea53ac6433fe18c4da513686ba230a24b8-bc_1.07.1-2+b2_arm64.deb
binutils	2.35.2-2	amd64	binutils	2.35.2-2	binutils	arm64	native-arm64	exact-binary-and-source-version	2.35.2-2	0ba499b4ca7fbdcce3fcfce7a5c1fdbd1f7b7b691cf70cfed85e584a9af6ade1	0ba499b4ca7fbdcce3fcfce7a5c1fdbd1f7b7b691cf70cfed85e584a9af6ade1-binutils_2.35.2-2_arm64.deb
binutils-common	2.35.2-2	amd64	binutils	2.35.2-2	binutils-common	arm64	native-arm64	exact-binary-and-source-version	2.35.2-2	89986c385cd6c0d3adc34d2a03e6c215369222413f556c2dca3a423d8027be8e	89986c385cd6c0d3adc34d2a03e6c215369222413f556c2dca3a423d8027be8e-binutils-common_2.35.2-2_arm64.deb
binutils-x86-64-linux-gnu	2.35.2-2	amd64	binutils	2.35.2-2	binutils-aarch64-linux-gnu	arm64	arch-replace	exact-binary-and-source-version	2.35.2-2	53e2714179d1334b66e3e6b046fb035c0f24d9e276e5606493ac26e5a4a84446	53e2714179d1334b66e3e6b046fb035c0f24d9e276e5606493ac26e5a4a84446-binutils-aarch64-linux-gnu_2.35.2-2_arm64.deb
bluez	5.55-3.1	amd64	bluez	5.55-3.1	bluez	arm64	native-arm64	exact-binary-and-source-version	5.55-3.1	a6fd736d1b58cd86014d86b5ed35cc07072acf40612f02492fa853702f31e6e8	a6fd736d1b58cd86014d86b5ed35cc07072acf40612f02492fa853702f31e6e8-bluez_5.55-3.1_arm64.deb
bluez-obexd	5.55-3.1	amd64	bluez	5.55-3.1	bluez-obexd	arm64	native-arm64	exact-binary-and-source-version	5.55-3.1	4cd75c6ca7114161f0cfd22a97d0b2a2e91878b16398a54eb02db166ee228213	4cd75c6ca7114161f0cfd22a97d0b2a2e91878b16398a54eb02db166ee228213-bluez-obexd_5.55-3.1_arm64.deb
bsdextrautils	2.36.1-8+deb11u1	amd64	util-linux	2.36.1-8+deb11u1	bsdextrautils	arm64	native-arm64	exact-binary-and-source-version	2.36.1-8+deb11u1	6d16789dae43c388f85660982a10e7400cef49609728a7fdbf3a5859cbd1986d	6d16789dae43c388f85660982a10e7400cef49609728a7fdbf3a5859cbd1986d-bsdextrautils_2.36.1-8+deb11u1_arm64.deb
bsdutils	1:2.36.1-8+deb11u1	amd64	util-linux	2.36.1-8+deb11u1	bsdutils	arm64	native-arm64	exact-binary-and-source-version	1:2.36.1-8+deb11u1	7e035953da412a2d0c4886b72621fbbb64f582b22f7cb549b66916cab11a1b4c	7e035953da412a2d0c4886b72621fbbb64f582b22f7cb549b66916cab11a1b4c-bsdutils_1%3a2.36.1-8+deb11u1_arm64.deb
bubblewrap	0.4.1-3	amd64	bubblewrap	0.4.1-3	bubblewrap	arm64	native-arm64	exact-binary-and-source-version	0.4.1-3	a8c8e2046b4083f9a661bcf6148d4fae7dac5f24379d4259c6271bcb7520bf32	a8c8e2046b4083f9a661bcf6148d4fae7dac5f24379d4259c6271bcb7520bf32-bubblewrap_0.4.1-3_arm64.deb
busybox	1:1.30.1-6+b3	amd64	busybox	1:1.30.1-6	busybox	arm64	native-arm64	exact-binary-and-source-version	1:1.30.1-6+b3	718b89ad26a1416c344ccdd9392cf0d00991d43ae0885b8746767b3b85bfc95a	718b89ad26a1416c344ccdd9392cf0d00991d43ae0885b8746767b3b85bfc95a-busybox_1%3a1.30.1-6+b3_arm64.deb
bzip2	1.0.8-4	amd64	bzip2	1.0.8-4	bzip2	arm64	native-arm64	exact-binary-and-source-version	1.0.8-4	672b708d9be7dd8727550e4829d5020d476c18a8328eaa256217e7c20af5e5f0	672b708d9be7dd8727550e4829d5020d476c18a8328eaa256217e7c20af5e5f0-bzip2_1.0.8-4_arm64.deb
ca-certificates	20210119	all	ca-certificates	20210119	ca-certificates	all	reuse-all	exact-binary-and-source-version	20210119	b2d488ad4d8d8adb3ba319fc9cb2cf9909fc42cb82ad239a26c570a2e749c389	b2d488ad4d8d8adb3ba319fc9cb2cf9909fc42cb82ad239a26c570a2e749c389-ca-certificates_20210119_all.deb
celluloid	0.20-2+grm3u6	amd64	celluloid	0.20-2+grm3u6	celluloid	arm64	native-arm64	exact-binary-and-source-version	0.20-2+grm3u6	8dbb6443e6e101d7394d2458fcf9b3ae3e505cb36b2859224b4c96b4bbc117e9	8dbb6443e6e101d7394d2458fcf9b3ae3e505cb36b2859224b4c96b4bbc117e9-celluloid_0.20-2+grm3u6_arm64.deb
cheese-common	3.38.0-3	all	cheese	3.38.0-3	cheese-common	all	reuse-all	exact-binary-and-source-version	3.38.0-3	9e3f7206591ce7ae29690c5154c359bb806f8194ec73cfc4bf44fb637f8d4e0f	9e3f7206591ce7ae29690c5154c359bb806f8194ec73cfc4bf44fb637f8d4e0f-cheese-common_3.38.0-3_all.deb
colord	1.4.5-3	amd64	colord	1.4.5-3	colord	arm64	native-arm64	exact-binary-and-source-version	1.4.5-3	b7623ba7ae7b8cb7a5672d7eb61dbedde31c897ad94a1e0b1e81efb16d11e485	b7623ba7ae7b8cb7a5672d7eb61dbedde31c897ad94a1e0b1e81efb16d11e485-colord_1.4.5-3_arm64.deb
colord-data	1.4.5-3	all	colord	1.4.5-3	colord-data	all	reuse-all	exact-binary-and-source-version	1.4.5-3	0e7fd99cdc8e29441950d0aad8c6412421501849f298bfbfc0a6dc7a9b285143	0e7fd99cdc8e29441950d0aad8c6412421501849f298bfbfc0a6dc7a9b285143-colord-data_1.4.5-3_all.deb
console-setup	1.205	all	console-setup	1.205	console-setup	all	reuse-all	exact-binary-and-source-version	1.205	657c7eab48bb724a7cf80e29847f904764eef510e916793f4d3eb253f96de4a8	657c7eab48bb724a7cf80e29847f904764eef510e916793f4d3eb253f96de4a8-console-setup_1.205_all.deb
console-setup-linux	1.205	all	console-setup	1.205	console-setup-linux	all	reuse-all	exact-binary-and-source-version	1.205	5ebda9c0f5b5d030b5e28fa3a8c371be28bdee2bf8f3aebdd1f4302f16cec0e8	5ebda9c0f5b5d030b5e28fa3a8c371be28bdee2bf8f3aebdd1f4302f16cec0e8-console-setup-linux_1.205_all.deb
coreutils	8.32-4+b1	amd64	coreutils	8.32-4	coreutils	arm64	native-arm64	exact-source-version-architecture-binnmu	8.32-4	6210c84d6ff84b867dc430f661f22f536e1704c27bdb79de38e26f75b853d9c0	6210c84d6ff84b867dc430f661f22f536e1704c27bdb79de38e26f75b853d9c0-coreutils_8.32-4_arm64.deb
cpio	2.13+dfsg-4	amd64	cpio	2.13+dfsg-4	cpio	arm64	native-arm64	exact-binary-and-source-version	2.13+dfsg-4	72a362050158377ac9de12c62bcc4d874323b13072866286b588251f93e14eeb	72a362050158377ac9de12c62bcc4d874323b13072866286b588251f93e14eeb-cpio_2.13+dfsg-4_arm64.deb
cpp	4:10.2.1-1	amd64	gcc-defaults	1.190	cpp	arm64	native-arm64	exact-binary-and-source-version	4:10.2.1-1	4cacdf964d30a2724521a410108cafa6d21c28f934a3c4b3969d88db6086bcb9	4cacdf964d30a2724521a410108cafa6d21c28f934a3c4b3969d88db6086bcb9-cpp_4%3a10.2.1-1_arm64.deb
cpp-10	10.2.1-6	amd64	gcc-10	10.2.1-6	cpp-10	arm64	native-arm64	exact-binary-and-source-version	10.2.1-6	0a169c9df87dfc57b5a794a2a3eabc34234360231c0677157c4da74fba15e3b1	0a169c9df87dfc57b5a794a2a3eabc34234360231c0677157c4da74fba15e3b1-cpp-10_10.2.1-6_arm64.deb
cracklib-runtime	2.9.6-3.4	amd64	cracklib2	2.9.6-3.4	cracklib-runtime	arm64	native-arm64	exact-binary-and-source-version	2.9.6-3.4	481bbdb0f28f45532fb1bcae730c01d42da92671d594b7d4e23ef759f9e4e298	481bbdb0f28f45532fb1bcae730c01d42da92671d594b7d4e23ef759f9e4e298-cracklib-runtime_2.9.6-3.4_arm64.deb
cron	3.0pl1-137	amd64	cron	3.0pl1-137	cron	arm64	native-arm64	exact-binary-and-source-version	3.0pl1-137	3123c1127b598f26b03258a449f642a01d1c9a6c61280ba845b751985d2ad146	3123c1127b598f26b03258a449f642a01d1c9a6c61280ba845b751985d2ad146-cron_3.0pl1-137_arm64.deb
cups	2.3.3op2-3+deb11u2	amd64	cups	2.3.3op2-3+deb11u2	cups	arm64	native-arm64	exact-binary-and-source-version	2.3.3op2-3+deb11u2	128575135c39fe6964a31cc9293de92f0dd98563e9dc7231f5fddd7ab79b77f3	128575135c39fe6964a31cc9293de92f0dd98563e9dc7231f5fddd7ab79b77f3-cups_2.3.3op2-3+deb11u2_arm64.deb
cups-browsed	1.28.7-1+deb11u2	amd64	cups-filters	1.28.7-1+deb11u2	cups-browsed	arm64	native-arm64	exact-binary-and-source-version	1.28.7-1+deb11u2	8c31043c4dd22d21b442af6fcd8e9b8707dfe7606e17657210a69e3df12c5cf7	8c31043c4dd22d21b442af6fcd8e9b8707dfe7606e17657210a69e3df12c5cf7-cups-browsed_1.28.7-1+deb11u2_arm64.deb
cups-client	2.3.3op2-3+deb11u2	amd64	cups	2.3.3op2-3+deb11u2	cups-client	arm64	native-arm64	exact-binary-and-source-version	2.3.3op2-3+deb11u2	33445f3f7b11f174b35660a834278a7a481c87642e69c6bf242af5532deb476c	33445f3f7b11f174b35660a834278a7a481c87642e69c6bf242af5532deb476c-cups-client_2.3.3op2-3+deb11u2_arm64.deb
cups-common	2.3.3op2-3+deb11u2	all	cups	2.3.3op2-3+deb11u2	cups-common	all	reuse-all	exact-binary-and-source-version	2.3.3op2-3+deb11u2	059de9307d51dbf08aebaf850fd273016d6859b6938921fab07dbbb0536b238e	059de9307d51dbf08aebaf850fd273016d6859b6938921fab07dbbb0536b238e-cups-common_2.3.3op2-3+deb11u2_all.deb
cups-core-drivers	2.3.3op2-3+deb11u2	amd64	cups	2.3.3op2-3+deb11u2	cups-core-drivers	arm64	native-arm64	exact-binary-and-source-version	2.3.3op2-3+deb11u2	6171d2da6ec6c165e024d218ddeb9cdda0fba9ecf075835f9bab68aea5053079	6171d2da6ec6c165e024d218ddeb9cdda0fba9ecf075835f9bab68aea5053079-cups-core-drivers_2.3.3op2-3+deb11u2_arm64.deb
cups-daemon	2.3.3op2-3+deb11u2	amd64	cups	2.3.3op2-3+deb11u2	cups-daemon	arm64	native-arm64	exact-binary-and-source-version	2.3.3op2-3+deb11u2	b8ebfe57e8d0637b92d45e3005cc8b77a94b08e62c8c3c70036979b7ba9a9fbe	b8ebfe57e8d0637b92d45e3005cc8b77a94b08e62c8c3c70036979b7ba9a9fbe-cups-daemon_2.3.3op2-3+deb11u2_arm64.deb
cups-filters	1.28.7-1+deb11u2	amd64	cups-filters	1.28.7-1+deb11u2	cups-filters	arm64	native-arm64	exact-binary-and-source-version	1.28.7-1+deb11u2	21d709c7413f089095be1a2752d7ffab224482403af0a6c1d7d05ce66c00d873	21d709c7413f089095be1a2752d7ffab224482403af0a6c1d7d05ce66c00d873-cups-filters_1.28.7-1+deb11u2_arm64.deb
cups-filters-core-drivers	1.28.7-1+deb11u2	amd64	cups-filters	1.28.7-1+deb11u2	cups-filters-core-drivers	arm64	native-arm64	exact-binary-and-source-version	1.28.7-1+deb11u2	5282696a5deba11790f98c104504f98bd260f97d36b0099a6ee1618c080534af	5282696a5deba11790f98c104504f98bd260f97d36b0099a6ee1618c080534af-cups-filters-core-drivers_1.28.7-1+deb11u2_arm64.deb
cups-ipp-utils	2.3.3op2-3+deb11u2	amd64	cups	2.3.3op2-3+deb11u2	cups-ipp-utils	arm64	native-arm64	exact-binary-and-source-version	2.3.3op2-3+deb11u2	d0feeecf0805bff5aa6f4b1c182b87594d95917d256c11ec45ae1311e0a42e3d	d0feeecf0805bff5aa6f4b1c182b87594d95917d256c11ec45ae1311e0a42e3d-cups-ipp-utils_2.3.3op2-3+deb11u2_arm64.deb
cups-pk-helper	0.2.6-1ubuntu3+grm3u1	amd64	cups-pk-helper	0.2.6-1ubuntu3+grm3u1	cups-pk-helper	arm64	native-arm64	exact-binary-and-source-version	0.2.6-1ubuntu3+grm3u1	130a807302f7db8dd8eb9f97c6846f1b59f582f3663c9f176c061e9fa2fdafab	130a807302f7db8dd8eb9f97c6846f1b59f582f3663c9f176c061e9fa2fdafab-cups-pk-helper_0.2.6-1ubuntu3+grm3u1_arm64.deb
cups-ppdc	2.3.3op2-3+deb11u2	amd64	cups	2.3.3op2-3+deb11u2	cups-ppdc	arm64	native-arm64	exact-binary-and-source-version	2.3.3op2-3+deb11u2	c4a6f485ed81467af0600f80766ef1f5cfa1f3a6bbd3ee6d6b45dd7f8d33ffc3	c4a6f485ed81467af0600f80766ef1f5cfa1f3a6bbd3ee6d6b45dd7f8d33ffc3-cups-ppdc_2.3.3op2-3+deb11u2_arm64.deb
cups-server-common	2.3.3op2-3+deb11u2	all	cups	2.3.3op2-3+deb11u2	cups-server-common	all	reuse-all	exact-binary-and-source-version	2.3.3op2-3+deb11u2	abb1e40f2e0eecfa306b303eab446f4627a80722e7f1cf463513696aa6d6ac8f	abb1e40f2e0eecfa306b303eab446f4627a80722e7f1cf463513696aa6d6ac8f-cups-server-common_2.3.3op2-3+deb11u2_all.deb
curl	7.74.0-1.3+deb11u7	amd64	curl	7.74.0-1.3+deb11u7	curl	arm64	native-arm64	exact-binary-and-source-version	7.74.0-1.3+deb11u7	2a4b73b1d4bc2d8c52018b421a828353253e8690855fb86da28d766a47e93083	2a4b73b1d4bc2d8c52018b421a828353253e8690855fb86da28d766a47e93083-curl_7.74.0-1.3+deb11u7_arm64.deb
dash	0.5.11+git20200708+dd9ef66-5	amd64	dash	0.5.11+git20200708+dd9ef66-5	dash	arm64	native-arm64	exact-binary-and-source-version	0.5.11+git20200708+dd9ef66-5	542980a48d96c1124a9664cae06dbb8b813417daa1de1b6ed4cb49e0766da932	542980a48d96c1124a9664cae06dbb8b813417daa1de1b6ed4cb49e0766da932-dash_0.5.11+git20200708+dd9ef66-5_arm64.deb
davfs2	1.6.0-1	amd64	davfs2	1.6.0-1	davfs2	arm64	native-arm64	exact-binary-and-source-version	1.6.0-1	8a7c55768776bea1bdb773f31bc9da88430bb6128da749975c3fef56f94af190	8a7c55768776bea1bdb773f31bc9da88430bb6128da749975c3fef56f94af190-davfs2_1.6.0-1_arm64.deb
dbus	1.12.24-0+deb11u1	amd64	dbus	1.12.24-0+deb11u1	dbus	arm64	native-arm64	exact-binary-and-source-version	1.12.24-0+deb11u1	3bbc7823b06993c0022a47d12e37b17ec45d95f2f8301010813ae54980a4ae3a	3bbc7823b06993c0022a47d12e37b17ec45d95f2f8301010813ae54980a4ae3a-dbus_1.12.24-0+deb11u1_arm64.deb
dbus-user-session	1.12.24-0+deb11u1	amd64	dbus	1.12.24-0+deb11u1	dbus-user-session	arm64	native-arm64	exact-binary-and-source-version	1.12.24-0+deb11u1	7838d91999c617aa2bf47ecac32e8c4e2bfdc56a618d8f6fe33a36f9e272ea87	7838d91999c617aa2bf47ecac32e8c4e2bfdc56a618d8f6fe33a36f9e272ea87-dbus-user-session_1.12.24-0+deb11u1_arm64.deb
dbus-x11	1.12.24-0+deb11u1	amd64	dbus	1.12.24-0+deb11u1	dbus-x11	arm64	native-arm64	exact-binary-and-source-version	1.12.24-0+deb11u1	a502032518f869f8a74f4ca0b255791b1d72fd81b123b522c580051045a28a31	a502032518f869f8a74f4ca0b255791b1d72fd81b123b522c580051045a28a31-dbus-x11_1.12.24-0+deb11u1_arm64.deb
dc	1.07.1-2+b2	amd64	bc	1.07.1-2	dc	arm64	native-arm64	exact-binary-and-source-version	1.07.1-2+b2	2bdb4c67cbc605148c3ca48b6e9ca99722d40db17f19066e69fce550744e1f23	2bdb4c67cbc605148c3ca48b6e9ca99722d40db17f19066e69fce550744e1f23-dc_1.07.1-2+b2_arm64.deb
dconf-gsettings-backend	0.38.0-2	amd64	dconf	0.38.0-2	dconf-gsettings-backend	arm64	native-arm64	exact-binary-and-source-version	0.38.0-2	8d1df67abd7bca93f361ca26f5bb70821c91b5c4d5924941fef524f76fc6d473	8d1df67abd7bca93f361ca26f5bb70821c91b5c4d5924941fef524f76fc6d473-dconf-gsettings-backend_0.38.0-2_arm64.deb
dconf-service	0.38.0-2	amd64	dconf	0.38.0-2	dconf-service	arm64	native-arm64	exact-binary-and-source-version	0.38.0-2	b76a7d724cc9f18f91cc22aff58afcb090cc7a28ec9b9a21cdd1aa069c7a4cef	b76a7d724cc9f18f91cc22aff58afcb090cc7a28ec9b9a21cdd1aa069c7a4cef-dconf-service_0.38.0-2_arm64.deb
dctrl-tools	2.24-3+b1	amd64	dctrl-tools	2.24-3	dctrl-tools	arm64	native-arm64	exact-source-version-architecture-binnmu	2.24-3	1c16fc6d29e6805faf73bf83f2a95ff482ae8cdda6216c1cba9f71cc71b0761a	1c16fc6d29e6805faf73bf83f2a95ff482ae8cdda6216c1cba9f71cc71b0761a-dctrl-tools_2.24-3_arm64.deb
debconf	1.5.77	all	debconf	1.5.77	debconf	all	reuse-all	exact-binary-and-source-version	1.5.77	d9ee4dff77aaad12674eed3ccefdcccd332424c9e2ac2ac00a37a1e06c84ab70	d9ee4dff77aaad12674eed3ccefdcccd332424c9e2ac2ac00a37a1e06c84ab70-debconf_1.5.77_all.deb
debconf-i18n	1.5.77	all	debconf	1.5.77	debconf-i18n	all	reuse-all	exact-binary-and-source-version	1.5.77	c7f3cacab4514637e1bf0cfd9a4f064c123ece663dc44dcf81f21a8014b5ec2a	c7f3cacab4514637e1bf0cfd9a4f064c123ece663dc44dcf81f21a8014b5ec2a-debconf-i18n_1.5.77_all.deb
debian-archive-keyring	2021.1.1+deb11u1	all	debian-archive-keyring	2021.1.1+deb11u1	debian-archive-keyring	all	reuse-all	exact-binary-and-source-version	2021.1.1+deb11u1	28ca7749ab7978f3c571732c3aa1c56e3ad1d5db3c915293763d4f6cb8fcce89	28ca7749ab7978f3c571732c3aa1c56e3ad1d5db3c915293763d4f6cb8fcce89-debian-archive-keyring_2021.1.1+deb11u1_all.deb
debian-system-adjustments	3.2.1+grm3u1	all	debian-system-adjustments	3.2.1+grm3u1	debian-system-adjustments	all	reuse-all	exact-binary-and-source-version	3.2.1+grm3u1	bc318d52c357424a312867b1800914b06976ed87e1cee177f581e266a2ef2cf7	bc318d52c357424a312867b1800914b06976ed87e1cee177f581e266a2ef2cf7-debian-system-adjustments_3.2.1+grm3u1_all.deb
debianutils	4.11.2	amd64	debianutils	4.11.2	debianutils	arm64	native-arm64	exact-binary-and-source-version	4.11.2	6543b2b1a61b4b7b4b55b4bd25162309d7d23d14d3303649aee84ad314c30e02	6543b2b1a61b4b7b4b55b4bd25162309d7d23d14d3303649aee84ad314c30e02-debianutils_4.11.2_arm64.deb
desktop-base	11.0.3	all	desktop-base	11.0.3	desktop-base	all	reuse-all	exact-binary-and-source-version	11.0.3	96082921777be7e759fcb31734e245eefab92c31a513e60189df44bf5fe72797	96082921777be7e759fcb31734e245eefab92c31a513e60189df44bf5fe72797-desktop-base_11.0.3_all.deb
desktop-file-utils	0.26-1	amd64	desktop-file-utils	0.26-1	desktop-file-utils	arm64	native-arm64	exact-binary-and-source-version	0.26-1	7ea8b4b687a75e46124b0f3664322fc94b0215fe4e7fc88e8f09941771295687	7ea8b4b687a75e46124b0f3664322fc94b0215fe4e7fc88e8f09941771295687-desktop-file-utils_0.26-1_arm64.deb
dictionaries-common	1.28.4	all	dictionaries-common	1.28.4	dictionaries-common	all	reuse-all	exact-binary-and-source-version	1.28.4	a23688ba0d725f8bf6996fa3f569f32a24089d971b64850c56e659de9cf4d34d	a23688ba0d725f8bf6996fa3f569f32a24089d971b64850c56e659de9cf4d34d-dictionaries-common_1.28.4_all.deb
diffutils	1:3.7-5	amd64	diffutils	1:3.7-5	diffutils	arm64	native-arm64	exact-binary-and-source-version	1:3.7-5	08b4003972540f79c29253b3f9c56cbe920b9c8fc8829ac1d7b34eb3d2a2f0a7	08b4003972540f79c29253b3f9c56cbe920b9c8fc8829ac1d7b34eb3d2a2f0a7-diffutils_1%3a3.7-5_arm64.deb
dirmngr	2.2.27-2+deb11u2	amd64	gnupg2	2.2.27-2+deb11u2	dirmngr	arm64	native-arm64	exact-binary-and-source-version	2.2.27-2+deb11u2	56572191255d48b541b13c2a9845755d22e52bfbe356919a91c722c5c1bbd60c	56572191255d48b541b13c2a9845755d22e52bfbe356919a91c722c5c1bbd60c-dirmngr_2.2.27-2+deb11u2_arm64.deb
distro-info-data	0.51+deb11u3	all	distro-info-data	0.51+deb11u3	distro-info-data	all	reuse-all	exact-binary-and-source-version	0.51+deb11u3	cd1452bf77ec5b6c6f3ccb65794bbb42258d1ef99ae2a067cb282a9d554d4f11	cd1452bf77ec5b6c6f3ccb65794bbb42258d1ef99ae2a067cb282a9d554d4f11-distro-info-data_0.51+deb11u3_all.deb
dmidecode	3.3-2	amd64	dmidecode	3.3-2	dmidecode	arm64	native-arm64	exact-binary-and-source-version	3.3-2	533433aefa334dd45299374b0bed20a0090a5188b6ab58f4f6bdd0bba0ca0a86	533433aefa334dd45299374b0bed20a0090a5188b6ab58f4f6bdd0bba0ca0a86-dmidecode_3.3-2_arm64.deb
dmsetup	2:1.02.175-2.1	amd64	lvm2	2.03.11-2.1	dmsetup	arm64	native-arm64	exact-binary-and-source-version	2:1.02.175-2.1	36c5e76cfff2be3275275d628a253b57313a240877bd1e3869836b43ccbc1bc8	36c5e76cfff2be3275275d628a253b57313a240877bd1e3869836b43ccbc1bc8-dmsetup_2%3a1.02.175-2.1_arm64.deb
dnsmasq-base	2.85-1	amd64	dnsmasq	2.85-1	dnsmasq-base	arm64	native-arm64	exact-binary-and-source-version	2.85-1	0066a638f691e16c03c1ef71294d47a0547d2e9cf3ecd698f4b011661881cd28	0066a638f691e16c03c1ef71294d47a0547d2e9cf3ecd698f4b011661881cd28-dnsmasq-base_2.85-1_arm64.deb
dosfstools	4.2-1	amd64	dosfstools	4.2-1	dosfstools	arm64	native-arm64	exact-binary-and-source-version	4.2-1	cf3b4e462dc49bd0652479085d376c33a6786771c538987560d7cf4e245df633	cf3b4e462dc49bd0652479085d376c33a6786771c538987560d7cf4e245df633-dosfstools_4.2-1_arm64.deb
dpkg	1.20.12+grm3u1	amd64	dpkg	1.20.12+grm3u1	dpkg	arm64	native-arm64	exact-binary-and-source-version	1.20.12+grm3u1	ed1c84310442c61bdacac0f0d059c76cb2683b65f7f16623e84e6a217c6cd16d	ed1c84310442c61bdacac0f0d059c76cb2683b65f7f16623e84e6a217c6cd16d-dpkg_1.20.12+grm3u1_arm64.deb
e2fsprogs	1.46.2-2	amd64	e2fsprogs	1.46.2-2	e2fsprogs	arm64	native-arm64	exact-binary-and-source-version	1.46.2-2	89652474b6d1a8d219553f8ad7510f2548dcbf565c811563073058f298099ec1	89652474b6d1a8d219553f8ad7510f2548dcbf565c811563073058f298099ec1-e2fsprogs_1.46.2-2_arm64.deb
ecryptfs-utils	111-5	amd64	ecryptfs-utils	111-5	ecryptfs-utils	arm64	native-arm64	exact-binary-and-source-version	111-5	5725f1cedd886f5380766881ac6a0e7dc3f9d1dc3d18200457020531e2a86448	5725f1cedd886f5380766881ac6a0e7dc3f9d1dc3d18200457020531e2a86448-ecryptfs-utils_111-5_arm64.deb
eject	2.36.1-8+deb11u1	amd64	util-linux	2.36.1-8+deb11u1	eject	arm64	native-arm64	exact-binary-and-source-version	2.36.1-8+deb11u1	b25da9fae308e42b2c706f4028eccda8a9c11f8c8f6644c4360b4bbbb400dbab	b25da9fae308e42b2c706f4028eccda8a9c11f8c8f6644c4360b4bbbb400dbab-eject_2.36.1-8+deb11u1_arm64.deb
emacsen-common	3.0.4	all	emacsen-common	3.0.4	emacsen-common	all	reuse-all	exact-binary-and-source-version	3.0.4	7b7533b27f0421177993c7835b6bd8fcdb67b9a48223964d5134639af3b4ae8a	7b7533b27f0421177993c7835b6bd8fcdb67b9a48223964d5134639af3b4ae8a-emacsen-common_3.0.4_all.deb
eog	3.38.2-1+grm3u4	amd64	eog	3.38.2-1+grm3u4	eog	arm64	native-arm64	exact-binary-and-source-version	3.38.2-1+grm3u4	8e59a90cd6a00f2b6e78f08100fa1142dad1a3310bc07aac3981f1f5b234cca6	8e59a90cd6a00f2b6e78f08100fa1142dad1a3310bc07aac3981f1f5b234cca6-eog_3.38.2-1+grm3u4_arm64.deb
evolution-data-server-common	3.38.3-1+deb11u2	all	evolution-data-server	3.38.3-1+deb11u2	evolution-data-server-common	all	reuse-all	exact-binary-and-source-version	3.38.3-1+deb11u2	c67ae035d0b767067f3fa97d4b576a7d2db393957e70b2467e4fa09909066818	c67ae035d0b767067f3fa97d4b576a7d2db393957e70b2467e4fa09909066818-evolution-data-server-common_3.38.3-1+deb11u2_all.deb
exfat-fuse	1.3.0-2	amd64	fuse-exfat	1.3.0-2	exfat-fuse	arm64	native-arm64	exact-binary-and-source-version	1.3.0-2	c6e405c936215d48213f942a9f97db14e93983638c99273f1e20968065de7769	c6e405c936215d48213f942a9f97db14e93983638c99273f1e20968065de7769-exfat-fuse_1.3.0-2_arm64.deb
exfat-utils	1.3.0-2	amd64	exfat-utils	1.3.0-2	exfat-utils	arm64	native-arm64	exact-binary-and-source-version	1.3.0-2	a5666bf2c4a5106141f217f8c0332c20b7b985e30e2aa154df48b6bacdaf79a3	a5666bf2c4a5106141f217f8c0332c20b7b985e30e2aa154df48b6bacdaf79a3-exfat-utils_1.3.0-2_arm64.deb
faba-icon-theme	4.3-1	all	faba-icon-theme	4.3-1	faba-icon-theme	all	reuse-all	exact-binary-and-source-version	4.3-1	749f12745e6d037b5cfd12b23a7e2e04e9020d083c7de05e6d9807feeb029fba	749f12745e6d037b5cfd12b23a7e2e04e9020d083c7de05e6d9807feeb029fba-faba-icon-theme_4.3-1_all.deb
faenza-icon-theme	1.3.1-1.1	all	faenza-icon-theme	1.3.1-1.1	faenza-icon-theme	all	reuse-all	exact-binary-and-source-version	1.3.1-1.1	ce2952f288b49c2bc75e051305c3e1276146ee86b3dcb5a6a0d71527ef362926	ce2952f288b49c2bc75e051305c3e1276146ee86b3dcb5a6a0d71527ef362926-faenza-icon-theme_1.3.1-1.1_all.deb
fdisk	2.36.1-8+deb11u1	amd64	util-linux	2.36.1-8+deb11u1	fdisk	arm64	native-arm64	exact-binary-and-source-version	2.36.1-8+deb11u1	d880dc25a19efc492ee58f4580e5865ca5402370e08c4ca617ec77b7402e98a7	d880dc25a19efc492ee58f4580e5865ca5402370e08c4ca617ec77b7402e98a7-fdisk_2.36.1-8+deb11u1_arm64.deb
file	1:5.39-3	amd64	file	1:5.39-3	file	arm64	native-arm64	exact-binary-and-source-version	1:5.39-3	d35a1a439858e8dc9f169efd307a6b8113ad6db3eddb5e4536036ef7e63a1f91	d35a1a439858e8dc9f169efd307a6b8113ad6db3eddb5e4536036ef7e63a1f91-file_1%3a5.39-3_arm64.deb
file-roller	3.38.1-1+grm3u3	amd64	file-roller	3.38.1-1+grm3u3	file-roller	arm64	native-arm64	exact-binary-and-source-version	3.38.1-1+grm3u3	e4cd29f2d2a4c4dcd30fac7ef721250c9cf241f7204e9768e88dc0db3e435d7f	e4cd29f2d2a4c4dcd30fac7ef721250c9cf241f7204e9768e88dc0db3e435d7f-file-roller_3.38.1-1+grm3u3_arm64.deb
findutils	4.8.0-1	amd64	findutils	4.8.0-1	findutils	arm64	native-arm64	exact-binary-and-source-version	4.8.0-1	c1778a238ff8107b718221bd89d5fede3b6322c4b1b4952e161b247fe7cab4cc	c1778a238ff8107b718221bd89d5fede3b6322c4b1b4952e161b247fe7cab4cc-findutils_4.8.0-1_arm64.deb
firmware-amd-graphics	20210315-3	all	firmware-nonfree	20210315-3	firmware-amd-graphics	all	reuse-all	exact-binary-and-source-version	20210315-3	32880702ce03ac8100c86e57ac9c324671db5e091856d0f2f355e730b99e63bc	32880702ce03ac8100c86e57ac9c324671db5e091856d0f2f355e730b99e63bc-firmware-amd-graphics_20210315-3_all.deb
firmware-atheros	20210315-3	all	firmware-nonfree	20210315-3	firmware-atheros	all	reuse-all	exact-binary-and-source-version	20210315-3	f5e75316beeed9100230e8662571864f5d0329b461219edbf0b10949b05701dd	f5e75316beeed9100230e8662571864f5d0329b461219edbf0b10949b05701dd-firmware-atheros_20210315-3_all.deb
firmware-bnx2	20210315-3	all	firmware-nonfree	20210315-3	firmware-bnx2	all	reuse-all	exact-binary-and-source-version	20210315-3	7793bac4d2292721076b83c6b8236296341586413fe78d33c50543a7c3c9c551	7793bac4d2292721076b83c6b8236296341586413fe78d33c50543a7c3c9c551-firmware-bnx2_20210315-3_all.deb
firmware-bnx2x	20210315-3	all	firmware-nonfree	20210315-3	firmware-bnx2x	all	reuse-all	exact-binary-and-source-version	20210315-3	758a86dd71488440e9249756a13f1c85d485888d22fbc0f69725cde7ec549bad	758a86dd71488440e9249756a13f1c85d485888d22fbc0f69725cde7ec549bad-firmware-bnx2x_20210315-3_all.deb
firmware-brcm80211	20210315-3	all	firmware-nonfree	20210315-3	firmware-brcm80211	all	reuse-all	exact-binary-and-source-version	20210315-3	4429ddb08cfd40aa879ba33d4ef9462707dd4248522a15946e8f30e57b95586a	4429ddb08cfd40aa879ba33d4ef9462707dd4248522a15946e8f30e57b95586a-firmware-brcm80211_20210315-3_all.deb
firmware-cavium	20210315-3	all	firmware-nonfree	20210315-3	firmware-cavium	all	reuse-all	exact-binary-and-source-version	20210315-3	affc997ce89496b167f16f8121ef016e6e217881c45ffcad88e9598810630de3	affc997ce89496b167f16f8121ef016e6e217881c45ffcad88e9598810630de3-firmware-cavium_20210315-3_all.deb
firmware-intel-sound	20210315-3	all	firmware-nonfree	20210315-3	firmware-intel-sound	all	reuse-all	exact-binary-and-source-version	20210315-3	6c53032a11e094c9df4a64ad0fa67339592bf907d5f4d69eada25bd39dd84656	6c53032a11e094c9df4a64ad0fa67339592bf907d5f4d69eada25bd39dd84656-firmware-intel-sound_20210315-3_all.deb
firmware-intelwimax	20210315-3	all	firmware-nonfree	20210315-3	firmware-intelwimax	all	reuse-all	exact-binary-and-source-version	20210315-3	b6284eac969efa4eef0ffbdf360a1d0e0fcceff6045122e2c31b28c33d5e2217	b6284eac969efa4eef0ffbdf360a1d0e0fcceff6045122e2c31b28c33d5e2217-firmware-intelwimax_20210315-3_all.deb
firmware-ipw2x00	20210315-3	all	firmware-nonfree	20210315-3	firmware-ipw2x00	all	reuse-all	exact-binary-and-source-version	20210315-3	528e60c4acb55704364454aa1f3df13fc939df1208fb32d19a2e7e6a96e61456	528e60c4acb55704364454aa1f3df13fc939df1208fb32d19a2e7e6a96e61456-firmware-ipw2x00_20210315-3_all.deb
firmware-ivtv	20210315-3	all	firmware-nonfree	20210315-3	firmware-ivtv	all	reuse-all	exact-binary-and-source-version	20210315-3	262986f3b61b055deb0388be367616d9fdfefdb7cafacdd08b6449b346044871	262986f3b61b055deb0388be367616d9fdfefdb7cafacdd08b6449b346044871-firmware-ivtv_20210315-3_all.deb
firmware-iwlwifi	20210315-3	all	firmware-nonfree	20210315-3	firmware-iwlwifi	all	reuse-all	exact-binary-and-source-version	20210315-3	b822a5a623037c20e85d865c8d55351b33c809b9157c35a9519aecb95fcdb568	b822a5a623037c20e85d865c8d55351b33c809b9157c35a9519aecb95fcdb568-firmware-iwlwifi_20210315-3_all.deb
firmware-libertas	20210315-3	all	firmware-nonfree	20210315-3	firmware-libertas	all	reuse-all	exact-binary-and-source-version	20210315-3	609fbd30aed7da0fe3fe4f042731db0044cb104d3c84e15157afd769029bd5d8	609fbd30aed7da0fe3fe4f042731db0044cb104d3c84e15157afd769029bd5d8-firmware-libertas_20210315-3_all.deb
firmware-linux	20210315-3	all	firmware-nonfree	20210315-3	firmware-linux	all	reuse-all	exact-binary-and-source-version	20210315-3	c1ea5104457cb86337c89d753c24be619f469e9e46601b2720dffc56bc6ff230	c1ea5104457cb86337c89d753c24be619f469e9e46601b2720dffc56bc6ff230-firmware-linux_20210315-3_all.deb
firmware-linux-free	20200122-1	all	firmware-free	20200122-1	firmware-linux-free	all	reuse-all	exact-binary-and-source-version	20200122-1	5586b8870114b214d004a0107e317376b5a38556aa8cf411712491a1241cd1fc	5586b8870114b214d004a0107e317376b5a38556aa8cf411712491a1241cd1fc-firmware-linux-free_20200122-1_all.deb
firmware-linux-nonfree	20210315-3	all	firmware-nonfree	20210315-3	firmware-linux-nonfree	all	reuse-all	exact-binary-and-source-version	20210315-3	c973fe3eeec0e4336102fc174a541b571d45d8a96278e71806542de1bbdd6a99	c973fe3eeec0e4336102fc174a541b571d45d8a96278e71806542de1bbdd6a99-firmware-linux-nonfree_20210315-3_all.deb
firmware-misc-nonfree	20210315-3	all	firmware-nonfree	20210315-3	firmware-misc-nonfree	all	reuse-all	exact-binary-and-source-version	20210315-3	3c77731b43f22ca26d4f9c9110202a088e3425cd34473370467168edc81ef6a0	3c77731b43f22ca26d4f9c9110202a088e3425cd34473370467168edc81ef6a0-firmware-misc-nonfree_20210315-3_all.deb
firmware-myricom	20210315-3	all	firmware-nonfree	20210315-3	firmware-myricom	all	reuse-all	exact-binary-and-source-version	20210315-3	51f7d16c6f9d5c64a9837b126f7073ac9b70e5714eb9bc3ca09ed1a4ad9c9e28	51f7d16c6f9d5c64a9837b126f7073ac9b70e5714eb9bc3ca09ed1a4ad9c9e28-firmware-myricom_20210315-3_all.deb
firmware-netronome	20210315-3	all	firmware-nonfree	20210315-3	firmware-netronome	all	reuse-all	exact-binary-and-source-version	20210315-3	15daf08a834c09e4b549e206c16b210f3d25b2abaa675000d50c838809b163f6	15daf08a834c09e4b549e206c16b210f3d25b2abaa675000d50c838809b163f6-firmware-netronome_20210315-3_all.deb
firmware-netxen	20210315-3	all	firmware-nonfree	20210315-3	firmware-netxen	all	reuse-all	exact-binary-and-source-version	20210315-3	a2c6626295d217407a60ea269a1ca6dd40ebe03c0add4e3e5398a1bcb871594f	a2c6626295d217407a60ea269a1ca6dd40ebe03c0add4e3e5398a1bcb871594f-firmware-netxen_20210315-3_all.deb
firmware-qcom-media	20210315-3	all	firmware-nonfree	20210315-3	firmware-qcom-media	all	reuse-all	exact-binary-and-source-version	20210315-3	88bda1282c0d06a0144418f8498c0b90a8d45e7108083a9e1466b30a85d7bc4e	88bda1282c0d06a0144418f8498c0b90a8d45e7108083a9e1466b30a85d7bc4e-firmware-qcom-media_20210315-3_all.deb
firmware-qcom-soc	20210315-3	all	firmware-nonfree	20210315-3	firmware-qcom-soc	all	reuse-all	exact-binary-and-source-version	20210315-3	22e31751a620f132406c4084bc8dc245d18c146618190c07ee77338ebcfa9083	22e31751a620f132406c4084bc8dc245d18c146618190c07ee77338ebcfa9083-firmware-qcom-soc_20210315-3_all.deb
firmware-qlogic	20210315-3	all	firmware-nonfree	20210315-3	firmware-qlogic	all	reuse-all	exact-binary-and-source-version	20210315-3	16100f2cf1bcdd27635857edc75a5cd9ce48956e6fadd66d2ee5bcc361e90006	16100f2cf1bcdd27635857edc75a5cd9ce48956e6fadd66d2ee5bcc361e90006-firmware-qlogic_20210315-3_all.deb
firmware-realtek	20210315-3	all	firmware-nonfree	20210315-3	firmware-realtek	all	reuse-all	exact-binary-and-source-version	20210315-3	15253e6487857b7fccb954c311c39da3fb25820f11e751dc9b810f4163ee7502	15253e6487857b7fccb954c311c39da3fb25820f11e751dc9b810f4163ee7502-firmware-realtek_20210315-3_all.deb
firmware-samsung	20210315-3	all	firmware-nonfree	20210315-3	firmware-samsung	all	reuse-all	exact-binary-and-source-version	20210315-3	8a580b7b589680a713b2645a0a0585ee3b2068193ed6d2ef7a063cdfbc471781	8a580b7b589680a713b2645a0a0585ee3b2068193ed6d2ef7a063cdfbc471781-firmware-samsung_20210315-3_all.deb
firmware-siano	20210315-3	all	firmware-nonfree	20210315-3	firmware-siano	all	reuse-all	exact-binary-and-source-version	20210315-3	bc531d5ce2563384b3adbb1625eb6d116d989549db0837f233324261d38455c1	bc531d5ce2563384b3adbb1625eb6d116d989549db0837f233324261d38455c1-firmware-siano_20210315-3_all.deb
firmware-sof-signed	1.7-1	all	firmware-sof	1.7-1	firmware-sof-signed	all	reuse-all	exact-binary-and-source-version	1.7-1	1c383d6f0b128afbd603abe16ae70b87112bf607477ac845a5b87e52534c238a	1c383d6f0b128afbd603abe16ae70b87112bf607477ac845a5b87e52534c238a-firmware-sof-signed_1.7-1_all.deb
firmware-ti-connectivity	20210315-3	all	firmware-nonfree	20210315-3	firmware-ti-connectivity	all	reuse-all	exact-binary-and-source-version	20210315-3	717d23bc46f92019a19c66385f1029984e20b1453ce0868f840318a8b6e034c2	717d23bc46f92019a19c66385f1029984e20b1453ce0868f840318a8b6e034c2-firmware-ti-connectivity_20210315-3_all.deb
flat-remix-gtk-theme	0.3.0+grm3u1	all	flat-remix-gtk-theme	0.3.0+grm3u1	flat-remix-gtk-theme	all	reuse-all	exact-binary-and-source-version	0.3.0+grm3u1	8c1f3e4dccc925b7f1c11a068b57383d9e5e9b094ed9ed1c6ce2e9e65d726d2c	8c1f3e4dccc925b7f1c11a068b57383d9e5e9b094ed9ed1c6ce2e9e65d726d2c-flat-remix-gtk-theme_0.3.0+grm3u1_all.deb
flatpak	1.10.8-0+deb11u1	amd64	flatpak	1.10.8-0+deb11u1	flatpak	arm64	native-arm64	exact-binary-and-source-version	1.10.8-0+deb11u1	98cb33745cdb5f436ef06b51afbdfadaf0a658c97a67bc25149c95e7c8229ef9	98cb33745cdb5f436ef06b51afbdfadaf0a658c97a67bc25149c95e7c8229ef9-flatpak_1.10.8-0+deb11u1_arm64.deb
fontconfig	2.13.1-4.2	amd64	fontconfig	2.13.1-4.2	fontconfig	arm64	native-arm64	exact-binary-and-source-version	2.13.1-4.2	166e5e6d47af2e1a48eff6fb66e89f0e6e0f390d04f7c9abe8b4f36812378267	166e5e6d47af2e1a48eff6fb66e89f0e6e0f390d04f7c9abe8b4f36812378267-fontconfig_2.13.1-4.2_arm64.deb
fontconfig-config	2.13.1-4.2	all	fontconfig	2.13.1-4.2	fontconfig-config	all	reuse-all	exact-binary-and-source-version	2.13.1-4.2	48afb6ad7d15e6104a343b789f73697301ad8bff77b69927bc998f5a409d8e90	48afb6ad7d15e6104a343b789f73697301ad8bff77b69927bc998f5a409d8e90-fontconfig-config_2.13.1-4.2_all.deb
fonts-dejavu-core	2.37-2	all	fonts-dejavu	2.37-2	fonts-dejavu-core	all	reuse-all	exact-binary-and-source-version	2.37-2	1f67421437b6eb18669d2868e3e02cb88668683d635198142f48aacc5b397118	1f67421437b6eb18669d2868e3e02cb88668683d635198142f48aacc5b397118-fonts-dejavu-core_2.37-2_all.deb
fonts-nanum	20200506-1	all	fonts-nanum	20200506-1	fonts-nanum	all	reuse-all	exact-binary-and-source-version	20200506-1	5e86c346e6485b694e1f0ebd27132892fcf014d1b975de4fd21d1654ddf37043	5e86c346e6485b694e1f0ebd27132892fcf014d1b975de4fd21d1654ddf37043-fonts-nanum_20200506-1_all.deb
fonts-nanum-extra	20200506-1	all	fonts-nanum	20200506-1	fonts-nanum-extra	all	reuse-all	exact-binary-and-source-version	20200506-1	05ee7f37582df6a9cec4b259e58d1ca7919bf8c6c3c6502959639a7e51411559	05ee7f37582df6a9cec4b259e58d1ca7919bf8c6c3c6502959639a7e51411559-fonts-nanum-extra_20200506-1_all.deb
fonts-naver-d2coding	1.3.2-2	all	fonts-naver-d2coding	1.3.2-2	fonts-naver-d2coding	all	reuse-all	exact-binary-and-source-version	1.3.2-2	3a5b8c3ad4784a642c5ccbb557cc5a4e971985eb30a391618e18cf7ebeaca65f	3a5b8c3ad4784a642c5ccbb557cc5a4e971985eb30a391618e18cf7ebeaca65f-fonts-naver-d2coding_1.3.2-2_all.deb
fonts-noto-cjk	1:20201206-cjk+repack1-1	all	fonts-noto-cjk	1:20201206-cjk+repack1-1	fonts-noto-cjk	all	reuse-all	exact-binary-and-source-version	1:20201206-cjk+repack1-1	a2014b9e76f40f9e0abe9e98df2808cfb8c6544bdd44a20f58607638d6ccff80	a2014b9e76f40f9e0abe9e98df2808cfb8c6544bdd44a20f58607638d6ccff80-fonts-noto-cjk_1%3a20201206-cjk+repack1-1_all.deb
fonts-quicksand	0.2016-2.1	all	fonts-quicksand	0.2016-2.1	fonts-quicksand	all	reuse-all	exact-binary-and-source-version	0.2016-2.1	1175e5c64f116887b37ec3c8faea1f411bdef356580bc22298c3c9da75fac120	1175e5c64f116887b37ec3c8faea1f411bdef356580bc22298c3c9da75fac120-fonts-quicksand_0.2016-2.1_all.deb
fonts-urw-base35	20200910-1	all	fonts-urw-base35	20200910-1	fonts-urw-base35	all	reuse-all	exact-binary-and-source-version	20200910-1	f95a139adb7f1b60626e76d4d45d1b35aad1bc2c2597394c291ef5f84b5dcb43	f95a139adb7f1b60626e76d4d45d1b35aad1bc2c2597394c291ef5f84b5dcb43-fonts-urw-base35_20200910-1_all.deb
foomatic-db-compressed-ppds	20200820-1	all	foomatic-db	20200820-1	foomatic-db-compressed-ppds	all	reuse-all	exact-binary-and-source-version	20200820-1	a7b24c2a0c7d6355fce3599a0db09298088410dce4b4714d7c1363118c82308c	a7b24c2a0c7d6355fce3599a0db09298088410dce4b4714d7c1363118c82308c-foomatic-db-compressed-ppds_20200820-1_all.deb
fsarchiver	0.8.6-1	amd64	fsarchiver	0.8.6-1	fsarchiver	arm64	native-arm64	exact-binary-and-source-version	0.8.6-1	e213887ad9b9ab44c5db69e3377f3b1567086b5ec2150c7e60e1ada3736d7349	e213887ad9b9ab44c5db69e3377f3b1567086b5ec2150c7e60e1ada3736d7349-fsarchiver_0.8.6-1_arm64.deb
fuse	2.9.9-5	amd64	fuse	2.9.9-5	fuse	arm64	native-arm64	exact-binary-and-source-version	2.9.9-5	35cd4005cf9e2cfa9a18e09b399d6738901da11fc9ecb8da58cde02ae3d0fae0	35cd4005cf9e2cfa9a18e09b399d6738901da11fc9ecb8da58cde02ae3d0fae0-fuse_2.9.9-5_arm64.deb
gcc-10-base	10.2.1-6	amd64	gcc-10	10.2.1-6	gcc-10-base	arm64	native-arm64	exact-binary-and-source-version	10.2.1-6	7d782bece7b4a36bed045a7e17d17244cb8f7e4732466091b01412ebf215defb	7d782bece7b4a36bed045a7e17d17244cb8f7e4732466091b01412ebf215defb-gcc-10-base_10.2.1-6_arm64.deb
gcc-9-base	9.3.0-22	amd64	gcc-9	9.3.0-22	gcc-9-base	arm64	native-arm64	exact-binary-and-source-version	9.3.0-22	139bdc0331edaa8a275a26b18476948bb379717253583e245c6d2dcfd03b1bfa	139bdc0331edaa8a275a26b18476948bb379717253583e245c6d2dcfd03b1bfa-gcc-9-base_9.3.0-22_arm64.deb
gconf-service	3.2.6-7	amd64	gconf	3.2.6-7	gconf-service	arm64	native-arm64	exact-binary-and-source-version	3.2.6-7	c1aca6e4b3b41eae86f8693c0ac4a4641f6c33892209fe35fd196082658f1eca	c1aca6e4b3b41eae86f8693c0ac4a4641f6c33892209fe35fd196082658f1eca-gconf-service_3.2.6-7_arm64.deb
gconf2	3.2.6-7	amd64	gconf	3.2.6-7	gconf2	arm64	native-arm64	exact-binary-and-source-version	3.2.6-7	c90da251dc6c4994a5a298af93018786ce683c0b12537d78d654ab8b49467e56	c90da251dc6c4994a5a298af93018786ce683c0b12537d78d654ab8b49467e56-gconf2_3.2.6-7_arm64.deb
gconf2-common	3.2.6-7	all	gconf	3.2.6-7	gconf2-common	all	reuse-all	exact-binary-and-source-version	3.2.6-7	2f2d0ce57363bda86a68f46b7a679b1b473776b0e223f35e8b3dc29ec901ef5e	2f2d0ce57363bda86a68f46b7a679b1b473776b0e223f35e8b3dc29ec901ef5e-gconf2-common_3.2.6-7_all.deb
gcr	3.38.1-2	amd64	gcr	3.38.1-2	gcr	arm64	native-arm64	exact-binary-and-source-version	3.38.1-2	5132fe00ef54fc3391d2d348762af49654faf4fcf36dec06f77cf24749c4b7d9	5132fe00ef54fc3391d2d348762af49654faf4fcf36dec06f77cf24749c4b7d9-gcr_3.38.1-2_arm64.deb
gdebi	0.9.5.7+nmu5-1+grm3u2	all	gdebi	0.9.5.7+nmu5-1+grm3u2	gdebi	all	reuse-all	exact-binary-and-source-version	0.9.5.7+nmu5-1+grm3u2	08556b86ee61bae52beeb9cb2e7c3e89ef7c51c6d75a55f27b4bb3faaaf38fb1	08556b86ee61bae52beeb9cb2e7c3e89ef7c51c6d75a55f27b4bb3faaaf38fb1-gdebi_0.9.5.7+nmu5-1+grm3u2_all.deb
gdebi-core	0.9.5.7+nmu5-1+grm3u2	all	gdebi	0.9.5.7+nmu5-1+grm3u2	gdebi-core	all	reuse-all	exact-binary-and-source-version	0.9.5.7+nmu5-1+grm3u2	bbb5b1d46b13400589c05863ab66e7cf5c19d18e6283fa29c74f1b7ab834c9f2	bbb5b1d46b13400589c05863ab66e7cf5c19d18e6283fa29c74f1b7ab834c9f2-gdebi-core_0.9.5.7+nmu5-1+grm3u2_all.deb
gdisk	1.0.6-1.1	amd64	gdisk	1.0.6-1.1	gdisk	arm64	native-arm64	exact-binary-and-source-version	1.0.6-1.1	801f6d14ec6370888ea79d3ed39eac363b0b23d71dbfed37b20ae96c60fb75a0	801f6d14ec6370888ea79d3ed39eac363b0b23d71dbfed37b20ae96c60fb75a0-gdisk_1.0.6-1.1_arm64.deb
gedit	3.38.1-1+grm3u3	amd64	gedit	3.38.1-1+grm3u3	gedit	arm64	native-arm64	exact-binary-and-source-version	3.38.1-1+grm3u3	3e674c79e40255537366dbacd54ff3761ef6bde7f26489ba7312b97096cfbd1f	3e674c79e40255537366dbacd54ff3761ef6bde7f26489ba7312b97096cfbd1f-gedit_3.38.1-1+grm3u3_arm64.deb
gedit-common	3.38.1-1+grm3u3	all	gedit	3.38.1-1+grm3u3	gedit-common	all	reuse-all	exact-binary-and-source-version	3.38.1-1+grm3u3	1b2871d21cebacf3e9efb146082615406cbf09053d7ad2803a5a5b026c266588	1b2871d21cebacf3e9efb146082615406cbf09053d7ad2803a5a5b026c266588-gedit-common_3.38.1-1+grm3u3_all.deb
gettext-base	0.21-4	amd64	gettext	0.21-4	gettext-base	arm64	native-arm64	exact-binary-and-source-version	0.21-4	76e719e1bc03450dbf49042ffa1ef63f48e4e2d661c7d1384f291be368d2b16c	76e719e1bc03450dbf49042ffa1ef63f48e4e2d661c7d1384f291be368d2b16c-gettext-base_0.21-4_arm64.deb
ghostscript	9.53.3~dfsg-7+deb11u5	amd64	ghostscript	9.53.3~dfsg-7+deb11u5	ghostscript	arm64	native-arm64	exact-binary-and-source-version	9.53.3~dfsg-7+deb11u5	96db3b05cb5b69129c5e39c2c594b2d351c6426e8e705f7644f54e106952137c	96db3b05cb5b69129c5e39c2c594b2d351c6426e8e705f7644f54e106952137c-ghostscript_9.53.3~dfsg-7+deb11u5_arm64.deb
gir1.2-atk-1.0	2.36.0-2	amd64	atk1.0	2.36.0-2	gir1.2-atk-1.0	arm64	native-arm64	exact-binary-and-source-version	2.36.0-2	b3ba0e267fff4fc062afd5bd568f97ab7e78192c0d7041acf1fbfe7c578e01be	b3ba0e267fff4fc062afd5bd568f97ab7e78192c0d7041acf1fbfe7c578e01be-gir1.2-atk-1.0_2.36.0-2_arm64.deb
gir1.2-freedesktop	1.66.1-1+b1	amd64	gobject-introspection	1.66.1-1	gir1.2-freedesktop	arm64	native-arm64	exact-binary-and-source-version	1.66.1-1+b1	005f3e564f80999581351d678f51de49e2f1402c8720f419fc6011f76795ef16	005f3e564f80999581351d678f51de49e2f1402c8720f419fc6011f76795ef16-gir1.2-freedesktop_1.66.1-1+b1_arm64.deb
gir1.2-gdkpixbuf-2.0	2.42.2+dfsg-1+deb11u1	amd64	gdk-pixbuf	2.42.2+dfsg-1+deb11u1	gir1.2-gdkpixbuf-2.0	arm64	native-arm64	exact-binary-and-source-version	2.42.2+dfsg-1+deb11u1	5db7920215f79e01b043cf3a030cf983e7582091549d7b955f3196d77c84cc65	5db7920215f79e01b043cf3a030cf983e7582091549d7b955f3196d77c84cc65-gir1.2-gdkpixbuf-2.0_2.42.2+dfsg-1+deb11u1_arm64.deb
gir1.2-gladeui-2.0	3.38.2-2	amd64	glade	3.38.2-2	gir1.2-gladeui-2.0	arm64	native-arm64	exact-binary-and-source-version	3.38.2-2	e2bef52a74ce7a7673e0ba4cc12e54e399eb86ded1d04adcd2d3ceee397956b1	e2bef52a74ce7a7673e0ba4cc12e54e399eb86ded1d04adcd2d3ceee397956b1-gir1.2-gladeui-2.0_3.38.2-2_arm64.deb
gir1.2-glib-2.0	1.66.1-1+b1	amd64	gobject-introspection	1.66.1-1	gir1.2-glib-2.0	arm64	native-arm64	exact-binary-and-source-version	1.66.1-1+b1	c169be0e2d5429521f2a306f5e8359489007cd5fb2ba13ce7b8df82c8c917075	c169be0e2d5429521f2a306f5e8359489007cd5fb2ba13ce7b8df82c8c917075-gir1.2-glib-2.0_1.66.1-1+b1_arm64.deb
gir1.2-gtk-3.0	3.24.24-4+grm3u2	amd64	gtk+3.0	3.24.24-4+grm3u2	gir1.2-gtk-3.0	arm64	native-arm64	exact-binary-and-source-version	3.24.24-4+grm3u2	b43a539aecb43f613f65e9d4d90727f9c0bb351820a981548ffec041e70308bb	b43a539aecb43f613f65e9d4d90727f9c0bb351820a981548ffec041e70308bb-gir1.2-gtk-3.0_3.24.24-4+grm3u2_arm64.deb
gir1.2-gtksource-4	4.8.0-1	amd64	gtksourceview4	4.8.0-1	gir1.2-gtksource-4	arm64	native-arm64	exact-binary-and-source-version	4.8.0-1	5bbadd3632b61f8e4e12b59d9e0cce19ad49aa5b875c189f92b61dfe2dda78f5	5bbadd3632b61f8e4e12b59d9e0cce19ad49aa5b875c189f92b61dfe2dda78f5-gir1.2-gtksource-4_4.8.0-1_arm64.deb
gir1.2-harfbuzz-0.0	2.7.4-1	amd64	harfbuzz	2.7.4-1	gir1.2-harfbuzz-0.0	arm64	native-arm64	exact-binary-and-source-version	2.7.4-1	6e526eaddb1cb5fd9305b5ca6967839a198006e00825d03283c5f6a9abe65e19	6e526eaddb1cb5fd9305b5ca6967839a198006e00825d03283c5f6a9abe65e19-gir1.2-harfbuzz-0.0_2.7.4-1_arm64.deb
gir1.2-javascriptcoregtk-4.0	2.40.3-2~deb11u2	amd64	webkit2gtk	2.40.3-2~deb11u2	gir1.2-javascriptcoregtk-4.0	arm64	native-arm64	exact-binary-and-source-version	2.40.3-2~deb11u2	fd75068d1390765bfb894e192943f4538abef21097c191431cdfa43722333629	fd75068d1390765bfb894e192943f4538abef21097c191431cdfa43722333629-gir1.2-javascriptcoregtk-4.0_2.40.3-2~deb11u2_arm64.deb
gir1.2-keybinder-3.0	0.3.2-1.1	amd64	keybinder-3.0	0.3.2-1.1	gir1.2-keybinder-3.0	arm64	native-arm64	exact-binary-and-source-version	0.3.2-1.1	757f80374614741a3f2e40e8384dedb4d0dcc2e000f4d47e24f926ebe23d717c	757f80374614741a3f2e40e8384dedb4d0dcc2e000f4d47e24f926ebe23d717c-gir1.2-keybinder-3.0_0.3.2-1.1_arm64.deb
gir1.2-malcontent-0	0.10.0-2	amd64	malcontent	0.10.0-2	gir1.2-malcontent-0	arm64	native-arm64	exact-binary-and-source-version	0.10.0-2	f51432b67e2934692bf4c4132b7b46cce40fb6937936f5a34a96793a822d6382	f51432b67e2934692bf4c4132b7b46cce40fb6937936f5a34a96793a822d6382-gir1.2-malcontent-0_0.10.0-2_arm64.deb
gir1.2-notify-0.7	0.7.9-3	amd64	libnotify	0.7.9-3	gir1.2-notify-0.7	arm64	native-arm64	exact-binary-and-source-version	0.7.9-3	cd9dfbc163febb74b78a530050979f67a9851a0ef66436f614b430a1e2a80e02	cd9dfbc163febb74b78a530050979f67a9851a0ef66436f614b430a1e2a80e02-gir1.2-notify-0.7_0.7.9-3_arm64.deb
gir1.2-packagekitglib-1.0	1.2.2-2	amd64	packagekit	1.2.2-2	gir1.2-packagekitglib-1.0	arm64	native-arm64	exact-binary-and-source-version	1.2.2-2	bb4c44c51b3bc1473bbb5f71f14a366fff6edf7c1450b8b10dec2ecc9c022ca0	bb4c44c51b3bc1473bbb5f71f14a366fff6edf7c1450b8b10dec2ecc9c022ca0-gir1.2-packagekitglib-1.0_1.2.2-2_arm64.deb
gir1.2-pango-1.0	1.46.2-3	amd64	pango1.0	1.46.2-3	gir1.2-pango-1.0	arm64	native-arm64	exact-binary-and-source-version	1.46.2-3	cd5caf6282dd5a453f7808a3546e30a2b51d7540fe6ec788d680d02b6e631f5b	cd5caf6282dd5a453f7808a3546e30a2b51d7540fe6ec788d680d02b6e631f5b-gir1.2-pango-1.0_1.46.2-3_arm64.deb
gir1.2-peas-1.0	1.28.0-2+b1	amd64	libpeas	1.28.0-2	gir1.2-peas-1.0	arm64	native-arm64	exact-binary-and-source-version	1.28.0-2+b1	2f279f97c838f5aa6494d8bb4c1ace3eeedbf4d4ab3936cfe50922fd1a01e8aa	2f279f97c838f5aa6494d8bb4c1ace3eeedbf4d4ab3936cfe50922fd1a01e8aa-gir1.2-peas-1.0_1.28.0-2+b1_arm64.deb
gir1.2-polkit-1.0	0.105-31+nDeb11u1+grm3u1	amd64	policykit-1	0.105-31+nDeb11u1+grm3u1	gir1.2-polkit-1.0	arm64	native-arm64	exact-binary-and-source-version	0.105-31+nDeb11u1+grm3u1	718d52f5eaf0449b73cfdf882d531f96f53c2473c2abbea39cc50e868c9b0a3b	718d52f5eaf0449b73cfdf882d531f96f53c2473c2abbea39cc50e868c9b0a3b-gir1.2-polkit-1.0_0.105-31+nDeb11u1+grm3u1_arm64.deb
gir1.2-soup-2.4	2.72.0-2	amd64	libsoup2.4	2.72.0-2	gir1.2-soup-2.4	arm64	native-arm64	exact-binary-and-source-version	2.72.0-2	bc3f96d1bf587783c21048562322533742f7bc8f4b1384233512cf9af4a07a0a	bc3f96d1bf587783c21048562322533742f7bc8f4b1384233512cf9af4a07a0a-gir1.2-soup-2.4_2.72.0-2_arm64.deb
gir1.2-vte-2.91	0.62.3-1	amd64	vte2.91	0.62.3-1	gir1.2-vte-2.91	arm64	native-arm64	exact-binary-and-source-version	0.62.3-1	0508939b165fcc7ba43c5b3f1077a34d3bf29913f85d0a6279342f3da48cbd4e	0508939b165fcc7ba43c5b3f1077a34d3bf29913f85d0a6279342f3da48cbd4e-gir1.2-vte-2.91_0.62.3-1_arm64.deb
gir1.2-webkit2-4.0	2.40.3-2~deb11u2	amd64	webkit2gtk	2.40.3-2~deb11u2	gir1.2-webkit2-4.0	arm64	native-arm64	exact-binary-and-source-version	2.40.3-2~deb11u2	7163595f3bba02efc0c5cdc74ac1261c0461e7d3dd02ef1d22f2e2ee19432344	7163595f3bba02efc0c5cdc74ac1261c0461e7d3dd02ef1d22f2e2ee19432344-gir1.2-webkit2-4.0_2.40.3-2~deb11u2_arm64.deb
gir1.2-wnck-3.0	3.36.0-1	amd64	libwnck3	3.36.0-1	gir1.2-wnck-3.0	arm64	native-arm64	exact-binary-and-source-version	3.36.0-1	5aabe60d22e8bad8518a98a4876fbc97e4d973667ad3bf1b74b110c868538fdd	5aabe60d22e8bad8518a98a4876fbc97e4d973667ad3bf1b74b110c868538fdd-gir1.2-wnck-3.0_3.36.0-1_arm64.deb
gkbd-capplet	3.26.1-1	amd64	libgnomekbd	3.26.1-1	gkbd-capplet	arm64	native-arm64	exact-binary-and-source-version	3.26.1-1	b8c0a43a6f0811e4b3b25bb1940664c19690d206795bd6a2dc51dbc8b2749e7c	b8c0a43a6f0811e4b3b25bb1940664c19690d206795bd6a2dc51dbc8b2749e7c-gkbd-capplet_3.26.1-1_arm64.deb
glib-networking	2.66.0-2	amd64	glib-networking	2.66.0-2	glib-networking	arm64	native-arm64	exact-binary-and-source-version	2.66.0-2	3da5e3ba93a1e9a18a4cb14cfda44f938b270291004f0e88fa7d6316dfc9aebb	3da5e3ba93a1e9a18a4cb14cfda44f938b270291004f0e88fa7d6316dfc9aebb-glib-networking_2.66.0-2_arm64.deb
glib-networking-common	2.66.0-2	all	glib-networking	2.66.0-2	glib-networking-common	all	reuse-all	exact-binary-and-source-version	2.66.0-2	a07370151ce5169e48ee7799b9bd9a7a035467a21f5cf3373b2aff090968609c	a07370151ce5169e48ee7799b9bd9a7a035467a21f5cf3373b2aff090968609c-glib-networking-common_2.66.0-2_all.deb
glib-networking-services	2.66.0-2	amd64	glib-networking	2.66.0-2	glib-networking-services	arm64	native-arm64	exact-binary-and-source-version	2.66.0-2	7fc232a31f09d8d08242ce08f53286e3b296c7b146834cdb41da75303f5417e1	7fc232a31f09d8d08242ce08f53286e3b296c7b146834cdb41da75303f5417e1-glib-networking-services_2.66.0-2_arm64.deb
glx-alternative-mesa	1.2.1~deb11u1	amd64	glx-alternatives	1.2.1~deb11u1	glx-alternative-mesa	arm64	native-arm64	exact-binary-and-source-version	1.2.1~deb11u1	0b265069de10466a6abeb726cfbb7a033251457ffe2350ceb328630418264584	0b265069de10466a6abeb726cfbb7a033251457ffe2350ceb328630418264584-glx-alternative-mesa_1.2.1~deb11u1_arm64.deb
glx-alternative-nvidia	1.2.1~deb11u1	amd64	glx-alternatives	1.2.1~deb11u1	glx-alternative-nvidia	arm64	native-arm64	exact-binary-and-source-version	1.2.1~deb11u1	0ed01dd39329a48414a863804316b66eae7d979b248f6c7423d47a5f3a8b1218	0ed01dd39329a48414a863804316b66eae7d979b248f6c7423d47a5f3a8b1218-glx-alternative-nvidia_1.2.1~deb11u1_arm64.deb
glx-diversions	1.2.1~deb11u1	amd64	glx-alternatives	1.2.1~deb11u1	glx-diversions	arm64	native-arm64	exact-binary-and-source-version	1.2.1~deb11u1	fd708e7e68001d3f8fa0a99a659d4205b994973b85576b400f39b293b3272e83	fd708e7e68001d3f8fa0a99a659d4205b994973b85576b400f39b293b3272e83-glx-diversions_1.2.1~deb11u1_arm64.deb
gnome-bluetooth	3.34.3-2+grm3u1	amd64	gnome-bluetooth	3.34.3-2+grm3u1	gnome-bluetooth	arm64	native-arm64	exact-binary-and-source-version	3.34.3-2+grm3u1	fcc8d7f922f1686a31644071c90598189862ba4ea0d801d57bef9c2b448c0d41	fcc8d7f922f1686a31644071c90598189862ba4ea0d801d57bef9c2b448c0d41-gnome-bluetooth_3.34.3-2+grm3u1_arm64.deb
gnome-calculator	3.38.2-1	amd64	gnome-calculator	3.38.2-1	gnome-calculator	arm64	native-arm64	exact-binary-and-source-version	3.38.2-1	e69ddc10db868149a50b1d0b38ba16c9af758149141c34c48f9fef8c6ff03f84	e69ddc10db868149a50b1d0b38ba16c9af758149141c34c48f9fef8c6ff03f84-gnome-calculator_3.38.2-1_arm64.deb
gnome-control-center	1:3.38.4-1+grm3u9	amd64	gnome-control-center	1:3.38.4-1+grm3u9	gnome-control-center	arm64	native-arm64	exact-binary-and-source-version	1:3.38.4-1+grm3u9	1b258955fa89af52769e6a1f570d85afc4e80ff7164b5fab59499220b9c6efd4	1b258955fa89af52769e6a1f570d85afc4e80ff7164b5fab59499220b9c6efd4-gnome-control-center_3.38.4-1+grm3u9_arm64.deb
gnome-control-center-data	1:3.38.4-1+grm3u9	all	gnome-control-center	1:3.38.4-1+grm3u9	gnome-control-center-data	all	reuse-all	exact-binary-and-source-version	1:3.38.4-1+grm3u9	fb2f3166a5f16e2bb5c3c9d5bc1f1ac5e7a0b2c678d26f5d6d4be28a45593793	fb2f3166a5f16e2bb5c3c9d5bc1f1ac5e7a0b2c678d26f5d6d4be28a45593793-gnome-control-center-data_3.38.4-1+grm3u9_all.deb
gnome-desktop3-data	3.38.5-3	all	gnome-desktop3	3.38.5-3	gnome-desktop3-data	all	reuse-all	exact-binary-and-source-version	3.38.5-3	0252aca822c084d8d05ad3f485d237f7af666110ee15fc5cd19b166171e3dc08	0252aca822c084d8d05ad3f485d237f7af666110ee15fc5cd19b166171e3dc08-gnome-desktop3-data_3.38.5-3_all.deb
gnome-flashback-common	3.38.0-2+grm3u2+han3u4	all	gnome-flashback	3.38.0-2+grm3u2+han3u4	gnome-flashback-common	all	reuse-all	exact-binary-and-source-version	3.38.0-2+grm3u2+han3u4	5770961e60c68b25ea7a84ab14871635b450b79f25f9596c79edad67a34e4543	5770961e60c68b25ea7a84ab14871635b450b79f25f9596c79edad67a34e4543-gnome-flashback-common_3.38.0-2+grm3u2+han3u4_all.deb
gnome-hwp-support	0.1.6-2	amd64	gnome-hwp-support	0.1.6-2	gnome-hwp-support	arm64	native-arm64	exact-binary-and-source-version	0.1.6-2	8d4d15c4bdb6ae85f052b1f3d7d712d0f87bedfba6fd626e1317502b0b630611	8d4d15c4bdb6ae85f052b1f3d7d712d0f87bedfba6fd626e1317502b0b630611-gnome-hwp-support_0.1.6-2_arm64.deb
gnome-icon-theme	3.12.0-3	all	gnome-icon-theme	3.12.0-3	gnome-icon-theme	all	reuse-all	exact-binary-and-source-version	3.12.0-3	8112a83e2758f42df01c2811d09e23d7fa7d0733826941f03cd4e509aeeaf23f	8112a83e2758f42df01c2811d09e23d7fa7d0733826941f03cd4e509aeeaf23f-gnome-icon-theme_3.12.0-3_all.deb
gnome-keyring	3.36.0-1	amd64	gnome-keyring	3.36.0-1	gnome-keyring	arm64	native-arm64	exact-binary-and-source-version	3.36.0-1	e53ef5d2c0967d3fe586ac6e6ab94bbc02e1c213b0184efbe487c1b5a29297cf	e53ef5d2c0967d3fe586ac6e6ab94bbc02e1c213b0184efbe487c1b5a29297cf-gnome-keyring_3.36.0-1_arm64.deb
gnome-menus	3.36.0-1	amd64	gnome-menus	3.36.0-1	gnome-menus	arm64	native-arm64	exact-binary-and-source-version	3.36.0-1	42a3de18950471e72737579b020d561325660b3590137490bc258a5e9a5896e0	42a3de18950471e72737579b020d561325660b3590137490bc258a5e9a5896e0-gnome-menus_3.36.0-1_arm64.deb
gnome-mpv	0.20-2+grm3u6	all	celluloid	0.20-2+grm3u6	gnome-mpv	all	reuse-all	exact-binary-and-source-version	0.20-2+grm3u6	73c321ea7607dbe6d1905802cec0e5dc5ab528e14dcc3e0820b2f5b4730007df	73c321ea7607dbe6d1905802cec0e5dc5ab528e14dcc3e0820b2f5b4730007df-gnome-mpv_0.20-2+grm3u6_all.deb
gnome-panel	3.38.0-1+grm3u1	amd64	gnome-panel	3.38.0-1+grm3u1	gnome-panel	arm64	native-arm64	exact-binary-and-source-version	3.38.0-1+grm3u1	5f14e1fdb4ed5150c83e6f9711245ddb3bf7de9a676e13ad53881db31b4b0cbe	5f14e1fdb4ed5150c83e6f9711245ddb3bf7de9a676e13ad53881db31b4b0cbe-gnome-panel_3.38.0-1+grm3u1_arm64.deb
gnome-panel-data	3.38.0-1+grm3u1	all	gnome-panel	3.38.0-1+grm3u1	gnome-panel-data	all	reuse-all	exact-binary-and-source-version	3.38.0-1+grm3u1	d5743a03d9c678049cfcd33754ffa5acce485e8ba6365da900e388bce8cd90d6	d5743a03d9c678049cfcd33754ffa5acce485e8ba6365da900e388bce8cd90d6-gnome-panel-data_3.38.0-1+grm3u1_all.deb
gnome-screenshot	3.38.0-1+grm3u2	amd64	gnome-screenshot	3.38.0-1+grm3u2	gnome-screenshot	arm64	native-arm64	exact-binary-and-source-version	3.38.0-1+grm3u2	e26cee3fc06601188d123834f91da1f006fd424d417cfc3c1f609de442c9b5b6	e26cee3fc06601188d123834f91da1f006fd424d417cfc3c1f609de442c9b5b6-gnome-screenshot_3.38.0-1+grm3u2_arm64.deb
gnome-session-bin	3.38.0-4	amd64	gnome-session	3.38.0-4	gnome-session-bin	arm64	native-arm64	exact-binary-and-source-version	3.38.0-4	a2fd9be2ecf6a7a6657ee249ad1f75e5b4f08c5db30b489f179d1a5f5d8d98f3	a2fd9be2ecf6a7a6657ee249ad1f75e5b4f08c5db30b489f179d1a5f5d8d98f3-gnome-session-bin_3.38.0-4_arm64.deb
gnome-session-canberra	0.30-7	amd64	libcanberra	0.30-7	gnome-session-canberra	arm64	native-arm64	exact-binary-and-source-version	0.30-7	4716763eaccb3aaad4f90d248a9076d356f19bfbdd2ba4bfae4c87569b0cc2dc	4716763eaccb3aaad4f90d248a9076d356f19bfbdd2ba4bfae4c87569b0cc2dc-gnome-session-canberra_0.30-7_arm64.deb
gnome-session-common	3.38.0-4	all	gnome-session	3.38.0-4	gnome-session-common	all	reuse-all	exact-binary-and-source-version	3.38.0-4	c720920de5b8fc1d0d1ff38b45527d33aa499ca5360aeb42040f5243424817c7	c720920de5b8fc1d0d1ff38b45527d33aa499ca5360aeb42040f5243424817c7-gnome-session-common_3.38.0-4_all.deb
gnome-session-flashback	3.38.0-2+grm3u2+han3u4	all	gnome-flashback	3.38.0-2+grm3u2+han3u4	gnome-session-flashback	all	reuse-all	exact-binary-and-source-version	3.38.0-2+grm3u2+han3u4	3968b152293606e4626fbe3317913d6f57add08001c3a5a66abd71a8576abcf6	3968b152293606e4626fbe3317913d6f57add08001c3a5a66abd71a8576abcf6-gnome-session-flashback_3.38.0-2+grm3u2+han3u4_all.deb
gnome-settings-daemon	3.38.2-1+grm3u1	amd64	gnome-settings-daemon	3.38.2-1+grm3u1	gnome-settings-daemon	arm64	native-arm64	exact-binary-and-source-version	3.38.2-1+grm3u1	2fab2435133cd31e487e53be30e12dcf72d2c4a27af5bd04d4a1dbe5c2b7df48	2fab2435133cd31e487e53be30e12dcf72d2c4a27af5bd04d4a1dbe5c2b7df48-gnome-settings-daemon_3.38.2-1+grm3u1_arm64.deb
gnome-settings-daemon-common	3.38.2-1+grm3u1	all	gnome-settings-daemon	3.38.2-1+grm3u1	gnome-settings-daemon-common	all	reuse-all	exact-binary-and-source-version	3.38.2-1+grm3u1	978b4a68f6b90c85980ecd2f4a599e6c62681695f477a8d30c328135a9cc4ac9	978b4a68f6b90c85980ecd2f4a599e6c62681695f477a8d30c328135a9cc4ac9-gnome-settings-daemon-common_3.38.2-1+grm3u1_all.deb
gnome-terminal	3.38.3-1	amd64	gnome-terminal	3.38.3-1	gnome-terminal	arm64	native-arm64	exact-binary-and-source-version	3.38.3-1	0e56a76036d0885df494f97f3322c56c8b9ca34f83fd1a841c0d2162b1e18b9f	0e56a76036d0885df494f97f3322c56c8b9ca34f83fd1a841c0d2162b1e18b9f-gnome-terminal_3.38.3-1_arm64.deb
gnome-terminal-data	3.38.3-1	all	gnome-terminal	3.38.3-1	gnome-terminal-data	all	reuse-all	exact-binary-and-source-version	3.38.3-1	656a3d42d1fce0e831430000a0df0a19c4001b21c45b5a49b0eab04a3c288540	656a3d42d1fce0e831430000a0df0a19c4001b21c45b5a49b0eab04a3c288540-gnome-terminal-data_3.38.3-1_all.deb
gnome-themes-extra	3.28-1	amd64	gnome-themes-extra	3.28-1	gnome-themes-extra	arm64	native-arm64	exact-binary-and-source-version	3.28-1	ec90530f3c4d58d2bf433c69f6f4ad01ea5c1badf85c71ef3e92addd1bf1f3b7	ec90530f3c4d58d2bf433c69f6f4ad01ea5c1badf85c71ef3e92addd1bf1f3b7-gnome-themes-extra_3.28-1_arm64.deb
gnome-themes-extra-data	3.28-1	all	gnome-themes-extra	3.28-1	gnome-themes-extra-data	all	reuse-all	exact-binary-and-source-version	3.28-1	2704ec52b944a6fc58213f9eca9d1e0ae32b342dac2e114e7661afdc29e00bbd	2704ec52b944a6fc58213f9eca9d1e0ae32b342dac2e114e7661afdc29e00bbd-gnome-themes-extra-data_3.28-1_all.deb
gnupg	2.2.27-2+deb11u2	all	gnupg2	2.2.27-2+deb11u2	gnupg	all	reuse-all	exact-binary-and-source-version	2.2.27-2+deb11u2	a89ecdc6fc8e39f74a27b9b9823fc2fb22103b5965212d54eea86f9f16769042	a89ecdc6fc8e39f74a27b9b9823fc2fb22103b5965212d54eea86f9f16769042-gnupg_2.2.27-2+deb11u2_all.deb
gnupg-l10n	2.2.27-2+deb11u2	all	gnupg2	2.2.27-2+deb11u2	gnupg-l10n	all	reuse-all	exact-binary-and-source-version	2.2.27-2+deb11u2	8000012a7532112a4167200b968170a1bb354591b98ff237e5185804372565df	8000012a7532112a4167200b968170a1bb354591b98ff237e5185804372565df-gnupg-l10n_2.2.27-2+deb11u2_all.deb
gnupg-utils	2.2.27-2+deb11u2	amd64	gnupg2	2.2.27-2+deb11u2	gnupg-utils	arm64	native-arm64	exact-binary-and-source-version	2.2.27-2+deb11u2	4af305476715624d0a418948d7c0b59591f2913d440628939537ac70403a6b60	4af305476715624d0a418948d7c0b59591f2913d440628939537ac70403a6b60-gnupg-utils_2.2.27-2+deb11u2_arm64.deb
gooroom-agent-service	0.4.8+grm3u1	all	gooroom-agent-service	0.4.8+grm3u1	gooroom-agent-service	all	reuse-all	exact-binary-and-source-version	0.4.8+grm3u1	9c59725d49d698f4a25afb25a888278d8306d8bc9a3f9635237b98a6c129f4fa	9c59725d49d698f4a25afb25a888278d8306d8bc9a3f9635237b98a6c129f4fa-gooroom-agent-service_0.4.8+grm3u1_all.deb
gooroom-archive-keyring	20201012+grm3u1	all	gooroom-archive-keyring	20201012+grm3u1	gooroom-archive-keyring	all	reuse-all	exact-binary-and-source-version	20201012+grm3u1	d0afe5113ad44af3261c0bb098534f365013feed7bdb68104ee2b37552998f4b	d0afe5113ad44af3261c0bb098534f365013feed7bdb68104ee2b37552998f4b-gooroom-archive-keyring_20201012+grm3u1_all.deb
gooroom-artwork-common	1.3.3+grm3u1	all	gooroom-artwork-common	1.3.3+grm3u1	gooroom-artwork-common	all	reuse-all	exact-binary-and-source-version	1.3.3+grm3u1	09a420e577764ac235cdb7bdd57b74a68d44370c6984bc9c433fb54eb0f90e57	09a420e577764ac235cdb7bdd57b74a68d44370c6984bc9c433fb54eb0f90e57-gooroom-artwork-common_1.3.3+grm3u1_all.deb
gooroom-artwork-gnome-flashback	0.4.4+grm3u1	all	gooroom-artwork-gnome-flashback	0.4.4+grm3u1	gooroom-artwork-gnome-flashback	all	reuse-all	exact-binary-and-source-version	0.4.4+grm3u1	bb5202e8162e96aafea8916fc6865c8e426246c994bd15d985f679ae8a762473	bb5202e8162e96aafea8916fc6865c8e426246c994bd15d985f679ae8a762473-gooroom-artwork-gnome-flashback_0.4.4+grm3u1_all.deb
gooroom-bootsplash-theme	1.0.0+grm3u1+han3u1	all	gooroom-bootsplash-theme	1.0.0+grm3u1+han3u1	gooroom-bootsplash-theme	all	reuse-all	exact-binary-and-source-version	1.0.0+grm3u1+han3u1	80999adfdb64bf0da21076ed158db4597ece44cf6a95ff8123010f965d2a4a55	80999adfdb64bf0da21076ed158db4597ece44cf6a95ff8123010f965d2a4a55-gooroom-bootsplash-theme_1.0.0+grm3u1+han3u1_all.deb
gooroom-browser	3.5.0-1+grm3u3	amd64	gooroom-browser	3.5.0-1+grm3u3	gooroom-browser	arm64	native-arm64	exact-binary-and-source-version	3.5.0-1+grm3u3	71e5093e0f7782120eecda0f4acdae7b9e11536d559bb8e8286ccfe321897fba	71e5093e0f7782120eecda0f4acdae7b9e11536d559bb8e8286ccfe321897fba-gooroom-browser_3.5.0-1+grm3u3_arm64.deb
gooroom-browser-l10n	3.5.0-1+grm3u3	all	gooroom-browser	3.5.0-1+grm3u3	gooroom-browser-l10n	all	reuse-all	exact-binary-and-source-version	3.5.0-1+grm3u3	353e55a2683e9a52689f675820f7d59942a3ecb7895dd0cedaaec19722ba1c3e	353e55a2683e9a52689f675820f7d59942a3ecb7895dd0cedaaec19722ba1c3e-gooroom-browser-l10n_3.5.0-1+grm3u3_all.deb
gooroom-client-server-register	1.1.1+han3u1	all	gooroom-client-server-register	1.1.1+han3u1	gooroom-client-server-register	all	reuse-all	exact-binary-and-source-version	1.1.1+han3u1	d9e9195831d09a95138825ce196f7d709b0fa5c42b3f2200dc9a581e0786a295	d9e9195831d09a95138825ce196f7d709b0fa5c42b3f2200dc9a581e0786a295-gooroom-client-server-register_1.1.1+han3u1_all.deb
gooroom-dockbarx	1.3.0+grm3u3	all	gooroom-dockbarx	1.3.0+grm3u3	gooroom-dockbarx	all	reuse-all	exact-binary-and-source-version	1.3.0+grm3u3	479d15a969df7af63e24acbbdbede1e0dce1ebeb9102ca797caa2d77dfd43e66	479d15a969df7af63e24acbbdbede1e0dce1ebeb9102ca797caa2d77dfd43e66-gooroom-dockbarx_1.3.0+grm3u3_all.deb
gooroom-dockbarx-common	1.3.0+grm3u3	all	gooroom-dockbarx	1.3.0+grm3u3	gooroom-dockbarx-common	all	reuse-all	exact-binary-and-source-version	1.3.0+grm3u3	834993a0eb9be44021f3cbe54bcf0264d772c79e6ced73a158d130d33a15dadc	834993a0eb9be44021f3cbe54bcf0264d772c79e6ced73a158d130d33a15dadc-gooroom-dockbarx-common_1.3.0+grm3u3_all.deb
gooroom-dockbarx-dockx	1.3.0+grm3u3	all	gooroom-dockbarx	1.3.0+grm3u3	gooroom-dockbarx-dockx	all	reuse-all	exact-binary-and-source-version	1.3.0+grm3u3	8812d1e0c48a52843e12254995591e2146ab9d3497ef626fec6e706ce3439a39	8812d1e0c48a52843e12254995591e2146ab9d3497ef626fec6e706ce3439a39-gooroom-dockbarx-dockx_1.3.0+grm3u3_all.deb
gooroom-icon-themes	1.3.6+grm3u1+han3u2	all	gooroom-icon-themes	1.3.6+grm3u1+han3u2	gooroom-icon-themes	all	reuse-all	exact-binary-and-source-version	1.3.6+grm3u1+han3u2	babb8053d318afb7b0d7b4fe716b5b310830dffe01b69f6334367f603bdebff9	babb8053d318afb7b0d7b4fe716b5b310830dffe01b69f6334367f603bdebff9-gooroom-icon-themes_1.3.6+grm3u1+han3u2_all.deb
gooroom-indicator-applet	0.3.0+grm3u1	amd64	gooroom-indicator-applet	0.3.0+grm3u1	gooroom-indicator-applet	arm64	native-arm64	exact-binary-and-source-version	0.3.0+grm3u1	476caf39d3828905d855dfead989f08c8f891c34b0854e91cff422dc4cc9e44b	476caf39d3828905d855dfead989f08c8f891c34b0854e91cff422dc4cc9e44b-gooroom-indicator-applet_0.3.0+grm3u1_arm64.deb
gooroom-info	3.3.0+grm3u1	all	gooroom-info	3.3.0+grm3u1	gooroom-info	all	reuse-all	exact-binary-and-source-version	3.3.0+grm3u1	36eb68c91d340801cbec22b0837b879cab8cce9fdad4ed5d1d5f4c704a5f53b6	36eb68c91d340801cbec22b0837b879cab8cce9fdad4ed5d1d5f4c704a5f53b6-gooroom-info_3.3.0+grm3u1_all.deb
gooroom-libsecurity-extensions	0.1.7+grm3u1	amd64	gooroom-libsecurity-extensions	0.1.7+grm3u1	gooroom-libsecurity-extensions	arm64	native-arm64	exact-binary-and-source-version	0.1.7+grm3u1	20400d6d2e79e41b149e6bf0dc51534bb923737216fdd21936db711b0f02fc6c	20400d6d2e79e41b149e6bf0dc51534bb923737216fdd21936db711b0f02fc6c-gooroom-libsecurity-extensions_0.1.7+grm3u1_arm64.deb
gooroom-logout	0.3.0+grm3u1	amd64	gooroom-logout	0.3.0+grm3u1	gooroom-logout	arm64	native-arm64	exact-binary-and-source-version	0.3.0+grm3u1	ed7472398c2d1b63a6b9fbfe5c8da075c449353f518c7dd27b676a22d0de37b1	ed7472398c2d1b63a6b9fbfe5c8da075c449353f518c7dd27b676a22d0de37b1-gooroom-logout_0.3.0+grm3u1_arm64.deb
gooroom-notice-applet	0.3.4+grm3u1	amd64	gooroom-notice-applet	0.3.4+grm3u1	gooroom-notice-applet	arm64	native-arm64	exact-binary-and-source-version	0.3.4+grm3u1	244e189c0c495bac995fccda21df0b8046dbe77886fd36d5834f63071bcf8719	244e189c0c495bac995fccda21df0b8046dbe77886fd36d5834f63071bcf8719-gooroom-notice-applet_0.3.4+grm3u1_arm64.deb
gooroom-notifyd	0.5.0+grm3u1	amd64	gooroom-notifyd	0.5.0+grm3u1	gooroom-notifyd	arm64	native-arm64	exact-binary-and-source-version	0.5.0+grm3u1	a55b3e7f47522249aaf3c06b3d389e4b9a5c59d70dc0191cd5d87fbb6181839a	a55b3e7f47522249aaf3c06b3d389e4b9a5c59d70dc0191cd5d87fbb6181839a-gooroom-notifyd_0.5.0+grm3u1_arm64.deb
gooroom-security-status-tools	0.3.9+grm3u1	amd64	gooroom-security-status-tools	0.3.9+grm3u1	gooroom-security-status-tools	arm64	native-arm64	exact-binary-and-source-version	0.3.9+grm3u1	18946a97397b1fb5bcf1938dd3dacaa265d876a3b8d2bdad526b1967c8c0becf	18946a97397b1fb5bcf1938dd3dacaa265d876a3b8d2bdad526b1967c8c0becf-18946a97397b1fb5bcf1938dd3dacaa265d876a3b8d2bdad526b1967c8c0becf-gooroom-security-status-tools_0.3.9+grm3u1_arm64.deb
gooroom-security-utils	0.3.7+grm3u1	all	gooroom-security-utils	0.3.7+grm3u1	gooroom-security-utils	all	reuse-all	exact-binary-and-source-version	0.3.7+grm3u1	2f59a55125e99d3a468e6247c03aea1f5dd64adf8745ea669b890432523be182	2f59a55125e99d3a468e6247c03aea1f5dd64adf8745ea669b890432523be182-gooroom-security-utils_0.3.7+grm3u1_all.deb
gooroom-showdesktop-applet	0.2.0+grm3u1	amd64	gooroom-showdesktop-applet	0.2.0+grm3u1	gooroom-showdesktop-applet	arm64	native-arm64	exact-binary-and-source-version	0.2.0+grm3u1	e8a6d1320d3ee1f679873777b3805486d52f524f326b9810ae755a9fca303b71	e8a6d1320d3ee1f679873777b3805486d52f524f326b9810ae755a9fca303b71-gooroom-showdesktop-applet_0.2.0+grm3u1_arm64.deb
gooroom-software	3.30.6+5+grm3u6	amd64	gooroom-software	3.30.6+5+grm3u6	gooroom-software	arm64	native-arm64	exact-binary-and-source-version	3.30.6+5+grm3u6	02a221613258ddf979750b306b93f3682255955513fe6d9a74a579ecf9b2d608	02a221613258ddf979750b306b93f3682255955513fe6d9a74a579ecf9b2d608-gooroom-software_3.30.6+5+grm3u6_arm64.deb
gooroom-software-common	3.30.6+5+grm3u6	all	gooroom-software	3.30.6+5+grm3u6	gooroom-software-common	all	reuse-all	exact-binary-and-source-version	3.30.6+5+grm3u6	d63249f305e6e64adb3f174a9d2cd7a019775e9a9712efee96d7ae5343fde802	d63249f305e6e64adb3f174a9d2cd7a019775e9a9712efee96d7ae5343fde802-gooroom-software-common_3.30.6+5+grm3u6_all.deb
gooroom-software-plugin-flatpak	3.30.6+5+grm3u6	amd64	gooroom-software	3.30.6+5+grm3u6	gooroom-software-plugin-flatpak	arm64	native-arm64	exact-binary-and-source-version	3.30.6+5+grm3u6	136ce8c038b26cc4d59de463cf91e78052c0c227e75b6507c2c661e3fe75af2a	136ce8c038b26cc4d59de463cf91e78052c0c227e75b6507c2c661e3fe75af2a-gooroom-software-plugin-flatpak_3.30.6+5+grm3u6_arm64.deb
gooroom-translations	20230728+han3u1	all	gooroom-translations	20230728+han3u1	gooroom-translations	all	reuse-all	exact-binary-and-source-version	20230728+han3u1	3a9f676f7906b7327e61072cc56a36448eb37d24f164478b6b0a9bb3ea610853	3a9f676f7906b7327e61072cc56a36448eb37d24f164478b6b0a9bb3ea610853-gooroom-translations_20230728+han3u1_all.deb
gooroom-update	1.3.3+grm3u1	all	gooroom-update	1.3.3+grm3u1	gooroom-update	all	reuse-all	exact-binary-and-source-version	1.3.3+grm3u1	4d1424d84915a2201f82ae6eab61c58a7e4698e7f4bc37561b1c252d5456dca4	4d1424d84915a2201f82ae6eab61c58a7e4698e7f4bc37561b1c252d5456dca4-gooroom-update_1.3.3+grm3u1_all.deb
gooroom-yelp-adjustments	0.3.10+han3u1	all	gooroom-yelp-adjustments	0.3.10+han3u1	gooroom-yelp-adjustments	all	reuse-all	exact-binary-and-source-version	0.3.10+han3u1	a8cd153e7eab30ce6cb335f8e9ddacccba63e23e5a7c26d38528bf381482baac	a8cd153e7eab30ce6cb335f8e9ddacccba63e23e5a7c26d38528bf381482baac-gooroom-yelp-adjustments_0.3.10+han3u1_all.deb
gooroomsystem	1.1.3+grm3u1	all	gooroomsystem	1.1.3+grm3u1	gooroomsystem	all	reuse-all	exact-binary-and-source-version	1.1.3+grm3u1	e57ada6d8bc1e5ce2025c2ab249868fe71b36bc5fc320fe815674e57c477127c	e57ada6d8bc1e5ce2025c2ab249868fe71b36bc5fc320fe815674e57c477127c-gooroomsystem_1.1.3+grm3u1_all.deb
gpart	1:0.3-8	amd64	gpart	1:0.3-8	gpart	arm64	native-arm64	exact-binary-and-source-version	1:0.3-8	bed0776299b618e14ce463786a00253a09fc4f8b3fd51c95da0d4f6161866d27	bed0776299b618e14ce463786a00253a09fc4f8b3fd51c95da0d4f6161866d27-gpart_1%3a0.3-8_arm64.deb
gparted	1.2.0-1	amd64	gparted	1.2.0-1	gparted	arm64	native-arm64	exact-binary-and-source-version	1.2.0-1	739bb34f6a723662191164ae3eeebf3fb3914e05fa9ccccb25e35c1d451c9d7a	739bb34f6a723662191164ae3eeebf3fb3914e05fa9ccccb25e35c1d451c9d7a-gparted_1.2.0-1_arm64.deb
gparted-common	1.2.0-1	all	gparted	1.2.0-1	gparted-common	all	reuse-all	exact-binary-and-source-version	1.2.0-1	afa722a8c8d8e1b7a9a8d54c1f78db0516536035703c5a2fec9b8bce81c79bd7	afa722a8c8d8e1b7a9a8d54c1f78db0516536035703c5a2fec9b8bce81c79bd7-gparted-common_1.2.0-1_all.deb
gpg	2.2.27-2+deb11u2	amd64	gnupg2	2.2.27-2+deb11u2	gpg	arm64	native-arm64	exact-binary-and-source-version	2.2.27-2+deb11u2	7056c4f34d78be6362aa0b5e571ede3ac49ad31e0672a7be189767d03d274b07	7056c4f34d78be6362aa0b5e571ede3ac49ad31e0672a7be189767d03d274b07-gpg_2.2.27-2+deb11u2_arm64.deb
gpg-agent	2.2.27-2+deb11u2	amd64	gnupg2	2.2.27-2+deb11u2	gpg-agent	arm64	native-arm64	exact-binary-and-source-version	2.2.27-2+deb11u2	0d6d35b246f85738153c4ba1c417235dbde9ec2d1f8e573a8d67d930d4255431	0d6d35b246f85738153c4ba1c417235dbde9ec2d1f8e573a8d67d930d4255431-gpg-agent_2.2.27-2+deb11u2_arm64.deb
gpg-wks-client	2.2.27-2+deb11u2	amd64	gnupg2	2.2.27-2+deb11u2	gpg-wks-client	arm64	native-arm64	exact-binary-and-source-version	2.2.27-2+deb11u2	baf4644c4cbd2f2a7c4b55ecfb7358369f89f35dde43d8cf5273b717f3a26d03	baf4644c4cbd2f2a7c4b55ecfb7358369f89f35dde43d8cf5273b717f3a26d03-gpg-wks-client_2.2.27-2+deb11u2_arm64.deb
gpg-wks-server	2.2.27-2+deb11u2	amd64	gnupg2	2.2.27-2+deb11u2	gpg-wks-server	arm64	native-arm64	exact-binary-and-source-version	2.2.27-2+deb11u2	807422927692937de34e914ca11cba2b3c36c7f257d8aac96ab6543d2d8c002a	807422927692937de34e914ca11cba2b3c36c7f257d8aac96ab6543d2d8c002a-gpg-wks-server_2.2.27-2+deb11u2_arm64.deb
gpgconf	2.2.27-2+deb11u2	amd64	gnupg2	2.2.27-2+deb11u2	gpgconf	arm64	native-arm64	exact-binary-and-source-version	2.2.27-2+deb11u2	60baf2a56212493596fd194b7db257559ad75c79301e33c38fe0d5b2526555d4	60baf2a56212493596fd194b7db257559ad75c79301e33c38fe0d5b2526555d4-gpgconf_2.2.27-2+deb11u2_arm64.deb
gpgsm	2.2.27-2+deb11u2	amd64	gnupg2	2.2.27-2+deb11u2	gpgsm	arm64	native-arm64	exact-binary-and-source-version	2.2.27-2+deb11u2	1a20aedb0539e1d2cc753c941bf8f33630036045bb6ed3e0cde4428670094fab	1a20aedb0539e1d2cc753c941bf8f33630036045bb6ed3e0cde4428670094fab-gpgsm_2.2.27-2+deb11u2_arm64.deb
gpgv	2.2.27-2+deb11u2	amd64	gnupg2	2.2.27-2+deb11u2	gpgv	arm64	native-arm64	exact-binary-and-source-version	2.2.27-2+deb11u2	f34822062a8ac007b16fba53679e16edfcba6c644ee52859892153584af830b4	f34822062a8ac007b16fba53679e16edfcba6c644ee52859892153584af830b4-gpgv_2.2.27-2+deb11u2_arm64.deb
grac-device-daemon	1.4.9+grm3u1	all	gooroom-resource-access-control	1.4.9+grm3u1	grac-device-daemon	all	reuse-all	exact-binary-and-source-version	1.4.9+grm3u1	afee71af8ad9234a2e3df1fd6f5a2d03b17c88f25a3ab60bf66cab07a9c11f60	afee71af8ad9234a2e3df1fd6f5a2d03b17c88f25a3ab60bf66cab07a9c11f60-grac-device-daemon_1.4.9+grm3u1_all.deb
grac-editor	1.4.9+grm3u1	all	gooroom-resource-access-control	1.4.9+grm3u1	grac-editor	all	reuse-all	exact-binary-and-source-version	1.4.9+grm3u1	c4388a238a9811d6cc674fff09224d21135def7565cc00676d09373704546853	c4388a238a9811d6cc674fff09224d21135def7565cc00676d09373704546853-grac-editor_1.4.9+grm3u1_all.deb
grep	3.6-1+deb11u1	amd64	grep	3.6-1+deb11u1	grep	arm64	native-arm64	exact-binary-and-source-version	3.6-1+deb11u1	ccebee26e336d07deebcf8aba1bba18a202e88da8262eecd3c76e4612db3d8ea	ccebee26e336d07deebcf8aba1bba18a202e88da8262eecd3c76e4612db3d8ea-grep_3.6-1+deb11u1_arm64.deb
groff-base	1.22.4-6	amd64	groff	1.22.4-6	groff-base	arm64	native-arm64	exact-binary-and-source-version	1.22.4-6	9d34ac9f90c36f85561928430b12df23938338ab722d31a868acec8d22dc6cb3	9d34ac9f90c36f85561928430b12df23938338ab722d31a868acec8d22dc6cb3-groff-base_1.22.4-6_arm64.deb
grub-common	2.06-3~deb11u5	amd64	grub2	2.06-3~deb11u5	grub-common	arm64	native-arm64	exact-binary-and-source-version	2.06-3~deb11u5	177da84a824666bc1f38330169d298f8a8c62887501979f6e61ea129639064ce	177da84a824666bc1f38330169d298f8a8c62887501979f6e61ea129639064ce-grub-common_2.06-3~deb11u5_arm64.deb
grub-pc	2.06-3~deb11u5	amd64	grub2	2.06-3~deb11u5	grub-efi-arm64	arm64	arch-replace	exact-binary-and-source-version	2.06-3~deb11u5	6ebc2df3ae1f9199a4d332e2e16779c2faff3d785eb84512fbdbeebce450de93	6ebc2df3ae1f9199a4d332e2e16779c2faff3d785eb84512fbdbeebce450de93-grub-efi-arm64_2.06-3~deb11u5_arm64.deb
grub-pc-bin	2.06-3~deb11u5	amd64	grub2	2.06-3~deb11u5	grub-efi-arm64-bin	arm64	arch-replace	exact-binary-and-source-version	2.06-3~deb11u5	5539b4d334d76b36653d307b0cce5e9ca26080a8322d76b6e9ec5f9a29ef1fac	5539b4d334d76b36653d307b0cce5e9ca26080a8322d76b6e9ec5f9a29ef1fac-grub-efi-arm64-bin_2.06-3~deb11u5_arm64.deb
grub2-common	2.06-3~deb11u5	amd64	grub2	2.06-3~deb11u5	grub2-common	arm64	native-arm64	exact-binary-and-source-version	2.06-3~deb11u5	f6aeae7aa257150620165eddaa4627eaacb9856290040ecec8aa443407a752c2	f6aeae7aa257150620165eddaa4627eaacb9856290040ecec8aa443407a752c2-grub2-common_2.06-3~deb11u5_arm64.deb
gsettings-desktop-schemas	3.38.0-2	all	gsettings-desktop-schemas	3.38.0-2	gsettings-desktop-schemas	all	reuse-all	exact-binary-and-source-version	3.38.0-2	3758968491a770e50cd85122c00d141944ffb43cb7a5c886a37290fef848cee3	3758968491a770e50cd85122c00d141944ffb43cb7a5c886a37290fef848cee3-gsettings-desktop-schemas_3.38.0-2_all.deb
gstreamer1.0-clutter-3.0	3.0.27-2	amd64	clutter-gst-3.0	3.0.27-2	gstreamer1.0-clutter-3.0	arm64	native-arm64	exact-binary-and-source-version	3.0.27-2	ee685dd57d7b131f62d74e01d1f695a42e7522cfa6903ac357b8bd73d3dd35ab	ee685dd57d7b131f62d74e01d1f695a42e7522cfa6903ac357b8bd73d3dd35ab-gstreamer1.0-clutter-3.0_3.0.27-2_arm64.deb
gstreamer1.0-libav	1.18.4-3	amd64	gst-libav1.0	1.18.4-3	gstreamer1.0-libav	arm64	native-arm64	exact-binary-and-source-version	1.18.4-3	eb9163829bee4df1926af5622ef7e91858102f6a657c472604f53decf2ec6eb6	eb9163829bee4df1926af5622ef7e91858102f6a657c472604f53decf2ec6eb6-gstreamer1.0-libav_1.18.4-3_arm64.deb
gstreamer1.0-nice	0.1.16-1	amd64	libnice	0.1.16-1	gstreamer1.0-nice	arm64	native-arm64	exact-binary-and-source-version	0.1.16-1	f3287cf289c7261b1c6b78af7fbd3849b13022f37696cd5ea741b35cfafe5869	f3287cf289c7261b1c6b78af7fbd3849b13022f37696cd5ea741b35cfafe5869-gstreamer1.0-nice_0.1.16-1_arm64.deb
gstreamer1.0-plugins-bad	1.18.4-3+deb11u1	amd64	gst-plugins-bad1.0	1.18.4-3+deb11u1	gstreamer1.0-plugins-bad	arm64	native-arm64	exact-binary-and-source-version	1.18.4-3+deb11u1	6befc675874bb7361074b3c77ca6f0c55594d25501334208ed97d67157052105	6befc675874bb7361074b3c77ca6f0c55594d25501334208ed97d67157052105-gstreamer1.0-plugins-bad_1.18.4-3+deb11u1_arm64.deb
gstreamer1.0-plugins-base	1.18.4-2+deb11u1	amd64	gst-plugins-base1.0	1.18.4-2+deb11u1	gstreamer1.0-plugins-base	arm64	native-arm64	exact-binary-and-source-version	1.18.4-2+deb11u1	57ee14e02614ad51ff76df8009d80d0994bfc05dd85c742e7c4b517f4052a4da	57ee14e02614ad51ff76df8009d80d0994bfc05dd85c742e7c4b517f4052a4da-gstreamer1.0-plugins-base_1.18.4-2+deb11u1_arm64.deb
gstreamer1.0-plugins-good	1.18.4-2+deb11u2	amd64	gst-plugins-good1.0	1.18.4-2+deb11u2	gstreamer1.0-plugins-good	arm64	native-arm64	exact-binary-and-source-version	1.18.4-2+deb11u2	b1b0b275467eb15e290473610a8948c4da684df26dd4abdd3a5127092c714545	b1b0b275467eb15e290473610a8948c4da684df26dd4abdd3a5127092c714545-gstreamer1.0-plugins-good_1.18.4-2+deb11u2_arm64.deb
gstreamer1.0-plugins-ugly	1.18.4-2	amd64	gst-plugins-ugly1.0	1.18.4-2	gstreamer1.0-plugins-ugly	arm64	native-arm64	exact-binary-and-source-version	1.18.4-2	d4c91f30540b45fd8e62338b46de2d671158de1587565a30500dfc66a7f0d24b	d4c91f30540b45fd8e62338b46de2d671158de1587565a30500dfc66a7f0d24b-gstreamer1.0-plugins-ugly_1.18.4-2_arm64.deb
gstreamer1.0-pulseaudio	1.18.4-2+deb11u2	amd64	gst-plugins-good1.0	1.18.4-2+deb11u2	gstreamer1.0-pulseaudio	arm64	native-arm64	exact-binary-and-source-version	1.18.4-2+deb11u2	b53401cd2d486161b36b7aa3d526d1407b8bd33845215d7fbe89e83a9c7bcb78	b53401cd2d486161b36b7aa3d526d1407b8bd33845215d7fbe89e83a9c7bcb78-gstreamer1.0-pulseaudio_1.18.4-2+deb11u2_arm64.deb
gstreamer1.0-x	1.18.4-2+deb11u1	amd64	gst-plugins-base1.0	1.18.4-2+deb11u1	gstreamer1.0-x	arm64	native-arm64	exact-binary-and-source-version	1.18.4-2+deb11u1	6dd5ec86f152a57ddf8d0d944b5b7a637136f9389b50377b7b9756036278caf7	6dd5ec86f152a57ddf8d0d944b5b7a637136f9389b50377b7b9756036278caf7-gstreamer1.0-x_1.18.4-2+deb11u1_arm64.deb
gtk-update-icon-cache	3.24.24-4+grm3u2	amd64	gtk+3.0	3.24.24-4+grm3u2	gtk-update-icon-cache	arm64	native-arm64	exact-binary-and-source-version	3.24.24-4+grm3u2	3f6d3f8dd64f11a502a98e4cf5faa13758f25ae29b543dd9bedade48a837059d	3f6d3f8dd64f11a502a98e4cf5faa13758f25ae29b543dd9bedade48a837059d-gtk-update-icon-cache_3.24.24-4+grm3u2_arm64.deb
gtk2-engines-murrine	0.98.2-3	amd64	gtk2-engines-murrine	0.98.2-3	gtk2-engines-murrine	arm64	native-arm64	exact-binary-and-source-version	0.98.2-3	93bfd65a83dde7826540b2a73b97f4cc2bed4d054447f39cf47df4ec3ca3ec2c	93bfd65a83dde7826540b2a73b97f4cc2bed4d054447f39cf47df4ec3ca3ec2c-gtk2-engines-murrine_0.98.2-3_arm64.deb
gtk2-engines-pixbuf	2.24.33-2+grm3u1	amd64	gtk+2.0	2.24.33-2+grm3u1	gtk2-engines-pixbuf	arm64	native-arm64	exact-binary-and-source-version	2.24.33-2+grm3u1	0d730a5278c8ea13aa9bb8dbc5cfc2a9bed1e62a09ef4415d9f747c788250cb5	0d730a5278c8ea13aa9bb8dbc5cfc2a9bed1e62a09ef4415d9f747c788250cb5-gtk2-engines-pixbuf_2.24.33-2+grm3u1_arm64.deb
gvfs	1.46.2-1	amd64	gvfs	1.46.2-1	gvfs	arm64	native-arm64	exact-binary-and-source-version	1.46.2-1	88427200d8ab787e8831aa76213beba6cdd0ecce93139d4de99e19a03d42c3cd	88427200d8ab787e8831aa76213beba6cdd0ecce93139d4de99e19a03d42c3cd-gvfs_1.46.2-1_arm64.deb
gvfs-backends	1.46.2-1	amd64	gvfs	1.46.2-1	gvfs-backends	arm64	native-arm64	exact-binary-and-source-version	1.46.2-1	d2d6506e72d438b91f9f9fa127e3e9ba84040e8ff539e901801f0578c3a8d5df	d2d6506e72d438b91f9f9fa127e3e9ba84040e8ff539e901801f0578c3a8d5df-gvfs-backends_1.46.2-1_arm64.deb
gvfs-common	1.46.2-1	all	gvfs	1.46.2-1	gvfs-common	all	reuse-all	exact-binary-and-source-version	1.46.2-1	48a8b2f7b479baa1209b2f19adf37826d84acd88d1a132cc7afe92fef2bedff1	48a8b2f7b479baa1209b2f19adf37826d84acd88d1a132cc7afe92fef2bedff1-gvfs-common_1.46.2-1_all.deb
gvfs-daemons	1.46.2-1	amd64	gvfs	1.46.2-1	gvfs-daemons	arm64	native-arm64	exact-binary-and-source-version	1.46.2-1	f2fde5f7821f1fe47df37b0c3222b98a21942cf5e180c0dd2e3ea8414d470384	f2fde5f7821f1fe47df37b0c3222b98a21942cf5e180c0dd2e3ea8414d470384-gvfs-daemons_1.46.2-1_arm64.deb
gvfs-libs	1.46.2-1	amd64	gvfs	1.46.2-1	gvfs-libs	arm64	native-arm64	exact-binary-and-source-version	1.46.2-1	e6960caecf2c120ae5d99f9c603df7b4a369e68cc835baedda9ab34791fa404d	e6960caecf2c120ae5d99f9c603df7b4a369e68cc835baedda9ab34791fa404d-gvfs-libs_1.46.2-1_arm64.deb
gzip	1.10-4+deb11u1	amd64	gzip	1.10-4+deb11u1	gzip	arm64	native-arm64	exact-binary-and-source-version	1.10-4+deb11u1	9cd09c604413516da538bdf20ec553e468039708d928112789b8f42a35745dcb	9cd09c604413516da538bdf20ec553e468039708d928112789b8f42a35745dcb-gzip_1.10-4+deb11u1_arm64.deb
hancom-gooroom-themepack	0.3.3+han3u1	all	hancom-gooroom-themepack	0.3.3+han3u1	hancom-gooroom-themepack	all	reuse-all	exact-binary-and-source-version	0.3.3+han3u1	c620114674e611b594273f56a1dbffd23895c10a8e7643ef40943c3c0b24972b	c620114674e611b594273f56a1dbffd23895c10a8e7643ef40943c3c0b24972b-hancom-gooroom-themepack_0.3.3+han3u1_all.deb
hancom-toolkit	0.3.3+han3u1	amd64	hancom-toolkit	0.3.3+han3u1	hancom-toolkit	arm64	native-arm64	exact-binary-and-source-version	0.3.3+han3u1	3025249447aa1f01e1b777e1851cb70921fcd162a1f64aa933444ce241d42d8f	3025249447aa1f01e1b777e1851cb70921fcd162a1f64aa933444ce241d42d8f-hancom-toolkit_0.3.3+han3u1_arm64.deb
hancom-viewer-installer	0.2.2+han3u1	amd64	hancom-viewer-installer	0.2.2+han3u1	hancom-viewer-installer	arm64	native-arm64	exact-binary-and-source-version	0.2.2+han3u1	15f15545996a1a63b7efe48122178f0824510305947fecc26e93e303a9a2cf51	15f15545996a1a63b7efe48122178f0824510305947fecc26e93e303a9a2cf51-hancom-viewer-installer_0.2.2+han3u1_arm64.deb
hancomgrm-adjustments-utils	0.3.3+han3u1	amd64	hancomgrm-adjustments-utils	0.3.3+han3u1	hancomgrm-adjustments-utils	arm64	native-arm64	exact-binary-and-source-version	0.3.3+han3u1	334baa086428676ee842beac83843f63ade38d96dc79da5d92f8d0f391f4b352	334baa086428676ee842beac83843f63ade38d96dc79da5d92f8d0f391f4b352-hancomgrm-adjustments-utils_0.3.3+han3u1_arm64.deb
hicolor-icon-theme	0.17-2	all	hicolor-icon-theme	0.17-2	hicolor-icon-theme	all	reuse-all	exact-binary-and-source-version	0.17-2	20304d34b85a734ec1e4830badf3a3a70a5dc5f9c1afc0b2230ecd760c81b5e0	20304d34b85a734ec1e4830badf3a3a70a5dc5f9c1afc0b2230ecd760c81b5e0-hicolor-icon-theme_0.17-2_all.deb
hostname	3.23	amd64	hostname	3.23	hostname	arm64	native-arm64	exact-binary-and-source-version	3.23	efe4dd6532d40c7a585f7412072888741a64a01ae635d2860eed11b2f57661fd	efe4dd6532d40c7a585f7412072888741a64a01ae635d2860eed11b2f57661fd-hostname_3.23_arm64.deb
hp-ppd	0.9+nmu1	all	hp-ppd	0.9+nmu1	hp-ppd	all	reuse-all	exact-binary-and-source-version	0.9+nmu1	7fc97a3e1be16c46604de88227b4f419c18bd9fb6fa1ef04a3381a312ffedc18	7fc97a3e1be16c46604de88227b4f419c18bd9fb6fa1ef04a3381a312ffedc18-hp-ppd_0.9+nmu1_all.deb
hpijs-ppds	3.21.2+dfsg1-2	all	hplip	3.21.2+dfsg1-2	hpijs-ppds	all	reuse-all	exact-binary-and-source-version	3.21.2+dfsg1-2	9176c59f2e0eb354074926a7190fc68c1beface3a18d6cc899ea49c0bd82e96c	9176c59f2e0eb354074926a7190fc68c1beface3a18d6cc899ea49c0bd82e96c-hpijs-ppds_3.21.2+dfsg1-2_all.deb
hunspell-en-us	1:2019.10.06-1	all	scowl	2019.10.06-1	hunspell-en-us	all	reuse-all	exact-binary-and-source-version	1:2019.10.06-1	b15bb8a8a891fa4efb3705e9579f300bf6ab1929a335b2090e053d1b02fbb3e8	b15bb8a8a891fa4efb3705e9579f300bf6ab1929a335b2090e053d1b02fbb3e8-hunspell-en-us_1%3a2019.10.06-1_all.deb
ieee-data	20210605.1	all	ieee-data	20210605.1	ieee-data	all	reuse-all	exact-binary-and-source-version	20210605.1	7f3bd86aa6c6391abd666f1155ef691a9cc8a9b5d636f22939931bd3119d3502	7f3bd86aa6c6391abd666f1155ef691a9cc8a9b5d636f22939931bd3119d3502-ieee-data_20210605.1_all.deb
ifupdown	0.8.36	amd64	ifupdown	0.8.36	ifupdown	arm64	native-arm64	exact-binary-and-source-version	0.8.36	895b9ed6d66541b1448dd8b0a0d23dbf032bee6abd03cbe7bf3ebcf916ace6c4	895b9ed6d66541b1448dd8b0a0d23dbf032bee6abd03cbe7bf3ebcf916ace6c4-ifupdown_0.8.36_arm64.deb
im-config	0.46-1+deb11u1	all	im-config	0.46-1+deb11u1	im-config	all	reuse-all	exact-binary-and-source-version	0.46-1+deb11u1	90782fb2e52847e7a96e92eae6ab7c0b3e5145103dbc21761b1e7c0a30a8abea	90782fb2e52847e7a96e92eae6ab7c0b3e5145103dbc21761b1e7c0a30a8abea-im-config_0.46-1+deb11u1_all.deb
init	1.60	amd64	init-system-helpers	1.60	init	arm64	native-arm64	exact-binary-and-source-version	1.60	824a5f06b61bbd2df1be037aa178ccaecc6bd2074f7ccac65803ead2953d8aeb	824a5f06b61bbd2df1be037aa178ccaecc6bd2074f7ccac65803ead2953d8aeb-init_1.60_arm64.deb
init-system-helpers	1.60	all	init-system-helpers	1.60	init-system-helpers	all	reuse-all	exact-binary-and-source-version	1.60	43420922c5e3aa747f8854236bf381a35179bba3885b242edb104751dad20644	43420922c5e3aa747f8854236bf381a35179bba3885b242edb104751dad20644-init-system-helpers_1.60_all.deb
initramfs-tools	0.140	all	initramfs-tools	0.140	initramfs-tools	all	reuse-all	exact-binary-and-source-version	0.140	44921b8b3dd24f64b5f33e5e4b938e8aa243f5aa9cc621da396406b17e976e97	44921b8b3dd24f64b5f33e5e4b938e8aa243f5aa9cc621da396406b17e976e97-initramfs-tools_0.140_all.deb
initramfs-tools-core	0.140	all	initramfs-tools	0.140	initramfs-tools-core	all	reuse-all	exact-binary-and-source-version	0.140	aeb3110851b806c497d02ffa4319b297dcf29efd929c2f3b5909c4411a734fe1	aeb3110851b806c497d02ffa4319b297dcf29efd929c2f3b5909c4411a734fe1-initramfs-tools-core_0.140_all.deb
insserv	1.21.0-1.1	amd64	insserv	1.21.0-1.1	insserv	arm64	native-arm64	exact-binary-and-source-version	1.21.0-1.1	61d523a3c80fef8415dd2b0ab0f14130f66ab37b6b9f3ed6ab5ac703d8905c7d	61d523a3c80fef8415dd2b0ab0f14130f66ab37b6b9f3ed6ab5ac703d8905c7d-insserv_1.21.0-1.1_arm64.deb
iproute2	5.10.0-4	amd64	iproute2	5.10.0-4	iproute2	arm64	native-arm64	exact-binary-and-source-version	5.10.0-4	92d6c7ca67fca91257a3734d94417a3300c4240d8f6934c6b742c001814b4e31	92d6c7ca67fca91257a3734d94417a3300c4240d8f6934c6b742c001814b4e31-iproute2_5.10.0-4_arm64.deb
iptables	1.8.7-1	amd64	iptables	1.8.7-1	iptables	arm64	native-arm64	exact-binary-and-source-version	1.8.7-1	21699bd1f42a470d272ebaadd9208fa8088c69d6ff1a5124f6af24ef7ac63f2a	21699bd1f42a470d272ebaadd9208fa8088c69d6ff1a5124f6af24ef7ac63f2a-iptables_1.8.7-1_arm64.deb
iputils-ping	3:20210202-1	amd64	iputils	3:20210202-1	iputils-ping	arm64	native-arm64	exact-binary-and-source-version	3:20210202-1	8d377687b19a3dbf5f2744bb87c699564fec99e7ca16b430aa113012160e35fa	8d377687b19a3dbf5f2744bb87c699564fec99e7ca16b430aa113012160e35fa-iputils-ping_3%3a20210202-1_arm64.deb
isc-dhcp-client	4.4.1-2.3+deb11u2	amd64	isc-dhcp	4.4.1-2.3+deb11u2	isc-dhcp-client	arm64	native-arm64	exact-binary-and-source-version	4.4.1-2.3+deb11u2	4831f3c4983879a86c86209bc7bab591226568010ad05565cf4402a4626d591b	4831f3c4983879a86c86209bc7bab591226568010ad05565cf4402a4626d591b-isc-dhcp-client_4.4.1-2.3+deb11u2_arm64.deb
isc-dhcp-common	4.4.1-2.3+deb11u2	amd64	isc-dhcp	4.4.1-2.3+deb11u2	isc-dhcp-common	arm64	native-arm64	exact-binary-and-source-version	4.4.1-2.3+deb11u2	01e70473e4d0a7509a218028380466a0a0a7af78be03fdce221b3dd2c75a6655	01e70473e4d0a7509a218028380466a0a0a7af78be03fdce221b3dd2c75a6655-isc-dhcp-common_4.4.1-2.3+deb11u2_arm64.deb
iso-codes	4.6.0-1	all	iso-codes	4.6.0-1	iso-codes	all	reuse-all	exact-binary-and-source-version	4.6.0-1	4e044d72a9f810aabf2c8addf126327fa845eaf8e983b51eb6356b9ed5108348	4e044d72a9f810aabf2c8addf126327fa845eaf8e983b51eb6356b9ed5108348-iso-codes_4.6.0-1_all.deb
isoquery	3.2.4-1+deb11u1	amd64	isoquery	3.2.4-1+deb11u1	isoquery	arm64	native-arm64	exact-binary-and-source-version	3.2.4-1+deb11u1	1ef362e365548acca34111bc24c613db5f4438e32b07068893e11d801d6b0c81	1ef362e365548acca34111bc24c613db5f4438e32b07068893e11d801d6b0c81-isoquery_3.2.4-1+deb11u1_arm64.deb
kbd	2.3.0-3	amd64	kbd	2.3.0-3	kbd	arm64	native-arm64	exact-binary-and-source-version	2.3.0-3	69ad60576ec04af9a7b7f646fbd4c0337d3acda5bf6ddcfdce959011d97d5651	69ad60576ec04af9a7b7f646fbd4c0337d3acda5bf6ddcfdce959011d97d5651-kbd_2.3.0-3_arm64.deb
keyboard-configuration	1.205	all	console-setup	1.205	keyboard-configuration	all	reuse-all	exact-binary-and-source-version	1.205	0187c070d139b905045763542684cfcaec4c454f9cd854027744229466f8e1ef	0187c070d139b905045763542684cfcaec4c454f9cd854027744229466f8e1ef-keyboard-configuration_1.205_all.deb
keyutils	1.6.1-2	amd64	keyutils	1.6.1-2	keyutils	arm64	native-arm64	exact-binary-and-source-version	1.6.1-2	5946f527a639d965df53a12cc58b832c3d0eafee9a975492e79231d44b85c7e1	5946f527a639d965df53a12cc58b832c3d0eafee9a975492e79231d44b85c7e1-keyutils_1.6.1-2_arm64.deb
klibc-utils	2.0.8-6.1	amd64	klibc	2.0.8-6.1	klibc-utils	arm64	native-arm64	exact-binary-and-source-version	2.0.8-6.1	3da8f65734b7896bc0c3ff2e49d1a05f395777afda9676dc078fa11c88cdccaf	3da8f65734b7896bc0c3ff2e49d1a05f395777afda9676dc078fa11c88cdccaf-klibc-utils_2.0.8-6.1_arm64.deb
kmod	28-1	amd64	kmod	28-1	kmod	arm64	native-arm64	exact-binary-and-source-version	28-1	d9d8eeed3e4a640daa70748c22089a6c4157178a69d83cde890e5340d4300e1f	d9d8eeed3e4a640daa70748c22089a6c4157178a69d83cde890e5340d4300e1f-kmod_28-1_arm64.deb
less	551-2	amd64	less	551-2	less	arm64	native-arm64	exact-binary-and-source-version	551-2	7816e3ffd99dc880cab60e3aeae3fd0f7d6f4064937abe4a4ffda282cb5ed7e4	7816e3ffd99dc880cab60e3aeae3fd0f7d6f4064937abe4a4ffda282cb5ed7e4-less_551-2_arm64.deb
liba52-0.7.4	0.7.4-20	amd64	a52dec	0.7.4-20	liba52-0.7.4	arm64	native-arm64	exact-binary-and-source-version	0.7.4-20	663eff94315dd15f0531f9a8b92f1778222faa93ebd92c48065246202975cbc8	663eff94315dd15f0531f9a8b92f1778222faa93ebd92c48065246202975cbc8-liba52-0.7.4_0.7.4-20_arm64.deb
libaa1	1.4p5-48	amd64	aalib	1.4p5-48	libaa1	arm64	native-arm64	exact-binary-and-source-version	1.4p5-48	507fd5a5b659ac8116a14ee15fed17086aeb43903965d1adcdf053d2682c2eb1	507fd5a5b659ac8116a14ee15fed17086aeb43903965d1adcdf053d2682c2eb1-libaa1_1.4p5-48_arm64.deb
libaccountsservice0	0.6.55-3+grm3u1	amd64	accountsservice	0.6.55-3+grm3u1	libaccountsservice0	arm64	native-arm64	exact-binary-and-source-version	0.6.55-3+grm3u1	cf9cd9140af096579185bc6f39e5f99a06f5e82a0cb159030e76c183f1bc64e4	cf9cd9140af096579185bc6f39e5f99a06f5e82a0cb159030e76c183f1bc64e4-libaccountsservice0_0.6.55-3+grm3u1_arm64.deb
libacl1	2.2.53-10	amd64	acl	2.2.53-10	libacl1	arm64	native-arm64	exact-binary-and-source-version	2.2.53-10	f164c48192cb47746101de6c59afa3f97777c8fc821e5a30bb890df1f4cb4cfd	f164c48192cb47746101de6c59afa3f97777c8fc821e5a30bb890df1f4cb4cfd-libacl1_2.2.53-10_arm64.deb
libamtk-5-0	5.2.0-1	amd64	amtk	5.2.0-1	libamtk-5-0	arm64	native-arm64	exact-binary-and-source-version	5.2.0-1	3367262efba319130ced532e27dac5589e0b128bc1e1071612164fd68ba907ed	3367262efba319130ced532e27dac5589e0b128bc1e1071612164fd68ba907ed-libamtk-5-0_5.2.0-1_arm64.deb
libamtk-5-common	5.2.0-1	all	amtk	5.2.0-1	libamtk-5-common	all	reuse-all	exact-binary-and-source-version	5.2.0-1	1828e3a6ca7f1d11eba03d72414e50ca775a230cae177922589689182358357c	1828e3a6ca7f1d11eba03d72414e50ca775a230cae177922589689182358357c-libamtk-5-common_5.2.0-1_all.deb
libaom0	1.0.0.errata1-3	amd64	aom	1.0.0.errata1-3	libaom0	arm64	native-arm64	exact-binary-and-source-version	1.0.0.errata1-3	600536f50bf36cbcfabfc8eacb43a8f26bff7a8f8f52304ce35fc1a117dcd06e	600536f50bf36cbcfabfc8eacb43a8f26bff7a8f8f52304ce35fc1a117dcd06e-libaom0_1.0.0.errata1-3_arm64.deb
libapparmor1	2.13.6-10	amd64	apparmor	2.13.6-10	libapparmor1	arm64	native-arm64	exact-binary-and-source-version	2.13.6-10	b1341ca28d7f0e1176145f5d108e235b3a9843b066e2e76f306bc57942266e9b	b1341ca28d7f0e1176145f5d108e235b3a9843b066e2e76f306bc57942266e9b-libapparmor1_2.13.6-10_arm64.deb
libappstream-glib8	0.7.18-1	amd64	appstream-glib	0.7.18-1	libappstream-glib8	arm64	native-arm64	exact-binary-and-source-version	0.7.18-1	87fbd778b04438e417417b1bfb32a3a14c91e9e9d4fe0cc20f609bed7b4cbfe4	87fbd778b04438e417417b1bfb32a3a14c91e9e9d4fe0cc20f609bed7b4cbfe4-libappstream-glib8_0.7.18-1_arm64.deb
libappstream4	0.14.4-1	amd64	appstream	0.14.4-1	libappstream4	arm64	native-arm64	exact-binary-and-source-version	0.14.4-1	b8908e67c10ab1a1130c73fb2321b6d38fc369c844b70292d0a0d0b7223675a2	b8908e67c10ab1a1130c73fb2321b6d38fc369c844b70292d0a0d0b7223675a2-libappstream4_0.14.4-1_arm64.deb
libapt-pkg6.0	2.2.4	amd64	apt	2.2.4	libapt-pkg6.0	arm64	native-arm64	exact-binary-and-source-version	2.2.4	7cb6015ea5c185ef93706989fb730377406878c72f6943b6ecdd956697f1abe6	7cb6015ea5c185ef93706989fb730377406878c72f6943b6ecdd956697f1abe6-libapt-pkg6.0_2.2.4_arm64.deb
libarchive13	3.4.3-2+deb11u1	amd64	libarchive	3.4.3-2+deb11u1	libarchive13	arm64	native-arm64	exact-binary-and-source-version	3.4.3-2+deb11u1	20ac2c3a178375fd35d17d1621f387461fe530d593970d505985fa4b229df760	20ac2c3a178375fd35d17d1621f387461fe530d593970d505985fa4b229df760-libarchive13_3.4.3-2+deb11u1_arm64.deb
libargon2-1	0~20171227-0.2	amd64	argon2	0~20171227-0.2	libargon2-1	arm64	native-arm64	exact-binary-and-source-version	0~20171227-0.2	db8ef5efe5cc10d7317b46ce1090e5f906da3d8a380fd46ed4aba38ae49e597b	db8ef5efe5cc10d7317b46ce1090e5f906da3d8a380fd46ed4aba38ae49e597b-libargon2-1_0~20171227-0.2_arm64.deb
libasound2	1.2.4-1.1	amd64	alsa-lib	1.2.4-1.1	libasound2	arm64	native-arm64	exact-binary-and-source-version	1.2.4-1.1	8fabd77256593c42e2ad1578f938b56d0a5ed19aa61c6c72c890fd761fd129a8	8fabd77256593c42e2ad1578f938b56d0a5ed19aa61c6c72c890fd761fd129a8-libasound2_1.2.4-1.1_arm64.deb
libasound2-data	1.2.4-1.1	all	alsa-lib	1.2.4-1.1	libasound2-data	all	reuse-all	exact-binary-and-source-version	1.2.4-1.1	76211f5f201ad1069b95d047863e0c1b51d8400c874b59e00f24f31f972b4036	76211f5f201ad1069b95d047863e0c1b51d8400c874b59e00f24f31f972b4036-libasound2-data_1.2.4-1.1_all.deb
libasound2-plugins	1.2.2-2	amd64	alsa-plugins	1.2.2-2	libasound2-plugins	arm64	native-arm64	exact-binary-and-source-version	1.2.2-2	ed279c357d931f9976b70f3c88bfa49832c8890435ca4879389ee7b69b4c6e72	ed279c357d931f9976b70f3c88bfa49832c8890435ca4879389ee7b69b4c6e72-libasound2-plugins_1.2.2-2_arm64.deb
libaspell15	0.60.8-3	amd64	aspell	0.60.8-3	libaspell15	arm64	native-arm64	exact-binary-and-source-version	0.60.8-3	f018ef541cd61909f861e45d83fef545700fe9a515ee81f24a3767ac2641e5af	f018ef541cd61909f861e45d83fef545700fe9a515ee81f24a3767ac2641e5af-libaspell15_0.60.8-3_arm64.deb
libass9	1:0.15.0-2	amd64	libass	1:0.15.0-2	libass9	arm64	native-arm64	exact-binary-and-source-version	1:0.15.0-2	01a4324d10e612584f90e246a1376909983866fa24b4bb6b8fb7bf1c61f71d57	01a4324d10e612584f90e246a1376909983866fa24b4bb6b8fb7bf1c61f71d57-libass9_1%3a0.15.0-2_arm64.deb
libassuan0	2.5.3-7.1	amd64	libassuan	2.5.3-7.1	libassuan0	arm64	native-arm64	exact-binary-and-source-version	2.5.3-7.1	82ba862a80437eb5297bf2b28952822255f7f3dc9c44e25a2e0e6b4d4c922503	82ba862a80437eb5297bf2b28952822255f7f3dc9c44e25a2e0e6b4d4c922503-libassuan0_2.5.3-7.1_arm64.deb
libasyncns0	0.8-6+b2	amd64	libasyncns	0.8-6	libasyncns0	arm64	native-arm64	exact-binary-and-source-version	0.8-6+b2	1988ed1b9d48baae39a5ca37416579a8422e687e11df18b540fa28247868935f	1988ed1b9d48baae39a5ca37416579a8422e687e11df18b540fa28247868935f-libasyncns0_0.8-6+b2_arm64.deb
libatasmart4	0.19-5	amd64	libatasmart	0.19-5	libatasmart4	arm64	native-arm64	exact-binary-and-source-version	0.19-5	9d990171fe21d507d8ee7d691d09ca7376af5914712a26ac8b8eeb5916de69e3	9d990171fe21d507d8ee7d691d09ca7376af5914712a26ac8b8eeb5916de69e3-libatasmart4_0.19-5_arm64.deb
libatk-bridge2.0-0	2.38.0-1	amd64	at-spi2-atk	2.38.0-1	libatk-bridge2.0-0	arm64	native-arm64	exact-binary-and-source-version	2.38.0-1	a977c4a2be6d46185cd4f529ba226017dfcdc9a4056ff80ae97f7c67799885b2	a977c4a2be6d46185cd4f529ba226017dfcdc9a4056ff80ae97f7c67799885b2-libatk-bridge2.0-0_2.38.0-1_arm64.deb
libatk1.0-0	2.36.0-2	amd64	atk1.0	2.36.0-2	libatk1.0-0	arm64	native-arm64	exact-binary-and-source-version	2.36.0-2	53c9c45ba719f1df44f5477396d276530e7e2fc210bc598e48e624194b8a1173	53c9c45ba719f1df44f5477396d276530e7e2fc210bc598e48e624194b8a1173-libatk1.0-0_2.36.0-2_arm64.deb
libatk1.0-data	2.36.0-2	all	atk1.0	2.36.0-2	libatk1.0-data	all	reuse-all	exact-binary-and-source-version	2.36.0-2	86c1acae473977f8a78b905090847df654306996324493f9a39d9f27807778b2	86c1acae473977f8a78b905090847df654306996324493f9a39d9f27807778b2-libatk1.0-data_2.36.0-2_all.deb
libatkmm-1.6-1v5	2.28.0-3	amd64	atkmm1.6	2.28.0-3	libatkmm-1.6-1v5	arm64	native-arm64	exact-binary-and-source-version	2.28.0-3	efbb62d2d89799cdebf7000c2bd7385d3c7d7e764545ea688d9c7d514b0ce3e2	efbb62d2d89799cdebf7000c2bd7385d3c7d7e764545ea688d9c7d514b0ce3e2-libatkmm-1.6-1v5_2.28.0-3_arm64.deb
libatomic1	10.2.1-6	amd64	gcc-10	10.2.1-6	libatomic1	arm64	native-arm64	exact-binary-and-source-version	10.2.1-6	d0b8a02896479a6eac49019d71142da9561482759f40eb7aeb15cfdc7d3e39ec	d0b8a02896479a6eac49019d71142da9561482759f40eb7aeb15cfdc7d3e39ec-libatomic1_10.2.1-6_arm64.deb
libatopology2	1.2.4-1.1	amd64	alsa-lib	1.2.4-1.1	libatopology2	arm64	native-arm64	exact-binary-and-source-version	1.2.4-1.1	2057d4b9ff723b8201e923c5b9368c54eb069aad00ffbcdbdba349d17b88d417	2057d4b9ff723b8201e923c5b9368c54eb069aad00ffbcdbdba349d17b88d417-libatopology2_1.2.4-1.1_arm64.deb
libatspi2.0-0	2.38.0-4+deb11u1	amd64	at-spi2-core	2.38.0-4+deb11u1	libatspi2.0-0	arm64	native-arm64	exact-binary-and-source-version	2.38.0-4+deb11u1	a03baf1e23f65a63c39e382c0f6be7ac084b59c1a05b9539a0f7645ba1d9f0f0	a03baf1e23f65a63c39e382c0f6be7ac084b59c1a05b9539a0f7645ba1d9f0f0-libatspi2.0-0_2.38.0-4+deb11u1_arm64.deb
libattr1	1:2.4.48-6	amd64	attr	1:2.4.48-6	libattr1	arm64	native-arm64	exact-binary-and-source-version	1:2.4.48-6	cb9b59be719a6fdbaabaa60e22aa6158b2de7a68c88ccd7c3fb7f41a25fb43d0	cb9b59be719a6fdbaabaa60e22aa6158b2de7a68c88ccd7c3fb7f41a25fb43d0-libattr1_1%3a2.4.48-6_arm64.deb
libaudit-common	1:3.0-2	all	audit	1:3.0-2	libaudit-common	all	reuse-all	exact-binary-and-source-version	1:3.0-2	0d52f4826a57aea13cea1a85bfae354024c7b2f7b95e39cd1ce225e4db27d0f6	0d52f4826a57aea13cea1a85bfae354024c7b2f7b95e39cd1ce225e4db27d0f6-libaudit-common_1%3a3.0-2_all.deb
libaudit1	1:3.0-2	amd64	audit	1:3.0-2	libaudit1	arm64	native-arm64	exact-binary-and-source-version	1:3.0-2	c93da146715dcd0c71759629c04afb01a41c879d91b2f5330adc74365db03763	c93da146715dcd0c71759629c04afb01a41c879d91b2f5330adc74365db03763-libaudit1_1%3a3.0-2_arm64.deb
libavahi-client3	0.8-5+deb11u2	amd64	avahi	0.8-5+deb11u2	libavahi-client3	arm64	native-arm64	exact-binary-and-source-version	0.8-5+deb11u2	c2d0e95348c3ac3756efd448e040763eee557c129135f04400e187daee39cda9	c2d0e95348c3ac3756efd448e040763eee557c129135f04400e187daee39cda9-libavahi-client3_0.8-5+deb11u2_arm64.deb
libavahi-common-data	0.8-5+deb11u2	amd64	avahi	0.8-5+deb11u2	libavahi-common-data	arm64	native-arm64	exact-binary-and-source-version	0.8-5+deb11u2	991381ded01c02e436cacd018625327f2b9b017c672d9caa002b797c2616cf2d	991381ded01c02e436cacd018625327f2b9b017c672d9caa002b797c2616cf2d-libavahi-common-data_0.8-5+deb11u2_arm64.deb
libavahi-common3	0.8-5+deb11u2	amd64	avahi	0.8-5+deb11u2	libavahi-common3	arm64	native-arm64	exact-binary-and-source-version	0.8-5+deb11u2	29fd90570bb26836f3fc2446a1f6db174599196d3e3ae60db70137cd75d3691b	29fd90570bb26836f3fc2446a1f6db174599196d3e3ae60db70137cd75d3691b-libavahi-common3_0.8-5+deb11u2_arm64.deb
libavahi-glib1	0.8-5+deb11u2	amd64	avahi	0.8-5+deb11u2	libavahi-glib1	arm64	native-arm64	exact-binary-and-source-version	0.8-5+deb11u2	fbb36fe3c0dc2ae29136c3b3a8c871fb283e12fbaa5e9466f1f2fe73168a5bca	fbb36fe3c0dc2ae29136c3b3a8c871fb283e12fbaa5e9466f1f2fe73168a5bca-libavahi-glib1_0.8-5+deb11u2_arm64.deb
libavc1394-0	0.5.4-5	amd64	libavc1394	0.5.4-5	libavc1394-0	arm64	native-arm64	exact-binary-and-source-version	0.5.4-5	5a6ad45da10d69ca6ca7757882fe696ace8af98fccac781697ef280ea13e770f	5a6ad45da10d69ca6ca7757882fe696ace8af98fccac781697ef280ea13e770f-libavc1394-0_0.5.4-5_arm64.deb
libavcodec58	7:4.3.6-0+deb11u1	amd64	ffmpeg	7:4.3.6-0+deb11u1	libavcodec58	arm64	native-arm64	exact-binary-and-source-version	7:4.3.6-0+deb11u1	6c871af6658e7f54851696103b8dfe8260d7490f9968acde64f64b089d015d1d	6c871af6658e7f54851696103b8dfe8260d7490f9968acde64f64b089d015d1d-libavcodec58_7%3a4.3.6-0+deb11u1_arm64.deb
libavdevice58	7:4.3.6-0+deb11u1	amd64	ffmpeg	7:4.3.6-0+deb11u1	libavdevice58	arm64	native-arm64	exact-binary-and-source-version	7:4.3.6-0+deb11u1	a69c51c95c96871ad6d15e62ece1e6c73e43a1ce4596af30462a8bdfc947e113	a69c51c95c96871ad6d15e62ece1e6c73e43a1ce4596af30462a8bdfc947e113-libavdevice58_7%3a4.3.6-0+deb11u1_arm64.deb
libavfilter7	7:4.3.6-0+deb11u1	amd64	ffmpeg	7:4.3.6-0+deb11u1	libavfilter7	arm64	native-arm64	exact-binary-and-source-version	7:4.3.6-0+deb11u1	c5258587b9ca7a0fb8f345282e2a6f4f86f8df630e306e2b2ca6df332db63d63	c5258587b9ca7a0fb8f345282e2a6f4f86f8df630e306e2b2ca6df332db63d63-libavfilter7_7%3a4.3.6-0+deb11u1_arm64.deb
libavformat58	7:4.3.6-0+deb11u1	amd64	ffmpeg	7:4.3.6-0+deb11u1	libavformat58	arm64	native-arm64	exact-binary-and-source-version	7:4.3.6-0+deb11u1	7823c0448a4c35d30a0941cea2e7d7e09119d8d832041ff488dbfbc1e0c8c723	7823c0448a4c35d30a0941cea2e7d7e09119d8d832041ff488dbfbc1e0c8c723-libavformat58_7%3a4.3.6-0+deb11u1_arm64.deb
libavresample4	7:4.3.6-0+deb11u1	amd64	ffmpeg	7:4.3.6-0+deb11u1	libavresample4	arm64	native-arm64	exact-binary-and-source-version	7:4.3.6-0+deb11u1	a2f4d92ad4ffbb845f30c02fd8d652c0911a7911fb9280612d1abc5576fcc1c9	a2f4d92ad4ffbb845f30c02fd8d652c0911a7911fb9280612d1abc5576fcc1c9-libavresample4_7%3a4.3.6-0+deb11u1_arm64.deb
libavutil56	7:4.3.6-0+deb11u1	amd64	ffmpeg	7:4.3.6-0+deb11u1	libavutil56	arm64	native-arm64	exact-binary-and-source-version	7:4.3.6-0+deb11u1	3f91737318b393d57fb7bbe3882c6ba64d788da3fc44cff0064cc2a894e7d677	3f91737318b393d57fb7bbe3882c6ba64d788da3fc44cff0064cc2a894e7d677-libavutil56_7%3a4.3.6-0+deb11u1_arm64.deb
libayatana-appindicator3-1	0.5.5-2+deb11u2	amd64	libayatana-appindicator	0.5.5-2+deb11u2	libayatana-appindicator3-1	arm64	native-arm64	exact-binary-and-source-version	0.5.5-2+deb11u2	570ed200e4951dd22fc92ad09b05bd5d252ac1249b58a35a6efe0d57535be2f6	570ed200e4951dd22fc92ad09b05bd5d252ac1249b58a35a6efe0d57535be2f6-libayatana-appindicator3-1_0.5.5-2+deb11u2_arm64.deb
libayatana-ido3-0.4-0	0.8.2-1	amd64	ayatana-ido	0.8.2-1	libayatana-ido3-0.4-0	arm64	native-arm64	exact-binary-and-source-version	0.8.2-1	6410353d9723462fe12cad3d881ca5709f3681088c302a08661095ca862cc1ce	6410353d9723462fe12cad3d881ca5709f3681088c302a08661095ca862cc1ce-libayatana-ido3-0.4-0_0.8.2-1_arm64.deb
libayatana-indicator3-7	0.8.4-1+deb11u2	amd64	libayatana-indicator	0.8.4-1+deb11u2	libayatana-indicator3-7	arm64	native-arm64	exact-binary-and-source-version	0.8.4-1+deb11u2	5c54d825644821580fecb3ad2c26373df4832efd5fea4396420ccbe8eb25fb8f	5c54d825644821580fecb3ad2c26373df4832efd5fea4396420ccbe8eb25fb8f-libayatana-indicator3-7_0.8.4-1+deb11u2_arm64.deb
libb64-0d	1.2-5+b1	amd64	libb64	1.2-5	libb64-0d	arm64	native-arm64	exact-binary-and-source-version	1.2-5+b1	87746c59b3d0fc4d9bb1fbe2422c50396ced52b406cfe7c2f34761d2ba0b721b	87746c59b3d0fc4d9bb1fbe2422c50396ced52b406cfe7c2f34761d2ba0b721b-libb64-0d_1.2-5+b1_arm64.deb
libbinutils	2.35.2-2	amd64	binutils	2.35.2-2	libbinutils	arm64	native-arm64	exact-binary-and-source-version	2.35.2-2	7305a9bb576a975ec0fdc69688dec98a3c102c2026d5ad18bb014e93f1b076aa	7305a9bb576a975ec0fdc69688dec98a3c102c2026d5ad18bb014e93f1b076aa-libbinutils_2.35.2-2_arm64.deb
libblas3	3.9.0-3	amd64	lapack	3.9.0-3	libblas3	arm64	native-arm64	exact-binary-and-source-version	3.9.0-3	99806c4a490d55ae1ba50640460a2f62c491a8920af4e804560849fc5fe9d73f	99806c4a490d55ae1ba50640460a2f62c491a8920af4e804560849fc5fe9d73f-libblas3_3.9.0-3_arm64.deb
libblkid1	2.36.1-8+deb11u1	amd64	util-linux	2.36.1-8+deb11u1	libblkid1	arm64	native-arm64	exact-binary-and-source-version	2.36.1-8+deb11u1	f6daca6d84eab01e281bf59d7c06f55125b8af443da936afdd255fa32f939928	f6daca6d84eab01e281bf59d7c06f55125b8af443da936afdd255fa32f939928-libblkid1_2.36.1-8+deb11u1_arm64.deb
libblockdev-crypto2	2.25-2	amd64	libblockdev	2.25-2	libblockdev-crypto2	arm64	native-arm64	exact-binary-and-source-version	2.25-2	9430bcce1cf6c8bd50d1a7731d0dddbc385043aa149dd0a326aa5e85d5894466	9430bcce1cf6c8bd50d1a7731d0dddbc385043aa149dd0a326aa5e85d5894466-libblockdev-crypto2_2.25-2_arm64.deb
libblockdev-fs2	2.25-2	amd64	libblockdev	2.25-2	libblockdev-fs2	arm64	native-arm64	exact-binary-and-source-version	2.25-2	ac093888d15028696f6fb78ea082d09d5ee7ff9f9929f99cf208ea9769fadc6e	ac093888d15028696f6fb78ea082d09d5ee7ff9f9929f99cf208ea9769fadc6e-libblockdev-fs2_2.25-2_arm64.deb
libblockdev-loop2	2.25-2	amd64	libblockdev	2.25-2	libblockdev-loop2	arm64	native-arm64	exact-binary-and-source-version	2.25-2	7825fd1c4e3083116cb9abdec0111b7d87f99d75163ff985ea4ecbb06750776b	7825fd1c4e3083116cb9abdec0111b7d87f99d75163ff985ea4ecbb06750776b-libblockdev-loop2_2.25-2_arm64.deb
libblockdev-mdraid2	2.25-2	amd64	libblockdev	2.25-2	libblockdev-mdraid2	arm64	native-arm64	exact-binary-and-source-version	2.25-2	8cd7e28d2ddbc9ae4db2a824280c8aba480c1058df9d63983c022f8f0e68a4f5	8cd7e28d2ddbc9ae4db2a824280c8aba480c1058df9d63983c022f8f0e68a4f5-libblockdev-mdraid2_2.25-2_arm64.deb
libblockdev-part-err2	2.25-2	amd64	libblockdev	2.25-2	libblockdev-part-err2	arm64	native-arm64	exact-binary-and-source-version	2.25-2	382dce3fa8d45bd2ee98fb3bb9b45b7b7675b68f6328583a54e522e50b73bc74	382dce3fa8d45bd2ee98fb3bb9b45b7b7675b68f6328583a54e522e50b73bc74-libblockdev-part-err2_2.25-2_arm64.deb
libblockdev-part2	2.25-2	amd64	libblockdev	2.25-2	libblockdev-part2	arm64	native-arm64	exact-binary-and-source-version	2.25-2	25b1d8df04c644408efedb629c836b9fd62b815a668f2290dc09d2896ac31ff1	25b1d8df04c644408efedb629c836b9fd62b815a668f2290dc09d2896ac31ff1-libblockdev-part2_2.25-2_arm64.deb
libblockdev-swap2	2.25-2	amd64	libblockdev	2.25-2	libblockdev-swap2	arm64	native-arm64	exact-binary-and-source-version	2.25-2	9a45528b0cc10a584edbbe92f282358e1246723db07f4c4ab87a770a7fd316db	9a45528b0cc10a584edbbe92f282358e1246723db07f4c4ab87a770a7fd316db-libblockdev-swap2_2.25-2_arm64.deb
libblockdev-utils2	2.25-2	amd64	libblockdev	2.25-2	libblockdev-utils2	arm64	native-arm64	exact-binary-and-source-version	2.25-2	74c1bafce295390b00d198db2c5ede5b2bcf4c9745221ef540e38d99c201b416	74c1bafce295390b00d198db2c5ede5b2bcf4c9745221ef540e38d99c201b416-libblockdev-utils2_2.25-2_arm64.deb
libblockdev2	2.25-2	amd64	libblockdev	2.25-2	libblockdev2	arm64	native-arm64	exact-binary-and-source-version	2.25-2	421375f717ad60532f02c17b1f3b861f017620cb42e3c635d1e7147ef3f0588a	421375f717ad60532f02c17b1f3b861f017620cb42e3c635d1e7147ef3f0588a-libblockdev2_2.25-2_arm64.deb
libbluetooth3	5.55-3.1	amd64	bluez	5.55-3.1	libbluetooth3	arm64	native-arm64	exact-binary-and-source-version	5.55-3.1	8d9bc6f4c55553f566d18d936113888b220d2e0b8e42ea6489d734fa36e1143a	8d9bc6f4c55553f566d18d936113888b220d2e0b8e42ea6489d734fa36e1143a-libbluetooth3_5.55-3.1_arm64.deb
libbluray2	1:1.2.1-4+deb11u2	amd64	libbluray	1:1.2.1-4+deb11u2	libbluray2	arm64	native-arm64	exact-binary-and-source-version	1:1.2.1-4+deb11u2	4a34bb357ed168115d117dbd52af17f912d02e0a84f1a7380447883dc2d2ef9c	4a34bb357ed168115d117dbd52af17f912d02e0a84f1a7380447883dc2d2ef9c-libbluray2_1%3a1.2.1-4+deb11u2_arm64.deb
libboost-iostreams1.74.0	1.74.0-9	amd64	boost1.74	1.74.0-9	libboost-iostreams1.74.0	arm64	native-arm64	exact-binary-and-source-version	1.74.0-9	9f477afd92d0dc004d51279a52d6c92f9785457d84f36504988d00ef6eeabf3f	9f477afd92d0dc004d51279a52d6c92f9785457d84f36504988d00ef6eeabf3f-libboost-iostreams1.74.0_1.74.0-9_arm64.deb
libbpf0	1:0.3-2	amd64	libbpf	0.3-2	libbpf0	arm64	native-arm64	exact-binary-and-source-version	1:0.3-2	1ef325a3bd9e43970cd8e7f9f44b13e36bc935ac496e56d96f715aa69ae7281b	1ef325a3bd9e43970cd8e7f9f44b13e36bc935ac496e56d96f715aa69ae7281b-libbpf0_1%3a0.3-2_arm64.deb
libbrotli1	1.0.9-2+b2	amd64	brotli	1.0.9-2	libbrotli1	arm64	native-arm64	exact-binary-and-source-version	1.0.9-2+b2	52ca7f90de6cb6576a0a5cf5712fc4ae7344b79c44b8a1548087fd5d92bf1f64	52ca7f90de6cb6576a0a5cf5712fc4ae7344b79c44b8a1548087fd5d92bf1f64-libbrotli1_1.0.9-2+b2_arm64.deb
libbs2b0	3.1.0+dfsg-2.2+b1	amd64	libbs2b	3.1.0+dfsg-2.2	libbs2b0	arm64	native-arm64	exact-binary-and-source-version	3.1.0+dfsg-2.2+b1	a900464c3677b73ff7a05524db80f18af3bba1b3ae1bc950ea4a94b27d2000dc	a900464c3677b73ff7a05524db80f18af3bba1b3ae1bc950ea4a94b27d2000dc-libbs2b0_3.1.0+dfsg-2.2+b1_arm64.deb
libbsd0	0.11.3-1	amd64	libbsd	0.11.3-1	libbsd0	arm64	native-arm64	exact-binary-and-source-version	0.11.3-1	b6e7fa54a05e5a3a5e1ec5dceb57a470e9a0883081594aea643ca58264071e7a	b6e7fa54a05e5a3a5e1ec5dceb57a470e9a0883081594aea643ca58264071e7a-libbsd0_0.11.3-1_arm64.deb
libbytesize-common	2.5-1	all	libbytesize	2.5-1	libbytesize-common	all	reuse-all	exact-binary-and-source-version	2.5-1	6a40dde4f176a23a2a6c6e231eb713d9f1de89be865d7527f780f05046762d0f	6a40dde4f176a23a2a6c6e231eb713d9f1de89be865d7527f780f05046762d0f-libbytesize-common_2.5-1_all.deb
libbytesize1	2.5-1	amd64	libbytesize	2.5-1	libbytesize1	arm64	native-arm64	exact-binary-and-source-version	2.5-1	1b2ee02cd3a0a6691c1e6480480d22de92df634c1aed45c25c16d74117b7f97f	1b2ee02cd3a0a6691c1e6480480d22de92df634c1aed45c25c16d74117b7f97f-libbytesize1_2.5-1_arm64.deb
libbz2-1.0	1.0.8-4	amd64	bzip2	1.0.8-4	libbz2-1.0	arm64	native-arm64	exact-binary-and-source-version	1.0.8-4	da340e8470e96445c56966f74e48a9a91dee0fa5c89876e88a4575cc17d17a97	da340e8470e96445c56966f74e48a9a91dee0fa5c89876e88a4575cc17d17a97-libbz2-1.0_1.0.8-4_arm64.deb
libc-bin	2.31-13+deb11u6	amd64	glibc	2.31-13+deb11u6	libc-bin	arm64	native-arm64	exact-binary-and-source-version	2.31-13+deb11u6	2fde95a5f8089a1adbffdbabc40e35df2813c6579a450049b4d996ef8b6c3c85	2fde95a5f8089a1adbffdbabc40e35df2813c6579a450049b4d996ef8b6c3c85-libc-bin_2.31-13+deb11u6_arm64.deb
libc-l10n	2.31-13+deb11u6	all	glibc	2.31-13+deb11u6	libc-l10n	all	reuse-all	exact-binary-and-source-version	2.31-13+deb11u6	5b2f2b3aaffde479a4b520cf47069690c9875830ace48923ac23565647892fad	5b2f2b3aaffde479a4b520cf47069690c9875830ace48923ac23565647892fad-libc-l10n_2.31-13+deb11u6_all.deb
libc6	2.31-13+deb11u6	amd64	glibc	2.31-13+deb11u6	libc6	arm64	native-arm64	exact-binary-and-source-version	2.31-13+deb11u6	e8c9c4134018d8e4e097bdb10dc6886ac833b9459a140b9f0d5273a550058aa0	e8c9c4134018d8e4e097bdb10dc6886ac833b9459a140b9f0d5273a550058aa0-libc6_2.31-13+deb11u6_arm64.deb
libcaca0	0.99.beta19-2.2	amd64	libcaca	0.99.beta19-2.2	libcaca0	arm64	native-arm64	exact-binary-and-source-version	0.99.beta19-2.2	83e458423ee3314cc9c28d91105fbd80377dbca763e9fca92f50d1b747a50cb0	83e458423ee3314cc9c28d91105fbd80377dbca763e9fca92f50d1b747a50cb0-libcaca0_0.99.beta19-2.2_arm64.deb
libcairo-gobject-perl	1.005-2+b2	amd64	libcairo-gobject-perl	1.005-2	libcairo-gobject-perl	arm64	native-arm64	exact-binary-and-source-version	1.005-2+b2	6860da99901cc2953d057e577e2742bf154c6afe674ff867c832cf8639f15c50	6860da99901cc2953d057e577e2742bf154c6afe674ff867c832cf8639f15c50-libcairo-gobject-perl_1.005-2+b2_arm64.deb
libcairo-gobject2	1.16.0-5	amd64	cairo	1.16.0-5	libcairo-gobject2	arm64	native-arm64	exact-binary-and-source-version	1.16.0-5	971311ba4fa99a4611205b2f7fbb8278b3798faf3409336e6f0b0d32106f7b7b	971311ba4fa99a4611205b2f7fbb8278b3798faf3409336e6f0b0d32106f7b7b-libcairo-gobject2_1.16.0-5_arm64.deb
libcairo-perl	1.109-1	amd64	libcairo-perl	1.109-1	libcairo-perl	arm64	native-arm64	exact-binary-and-source-version	1.109-1	16fb5c876e3aeebfa07eb21004d16c7c62a83520e6c66541ac210b8e40b128c7	16fb5c876e3aeebfa07eb21004d16c7c62a83520e6c66541ac210b8e40b128c7-libcairo-perl_1.109-1_arm64.deb
libcairo2	1.16.0-5	amd64	cairo	1.16.0-5	libcairo2	arm64	native-arm64	exact-binary-and-source-version	1.16.0-5	5b18336974b045dda5fbd64799f06247f6b216ee54f3391adc90f0bf81596de5	5b18336974b045dda5fbd64799f06247f6b216ee54f3391adc90f0bf81596de5-libcairo2_1.16.0-5_arm64.deb
libcairomm-1.0-1v5	1.12.2-4	amd64	cairomm	1.12.2-4	libcairomm-1.0-1v5	arm64	native-arm64	exact-binary-and-source-version	1.12.2-4	09678589f76597ce68e08cf1b3f6b4fc3fd4ade1a48aad9077760db08b32df9c	09678589f76597ce68e08cf1b3f6b4fc3fd4ade1a48aad9077760db08b32df9c-libcairomm-1.0-1v5_1.12.2-4_arm64.deb
libcamel-1.2-62	3.38.3-1+deb11u2	amd64	evolution-data-server	3.38.3-1+deb11u2	libcamel-1.2-62	arm64	native-arm64	exact-binary-and-source-version	3.38.3-1+deb11u2	f23fa31fc0b7c5840a7e2baa1f069ca47dcaf5da32336ea4092cb3fbc51c9dbb	f23fa31fc0b7c5840a7e2baa1f069ca47dcaf5da32336ea4092cb3fbc51c9dbb-libcamel-1.2-62_3.38.3-1+deb11u2_arm64.deb
libcanberra-gtk-module	0.30-7	amd64	libcanberra	0.30-7	libcanberra-gtk-module	arm64	native-arm64	exact-binary-and-source-version	0.30-7	5eaa417ff58aeb266e297cfc41ca0f7b019f2e03eac670a84d95723ba78aeff6	5eaa417ff58aeb266e297cfc41ca0f7b019f2e03eac670a84d95723ba78aeff6-libcanberra-gtk-module_0.30-7_arm64.deb
libcanberra-gtk0	0.30-7	amd64	libcanberra	0.30-7	libcanberra-gtk0	arm64	native-arm64	exact-binary-and-source-version	0.30-7	0ade1d114f0afb354830a96761bddf4f0af0280290892f68c66731d39c79c258	0ade1d114f0afb354830a96761bddf4f0af0280290892f68c66731d39c79c258-libcanberra-gtk0_0.30-7_arm64.deb
libcanberra-gtk3-0	0.30-7	amd64	libcanberra	0.30-7	libcanberra-gtk3-0	arm64	native-arm64	exact-binary-and-source-version	0.30-7	2dcc3870ce307a5aaf08426d40ba2150785a3bb8687fec0850df57bb77eb2371	2dcc3870ce307a5aaf08426d40ba2150785a3bb8687fec0850df57bb77eb2371-libcanberra-gtk3-0_0.30-7_arm64.deb
libcanberra-gtk3-module	0.30-7	amd64	libcanberra	0.30-7	libcanberra-gtk3-module	arm64	native-arm64	exact-binary-and-source-version	0.30-7	d6b6b8bc932e43eeab5dac40fd2adce9490e6c255a780a31d870be8d6ad705d5	d6b6b8bc932e43eeab5dac40fd2adce9490e6c255a780a31d870be8d6ad705d5-libcanberra-gtk3-module_0.30-7_arm64.deb
libcanberra-pulse	0.30-7	amd64	libcanberra	0.30-7	libcanberra-pulse	arm64	native-arm64	exact-binary-and-source-version	0.30-7	da592d9d8ae54cbce6095c7f6c43223f8b9e2faf6e29d7ce68a943e9fb240411	da592d9d8ae54cbce6095c7f6c43223f8b9e2faf6e29d7ce68a943e9fb240411-libcanberra-pulse_0.30-7_arm64.deb
libcanberra0	0.30-7	amd64	libcanberra	0.30-7	libcanberra0	arm64	native-arm64	exact-binary-and-source-version	0.30-7	ca2cb45891290826394d007496fd7b5aee1d21d75e563fa56ae5c3b8340175b5	ca2cb45891290826394d007496fd7b5aee1d21d75e563fa56ae5c3b8340175b5-libcanberra0_0.30-7_arm64.deb
libcap-ng0	0.7.9-2.2+b1	amd64	libcap-ng	0.7.9-2.2	libcap-ng0	arm64	native-arm64	exact-binary-and-source-version	0.7.9-2.2+b1	b7b14e0b7747872f04691efe6c126de5ed0bf1dc200f51b93039cc2f4a65a96a	b7b14e0b7747872f04691efe6c126de5ed0bf1dc200f51b93039cc2f4a65a96a-libcap-ng0_0.7.9-2.2+b1_arm64.deb
libcap2	1:2.44-1	amd64	libcap2	1:2.44-1	libcap2	arm64	native-arm64	exact-binary-and-source-version	1:2.44-1	7c5729a1cfd14876685217c5f0545301e7ff1b839262fb487d6a778e8cd8c05a	7c5729a1cfd14876685217c5f0545301e7ff1b839262fb487d6a778e8cd8c05a-libcap2_1%3a2.44-1_arm64.deb
libcap2-bin	1:2.44-1	amd64	libcap2	1:2.44-1	libcap2-bin	arm64	native-arm64	exact-binary-and-source-version	1:2.44-1	37915f4cc73cfaef7862043f2bdad062d1b1639df04c511665f1f9321c84d0db	37915f4cc73cfaef7862043f2bdad062d1b1639df04c511665f1f9321c84d0db-libcap2-bin_1%3a2.44-1_arm64.deb
libcdio-cdda2	10.2+2.0.0-1+b2	amd64	libcdio-paranoia	10.2+2.0.0-1	libcdio-cdda2	arm64	native-arm64	exact-binary-and-source-version	10.2+2.0.0-1+b2	ac36b0852b8f24adf7be6f5403ebafdc0d460016e5e05311452bd0f41c7c4f8a	ac36b0852b8f24adf7be6f5403ebafdc0d460016e5e05311452bd0f41c7c4f8a-libcdio-cdda2_10.2+2.0.0-1+b2_arm64.deb
libcdio-paranoia2	10.2+2.0.0-1+b2	amd64	libcdio-paranoia	10.2+2.0.0-1	libcdio-paranoia2	arm64	native-arm64	exact-binary-and-source-version	10.2+2.0.0-1+b2	8a6b4c2df7cef08c3db103bbd94ba45d47ce388296384fa679f6d07d246d054a	8a6b4c2df7cef08c3db103bbd94ba45d47ce388296384fa679f6d07d246d054a-libcdio-paranoia2_10.2+2.0.0-1+b2_arm64.deb
libcdio19	2.1.0-2	amd64	libcdio	2.1.0-2	libcdio19	arm64	native-arm64	exact-binary-and-source-version	2.1.0-2	97b69a7b22d2b924388665d3227a64bc99936b2ad1168683b2cbefa142861af8	97b69a7b22d2b924388665d3227a64bc99936b2ad1168683b2cbefa142861af8-libcdio19_2.1.0-2_arm64.deb
libcdparanoia0	3.10.2+debian-13.1	amd64	cdparanoia	3.10.2+debian-13.1	libcdparanoia0	arm64	native-arm64	exact-binary-and-source-version	3.10.2+debian-13.1	9c3886d3bbea3311fdd7051b9f2fbee54f4f88dba19c1da0cf2c9ae22679f048	9c3886d3bbea3311fdd7051b9f2fbee54f4f88dba19c1da0cf2c9ae22679f048-libcdparanoia0_3.10.2+debian-13.1_arm64.deb
libcheese-gtk25	3.38.0-3	amd64	cheese	3.38.0-3	libcheese-gtk25	arm64	native-arm64	exact-binary-and-source-version	3.38.0-3	c01f75139eaf5786341494c04ac4b67fbf384ccd87bf2a771ae3eb7bf2a9b276	c01f75139eaf5786341494c04ac4b67fbf384ccd87bf2a771ae3eb7bf2a9b276-libcheese-gtk25_3.38.0-3_arm64.deb
libcheese8	3.38.0-3	amd64	cheese	3.38.0-3	libcheese8	arm64	native-arm64	exact-binary-and-source-version	3.38.0-3	bd998caa79dab179d3add67bc9d77bf242083e83fdbf4136acf75aa7f1a16793	bd998caa79dab179d3add67bc9d77bf242083e83fdbf4136acf75aa7f1a16793-libcheese8_3.38.0-3_arm64.deb
libchromaprint1	1.5.0-2	amd64	chromaprint	1.5.0-2	libchromaprint1	arm64	native-arm64	exact-binary-and-source-version	1.5.0-2	b2462da2f97fdd9ff14861451309ce3d86c4a579422c41dbdf858b2d1cfd237d	b2462da2f97fdd9ff14861451309ce3d86c4a579422c41dbdf858b2d1cfd237d-libchromaprint1_1.5.0-2_arm64.deb
libclutter-1.0-0	1.26.4+dfsg-2	amd64	clutter-1.0	1.26.4+dfsg-2	libclutter-1.0-0	arm64	native-arm64	exact-binary-and-source-version	1.26.4+dfsg-2	899eadfb895cdebcc80e91f06d7052dc0de135b2d353075bfcf62bb7371d5dde	899eadfb895cdebcc80e91f06d7052dc0de135b2d353075bfcf62bb7371d5dde-libclutter-1.0-0_1.26.4+dfsg-2_arm64.deb
libclutter-gst-3.0-0	3.0.27-2	amd64	clutter-gst-3.0	3.0.27-2	libclutter-gst-3.0-0	arm64	native-arm64	exact-binary-and-source-version	3.0.27-2	c39b81bbe8782d90ceb0ab6e9a2f822ac1e7eac6f06f82d25eaf5edb81c4dde6	c39b81bbe8782d90ceb0ab6e9a2f822ac1e7eac6f06f82d25eaf5edb81c4dde6-libclutter-gst-3.0-0_3.0.27-2_arm64.deb
libclutter-gtk-1.0-0	1.8.4-4	amd64	clutter-gtk	1.8.4-4	libclutter-gtk-1.0-0	arm64	native-arm64	exact-binary-and-source-version	1.8.4-4	7647bb76576189b38cc28ce9a66d81cf141363910dd839ac58f87cd044e98c69	7647bb76576189b38cc28ce9a66d81cf141363910dd839ac58f87cd044e98c69-libclutter-gtk-1.0-0_1.8.4-4_arm64.deb
libcodec2-0.9	0.9.2-4	amd64	codec2	0.9.2-4	libcodec2-0.9	arm64	native-arm64	exact-binary-and-source-version	0.9.2-4	325c2106a587e3c054b31cf6ab8325f61a32f141eee2cea3f2eaa0423b3398d5	325c2106a587e3c054b31cf6ab8325f61a32f141eee2cea3f2eaa0423b3398d5-libcodec2-0.9_0.9.2-4_arm64.deb
libcogl-pango20	1.22.8-2	amd64	cogl	1.22.8-2	libcogl-pango20	arm64	native-arm64	exact-binary-and-source-version	1.22.8-2	78bd0bbf857a2e72ea29eb9dd6c21471dc21fbde66cef8fe993c6f29a87113cd	78bd0bbf857a2e72ea29eb9dd6c21471dc21fbde66cef8fe993c6f29a87113cd-libcogl-pango20_1.22.8-2_arm64.deb
libcogl-path20	1.22.8-2	amd64	cogl	1.22.8-2	libcogl-path20	arm64	native-arm64	exact-binary-and-source-version	1.22.8-2	b79c5b8bd9bced86f6de04e44301a954ed3f1830ca7489ec27dfe0889b0d47bb	b79c5b8bd9bced86f6de04e44301a954ed3f1830ca7489ec27dfe0889b0d47bb-libcogl-path20_1.22.8-2_arm64.deb
libcogl20	1.22.8-2	amd64	cogl	1.22.8-2	libcogl20	arm64	native-arm64	exact-binary-and-source-version	1.22.8-2	45cdb69e48c83953f8dd332d8cdb520599d64dd7f5a43458f8b64b91244b20f8	45cdb69e48c83953f8dd332d8cdb520599d64dd7f5a43458f8b64b91244b20f8-libcogl20_1.22.8-2_arm64.deb
libcolord-gtk1	0.1.26-2	amd64	colord-gtk	0.1.26-2	libcolord-gtk1	arm64	native-arm64	exact-binary-and-source-version	0.1.26-2	f60497bbcc57473532eb8ab55953b107ff60a38e694bced9da5c42747bc70de8	f60497bbcc57473532eb8ab55953b107ff60a38e694bced9da5c42747bc70de8-libcolord-gtk1_0.1.26-2_arm64.deb
libcolord2	1.4.5-3	amd64	colord	1.4.5-3	libcolord2	arm64	native-arm64	exact-binary-and-source-version	1.4.5-3	6b0d8c1debb73d9d4a97f38804e46e384d28869c6d4458d5fe807d207eecf7a6	6b0d8c1debb73d9d4a97f38804e46e384d28869c6d4458d5fe807d207eecf7a6-libcolord2_1.4.5-3_arm64.deb
libcolorhug2	1.4.5-3	amd64	colord	1.4.5-3	libcolorhug2	arm64	native-arm64	exact-binary-and-source-version	1.4.5-3	2108ed8ea982c61806543350d29eecc82591a32a0d0a7479e9b4d8b117c1e938	2108ed8ea982c61806543350d29eecc82591a32a0d0a7479e9b4d8b117c1e938-libcolorhug2_1.4.5-3_arm64.deb
libcom-err2	1.46.2-2	amd64	e2fsprogs	1.46.2-2	libcom-err2	arm64	native-arm64	exact-binary-and-source-version	1.46.2-2	fc95d415c35f5b687871f660a5bf66963fd117daa490110499119411e2d6145e	fc95d415c35f5b687871f660a5bf66963fd117daa490110499119411e2d6145e-libcom-err2_1.46.2-2_arm64.deb
libcrack2	2.9.6-3.4	amd64	cracklib2	2.9.6-3.4	libcrack2	arm64	native-arm64	exact-binary-and-source-version	2.9.6-3.4	4b1a64a5fbf358dbb66f003dd53b6a121abc30d462059e45832a7b37e33cc69f	4b1a64a5fbf358dbb66f003dd53b6a121abc30d462059e45832a7b37e33cc69f-libcrack2_2.9.6-3.4_arm64.deb
libcrypt1	1:4.4.18-4	amd64	libxcrypt	1:4.4.18-4	libcrypt1	arm64	native-arm64	exact-binary-and-source-version	1:4.4.18-4	22b586b29e840dabebf0bf227d233376628b87954915d064bc142ae85d1b7979	22b586b29e840dabebf0bf227d233376628b87954915d064bc142ae85d1b7979-libcrypt1_1%3a4.4.18-4_arm64.deb
libcryptsetup12	2:2.3.7-1+deb11u1	amd64	cryptsetup	2:2.3.7-1+deb11u1	libcryptsetup12	arm64	native-arm64	exact-binary-and-source-version	2:2.3.7-1+deb11u1	01c6b88fa49aa01bb574023de317e750f8b6ef9fc6e0f1b52114fabdd2f8846a	01c6b88fa49aa01bb574023de317e750f8b6ef9fc6e0f1b52114fabdd2f8846a-libcryptsetup12_2%3a2.3.7-1+deb11u1_arm64.deb
libctf-nobfd0	2.35.2-2	amd64	binutils	2.35.2-2	libctf-nobfd0	arm64	native-arm64	exact-binary-and-source-version	2.35.2-2	c5e96863d481de39e224fa9269e2e5716faf9e583f8fa93723dabd55b028b319	c5e96863d481de39e224fa9269e2e5716faf9e583f8fa93723dabd55b028b319-libctf-nobfd0_2.35.2-2_arm64.deb
libctf0	2.35.2-2	amd64	binutils	2.35.2-2	libctf0	arm64	native-arm64	exact-binary-and-source-version	2.35.2-2	9f0b5320bde7069030d9dcded5cdc395c77fd2b8478cf8ccfcaf2d1bbe145105	9f0b5320bde7069030d9dcded5cdc395c77fd2b8478cf8ccfcaf2d1bbe145105-libctf0_2.35.2-2_arm64.deb
libcue2	2.2.1-3	amd64	libcue	2.2.1-3	libcue2	arm64	native-arm64	exact-binary-and-source-version	2.2.1-3	8df5f36839d25e1b69eb455e0e62bdcb722d89922565b725ed7adabbd109324a	8df5f36839d25e1b69eb455e0e62bdcb722d89922565b725ed7adabbd109324a-libcue2_2.2.1-3_arm64.deb
libcups2	2.3.3op2-3+deb11u2	amd64	cups	2.3.3op2-3+deb11u2	libcups2	arm64	native-arm64	exact-binary-and-source-version	2.3.3op2-3+deb11u2	2cc0cc8b35bb52b9fd6c3184d6161676d8f26e989a45d7d346edd942084471f6	2cc0cc8b35bb52b9fd6c3184d6161676d8f26e989a45d7d346edd942084471f6-libcups2_2.3.3op2-3+deb11u2_arm64.deb
libcupsfilters1	1.28.7-1+deb11u2	amd64	cups-filters	1.28.7-1+deb11u2	libcupsfilters1	arm64	native-arm64	exact-binary-and-source-version	1.28.7-1+deb11u2	fad988747ced77a99b72de82d28ec5c7576635de1b1bbb2ca54fa54e53b09889	fad988747ced77a99b72de82d28ec5c7576635de1b1bbb2ca54fa54e53b09889-libcupsfilters1_1.28.7-1+deb11u2_arm64.deb
libcupsimage2	2.3.3op2-3+deb11u2	amd64	cups	2.3.3op2-3+deb11u2	libcupsimage2	arm64	native-arm64	exact-binary-and-source-version	2.3.3op2-3+deb11u2	09e0174e09ba1c0e7f33a061b310c53b27d4d56642c43a52dfdd0c783a438679	09e0174e09ba1c0e7f33a061b310c53b27d4d56642c43a52dfdd0c783a438679-libcupsimage2_2.3.3op2-3+deb11u2_arm64.deb
libcurl3-gnutls	7.74.0-1.3+deb11u7	amd64	curl	7.74.0-1.3+deb11u7	libcurl3-gnutls	arm64	native-arm64	exact-binary-and-source-version	7.74.0-1.3+deb11u7	70f488ceac3d541c6ccedb57f3806221d2cd593a2fbd4ffd8ceb56a8588accbd	70f488ceac3d541c6ccedb57f3806221d2cd593a2fbd4ffd8ceb56a8588accbd-libcurl3-gnutls_7.74.0-1.3+deb11u7_arm64.deb
libcurl4	7.74.0-1.3+deb11u7	amd64	curl	7.74.0-1.3+deb11u7	libcurl4	arm64	native-arm64	exact-binary-and-source-version	7.74.0-1.3+deb11u7	96c1bea7007467221fcda39ad87812a1e4ca316ae0a7526e4ca801efdfa8b067	96c1bea7007467221fcda39ad87812a1e4ca316ae0a7526e4ca801efdfa8b067-libcurl4_7.74.0-1.3+deb11u7_arm64.deb
libcwidget4	0.5.18-5	amd64	cwidget	0.5.18-5	libcwidget4	arm64	native-arm64	exact-binary-and-source-version	0.5.18-5	a0cb6c47d614aca848b702dc2480d6ac9f39ed383b79231c50221e9e90b315f4	a0cb6c47d614aca848b702dc2480d6ac9f39ed383b79231c50221e9e90b315f4-libcwidget4_0.5.18-5_arm64.deb
libdatrie1	0.2.13-1	amd64	libdatrie	0.2.13-1	libdatrie1	arm64	native-arm64	exact-binary-and-source-version	0.2.13-1	e2953eec7abf0addebb53d6690a5b52b0e8429492328636e495ce016d819c4c7	e2953eec7abf0addebb53d6690a5b52b0e8429492328636e495ce016d819c4c7-libdatrie1_0.2.13-1_arm64.deb
libdav1d4	0.7.1-3	amd64	dav1d	0.7.1-3	libdav1d4	arm64	native-arm64	exact-binary-and-source-version	0.7.1-3	4ec26df2faceb35a9d0d821e4ad4a15ff899b07dea83263ccd51d38c57d8c760	4ec26df2faceb35a9d0d821e4ad4a15ff899b07dea83263ccd51d38c57d8c760-libdav1d4_0.7.1-3_arm64.deb
libdb5.3	5.3.28+dfsg1-0.8	amd64	db5.3	5.3.28+dfsg1-0.8	libdb5.3	arm64	native-arm64	exact-binary-and-source-version	5.3.28+dfsg1-0.8	cf9aa3eae9cfc4c84f93e32f3d11e2707146e4d9707712909e3c61530b50353e	cf9aa3eae9cfc4c84f93e32f3d11e2707146e4d9707712909e3c61530b50353e-libdb5.3_5.3.28+dfsg1-0.8_arm64.deb
libdbus-1-3	1.12.24-0+deb11u1	amd64	dbus	1.12.24-0+deb11u1	libdbus-1-3	arm64	native-arm64	exact-binary-and-source-version	1.12.24-0+deb11u1	adfe6e1cb49a6716967d20117220a597d2b53ae58056f869bbacfc51ed6f0ba2	adfe6e1cb49a6716967d20117220a597d2b53ae58056f869bbacfc51ed6f0ba2-libdbus-1-3_1.12.24-0+deb11u1_arm64.deb
libdbus-glib-1-2	0.110-6	amd64	dbus-glib	0.110-6	libdbus-glib-1-2	arm64	native-arm64	exact-binary-and-source-version	0.110-6	2eaf2449256e68610cb3e2e7bd88f10a99fcfa4f866018155072e5bb1dbe9312	2eaf2449256e68610cb3e2e7bd88f10a99fcfa4f866018155072e5bb1dbe9312-libdbus-glib-1-2_0.110-6_arm64.deb
libdbusmenu-glib4	18.10.20180917~bzr492+repack1-2	amd64	libdbusmenu	18.10.20180917~bzr492+repack1-2	libdbusmenu-glib4	arm64	native-arm64	exact-binary-and-source-version	18.10.20180917~bzr492+repack1-2	a2dba57f752aec52b83d3a9047c301174b41d047ddfb156b19ef4f5e2cbd4b0e	a2dba57f752aec52b83d3a9047c301174b41d047ddfb156b19ef4f5e2cbd4b0e-libdbusmenu-glib4_18.10.20180917~bzr492+repack1-2_arm64.deb
libdbusmenu-gtk3-4	18.10.20180917~bzr492+repack1-2	amd64	libdbusmenu	18.10.20180917~bzr492+repack1-2	libdbusmenu-gtk3-4	arm64	native-arm64	exact-binary-and-source-version	18.10.20180917~bzr492+repack1-2	aef37ef1b690a0eb44ef166b7f70cb479911a2c6e7d99ae6fe3983486af2795e	aef37ef1b690a0eb44ef166b7f70cb479911a2c6e7d99ae6fe3983486af2795e-libdbusmenu-gtk3-4_18.10.20180917~bzr492+repack1-2_arm64.deb
libdc1394-25	2.2.6-3	amd64	libdc1394	2.2.6-3	libdc1394-25	arm64	native-arm64	exact-binary-and-source-version	2.2.6-3	09ba9019e1797379a0b662fe24309887a2c6c3e6e8de32f6e33704c65bccdbd4	09ba9019e1797379a0b662fe24309887a2c6c3e6e8de32f6e33704c65bccdbd4-libdc1394-25_2.2.6-3_arm64.deb
libdca0	0.0.7-2	amd64	libdca	0.0.7-2	libdca0	arm64	native-arm64	exact-binary-and-source-version	0.0.7-2	3263ecd4b5aed7031bce65daa7883a1e10c1084e67b10874925d862495809a83	3263ecd4b5aed7031bce65daa7883a1e10c1084e67b10874925d862495809a83-libdca0_0.0.7-2_arm64.deb
libdconf1	0.38.0-2	amd64	dconf	0.38.0-2	libdconf1	arm64	native-arm64	exact-binary-and-source-version	0.38.0-2	c89b11d34fbba55da7fc8a43fda7975eec59cd1b65695d485b7139815c44fb65	c89b11d34fbba55da7fc8a43fda7975eec59cd1b65695d485b7139815c44fb65-libdconf1_0.38.0-2_arm64.deb
libde265-0	1.0.11-0+deb11u1	amd64	libde265	1.0.11-0+deb11u1	libde265-0	arm64	native-arm64	exact-binary-and-source-version	1.0.11-0+deb11u1	5f0ecf8db23bd52925cf74c23d20e1e7f5f833c94e1ea9952ac3b6c11fc48000	5f0ecf8db23bd52925cf74c23d20e1e7f5f833c94e1ea9952ac3b6c11fc48000-libde265-0_1.0.11-0+deb11u1_arm64.deb
libdebconfclient0	0.260	amd64	cdebconf	0.260	libdebconfclient0	arm64	native-arm64	exact-binary-and-source-version	0.260	062b8fb5a76e8ee67479e05a857361109457ecf776e8bd3b755e225f9f36970a	062b8fb5a76e8ee67479e05a857361109457ecf776e8bd3b755e225f9f36970a-libdebconfclient0_0.260_arm64.deb
libdee-1.0-4	1.2.7+17.10.20170616-6+b1	amd64	dee	1.2.7+17.10.20170616-6	libdee-1.0-4	arm64	native-arm64	exact-binary-and-source-version	1.2.7+17.10.20170616-6+b1	a03863111db2dbf78d50ec4e8eaab0388102ed7e9bb8ab459d64e7af9a736628	a03863111db2dbf78d50ec4e8eaab0388102ed7e9bb8ab459d64e7af9a736628-libdee-1.0-4_1.2.7+17.10.20170616-6+b1_arm64.deb
libdeflate0	1.7-1	amd64	libdeflate	1.7-1	libdeflate0	arm64	native-arm64	exact-binary-and-source-version	1.7-1	a1adc22600ea5e44e8ea715972ac2af7994cc7ff4d94bba8e8b01abb9ddbdfd0	a1adc22600ea5e44e8ea715972ac2af7994cc7ff4d94bba8e8b01abb9ddbdfd0-libdeflate0_1.7-1_arm64.deb
libdevmapper1.02.1	2:1.02.175-2.1	amd64	lvm2	2.03.11-2.1	libdevmapper1.02.1	arm64	native-arm64	exact-binary-and-source-version	2:1.02.175-2.1	b253246acaca9f39967d914bfda3a8e74a41eb87c67508fd02523fbd37457292	b253246acaca9f39967d914bfda3a8e74a41eb87c67508fd02523fbd37457292-libdevmapper1.02.1_2%3a1.02.175-2.1_arm64.deb
libdns-export1110	1:9.11.19+dfsg-2.1	amd64	bind9-libs	1:9.11.19+dfsg-2.1	libdns-export1110	arm64	native-arm64	exact-binary-and-source-version	1:9.11.19+dfsg-2.1	89dd3066b984ff7ea4500f4bf2aa0ffb2fd314484a11a081bf5b5e0c71c13b2f	89dd3066b984ff7ea4500f4bf2aa0ffb2fd314484a11a081bf5b5e0c71c13b2f-libdns-export1110_1%3a9.11.19+dfsg-2.1_arm64.deb
libdouble-conversion3	3.1.5-6.1	amd64	double-conversion	3.1.5-6.1	libdouble-conversion3	arm64	native-arm64	exact-binary-and-source-version	3.1.5-6.1	63b41ee55d95505e4dcd7ec6f7bb840fdc5a0527f6ecd29069f6ce7ff8536ba2	63b41ee55d95505e4dcd7ec6f7bb840fdc5a0527f6ecd29069f6ce7ff8536ba2-libdouble-conversion3_3.1.5-6.1_arm64.deb
libdpkg-perl	1.20.12+grm3u1	all	dpkg	1.20.12+grm3u1	libdpkg-perl	all	reuse-all	exact-binary-and-source-version	1.20.12+grm3u1	3252d345979bdc8e26e0913ba8d47d90e5bd769024c247b67b2608cfb0fbf128	3252d345979bdc8e26e0913ba8d47d90e5bd769024c247b67b2608cfb0fbf128-libdpkg-perl_1.20.12+grm3u1_all.deb
libdrm-amdgpu1	2.4.104-1	amd64	libdrm	2.4.104-1	libdrm-amdgpu1	arm64	native-arm64	exact-binary-and-source-version	2.4.104-1	660f8dced02cb67826e61a91e09101d70c904ff0231d6696d6b45dbd789e86cb	660f8dced02cb67826e61a91e09101d70c904ff0231d6696d6b45dbd789e86cb-libdrm-amdgpu1_2.4.104-1_arm64.deb
libdrm-common	2.4.104-1	all	libdrm	2.4.104-1	libdrm-common	all	reuse-all	exact-binary-and-source-version	2.4.104-1	60c69026fb8e4cfdf8d80a4a86ee30516c611dcc4de4aa1c8ccbf06dff563e2b	60c69026fb8e4cfdf8d80a4a86ee30516c611dcc4de4aa1c8ccbf06dff563e2b-libdrm-common_2.4.104-1_all.deb
libdrm-nouveau2	2.4.104-1	amd64	libdrm	2.4.104-1	libdrm-nouveau2	arm64	native-arm64	exact-binary-and-source-version	2.4.104-1	d54e628289717d6751367767e9b1867ed8b863890a64724cda4e76f3be773cde	d54e628289717d6751367767e9b1867ed8b863890a64724cda4e76f3be773cde-libdrm-nouveau2_2.4.104-1_arm64.deb
libdrm-radeon1	2.4.104-1	amd64	libdrm	2.4.104-1	libdrm-radeon1	arm64	native-arm64	exact-binary-and-source-version	2.4.104-1	e8ecdbc425f3ce293d85eb43bd759f657db9eccef24637c4edb36a147fed93cb	e8ecdbc425f3ce293d85eb43bd759f657db9eccef24637c4edb36a147fed93cb-libdrm-radeon1_2.4.104-1_arm64.deb
libdrm2	2.4.104-1	amd64	libdrm	2.4.104-1	libdrm2	arm64	native-arm64	exact-binary-and-source-version	2.4.104-1	1dc606aa361307a8c5277c2a5ddedea40a4125874e887c98e82b33dacaa853b0	1dc606aa361307a8c5277c2a5ddedea40a4125874e887c98e82b33dacaa853b0-libdrm2_2.4.104-1_arm64.deb
libdv4	1.0.0-13	amd64	libdv	1.0.0-13	libdv4	arm64	native-arm64	exact-binary-and-source-version	1.0.0-13	cd32532a1ded7f2a159ade41db771845572271a1986b8d6af1ac2ff1c5d507ba	cd32532a1ded7f2a159ade41db771845572271a1986b8d6af1ac2ff1c5d507ba-libdv4_1.0.0-13_arm64.deb
libdvdnav4	6.1.0-1+b1	amd64	libdvdnav	6.1.0-1	libdvdnav4	arm64	native-arm64	exact-binary-and-source-version	6.1.0-1+b1	7f62541bc9116c2074d5f89ddbdf16310ea2d37fe831bea5b2b27940218da335	7f62541bc9116c2074d5f89ddbdf16310ea2d37fe831bea5b2b27940218da335-libdvdnav4_6.1.0-1+b1_arm64.deb
libdvdread8	6.1.1-2	amd64	libdvdread	6.1.1-2	libdvdread8	arm64	native-arm64	exact-binary-and-source-version	6.1.1-2	0a8acd661ee3e12b7c5b484fdce8e98d7d4f42f9714a5e6ca0f1d00927956d16	0a8acd661ee3e12b7c5b484fdce8e98d7d4f42f9714a5e6ca0f1d00927956d16-libdvdread8_6.1.1-2_arm64.deb
libdw1	0.183-1	amd64	elfutils	0.183-1	libdw1	arm64	native-arm64	exact-binary-and-source-version	0.183-1	66805e4b00001a0e76ea5291705942b542be53e8d1149867cfbd4cd5fd92285f	66805e4b00001a0e76ea5291705942b542be53e8d1149867cfbd4cd5fd92285f-libdw1_0.183-1_arm64.deb
libecal-2.0-1	3.38.3-1+deb11u2	amd64	evolution-data-server	3.38.3-1+deb11u2	libecal-2.0-1	arm64	native-arm64	exact-binary-and-source-version	3.38.3-1+deb11u2	163fd6f07457d2ec8a8c7bf3664d8f9412c9ee59423ba4c77f4cb1cd7bc8ba3d	163fd6f07457d2ec8a8c7bf3664d8f9412c9ee59423ba4c77f4cb1cd7bc8ba3d-libecal-2.0-1_3.38.3-1+deb11u2_arm64.deb
libecryptfs1	111-5	amd64	ecryptfs-utils	111-5	libecryptfs1	arm64	native-arm64	exact-binary-and-source-version	111-5	61a994070803aa2f9c73272f4460a6f449dbd4e563fbf9148eb85b0c15a89978	61a994070803aa2f9c73272f4460a6f449dbd4e563fbf9148eb85b0c15a89978-libecryptfs1_111-5_arm64.deb
libedataserver-1.2-25	3.38.3-1+deb11u2	amd64	evolution-data-server	3.38.3-1+deb11u2	libedataserver-1.2-25	arm64	native-arm64	exact-binary-and-source-version	3.38.3-1+deb11u2	a7a63e449d3ae04b18070acfa2f0042f96028b7c43f665e8c45a7cafcb5057b1	a7a63e449d3ae04b18070acfa2f0042f96028b7c43f665e8c45a7cafcb5057b1-libedataserver-1.2-25_3.38.3-1+deb11u2_arm64.deb
libedit2	3.1-20191231-2+b1	amd64	libedit	3.1-20191231-2	libedit2	arm64	native-arm64	exact-binary-and-source-version	3.1-20191231-2+b1	43cbfd69ef591a66cfd06aedf930e3fc3c370b3a7ad514a33399d0e1a4d7343e	43cbfd69ef591a66cfd06aedf930e3fc3c370b3a7ad514a33399d0e1a4d7343e-libedit2_3.1-20191231-2+b1_arm64.deb
libefiboot1	37-6	amd64	efivar	37-6	libefiboot1	arm64	native-arm64	exact-binary-and-source-version	37-6	7d5825ad3ffc68eb8f2934409d23a80db41748c5a212578c5aa08a292702e193	7d5825ad3ffc68eb8f2934409d23a80db41748c5a212578c5aa08a292702e193-libefiboot1_37-6_arm64.deb
libefivar1	37-6	amd64	efivar	37-6	libefivar1	arm64	native-arm64	exact-binary-and-source-version	37-6	b00a8b0d96e5ed2da5d4fb5e1ea6b1aa09aed4770db84affbca3f9d74d7ba207	b00a8b0d96e5ed2da5d4fb5e1ea6b1aa09aed4770db84affbca3f9d74d7ba207-libefivar1_37-6_arm64.deb
libegl-mesa0	20.3.5-1	amd64	mesa	20.3.5-1	libegl-mesa0	arm64	native-arm64	exact-binary-and-source-version	20.3.5-1	cf0ea87393d134d49145798357725a044c80ee2d48fc8920490e15282aa4dca5	cf0ea87393d134d49145798357725a044c80ee2d48fc8920490e15282aa4dca5-libegl-mesa0_20.3.5-1_arm64.deb
libegl1	1.3.2-1	amd64	libglvnd	1.3.2-1	libegl1	arm64	native-arm64	exact-binary-and-source-version	1.3.2-1	4b531a79399010d3377ce9b6094c8f5f3508bd18ea5b32008a6a1ec16e019a81	4b531a79399010d3377ce9b6094c8f5f3508bd18ea5b32008a6a1ec16e019a81-libegl1_1.3.2-1_arm64.deb
libelf1	0.183-1	amd64	elfutils	0.183-1	libelf1	arm64	native-arm64	exact-binary-and-source-version	0.183-1	12e14110cd66b3bf0564e3b184985b3e91c9cd76e909531a7f7bd2cb9b35a1f3	12e14110cd66b3bf0564e3b184985b3e91c9cd76e909531a7f7bd2cb9b35a1f3-libelf1_0.183-1_arm64.deb
libenchant-2-2	2.2.15-1	amd64	enchant-2	2.2.15-1	libenchant-2-2	arm64	native-arm64	exact-binary-and-source-version	2.2.15-1	54efd36eed32db7c2b2f7997c744c01c400c0997a0ca7b752a1b1a446a9558b3	54efd36eed32db7c2b2f7997c744c01c400c0997a0ca7b752a1b1a446a9558b3-libenchant-2-2_2.2.15-1_arm64.deb
libepoxy0	1.5.5-1	amd64	libepoxy	1.5.5-1	libepoxy0	arm64	native-arm64	exact-binary-and-source-version	1.5.5-1	cc66fbfd7b08de406873d792b07f17e19e70e37c8255fe33335b57d17379fdd5	cc66fbfd7b08de406873d792b07f17e19e70e37c8255fe33335b57d17379fdd5-libepoxy0_1.5.5-1_arm64.deb
libept1.6.0	1.2.1	amd64	libept	1.2.1	libept1.6.0	arm64	native-arm64	exact-binary-and-source-version	1.2.1	a0e5f74c492a6005fd1f06148eee4bc3a8b1546709cee2b0e27dd3e6d6330afb	a0e5f74c492a6005fd1f06148eee4bc3a8b1546709cee2b0e27dd3e6d6330afb-libept1.6.0_1.2.1_arm64.deb
libestr0	0.1.10-2.1+b1	amd64	libestr	0.1.10-2.1	libestr0	arm64	native-arm64	exact-binary-and-source-version	0.1.10-2.1+b1	58f06e2a3672083091a39e050e11363ba8fe3f75de27fe6040569dc654ce538b	58f06e2a3672083091a39e050e11363ba8fe3f75de27fe6040569dc654ce538b-libestr0_0.1.10-2.1+b1_arm64.deb
libevdev2	1.11.0+dfsg-1	amd64	libevdev	1.11.0+dfsg-1	libevdev2	arm64	native-arm64	exact-binary-and-source-version	1.11.0+dfsg-1	3d99c5b85dc78bcff58d84f4b3a31f270c5c185be12f6411a8c768da080bb84c	3d99c5b85dc78bcff58d84f4b3a31f270c5c185be12f6411a8c768da080bb84c-libevdev2_1.11.0+dfsg-1_arm64.deb
libevent-2.1-7	2.1.12-stable-1	amd64	libevent	2.1.12-stable-1	libevent-2.1-7	arm64	native-arm64	exact-binary-and-source-version	2.1.12-stable-1	0477c3f86b66add32757919fd859aaae67a37336dbfaa3af3614b90b8acc42bf	0477c3f86b66add32757919fd859aaae67a37336dbfaa3af3614b90b8acc42bf-libevent-2.1-7_2.1.12-stable-1_arm64.deb
libexempi8	2.5.2-1	amd64	exempi	2.5.2-1	libexempi8	arm64	native-arm64	exact-binary-and-source-version	2.5.2-1	0930825ca49eb2fe42846b6bf8b45ee563139560a0188910afa505368b34d893	0930825ca49eb2fe42846b6bf8b45ee563139560a0188910afa505368b34d893-libexempi8_2.5.2-1_arm64.deb
libexif12	0.6.22-3	amd64	libexif	0.6.22-3	libexif12	arm64	native-arm64	exact-binary-and-source-version	0.6.22-3	2b2f428d688630275822104dad11d08203640076e91ea2df37dabcf2a6ae7e0e	2b2f428d688630275822104dad11d08203640076e91ea2df37dabcf2a6ae7e0e-libexif12_0.6.22-3_arm64.deb
libexiv2-27	0.27.3-3+deb11u2	amd64	exiv2	0.27.3-3+deb11u2	libexiv2-27	arm64	native-arm64	exact-binary-and-source-version	0.27.3-3+deb11u2	3447759ccfe8685c80cfcc1b5f7ba4eb9728d5b7807307f6e88a0ba672c30408	3447759ccfe8685c80cfcc1b5f7ba4eb9728d5b7807307f6e88a0ba672c30408-libexiv2-27_0.27.3-3+deb11u2_arm64.deb
libexpat1	2.2.10-2+deb11u5	amd64	expat	2.2.10-2+deb11u5	libexpat1	arm64	native-arm64	exact-binary-and-source-version	2.2.10-2+deb11u5	8d20bfd061845bda0321d01accd6f8386ead5b1d7250a585d12b8d5fb1408ffa	8d20bfd061845bda0321d01accd6f8386ead5b1d7250a585d12b8d5fb1408ffa-libexpat1_2.2.10-2+deb11u5_arm64.deb
libext2fs2	1.46.2-2	amd64	e2fsprogs	1.46.2-2	libext2fs2	arm64	native-arm64	exact-binary-and-source-version	1.46.2-2	88233f1fca7c614c7841e3563505f09e8dc5fb119a990e523187593633046177	88233f1fca7c614c7841e3563505f09e8dc5fb119a990e523187593633046177-libext2fs2_1.46.2-2_arm64.deb
libextutils-depends-perl	0.8000-1	all	libextutils-depends-perl	0.8000-1	libextutils-depends-perl	all	reuse-all	exact-binary-and-source-version	0.8000-1	8c530b94476a79fc122f9ca9b0be9d69f3a7a59df27628ac36638638d6fe4f76	8c530b94476a79fc122f9ca9b0be9d69f3a7a59df27628ac36638638d6fe4f76-libextutils-depends-perl_0.8000-1_all.deb
libextutils-pkgconfig-perl	1.16-1.1	all	libextutils-pkgconfig-perl	1.16-1.1	libextutils-pkgconfig-perl	all	reuse-all	exact-binary-and-source-version	1.16-1.1	7d259003d6743b36ab2d29b3917c08242e152bff3e24166d867643f5df2a4dc5	7d259003d6743b36ab2d29b3917c08242e152bff3e24166d867643f5df2a4dc5-libextutils-pkgconfig-perl_1.16-1.1_all.deb
libfaad2	2.10.0-1	amd64	faad2	2.10.0-1	libfaad2	arm64	native-arm64	exact-binary-and-source-version	2.10.0-1	bd2fb8e6b423f68588c70584ea1ebc63e6960554be0f07f7198711de84120387	bd2fb8e6b423f68588c70584ea1ebc63e6960554be0f07f7198711de84120387-libfaad2_2.10.0-1_arm64.deb
libfastjson4	0.99.9-1	amd64	libfastjson	0.99.9-1	libfastjson4	arm64	native-arm64	exact-binary-and-source-version	0.99.9-1	f35d72348ee70e2d5b38ffb47d1d67f512b456f4f816566757d274933aa3f5ae	f35d72348ee70e2d5b38ffb47d1d67f512b456f4f816566757d274933aa3f5ae-libfastjson4_0.99.9-1_arm64.deb
libfdisk1	2.36.1-8+deb11u1	amd64	util-linux	2.36.1-8+deb11u1	libfdisk1	arm64	native-arm64	exact-binary-and-source-version	2.36.1-8+deb11u1	66385061f7410d74aabb5029d24bdb132e4acd2070f8256c0b75bd33dd8808d9	66385061f7410d74aabb5029d24bdb132e4acd2070f8256c0b75bd33dd8808d9-libfdisk1_2.36.1-8+deb11u1_arm64.deb
libffi7	3.3-6	amd64	libffi	3.3-6	libffi7	arm64	native-arm64	exact-binary-and-source-version	3.3-6	eb748e33ae4ed46f5a4c14b7a2a09792569f2029ede319d0979c373829ba1532	eb748e33ae4ed46f5a4c14b7a2a09792569f2029ede319d0979c373829ba1532-libffi7_3.3-6_arm64.deb
libfftw3-double3	3.3.8-2	amd64	fftw3	3.3.8-2	libfftw3-double3	arm64	native-arm64	exact-binary-and-source-version	3.3.8-2	daed20aa622c8d76b4c32365fcda0921267bdc281bad16d14d30b96cd8cadb20	daed20aa622c8d76b4c32365fcda0921267bdc281bad16d14d30b96cd8cadb20-libfftw3-double3_3.3.8-2_arm64.deb
libfftw3-single3	3.3.8-2	amd64	fftw3	3.3.8-2	libfftw3-single3	arm64	native-arm64	exact-binary-and-source-version	3.3.8-2	6d81977d9f02ee49b65515b9bc5cf46ed5ea98437d0be2b9ca05e699d2adeb9a	6d81977d9f02ee49b65515b9bc5cf46ed5ea98437d0be2b9ca05e699d2adeb9a-libfftw3-single3_3.3.8-2_arm64.deb
libflac8	1.3.3-2+deb11u1	amd64	flac	1.3.3-2+deb11u1	libflac8	arm64	native-arm64	exact-binary-and-source-version	1.3.3-2+deb11u1	8da72b767f4c2c30029f31f41d76549d73d0d95a6252e0fef6d144acaedbd7f9	8da72b767f4c2c30029f31f41d76549d73d0d95a6252e0fef6d144acaedbd7f9-libflac8_1.3.3-2+deb11u1_arm64.deb
libflatpak0	1.10.8-0+deb11u1	amd64	flatpak	1.10.8-0+deb11u1	libflatpak0	arm64	native-arm64	exact-binary-and-source-version	1.10.8-0+deb11u1	253e8b7e5f955aa59e7715e2e409012b311d6ed28537279ef46bdeb26ce5e0e3	253e8b7e5f955aa59e7715e2e409012b311d6ed28537279ef46bdeb26ce5e0e3-libflatpak0_1.10.8-0+deb11u1_arm64.deb
libflite1	2.2-2	amd64	flite	2.2-2	libflite1	arm64	native-arm64	exact-binary-and-source-version	2.2-2	263e423db8223ee49b40fedacf64a0c86e0d64e359976fc3582e3961a5c105e7	263e423db8223ee49b40fedacf64a0c86e0d64e359976fc3582e3961a5c105e7-libflite1_2.2-2_arm64.deb
libfluidsynth2	2.1.7-1.1	amd64	fluidsynth	2.1.7-1.1	libfluidsynth2	arm64	native-arm64	exact-binary-and-source-version	2.1.7-1.1	58c810eadac43ea2cc50483b851ac02692f6e8373671a34b7a02debbfba4efc1	58c810eadac43ea2cc50483b851ac02692f6e8373671a34b7a02debbfba4efc1-libfluidsynth2_2.1.7-1.1_arm64.deb
libfontconfig1	2.13.1-4.2	amd64	fontconfig	2.13.1-4.2	libfontconfig1	arm64	native-arm64	exact-binary-and-source-version	2.13.1-4.2	18b13ef8a46e9d79ba6a6ba2db0c86e42583277b5d47f6942f3223e349c22641	18b13ef8a46e9d79ba6a6ba2db0c86e42583277b5d47f6942f3223e349c22641-libfontconfig1_2.13.1-4.2_arm64.deb
libfontembed1	1.28.7-1+deb11u2	amd64	cups-filters	1.28.7-1+deb11u2	libfontembed1	arm64	native-arm64	exact-binary-and-source-version	1.28.7-1+deb11u2	b4d708bcaf3332fb045a834163a6f57c8d89594069fdeb3e8479cfe08e5c5a17	b4d708bcaf3332fb045a834163a6f57c8d89594069fdeb3e8479cfe08e5c5a17-libfontembed1_1.28.7-1+deb11u2_arm64.deb
libfontenc1	1:1.1.4-1	amd64	libfontenc	1:1.1.4-1	libfontenc1	arm64	native-arm64	exact-binary-and-source-version	1:1.1.4-1	0ec21487b4e9b23043353fe51be8576d70a8860aef40104ca52df14bf1dc476c	0ec21487b4e9b23043353fe51be8576d70a8860aef40104ca52df14bf1dc476c-libfontenc1_1%3a1.1.4-1_arm64.deb
libfreetype6	2.10.4+dfsg-1+deb11u1	amd64	freetype	2.10.4+dfsg-1+deb11u1	libfreetype6	arm64	native-arm64	exact-binary-and-source-version	2.10.4+dfsg-1+deb11u1	b25f1c148498dd2b49dc30da0a2b2537a7bd0cb34afb8ea681dd145053c9a3f8	b25f1c148498dd2b49dc30da0a2b2537a7bd0cb34afb8ea681dd145053c9a3f8-libfreetype6_2.10.4+dfsg-1+deb11u1_arm64.deb
libfribidi0	1.0.8-2+deb11u1	amd64	fribidi	1.0.8-2+deb11u1	libfribidi0	arm64	native-arm64	exact-binary-and-source-version	1.0.8-2+deb11u1	3312d582ecb8b396ec09a10dfed4d06e9b74952dedf94a13f71c8a93a5f4661e	3312d582ecb8b396ec09a10dfed4d06e9b74952dedf94a13f71c8a93a5f4661e-libfribidi0_1.0.8-2+deb11u1_arm64.deb
libfuse2	2.9.9-5	amd64	fuse	2.9.9-5	libfuse2	arm64	native-arm64	exact-binary-and-source-version	2.9.9-5	67cad1c84c6d99cd9134394022a56aeb29ceea0db5f043dc1d43f6a7d008cd31	67cad1c84c6d99cd9134394022a56aeb29ceea0db5f043dc1d43f6a7d008cd31-libfuse2_2.9.9-5_arm64.deb
libgbm1	20.3.5-1	amd64	mesa	20.3.5-1	libgbm1	arm64	native-arm64	exact-binary-and-source-version	20.3.5-1	991e5db7978e44ef745a1f7f18100927d304ddf1eaaab840167b5f07e3bdc7e8	991e5db7978e44ef745a1f7f18100927d304ddf1eaaab840167b5f07e3bdc7e8-libgbm1_20.3.5-1_arm64.deb
libgcc-s1	10.2.1-6	amd64	gcc-10	10.2.1-6	libgcc-s1	arm64	native-arm64	exact-binary-and-source-version	10.2.1-6	e2fcdb378d3c1ad1bcb64d4fb6b37aab44011152beca12a4944f435a2582df1f	e2fcdb378d3c1ad1bcb64d4fb6b37aab44011152beca12a4944f435a2582df1f-libgcc-s1_10.2.1-6_arm64.deb
libgck-1-0	3.38.1-2	amd64	gcr	3.38.1-2	libgck-1-0	arm64	native-arm64	exact-binary-and-source-version	3.38.1-2	90a48bd942754550915d3feb246a901267d63a8c81262a797091f58c97172db4	90a48bd942754550915d3feb246a901267d63a8c81262a797091f58c97172db4-libgck-1-0_3.38.1-2_arm64.deb
libgconf-2-4	3.2.6-7	amd64	gconf	3.2.6-7	libgconf-2-4	arm64	native-arm64	exact-binary-and-source-version	3.2.6-7	941d9279c59b7b3b13bba4b41edb5abe55a7c5bb32a1bda0a748b694ec991d3f	941d9279c59b7b3b13bba4b41edb5abe55a7c5bb32a1bda0a748b694ec991d3f-libgconf-2-4_3.2.6-7_arm64.deb
libgcr-base-3-1	3.38.1-2	amd64	gcr	3.38.1-2	libgcr-base-3-1	arm64	native-arm64	exact-binary-and-source-version	3.38.1-2	dc6d376057dacc7c5b6d7da57f6e9497ffdc24092da978e8c67aaeece7391a41	dc6d376057dacc7c5b6d7da57f6e9497ffdc24092da978e8c67aaeece7391a41-libgcr-base-3-1_3.38.1-2_arm64.deb
libgcr-ui-3-1	3.38.1-2	amd64	gcr	3.38.1-2	libgcr-ui-3-1	arm64	native-arm64	exact-binary-and-source-version	3.38.1-2	72fe1d31890d9dc557f0c59c041fc6c9a2d9c86f356629f7990e79d29b88480f	72fe1d31890d9dc557f0c59c041fc6c9a2d9c86f356629f7990e79d29b88480f-libgcr-ui-3-1_3.38.1-2_arm64.deb
libgcrypt20	1.8.7-6	amd64	libgcrypt20	1.8.7-6	libgcrypt20	arm64	native-arm64	exact-binary-and-source-version	1.8.7-6	61ec779149f20923b30adad7bdf4732957e88a5b6a26d94b2210dfe79409959b	61ec779149f20923b30adad7bdf4732957e88a5b6a26d94b2210dfe79409959b-libgcrypt20_1.8.7-6_arm64.deb
libgd3	2.3.0-2	amd64	libgd2	2.3.0-2	libgd3	arm64	native-arm64	exact-binary-and-source-version	2.3.0-2	1e6d6af0c90fe62193b3e51e45f69d075b86d7bde3fb4fd30b60da763aeca43f	1e6d6af0c90fe62193b3e51e45f69d075b86d7bde3fb4fd30b60da763aeca43f-libgd3_2.3.0-2_arm64.deb
libgdata-common	0.17.13-3	all	libgdata	0.17.13-3	libgdata-common	all	reuse-all	exact-binary-and-source-version	0.17.13-3	fcb7475a635a16ee4277e27e64dd7f384036a42e584a35f676f793a925cc878c	fcb7475a635a16ee4277e27e64dd7f384036a42e584a35f676f793a925cc878c-libgdata-common_0.17.13-3_all.deb
libgdata22	0.17.13-3	amd64	libgdata	0.17.13-3	libgdata22	arm64	native-arm64	exact-binary-and-source-version	0.17.13-3	2809daab5345e88338c85b75e06d9a1d16dd5123563b7f36c9540e01bcc8ed4c	2809daab5345e88338c85b75e06d9a1d16dd5123563b7f36c9540e01bcc8ed4c-libgdata22_0.17.13-3_arm64.deb
libgdbm-compat4	1.19-2	amd64	gdbm	1.19-2	libgdbm-compat4	arm64	native-arm64	exact-binary-and-source-version	1.19-2	0853cc0b0f92784b7fbd193d737c63b1d95f932e2b95dc1bb10c273e01a0f754	0853cc0b0f92784b7fbd193d737c63b1d95f932e2b95dc1bb10c273e01a0f754-libgdbm-compat4_1.19-2_arm64.deb
libgdbm6	1.19-2	amd64	gdbm	1.19-2	libgdbm6	arm64	native-arm64	exact-binary-and-source-version	1.19-2	97a88c2698bd836d04e51ad70c76826850857869b51e90b5343621ba30bbf525	97a88c2698bd836d04e51ad70c76826850857869b51e90b5343621ba30bbf525-libgdbm6_1.19-2_arm64.deb
libgdk-pixbuf-2.0-0	2.42.2+dfsg-1+deb11u1	amd64	gdk-pixbuf	2.42.2+dfsg-1+deb11u1	libgdk-pixbuf-2.0-0	arm64	native-arm64	exact-binary-and-source-version	2.42.2+dfsg-1+deb11u1	1182e5ea283d80d054ee364f1c42e65bfa037bebd188792ef729a8eda99d5611	1182e5ea283d80d054ee364f1c42e65bfa037bebd188792ef729a8eda99d5611-libgdk-pixbuf-2.0-0_2.42.2+dfsg-1+deb11u1_arm64.deb
libgdk-pixbuf-xlib-2.0-0	2.40.2-2	amd64	gdk-pixbuf-xlib	2.40.2-2	libgdk-pixbuf-xlib-2.0-0	arm64	native-arm64	exact-binary-and-source-version	2.40.2-2	1c52f0120c2074db70ecaf9904597f1980d9fa3df0f7d4ba5560fa7758e08956	1c52f0120c2074db70ecaf9904597f1980d9fa3df0f7d4ba5560fa7758e08956-libgdk-pixbuf-xlib-2.0-0_2.40.2-2_arm64.deb
libgdk-pixbuf2.0-0	2.40.2-2	amd64	gdk-pixbuf-xlib	2.40.2-2	libgdk-pixbuf2.0-0	arm64	native-arm64	exact-binary-and-source-version	2.40.2-2	1f93a001a399d2e9264005ebd176066d323f6b20ce1c9ce23f2d8e69699df668	1f93a001a399d2e9264005ebd176066d323f6b20ce1c9ce23f2d8e69699df668-libgdk-pixbuf2.0-0_2.40.2-2_arm64.deb
libgdk-pixbuf2.0-bin	2.42.2+dfsg-1+deb11u1	amd64	gdk-pixbuf	2.42.2+dfsg-1+deb11u1	libgdk-pixbuf2.0-bin	arm64	native-arm64	exact-binary-and-source-version	2.42.2+dfsg-1+deb11u1	fc49cbe5054186d0e664ea2c0b42da9e360f81199c7af16765e6e24418949ce1	fc49cbe5054186d0e664ea2c0b42da9e360f81199c7af16765e6e24418949ce1-libgdk-pixbuf2.0-bin_2.42.2+dfsg-1+deb11u1_arm64.deb
libgdk-pixbuf2.0-common	2.42.2+dfsg-1+deb11u1	all	gdk-pixbuf	2.42.2+dfsg-1+deb11u1	libgdk-pixbuf2.0-common	all	reuse-all	exact-binary-and-source-version	2.42.2+dfsg-1+deb11u1	e99738118ad4a63a4cfd7e34006fd379dd850b9527ec464a104b178a5038b5be	e99738118ad4a63a4cfd7e34006fd379dd850b9527ec464a104b178a5038b5be-libgdk-pixbuf2.0-common_2.42.2+dfsg-1+deb11u1_all.deb
libgdm1	3.38.2.1-1	amd64	gdm3	3.38.2.1-1	libgdm1	arm64	native-arm64	exact-binary-and-source-version	3.38.2.1-1	2d5bf62f2a76129dc8a65fc6454b9ed5ab587952f34db1219b857141b35a14df	2d5bf62f2a76129dc8a65fc6454b9ed5ab587952f34db1219b857141b35a14df-libgdm1_3.38.2.1-1_arm64.deb
libgee-0.8-2	0.20.4-1	amd64	libgee-0.8	0.20.4-1	libgee-0.8-2	arm64	native-arm64	exact-binary-and-source-version	0.20.4-1	f5a2fcb4308d3cadd86483b5a87dcd11f34f4fcb11de21b9632c2890cd099f5a	f5a2fcb4308d3cadd86483b5a87dcd11f34f4fcb11de21b9632c2890cd099f5a-libgee-0.8-2_0.20.4-1_arm64.deb
libgeoclue-2-0	2.5.7-3	amd64	geoclue-2.0	2.5.7-3	libgeoclue-2-0	arm64	native-arm64	exact-binary-and-source-version	2.5.7-3	4e66b0abc856950b337e9bf2251a1a5f9802817766c17caa6c4d5e2b021fde84	4e66b0abc856950b337e9bf2251a1a5f9802817766c17caa6c4d5e2b021fde84-libgeoclue-2-0_2.5.7-3_arm64.deb
libgeocode-glib0	3.26.2-2	amd64	geocode-glib	3.26.2-2	libgeocode-glib0	arm64	native-arm64	exact-binary-and-source-version	3.26.2-2	ce11552f2b0f8cfc214495f39cbeb99d9473174c9bc1789b4bd113dd9b7959ee	ce11552f2b0f8cfc214495f39cbeb99d9473174c9bc1789b4bd113dd9b7959ee-libgeocode-glib0_3.26.2-2_arm64.deb
libges-1.0-0	1.18.4-2	amd64	gstreamer-editing-services1.0	1.18.4-2	libges-1.0-0	arm64	native-arm64	exact-binary-and-source-version	1.18.4-2	d89ff4c7c14fd1c75492f8feea01f1f56b7a2b0e31031cf1e057d7350480e413	d89ff4c7c14fd1c75492f8feea01f1f56b7a2b0e31031cf1e057d7350480e413-libges-1.0-0_1.18.4-2_arm64.deb
libgexiv2-2	0.12.1-1	amd64	gexiv2	0.12.1-1	libgexiv2-2	arm64	native-arm64	exact-binary-and-source-version	0.12.1-1	55f35e0cd3fcb5bc9ad802d947513e1b3515bea678a03ef55d27999be0b77f53	55f35e0cd3fcb5bc9ad802d947513e1b3515bea678a03ef55d27999be0b77f53-libgexiv2-2_0.12.1-1_arm64.deb
libgfortran5	10.2.1-6	amd64	gcc-10	10.2.1-6	libgfortran5	arm64	native-arm64	exact-binary-and-source-version	10.2.1-6	967866fc2caf00fd28a3a515234131d7301043288b4a36e46b7dc16050a6f862	967866fc2caf00fd28a3a515234131d7301043288b4a36e46b7dc16050a6f862-libgfortran5_10.2.1-6_arm64.deb
libgif7	5.1.9-2	amd64	giflib	5.1.9-2	libgif7	arm64	native-arm64	exact-binary-and-source-version	5.1.9-2	90751dcd054948236424aac6bddc0666013621fc6d3aec9fba62e275ba12db17	90751dcd054948236424aac6bddc0666013621fc6d3aec9fba62e275ba12db17-libgif7_5.1.9-2_arm64.deb
libgirepository-1.0-1	1.66.1-1+b1	amd64	gobject-introspection	1.66.1-1	libgirepository-1.0-1	arm64	native-arm64	exact-binary-and-source-version	1.66.1-1+b1	fb3da6c3d8b79aefa9db09fb9b5054793d5c98bab11504f41a149935849e462d	fb3da6c3d8b79aefa9db09fb9b5054793d5c98bab11504f41a149935849e462d-libgirepository-1.0-1_1.66.1-1+b1_arm64.deb
libgjs0g	1.66.2-1	amd64	gjs	1.66.2-1	libgjs0g	arm64	native-arm64	exact-binary-and-source-version	1.66.2-1	7474501c7028f26021a4f33cf2ee836ec3848131854ffcc9cbd080ae8c041644	7474501c7028f26021a4f33cf2ee836ec3848131854ffcc9cbd080ae8c041644-libgjs0g_1.66.2-1_arm64.deb
libgl1	1.3.2-1	amd64	libglvnd	1.3.2-1	libgl1	arm64	native-arm64	exact-binary-and-source-version	1.3.2-1	18075b79c22b06bb25b9b4f3fa44a42127c40e573b34703af3f4c0b780cae29a	18075b79c22b06bb25b9b4f3fa44a42127c40e573b34703af3f4c0b780cae29a-libgl1_1.3.2-1_arm64.deb
libgl1-mesa-dri	20.3.5-1	amd64	mesa	20.3.5-1	libgl1-mesa-dri	arm64	native-arm64	exact-binary-and-source-version	20.3.5-1	13bc343bc0bb7ec8bf52ecceb2c41ac8b70bc80d4d76784252caceadf0c83b73	13bc343bc0bb7ec8bf52ecceb2c41ac8b70bc80d4d76784252caceadf0c83b73-libgl1-mesa-dri_20.3.5-1_arm64.deb
libgladeui-2-13	3.38.2-2	amd64	glade	3.38.2-2	libgladeui-2-13	arm64	native-arm64	exact-binary-and-source-version	3.38.2-2	08a1152d384936bd2487c2bfe72b2a055b51d3c6e9870236960d33879765d332	08a1152d384936bd2487c2bfe72b2a055b51d3c6e9870236960d33879765d332-libgladeui-2-13_3.38.2-2_arm64.deb
libgladeui-common	3.38.2-2	all	glade	3.38.2-2	libgladeui-common	all	reuse-all	exact-binary-and-source-version	3.38.2-2	d867d3d616bfd0dd96bab05435fdff82a73f9945e20393e2386646145e84ef5f	d867d3d616bfd0dd96bab05435fdff82a73f9945e20393e2386646145e84ef5f-libgladeui-common_3.38.2-2_all.deb
libglapi-mesa	20.3.5-1	amd64	mesa	20.3.5-1	libglapi-mesa	arm64	native-arm64	exact-binary-and-source-version	20.3.5-1	2678cf4bcfe4dfeba85deabaf869cb78a2f3263388baaff53e826f52cf17088b	2678cf4bcfe4dfeba85deabaf869cb78a2f3263388baaff53e826f52cf17088b-libglapi-mesa_20.3.5-1_arm64.deb
libgles2	1.3.2-1	amd64	libglvnd	1.3.2-1	libgles2	arm64	native-arm64	exact-binary-and-source-version	1.3.2-1	ae3fda1556b677519ff13d43295d7df678d3a9c39a21042e87d9255de1bc78b6	ae3fda1556b677519ff13d43295d7df678d3a9c39a21042e87d9255de1bc78b6-libgles2_1.3.2-1_arm64.deb
libglib-object-introspection-perl	0.049-1+b1	amd64	libglib-object-introspection-perl	0.049-1	libglib-object-introspection-perl	arm64	native-arm64	exact-binary-and-source-version	0.049-1+b1	79b7b8359a4ea57879f4d278a9387049807b819ff29742aefcaef79ec3f57db9	79b7b8359a4ea57879f4d278a9387049807b819ff29742aefcaef79ec3f57db9-libglib-object-introspection-perl_0.049-1+b1_arm64.deb
libglib-perl	3:1.329.3-1+b1	amd64	libglib-perl	3:1.329.3-1	libglib-perl	arm64	native-arm64	exact-binary-and-source-version	3:1.329.3-1+b1	c8cb3918515de991fc49e9ec18b1b10d6aa207fbb4e1034475e19108b5a0497f	c8cb3918515de991fc49e9ec18b1b10d6aa207fbb4e1034475e19108b5a0497f-libglib-perl_3%3a1.329.3-1+b1_arm64.deb
libglib2.0-0	2.66.8-1	amd64	glib2.0	2.66.8-1	libglib2.0-0	arm64	native-arm64	exact-binary-and-source-version	2.66.8-1	667d1b891bcf9b8cc47385c19b39271c74f48fd2b6b457474184f85ce63ea261	667d1b891bcf9b8cc47385c19b39271c74f48fd2b6b457474184f85ce63ea261-libglib2.0-0_2.66.8-1_arm64.deb
libglib2.0-bin	2.66.8-1	amd64	glib2.0	2.66.8-1	libglib2.0-bin	arm64	native-arm64	exact-binary-and-source-version	2.66.8-1	e577f6ff709ecf2302515bc98b3d71d4d3e59734ae6721b8fffc1d6e4b600eb5	e577f6ff709ecf2302515bc98b3d71d4d3e59734ae6721b8fffc1d6e4b600eb5-libglib2.0-bin_2.66.8-1_arm64.deb
libglib2.0-data	2.66.8-1	all	glib2.0	2.66.8-1	libglib2.0-data	all	reuse-all	exact-binary-and-source-version	2.66.8-1	be41a674336cefd00e2a468fe19c8bbf9f3fac86f39379e1b7acbad41f6af644	be41a674336cefd00e2a468fe19c8bbf9f3fac86f39379e1b7acbad41f6af644-libglib2.0-data_2.66.8-1_all.deb
libglibmm-2.4-1v5	2.64.2-2	amd64	glibmm2.4	2.64.2-2	libglibmm-2.4-1v5	arm64	native-arm64	exact-binary-and-source-version	2.64.2-2	65cc14921c353c267088241f27583eb006205e851f1778bcd34eb0b847fa9778	65cc14921c353c267088241f27583eb006205e851f1778bcd34eb0b847fa9778-libglibmm-2.4-1v5_2.64.2-2_arm64.deb
libglu1-mesa	9.0.1-1	amd64	libglu	9.0.1-1	libglu1-mesa	arm64	native-arm64	exact-binary-and-source-version	9.0.1-1	6c6d53410934ce0ee807a66e412b0b22c2352835e7e661c0f41cc7885d59aeec	6c6d53410934ce0ee807a66e412b0b22c2352835e7e661c0f41cc7885d59aeec-libglu1-mesa_9.0.1-1_arm64.deb
libglvnd0	1.3.2-1	amd64	libglvnd	1.3.2-1	libglvnd0	arm64	native-arm64	exact-binary-and-source-version	1.3.2-1	5d7a05a966d1df43ca440245dfc7e18a51fc974f665441fc87180a605a0481d9	5d7a05a966d1df43ca440245dfc7e18a51fc974f665441fc87180a605a0481d9-libglvnd0_1.3.2-1_arm64.deb
libglx-mesa0	20.3.5-1	amd64	mesa	20.3.5-1	libglx-mesa0	arm64	native-arm64	exact-binary-and-source-version	20.3.5-1	b1f653df820ecda31ed3d6a39429befbced67093dc9b964cbfa5f7991a23eda8	b1f653df820ecda31ed3d6a39429befbced67093dc9b964cbfa5f7991a23eda8-libglx-mesa0_20.3.5-1_arm64.deb
libglx0	1.3.2-1	amd64	libglvnd	1.3.2-1	libglx0	arm64	native-arm64	exact-binary-and-source-version	1.3.2-1	a53aec87ff8d3ae181c320c01bc190f752a276d5e5ca87e624f9058a4b520bf2	a53aec87ff8d3ae181c320c01bc190f752a276d5e5ca87e624f9058a4b520bf2-libglx0_1.3.2-1_arm64.deb
libgme0	0.6.3-2	amd64	game-music-emu	0.6.3-2	libgme0	arm64	native-arm64	exact-binary-and-source-version	0.6.3-2	2324dc1a5c06845f56eac43d9efb2446fb3119758eee46e793e33aa158a3325d	2324dc1a5c06845f56eac43d9efb2446fb3119758eee46e793e33aa158a3325d-libgme0_0.6.3-2_arm64.deb
libgmp10	2:6.2.1+dfsg-1+deb11u1	amd64	gmp	2:6.2.1+dfsg-1+deb11u1	libgmp10	arm64	native-arm64	exact-binary-and-source-version	2:6.2.1+dfsg-1+deb11u1	d52619b6ff8829aa5424dfe3189dd05f22118211e69273e9576030584ffcce80	d52619b6ff8829aa5424dfe3189dd05f22118211e69273e9576030584ffcce80-libgmp10_2%3a6.2.1+dfsg-1+deb11u1_arm64.deb
libgnome-autoar-0-0	0.2.4-3	amd64	gnome-autoar	0.2.4-3	libgnome-autoar-0-0	arm64	native-arm64	exact-binary-and-source-version	0.2.4-3	78a93ecdab49001792a339be72e3b112899767c3cc15d0d84b8cdccb42ca3ec6	78a93ecdab49001792a339be72e3b112899767c3cc15d0d84b8cdccb42ca3ec6-libgnome-autoar-0-0_0.2.4-3_arm64.deb
libgnome-bluetooth13	3.34.3-2+grm3u1	amd64	gnome-bluetooth	3.34.3-2+grm3u1	libgnome-bluetooth13	arm64	native-arm64	exact-binary-and-source-version	3.34.3-2+grm3u1	3509d114a6401a8bfc67e9416c1cee951605f1b2dd3db76ae9c42a1f729c8ed0	3509d114a6401a8bfc67e9416c1cee951605f1b2dd3db76ae9c42a1f729c8ed0-libgnome-bluetooth13_3.34.3-2+grm3u1_arm64.deb
libgnome-desktop-3-19	3.38.5-3	amd64	gnome-desktop3	3.38.5-3	libgnome-desktop-3-19	arm64	native-arm64	exact-binary-and-source-version	3.38.5-3	6c83bf91e045a5164d6c3fa967870eff608d962c4a144e8025cbfc8a387b4eda	6c83bf91e045a5164d6c3fa967870eff608d962c4a144e8025cbfc8a387b4eda-libgnome-desktop-3-19_3.38.5-3_arm64.deb
libgnome-menu-3-0	3.36.0-1	amd64	gnome-menus	3.36.0-1	libgnome-menu-3-0	arm64	native-arm64	exact-binary-and-source-version	3.36.0-1	357b01521b93e27b831dd61c91f12c13cccf27a71c1382993c1ec0a5878e633d	357b01521b93e27b831dd61c91f12c13cccf27a71c1382993c1ec0a5878e633d-libgnome-menu-3-0_3.36.0-1_arm64.deb
libgnome-panel0	3.38.0-1+grm3u1	amd64	gnome-panel	3.38.0-1+grm3u1	libgnome-panel0	arm64	native-arm64	exact-binary-and-source-version	3.38.0-1+grm3u1	5bd04c57c8c4ef8843b3ed6759892f450973bf9e8e57100585ee842b65ca12d7	5bd04c57c8c4ef8843b3ed6759892f450973bf9e8e57100585ee842b65ca12d7-libgnome-panel0_3.38.0-1+grm3u1_arm64.deb
libgnomekbd-common	3.26.1-1	all	libgnomekbd	3.26.1-1	libgnomekbd-common	all	reuse-all	exact-binary-and-source-version	3.26.1-1	79623dcca68a0390789333ebcf7c1fe139414c7602c96a8d1da315d057b02392	79623dcca68a0390789333ebcf7c1fe139414c7602c96a8d1da315d057b02392-libgnomekbd-common_3.26.1-1_all.deb
libgnomekbd8	3.26.1-1	amd64	libgnomekbd	3.26.1-1	libgnomekbd8	arm64	native-arm64	exact-binary-and-source-version	3.26.1-1	bffeae8c6d57d7fbf2bae6f25b89e0bd84a40c43df00e80fb87319ae9ee5b05f	bffeae8c6d57d7fbf2bae6f25b89e0bd84a40c43df00e80fb87319ae9ee5b05f-libgnomekbd8_3.26.1-1_arm64.deb
libgnutls30	3.7.1-5+deb11u3	amd64	gnutls28	3.7.1-5+deb11u3	libgnutls30	arm64	native-arm64	exact-binary-and-source-version	3.7.1-5+deb11u3	19a1a0dfc9b6975f155afa2d0e60696a31444b2999f5ff619af247811cb41837	19a1a0dfc9b6975f155afa2d0e60696a31444b2999f5ff619af247811cb41837-libgnutls30_3.7.1-5+deb11u3_arm64.deb
libgoa-1.0-0b	3.38.0-3	amd64	gnome-online-accounts	3.38.0-3	libgoa-1.0-0b	arm64	native-arm64	exact-binary-and-source-version	3.38.0-3	5e1a60efd444d54eb14cd57b3668810c8f808a6f0cc32179e0a3a2f0d2cf609f	5e1a60efd444d54eb14cd57b3668810c8f808a6f0cc32179e0a3a2f0d2cf609f-libgoa-1.0-0b_3.38.0-3_arm64.deb
libgoa-1.0-common	3.38.0-3	all	gnome-online-accounts	3.38.0-3	libgoa-1.0-common	all	reuse-all	exact-binary-and-source-version	3.38.0-3	550061d2f1eaebe278f6f24c499d49ed43f463e5ea13bb8ec77453d03c2e4296	550061d2f1eaebe278f6f24c499d49ed43f463e5ea13bb8ec77453d03c2e4296-libgoa-1.0-common_3.38.0-3_all.deb
libgomp1	10.2.1-6	amd64	gcc-10	10.2.1-6	libgomp1	arm64	native-arm64	exact-binary-and-source-version	10.2.1-6	813af2e0b8ba0a7cea18c988cd843412ef6d0415700fc860d62816750e741670	813af2e0b8ba0a7cea18c988cd843412ef6d0415700fc860d62816750e741670-libgomp1_10.2.1-6_arm64.deb
libgpg-error0	1.38-2	amd64	libgpg-error	1.38-2	libgpg-error0	arm64	native-arm64	exact-binary-and-source-version	1.38-2	d1116f4281d6db35279799a21051e0d0e2600d110d7ee2b95b3cca6bec28067c	d1116f4281d6db35279799a21051e0d0e2600d110d7ee2b95b3cca6bec28067c-libgpg-error0_1.38-2_arm64.deb
libgpgme11	1.14.0-1+b2	amd64	gpgme1.0	1.14.0-1	libgpgme11	arm64	native-arm64	exact-binary-and-source-version	1.14.0-1+b2	be4754a10aa94fd68cd977ce48ad9dc61bf76523da71780ff82c00d564e0e6e9	be4754a10aa94fd68cd977ce48ad9dc61bf76523da71780ff82c00d564e0e6e9-libgpgme11_1.14.0-1+b2_arm64.deb
libgphoto2-6	2.5.27-1	amd64	libgphoto2	2.5.27-1	libgphoto2-6	arm64	native-arm64	exact-binary-and-source-version	2.5.27-1	b83525eb32514b47362ab6b8c16f37f002d9a531405b1dbdaed9dd20de19b61a	b83525eb32514b47362ab6b8c16f37f002d9a531405b1dbdaed9dd20de19b61a-libgphoto2-6_2.5.27-1_arm64.deb
libgphoto2-port12	2.5.27-1	amd64	libgphoto2	2.5.27-1	libgphoto2-port12	arm64	native-arm64	exact-binary-and-source-version	2.5.27-1	64892ba635e3f67816748d33700262d73a0b727fd31c89c5f260eceff0c9bbea	64892ba635e3f67816748d33700262d73a0b727fd31c89c5f260eceff0c9bbea-libgphoto2-port12_2.5.27-1_arm64.deb
libgpm2	1.20.7-8	amd64	gpm	1.20.7-8	libgpm2	arm64	native-arm64	exact-binary-and-source-version	1.20.7-8	367a548386f1297c937af6ed548bdcaa4db25f11c1a7495c45978826da61deb8	367a548386f1297c937af6ed548bdcaa4db25f11c1a7495c45978826da61deb8-libgpm2_1.20.7-8_arm64.deb
libgraphite2-3	1.3.14-1	amd64	graphite2	1.3.14-1	libgraphite2-3	arm64	native-arm64	exact-binary-and-source-version	1.3.14-1	473362a74ba74ae630fc43675460fb5a1058564a635a301875e00f1c6f9b27cb	473362a74ba74ae630fc43675460fb5a1058564a635a301875e00f1c6f9b27cb-libgraphite2-3_1.3.14-1_arm64.deb
libgs9	9.53.3~dfsg-7+deb11u5	amd64	ghostscript	9.53.3~dfsg-7+deb11u5	libgs9	arm64	native-arm64	exact-binary-and-source-version	9.53.3~dfsg-7+deb11u5	f0f54c2f4ad20b75b4f0c5b3e8fb5ab84ec6f63d3199b708c968791ca1e030f5	f0f54c2f4ad20b75b4f0c5b3e8fb5ab84ec6f63d3199b708c968791ca1e030f5-libgs9_9.53.3~dfsg-7+deb11u5_arm64.deb
libgs9-common	9.53.3~dfsg-7+deb11u5	all	ghostscript	9.53.3~dfsg-7+deb11u5	libgs9-common	all	reuse-all	exact-binary-and-source-version	9.53.3~dfsg-7+deb11u5	c537409aa767ea61d70284899ba2810c490f8e19232b2302d6bd7d278b2ac16e	c537409aa767ea61d70284899ba2810c490f8e19232b2302d6bd7d278b2ac16e-libgs9-common_9.53.3~dfsg-7+deb11u5_all.deb
libgsf-1-114	1.14.47-1	amd64	libgsf	1.14.47-1	libgsf-1-114	arm64	native-arm64	exact-binary-and-source-version	1.14.47-1	49f53fe1b816288aec21ec14f2f2087c893e73b3f623972991008f87b064562c	49f53fe1b816288aec21ec14f2f2087c893e73b3f623972991008f87b064562c-libgsf-1-114_1.14.47-1_arm64.deb
libgsf-1-common	1.14.47-1	all	libgsf	1.14.47-1	libgsf-1-common	all	reuse-all	exact-binary-and-source-version	1.14.47-1	5ffdce0bd5391dd6243ea530507d8248e99bda0c169af92753da27d7667a2c12	5ffdce0bd5391dd6243ea530507d8248e99bda0c169af92753da27d7667a2c12-libgsf-1-common_1.14.47-1_all.deb
libgsm1	1.0.18-2	amd64	libgsm	1.0.18-2	libgsm1	arm64	native-arm64	exact-binary-and-source-version	1.0.18-2	f7ea67da4f664d6c7b49ca7f31bf6c5fee61e2ff679da61d0613efbb0fdd6cb9	f7ea67da4f664d6c7b49ca7f31bf6c5fee61e2ff679da61d0613efbb0fdd6cb9-libgsm1_1.0.18-2_arm64.deb
libgsound0	1.0.2-5	amd64	gsound	1.0.2-5	libgsound0	arm64	native-arm64	exact-binary-and-source-version	1.0.2-5	6a349d434c646d1b8828e84d92b158e89033edd03f58efc11a9835d6ffa9592c	6a349d434c646d1b8828e84d92b158e89033edd03f58efc11a9835d6ffa9592c-libgsound0_1.0.2-5_arm64.deb
libgspell-1-2	1.8.4-1	amd64	gspell	1.8.4-1	libgspell-1-2	arm64	native-arm64	exact-binary-and-source-version	1.8.4-1	b969ffe083deb25d2814df8e832ab09327d602f374bf4c036b149ff257ee9a70	b969ffe083deb25d2814df8e832ab09327d602f374bf4c036b149ff257ee9a70-libgspell-1-2_1.8.4-1_arm64.deb
libgspell-1-common	1.8.4-1	all	gspell	1.8.4-1	libgspell-1-common	all	reuse-all	exact-binary-and-source-version	1.8.4-1	0287eaa5bb2c46be6003457ce9af500aee53fe9dcff6dd664a194639ddba88a4	0287eaa5bb2c46be6003457ce9af500aee53fe9dcff6dd664a194639ddba88a4-libgspell-1-common_1.8.4-1_all.deb
libgssapi-krb5-2	1.18.3-6+deb11u3	amd64	krb5	1.18.3-6+deb11u3	libgssapi-krb5-2	arm64	native-arm64	exact-binary-and-source-version	1.18.3-6+deb11u3	dbfa98b48e405dd5febdfb95095fb3ac3659d9c9c7baa29b16904fa6b65b7a2b	dbfa98b48e405dd5febdfb95095fb3ac3659d9c9c7baa29b16904fa6b65b7a2b-libgssapi-krb5-2_1.18.3-6+deb11u3_arm64.deb
libgssdp-1.2-0	1.2.3-2	amd64	gssdp	1.2.3-2	libgssdp-1.2-0	arm64	native-arm64	exact-binary-and-source-version	1.2.3-2	817b986d52438f86709fcdbe6b8c5b55a3bcbb445c10feeb52824a95d148a322	817b986d52438f86709fcdbe6b8c5b55a3bcbb445c10feeb52824a95d148a322-libgssdp-1.2-0_1.2.3-2_arm64.deb
libgstreamer-gl1.0-0	1.18.4-2+deb11u1	amd64	gst-plugins-base1.0	1.18.4-2+deb11u1	libgstreamer-gl1.0-0	arm64	native-arm64	exact-binary-and-source-version	1.18.4-2+deb11u1	67d292fe84ea1dc79bbfafe54d66687911c302b8764ddf520c76d4d685dea1a4	67d292fe84ea1dc79bbfafe54d66687911c302b8764ddf520c76d4d685dea1a4-libgstreamer-gl1.0-0_1.18.4-2+deb11u1_arm64.deb
libgstreamer-plugins-bad1.0-0	1.18.4-3+deb11u1	amd64	gst-plugins-bad1.0	1.18.4-3+deb11u1	libgstreamer-plugins-bad1.0-0	arm64	native-arm64	exact-binary-and-source-version	1.18.4-3+deb11u1	7671b78fffed94f22552ff6f1ac633008176066491336a477c08795523696741	7671b78fffed94f22552ff6f1ac633008176066491336a477c08795523696741-libgstreamer-plugins-bad1.0-0_1.18.4-3+deb11u1_arm64.deb
libgstreamer-plugins-base1.0-0	1.18.4-2+deb11u1	amd64	gst-plugins-base1.0	1.18.4-2+deb11u1	libgstreamer-plugins-base1.0-0	arm64	native-arm64	exact-binary-and-source-version	1.18.4-2+deb11u1	49da7b63e233c207398b638a7aee781727b3ca43b09cd4e91d0b8c333e2d58b0	49da7b63e233c207398b638a7aee781727b3ca43b09cd4e91d0b8c333e2d58b0-libgstreamer-plugins-base1.0-0_1.18.4-2+deb11u1_arm64.deb
libgstreamer1.0-0	1.18.4-2.1	amd64	gstreamer1.0	1.18.4-2.1	libgstreamer1.0-0	arm64	native-arm64	exact-binary-and-source-version	1.18.4-2.1	0aee9a595e4fe784a59244dfe10567fd6b12cd94c86657a1dd6d07453154d21f	0aee9a595e4fe784a59244dfe10567fd6b12cd94c86657a1dd6d07453154d21f-libgstreamer1.0-0_1.18.4-2.1_arm64.deb
libgtk-3-0	3.24.24-4+grm3u2	amd64	gtk+3.0	3.24.24-4+grm3u2	libgtk-3-0	arm64	native-arm64	exact-binary-and-source-version	3.24.24-4+grm3u2	6a8bc2c9fac0a88400a3d0e5f23df7300b84f303ad947a80be7c5eb1c5ff8456	6a8bc2c9fac0a88400a3d0e5f23df7300b84f303ad947a80be7c5eb1c5ff8456-libgtk-3-0_3.24.24-4+grm3u2_arm64.deb
libgtk-3-bin	3.24.24-4+grm3u2	amd64	gtk+3.0	3.24.24-4+grm3u2	libgtk-3-bin	arm64	native-arm64	exact-binary-and-source-version	3.24.24-4+grm3u2	42f4721f5b1d4617238aa9c78141dfb11f6e9c1811dac85f9f70ac3a68c36967	42f4721f5b1d4617238aa9c78141dfb11f6e9c1811dac85f9f70ac3a68c36967-libgtk-3-bin_3.24.24-4+grm3u2_arm64.deb
libgtk-3-common	3.24.24-4+grm3u2	all	gtk+3.0	3.24.24-4+grm3u2	libgtk-3-common	all	reuse-all	exact-binary-and-source-version	3.24.24-4+grm3u2	06bbd9f777c94517b0f0cd5fd9b3626cb61eef3073071e9706045867240237cd	06bbd9f777c94517b0f0cd5fd9b3626cb61eef3073071e9706045867240237cd-libgtk-3-common_3.24.24-4+grm3u2_all.deb
libgtk2.0-0	2.24.33-2+grm3u1	amd64	gtk+2.0	2.24.33-2+grm3u1	libgtk2.0-0	arm64	native-arm64	exact-binary-and-source-version	2.24.33-2+grm3u1	21493f151830caddc080cd5ee0a7dd4c7ac5fdbeba81da5d4b12217713cf772d	21493f151830caddc080cd5ee0a7dd4c7ac5fdbeba81da5d4b12217713cf772d-libgtk2.0-0_2.24.33-2+grm3u1_arm64.deb
libgtk2.0-common	2.24.33-2+grm3u1	all	gtk+2.0	2.24.33-2+grm3u1	libgtk2.0-common	all	reuse-all	exact-binary-and-source-version	2.24.33-2+grm3u1	85b8a8e8a456c00dfad0789bd0899bf3d71d5e8729cefc13134b2adfbafb0fe3	85b8a8e8a456c00dfad0789bd0899bf3d71d5e8729cefc13134b2adfbafb0fe3-libgtk2.0-common_2.24.33-2+grm3u1_all.deb
libgtk3-perl	0.038-1	all	libgtk3-perl	0.038-1	libgtk3-perl	all	reuse-all	exact-binary-and-source-version	0.038-1	d57057bfc18d1c506033a1a4e73a5c29098202b187b04dcf9628c8c51689e0b7	d57057bfc18d1c506033a1a4e73a5c29098202b187b04dcf9628c8c51689e0b7-libgtk3-perl_0.038-1_all.deb
libgtkmm-3.0-1v5	3.24.2-2	amd64	gtkmm3.0	3.24.2-2	libgtkmm-3.0-1v5	arm64	native-arm64	exact-binary-and-source-version	3.24.2-2	5757b88221205c788e4c58e5f6bb2a003c7cfcdc1623d47dcfba0979e38bd6f4	5757b88221205c788e4c58e5f6bb2a003c7cfcdc1623d47dcfba0979e38bd6f4-libgtkmm-3.0-1v5_3.24.2-2_arm64.deb
libgtksourceview-4-0	4.8.0-1	amd64	gtksourceview4	4.8.0-1	libgtksourceview-4-0	arm64	native-arm64	exact-binary-and-source-version	4.8.0-1	39865044024f2e2d53db0e942cb4fb6edcfc9fed726013f54944567e35290abb	39865044024f2e2d53db0e942cb4fb6edcfc9fed726013f54944567e35290abb-libgtksourceview-4-0_4.8.0-1_arm64.deb
libgtksourceview-4-common	4.8.0-1	all	gtksourceview4	4.8.0-1	libgtksourceview-4-common	all	reuse-all	exact-binary-and-source-version	4.8.0-1	4b77b0ac9c77d698f3239e2edbd7e619e20e4361c1ab61f1698a81112325af32	4b77b0ac9c77d698f3239e2edbd7e619e20e4361c1ab61f1698a81112325af32-libgtksourceview-4-common_4.8.0-1_all.deb
libgtop-2.0-11	2.40.0-2	amd64	libgtop2	2.40.0-2	libgtop-2.0-11	arm64	native-arm64	exact-binary-and-source-version	2.40.0-2	06e7772fef18f69f8539b87a3c0956c367ff9c29f8b16a816ea7ade65593b571	06e7772fef18f69f8539b87a3c0956c367ff9c29f8b16a816ea7ade65593b571-libgtop-2.0-11_2.40.0-2_arm64.deb
libgtop2-common	2.40.0-2	all	libgtop2	2.40.0-2	libgtop2-common	all	reuse-all	exact-binary-and-source-version	2.40.0-2	7d8c3f3e2bbbfba2f06b7c9107c3ed2b42166a03c9fd6e7235dba116393e21a6	7d8c3f3e2bbbfba2f06b7c9107c3ed2b42166a03c9fd6e7235dba116393e21a6-libgtop2-common_2.40.0-2_all.deb
libgudev-1.0-0	234-1	amd64	libgudev	234-1	libgudev-1.0-0	arm64	native-arm64	exact-binary-and-source-version	234-1	8e0e8990893f9355d7f725e608e948cc9369c850caf163a28f118c0262b63586	8e0e8990893f9355d7f725e608e948cc9369c850caf163a28f118c0262b63586-libgudev-1.0-0_234-1_arm64.deb
libgupnp-1.2-0	1.2.4-1	amd64	gupnp	1.2.4-1	libgupnp-1.2-0	arm64	native-arm64	exact-binary-and-source-version	1.2.4-1	9fc8e77b4c28caf6db825a34fa05c2dd105897e4e7213833896236326b9e64aa	9fc8e77b4c28caf6db825a34fa05c2dd105897e4e7213833896236326b9e64aa-libgupnp-1.2-0_1.2.4-1_arm64.deb
libgupnp-av-1.0-2	0.12.11-2	amd64	gupnp-av	0.12.11-2	libgupnp-av-1.0-2	arm64	native-arm64	exact-binary-and-source-version	0.12.11-2	ced36e9cf2f8825bc64854f3568b7b632eb6f96a5c3e5d1ff7028df6e6c04488	ced36e9cf2f8825bc64854f3568b7b632eb6f96a5c3e5d1ff7028df6e6c04488-libgupnp-av-1.0-2_0.12.11-2_arm64.deb
libgupnp-dlna-2.0-3	0.10.5-4	amd64	gupnp-dlna	0.10.5-4	libgupnp-dlna-2.0-3	arm64	native-arm64	exact-binary-and-source-version	0.10.5-4	31b74a4199cf4589719810259d41b90f3327fea146125afaba3d995ebebe0d29	31b74a4199cf4589719810259d41b90f3327fea146125afaba3d995ebebe0d29-libgupnp-dlna-2.0-3_0.10.5-4_arm64.deb
libgupnp-igd-1.0-4	1.2.0-1	amd64	gupnp-igd	1.2.0-1	libgupnp-igd-1.0-4	arm64	native-arm64	exact-binary-and-source-version	1.2.0-1	6852f375f22f60455552e07577c4bd75c3191f23ca2421b7968ff38671e03ee5	6852f375f22f60455552e07577c4bd75c3191f23ca2421b7968ff38671e03ee5-libgupnp-igd-1.0-4_1.2.0-1_arm64.deb
libgusb2	0.3.5-1	amd64	libgusb	0.3.5-1	libgusb2	arm64	native-arm64	exact-binary-and-source-version	0.3.5-1	d5a747a378def9be7b1e6c8af4bfa31df8d1d8865aa2add65dadfdf3ffddea74	d5a747a378def9be7b1e6c8af4bfa31df8d1d8865aa2add65dadfdf3ffddea74-libgusb2_0.3.5-1_arm64.deb
libgutenprint-common	5.3.3-5	all	gutenprint	5.3.3-5	libgutenprint-common	all	reuse-all	exact-binary-and-source-version	5.3.3-5	b73029f0623be54bbb65d97cb21e0708a0902320ca3c223740b137f1cfb26842	b73029f0623be54bbb65d97cb21e0708a0902320ca3c223740b137f1cfb26842-libgutenprint-common_5.3.3-5_all.deb
libgutenprint9	5.3.3-5	amd64	gutenprint	5.3.3-5	libgutenprint9	arm64	native-arm64	exact-binary-and-source-version	5.3.3-5	4f70cc8a3d316881028007f70ba48d39621f85c2afbd3d77e4cc88164f363a44	4f70cc8a3d316881028007f70ba48d39621f85c2afbd3d77e4cc88164f363a44-libgutenprint9_5.3.3-5_arm64.deb
libgweather-3-16	3.36.1-3	amd64	libgweather	3.36.1-3	libgweather-3-16	arm64	native-arm64	exact-binary-and-source-version	3.36.1-3	6230129578d22d412390f124e23f72f90dade14992b66fe9c44b4496a316a74c	6230129578d22d412390f124e23f72f90dade14992b66fe9c44b4496a316a74c-libgweather-3-16_3.36.1-3_arm64.deb
libgweather-common	3.36.1-3	all	libgweather	3.36.1-3	libgweather-common	all	reuse-all	exact-binary-and-source-version	3.36.1-3	330dede337906f10daf025afe1e7a5d0859046506290d8197bfa4e85a71b27dd	330dede337906f10daf025afe1e7a5d0859046506290d8197bfa4e85a71b27dd-libgweather-common_3.36.1-3_all.deb
libgxps2	0.3.2-1	amd64	libgxps	0.3.2-1	libgxps2	arm64	native-arm64	exact-binary-and-source-version	0.3.2-1	f6db73eccc39f28ccc36bb4d3f9be5c462fa1d3b276d6fbc19c90dd268834f63	f6db73eccc39f28ccc36bb4d3f9be5c462fa1d3b276d6fbc19c90dd268834f63-libgxps2_0.3.2-1_arm64.deb
libhandy-1-0	1.0.3-2	amd64	libhandy-1	1.0.3-2	libhandy-1-0	arm64	native-arm64	exact-binary-and-source-version	1.0.3-2	20627eb3b018a74757a391d1ebc69b19af4b251b413e1ce69ecd0636c6f2ee20	20627eb3b018a74757a391d1ebc69b19af4b251b413e1ce69ecd0636c6f2ee20-libhandy-1-0_1.0.3-2_arm64.deb
libhangul-data	0.1.0+git20191003-2	all	libhangul	0.1.0+git20191003-2	libhangul-data	all	reuse-all	exact-binary-and-source-version	0.1.0+git20191003-2	ec925a884fabe7ea75bee835940e5f138d01be39e6ce814368fd5dda113dea29	ec925a884fabe7ea75bee835940e5f138d01be39e6ce814368fd5dda113dea29-libhangul-data_0.1.0+git20191003-2_all.deb
libhangul1	0.1.0+git20191003-2	amd64	libhangul	0.1.0+git20191003-2	libhangul1	arm64	native-arm64	exact-binary-and-source-version	0.1.0+git20191003-2	bf5e7e39e15e74e412298622a3c2e1588c8358477d89bdccd8277f1c1e499dd6	bf5e7e39e15e74e412298622a3c2e1588c8358477d89bdccd8277f1c1e499dd6-libhangul1_0.1.0+git20191003-2_arm64.deb
libharfbuzz-icu0	2.7.4-1	amd64	harfbuzz	2.7.4-1	libharfbuzz-icu0	arm64	native-arm64	exact-binary-and-source-version	2.7.4-1	73c4295af56916f261aec8a05aefb6ff587e6645afc6073d8250216be6488e2f	73c4295af56916f261aec8a05aefb6ff587e6645afc6073d8250216be6488e2f-libharfbuzz-icu0_2.7.4-1_arm64.deb
libharfbuzz0b	2.7.4-1	amd64	harfbuzz	2.7.4-1	libharfbuzz0b	arm64	native-arm64	exact-binary-and-source-version	2.7.4-1	d9f0345391cc661503d1508ccd318b3db48add354e706cf9d66fa16bf99e2d03	d9f0345391cc661503d1508ccd318b3db48add354e706cf9d66fa16bf99e2d03-libharfbuzz0b_2.7.4-1_arm64.deb
libhogweed6	3.7.3-1	amd64	nettle	3.7.3-1	libhogweed6	arm64	native-arm64	exact-binary-and-source-version	3.7.3-1	3e9eea5e474dd98a7de9e4c1ecfbfd6f6efb1d40bf51d6473de9713cf41d2191	3e9eea5e474dd98a7de9e4c1ecfbfd6f6efb1d40bf51d6473de9713cf41d2191-libhogweed6_3.7.3-1_arm64.deb
libhpmud0	3.21.2+dfsg1-2	amd64	hplip	3.21.2+dfsg1-2	libhpmud0	arm64	native-arm64	exact-binary-and-source-version	3.21.2+dfsg1-2	4cda0190ac42546db9ebabb0cb41016ceb11a97fd378c4850f4fcfd67fafad2d	4cda0190ac42546db9ebabb0cb41016ceb11a97fd378c4850f4fcfd67fafad2d-libhpmud0_3.21.2+dfsg1-2_arm64.deb
libhunspell-1.7-0	1.7.0-3	amd64	hunspell	1.7.0-3	libhunspell-1.7-0	arm64	native-arm64	exact-binary-and-source-version	1.7.0-3	5d9f91f4ecf48a5ad635dfa102c96807ce4b14d50612fba06d89a0dd5beba573	5d9f91f4ecf48a5ad635dfa102c96807ce4b14d50612fba06d89a0dd5beba573-libhunspell-1.7-0_1.7.0-3_arm64.deb
libhx32	3.25-2	amd64	libhx	3.25-2	libhx32	arm64	native-arm64	exact-binary-and-source-version	3.25-2	9ee102a848291b26cba876eb4517d8015718e80d62e95ab1054d4fdf538d038d	9ee102a848291b26cba876eb4517d8015718e80d62e95ab1054d4fdf538d038d-libhx32_3.25-2_arm64.deb
libhyphen0	2.8.8-7	amd64	hyphen	2.8.8-7	libhyphen0	arm64	native-arm64	exact-binary-and-source-version	2.8.8-7	ef0ae355fcc8fb05aa76434c5c485689e5583367a76e701bc8a3dabba22e4150	ef0ae355fcc8fb05aa76434c5c485689e5583367a76e701bc8a3dabba22e4150-libhyphen0_2.8.8-7_arm64.deb
libibus-1.0-5	1.5.23-2	amd64	ibus	1.5.23-2	libibus-1.0-5	arm64	native-arm64	exact-binary-and-source-version	1.5.23-2	83b08c46c9104c99f1a2f0a502e00f4bdb1b9ecb8c82b46416d6499b30537b3e	83b08c46c9104c99f1a2f0a502e00f4bdb1b9ecb8c82b46416d6499b30537b3e-libibus-1.0-5_1.5.23-2_arm64.deb
libical3	3.0.9-2	amd64	libical3	3.0.9-2	libical3	arm64	native-arm64	exact-binary-and-source-version	3.0.9-2	aa73645d6c118be832069308812e18896cb8a599163ba04c6cfa6f87578034fe	aa73645d6c118be832069308812e18896cb8a599163ba04c6cfa6f87578034fe-libical3_3.0.9-2_arm64.deb
libice6	2:1.0.10-1	amd64	libice	2:1.0.10-1	libice6	arm64	native-arm64	exact-binary-and-source-version	2:1.0.10-1	1067dcf02c2fcc4e227a911a4b8916f8295a0ac2bcd20ef3e84e550a97733d60	1067dcf02c2fcc4e227a911a4b8916f8295a0ac2bcd20ef3e84e550a97733d60-libice6_2%3a1.0.10-1_arm64.deb
libicu67	67.1-7	amd64	icu	67.1-7	libicu67	arm64	native-arm64	exact-binary-and-source-version	67.1-7	776303db230b275d8a17dfe8f0012bf61093dfc910f0d51f175be36707686efe	776303db230b275d8a17dfe8f0012bf61093dfc910f0d51f175be36707686efe-libicu67_67.1-7_arm64.deb
libidn11	1.33-3	amd64	libidn	1.33-3	libidn11	arm64	native-arm64	exact-binary-and-source-version	1.33-3	fb5aa56998c74491cdf735eec9ca743960f0585e9ac8b20f73f96c9628c7485d	fb5aa56998c74491cdf735eec9ca743960f0585e9ac8b20f73f96c9628c7485d-libidn11_1.33-3_arm64.deb
libidn2-0	2.3.0-5	amd64	libidn2	2.3.0-5	libidn2-0	arm64	native-arm64	exact-binary-and-source-version	2.3.0-5	0d2e6d39bf65f16861f284be567c1a6c5d4dc6b54dcfdf9dba631546ff4e6796	0d2e6d39bf65f16861f284be567c1a6c5d4dc6b54dcfdf9dba631546ff4e6796-libidn2-0_2.3.0-5_arm64.deb
libiec61883-0	1.2.0-4	amd64	libiec61883	1.2.0-4	libiec61883-0	arm64	native-arm64	exact-binary-and-source-version	1.2.0-4	4a15ee3d12830c7bdaa5c21e522a69dabbaff3fcb4cf18648b71e37ebd0c324d	4a15ee3d12830c7bdaa5c21e522a69dabbaff3fcb4cf18648b71e37ebd0c324d-libiec61883-0_1.2.0-4_arm64.deb
libieee1284-3	0.2.11-14	amd64	libieee1284	0.2.11-14	libieee1284-3	arm64	native-arm64	exact-binary-and-source-version	0.2.11-14	fca5c6cf24fd8877d9af98caa8715d934c949de555ccba29966d71f10faae503	fca5c6cf24fd8877d9af98caa8715d934c949de555ccba29966d71f10faae503-libieee1284-3_0.2.11-14_arm64.deb
libijs-0.35	0.35-15	amd64	ijs	0.35-15	libijs-0.35	arm64	native-arm64	exact-binary-and-source-version	0.35-15	32b9653c4833af417fd8501e6f133a5784a73ae2010b2de9cf87276670317817	32b9653c4833af417fd8501e6f133a5784a73ae2010b2de9cf87276670317817-libijs-0.35_0.35-15_arm64.deb
libilmbase25	2.5.4-1	amd64	ilmbase	2.5.4-1	libilmbase25	arm64	native-arm64	exact-binary-and-source-version	2.5.4-1	9d09d54ad2ceb8148fd1be0fe2e065a7c35ffecb48b329592271aaf860f620e9	9d09d54ad2ceb8148fd1be0fe2e065a7c35ffecb48b329592271aaf860f620e9-libilmbase25_2.5.4-1_arm64.deb
libimagequant0	2.12.2-1.1	amd64	libimagequant	2.12.2-1.1	libimagequant0	arm64	native-arm64	exact-binary-and-source-version	2.12.2-1.1	2cb79760112b5a139832ee929b28e1f47937b635abcb760a4bf4abd4bc32a387	2cb79760112b5a139832ee929b28e1f47937b635abcb760a4bf4abd4bc32a387-libimagequant0_2.12.2-1.1_arm64.deb
libimobiledevice6	1.3.0-6	amd64	libimobiledevice	1.3.0-6	libimobiledevice6	arm64	native-arm64	exact-binary-and-source-version	1.3.0-6	6fa776ead086ccd42e90bef6e0861714bf8d15e9ab9e8d41634a6f707a76b45b	6fa776ead086ccd42e90bef6e0861714bf8d15e9ab9e8d41634a6f707a76b45b-libimobiledevice6_1.3.0-6_arm64.deb
libinput-bin	1.16.4-3	amd64	libinput	1.16.4-3	libinput-bin	arm64	native-arm64	exact-binary-and-source-version	1.16.4-3	f32690f09bf54faa7596537ee156832ab6d47ce59664e0efefb72cb3371df301	f32690f09bf54faa7596537ee156832ab6d47ce59664e0efefb72cb3371df301-libinput-bin_1.16.4-3_arm64.deb
libinput10	1.16.4-3	amd64	libinput	1.16.4-3	libinput10	arm64	native-arm64	exact-binary-and-source-version	1.16.4-3	6c7105bcef7a870b18d1be588790938985b0f0ca9c6d42608f5f5238893da259	6c7105bcef7a870b18d1be588790938985b0f0ca9c6d42608f5f5238893da259-libinput10_1.16.4-3_arm64.deb
libinstpatch-1.0-2	1.1.6-1	amd64	libinstpatch	1.1.6-1	libinstpatch-1.0-2	arm64	native-arm64	exact-binary-and-source-version	1.1.6-1	c24d1ef774b0cd16baf38f8c45d6081e38e515674cb4a5b7d27a7e853576be3e	c24d1ef774b0cd16baf38f8c45d6081e38e515674cb4a5b7d27a7e853576be3e-libinstpatch-1.0-2_1.1.6-1_arm64.deb
libip4tc2	1.8.7-1	amd64	iptables	1.8.7-1	libip4tc2	arm64	native-arm64	exact-binary-and-source-version	1.8.7-1	d1fe2f3f384c2c9205b33822d6510c5f1f68d93f3ce487638d162b9667ff1f27	d1fe2f3f384c2c9205b33822d6510c5f1f68d93f3ce487638d162b9667ff1f27-libip4tc2_1.8.7-1_arm64.deb
libip6tc2	1.8.7-1	amd64	iptables	1.8.7-1	libip6tc2	arm64	native-arm64	exact-binary-and-source-version	1.8.7-1	40a45ce5fa8b3926efc281cab4d0ba9846dee18295c9374ad8917c7dbb113b2e	40a45ce5fa8b3926efc281cab4d0ba9846dee18295c9374ad8917c7dbb113b2e-libip6tc2_1.8.7-1_arm64.deb
libiptcdata0	1.0.5-2.3	amd64	libiptcdata	1.0.5-2.3	libiptcdata0	arm64	native-arm64	exact-binary-and-source-version	1.0.5-2.3	c446fd1ad81415adcfa585515fd61ba92ad9dcd9d94a68256803169abb969fc9	c446fd1ad81415adcfa585515fd61ba92ad9dcd9d94a68256803169abb969fc9-libiptcdata0_1.0.5-2.3_arm64.deb
libisc-export1105	1:9.11.19+dfsg-2.1	amd64	bind9-libs	1:9.11.19+dfsg-2.1	libisc-export1105	arm64	native-arm64	exact-binary-and-source-version	1:9.11.19+dfsg-2.1	542502117e0b9703ce2f14d2ed6960b44c5aa5c9bc4eb20ac75c563b1c7c86b5	542502117e0b9703ce2f14d2ed6960b44c5aa5c9bc4eb20ac75c563b1c7c86b5-libisc-export1105_1%3a9.11.19+dfsg-2.1_arm64.deb
libisl23	0.23-1	amd64	isl	0.23-1	libisl23	arm64	native-arm64	exact-binary-and-source-version	0.23-1	23a7093e1b950f84faf56d35cba03f981d63e0199f5747df2706ef0401792804	23a7093e1b950f84faf56d35cba03f981d63e0199f5747df2706ef0401792804-libisl23_0.23-1_arm64.deb
libjack-jackd2-0	1.9.17~dfsg-1	amd64	jackd2	1.9.17~dfsg-1	libjack-jackd2-0	arm64	native-arm64	exact-binary-and-source-version	1.9.17~dfsg-1	bf6470c02225641ff4f2baaf5b724a41a175dacbc7195d90d695404ce00afdc1	bf6470c02225641ff4f2baaf5b724a41a175dacbc7195d90d695404ce00afdc1-libjack-jackd2-0_1.9.17~dfsg-1_arm64.deb
libjansson4	2.13.1-1.1	amd64	jansson	2.13.1-1.1	libjansson4	arm64	native-arm64	exact-binary-and-source-version	2.13.1-1.1	988b8ed5d8b6299409937a111ec8279c915b1ab185e570ba12c913232528bf07	988b8ed5d8b6299409937a111ec8279c915b1ab185e570ba12c913232528bf07-libjansson4_2.13.1-1.1_arm64.deb
libjavascriptcoregtk-4.0-18	2.40.3-2~deb11u2	amd64	webkit2gtk	2.40.3-2~deb11u2	libjavascriptcoregtk-4.0-18	arm64	native-arm64	exact-binary-and-source-version	2.40.3-2~deb11u2	472da98b489558c6666f1c14b1fe729f0ee55e029650ae4cf92740eb050ec9a8	472da98b489558c6666f1c14b1fe729f0ee55e029650ae4cf92740eb050ec9a8-libjavascriptcoregtk-4.0-18_2.40.3-2~deb11u2_arm64.deb
libjbig0	2.1-3.1+b2	amd64	jbigkit	2.1-3.1	libjbig0	arm64	native-arm64	exact-binary-and-source-version	2.1-3.1+b2	b71b3e62e162f64cb24466bf7c6e40b05ce2a67ca7fed26d267d498f2896d549	b71b3e62e162f64cb24466bf7c6e40b05ce2a67ca7fed26d267d498f2896d549-libjbig0_2.1-3.1+b2_arm64.deb
libjbig2dec0	0.19-2	amd64	jbig2dec	0.19-2	libjbig2dec0	arm64	native-arm64	exact-binary-and-source-version	0.19-2	28bc3fa29e47c395ca1b4b204fa0ae29a8f15f3981a32a7da6dc7a3a99683e56	28bc3fa29e47c395ca1b4b204fa0ae29a8f15f3981a32a7da6dc7a3a99683e56-libjbig2dec0_0.19-2_arm64.deb
libjpeg62-turbo	1:2.0.6-4	amd64	libjpeg-turbo	1:2.0.6-4	libjpeg62-turbo	arm64	native-arm64	exact-binary-and-source-version	1:2.0.6-4	8903394de23dc6ead5abfc80972c8fd44300c9903ad4589d0df926e71977d881	8903394de23dc6ead5abfc80972c8fd44300c9903ad4589d0df926e71977d881-libjpeg62-turbo_1%3a2.0.6-4_arm64.deb
libjson-c5	0.15-2	amd64	json-c	0.15-2	libjson-c5	arm64	native-arm64	exact-binary-and-source-version	0.15-2	451820024e4d1023cc74758bc22beccf1aa235227026b3e24bafa67bf81d215e	451820024e4d1023cc74758bc22beccf1aa235227026b3e24bafa67bf81d215e-libjson-c5_0.15-2_arm64.deb
libjson-glib-1.0-0	1.6.2-1	amd64	json-glib	1.6.2-1	libjson-glib-1.0-0	arm64	native-arm64	exact-binary-and-source-version	1.6.2-1	a2167dd43e00154f2418f19e819cd90db1559f78cd8d783cfac1063bba7509e8	a2167dd43e00154f2418f19e819cd90db1559f78cd8d783cfac1063bba7509e8-libjson-glib-1.0-0_1.6.2-1_arm64.deb
libjson-glib-1.0-common	1.6.2-1	all	json-glib	1.6.2-1	libjson-glib-1.0-common	all	reuse-all	exact-binary-and-source-version	1.6.2-1	a938ec35a20dca2e5878a8750fb44683b67a5f7c2d23d383963803a9fcfac1a3	a938ec35a20dca2e5878a8750fb44683b67a5f7c2d23d383963803a9fcfac1a3-libjson-glib-1.0-common_1.6.2-1_all.deb
libjsoncpp24	1.9.4-4	amd64	libjsoncpp	1.9.4-4	libjsoncpp24	arm64	native-arm64	exact-binary-and-source-version	1.9.4-4	b8e04a858f2059d4e9d66b79f359995e38ff8c9509175647d6f98ba1f8b29b2a	b8e04a858f2059d4e9d66b79f359995e38ff8c9509175647d6f98ba1f8b29b2a-libjsoncpp24_1.9.4-4_arm64.deb
libk5crypto3	1.18.3-6+deb11u3	amd64	krb5	1.18.3-6+deb11u3	libk5crypto3	arm64	native-arm64	exact-binary-and-source-version	1.18.3-6+deb11u3	6193fca1f4dbcc366cff4767194f9bcc278467c9dcd786c90a2933846312db39	6193fca1f4dbcc366cff4767194f9bcc278467c9dcd786c90a2933846312db39-libk5crypto3_1.18.3-6+deb11u3_arm64.deb
libkate1	0.4.1-11	amd64	libkate	0.4.1-11	libkate1	arm64	native-arm64	exact-binary-and-source-version	0.4.1-11	97890e66ff7ac0dbc99ab927ffe441feb9c51922cf6aeefd86c504e4ef9613dc	97890e66ff7ac0dbc99ab927ffe441feb9c51922cf6aeefd86c504e4ef9613dc-libkate1_0.4.1-11_arm64.deb
libkeybinder-3.0-0	0.3.2-1.1	amd64	keybinder-3.0	0.3.2-1.1	libkeybinder-3.0-0	arm64	native-arm64	exact-binary-and-source-version	0.3.2-1.1	3b393e448bef34dc6e06dcbed7e699ffdc2ce00cf156d114ebf2e11ad167fed4	3b393e448bef34dc6e06dcbed7e699ffdc2ce00cf156d114ebf2e11ad167fed4-libkeybinder-3.0-0_0.3.2-1.1_arm64.deb
libkeyutils1	1.6.1-2	amd64	keyutils	1.6.1-2	libkeyutils1	arm64	native-arm64	exact-binary-and-source-version	1.6.1-2	7101c2380ab47a3627a6fa076a149ab71078263064f936fccbd43efbaed4a2da	7101c2380ab47a3627a6fa076a149ab71078263064f936fccbd43efbaed4a2da-libkeyutils1_1.6.1-2_arm64.deb
libklibc	2.0.8-6.1	amd64	klibc	2.0.8-6.1	libklibc	arm64	native-arm64	exact-binary-and-source-version	2.0.8-6.1	5eeaaf0bc236090878fa6a5d0f2bea127c67dd0f1144573c43d90b2a35abd3ee	5eeaaf0bc236090878fa6a5d0f2bea127c67dd0f1144573c43d90b2a35abd3ee-libklibc_2.0.8-6.1_arm64.deb
libkmod2	28-1	amd64	kmod	28-1	libkmod2	arm64	native-arm64	exact-binary-and-source-version	28-1	b23875b1dd2ffaae6a5f4e45d22a7a4f0fa5827903e049d64efed91dda27194d	b23875b1dd2ffaae6a5f4e45d22a7a4f0fa5827903e049d64efed91dda27194d-libkmod2_28-1_arm64.deb
libkrb5-3	1.18.3-6+deb11u3	amd64	krb5	1.18.3-6+deb11u3	libkrb5-3	arm64	native-arm64	exact-binary-and-source-version	1.18.3-6+deb11u3	130a57d59a0b76711d1d42b54491017d84052c8bad05971fc8d13b2c5cb07a5f	130a57d59a0b76711d1d42b54491017d84052c8bad05971fc8d13b2c5cb07a5f-libkrb5-3_1.18.3-6+deb11u3_arm64.deb
libkrb5support0	1.18.3-6+deb11u3	amd64	krb5	1.18.3-6+deb11u3	libkrb5support0	arm64	native-arm64	exact-binary-and-source-version	1.18.3-6+deb11u3	7e42d93c73eff4d34e981aeabb48f6a7da2123a145fe13c08b0f853a947d76bf	7e42d93c73eff4d34e981aeabb48f6a7da2123a145fe13c08b0f853a947d76bf-libkrb5support0_1.18.3-6+deb11u3_arm64.deb
libksba8	1.5.0-3+deb11u2	amd64	libksba	1.5.0-3+deb11u2	libksba8	arm64	native-arm64	exact-binary-and-source-version	1.5.0-3+deb11u2	8602e8e8e0be88e5ffd5e911dacdfd08e2b0f2dab753da96e6fe6ae0e09cfe33	8602e8e8e0be88e5ffd5e911dacdfd08e2b0f2dab753da96e6fe6ae0e09cfe33-libksba8_1.5.0-3+deb11u2_arm64.deb
liblapack3	3.9.0-3	amd64	lapack	3.9.0-3	liblapack3	arm64	native-arm64	exact-binary-and-source-version	3.9.0-3	30858f2b44bd6e24100bf119ab7e4da0e9db9df1ade3957e65952d95d4c308e6	30858f2b44bd6e24100bf119ab7e4da0e9db9df1ade3957e65952d95d4c308e6-liblapack3_3.9.0-3_arm64.deb
liblcms2-2	2.12~rc1-2	amd64	lcms2	2.12~rc1-2	liblcms2-2	arm64	native-arm64	exact-binary-and-source-version	2.12~rc1-2	6d92ee1f0d427b88ab9bff32c769b61e2597c8fb289589ca0731a7e77d490d6e	6d92ee1f0d427b88ab9bff32c769b61e2597c8fb289589ca0731a7e77d490d6e-liblcms2-2_2.12~rc1-2_arm64.deb
liblcms2-utils	2.12~rc1-2	amd64	lcms2	2.12~rc1-2	liblcms2-utils	arm64	native-arm64	exact-binary-and-source-version	2.12~rc1-2	5297d7e8d410531d75a7a2596070c45c33b6a48fd9be9502f9461499a0294aaf	5297d7e8d410531d75a7a2596070c45c33b6a48fd9be9502f9461499a0294aaf-liblcms2-utils_2.12~rc1-2_arm64.deb
libldap-2.4-2	2.4.57+dfsg-3+deb11u1	amd64	openldap	2.4.57+dfsg-3+deb11u1	libldap-2.4-2	arm64	native-arm64	exact-binary-and-source-version	2.4.57+dfsg-3+deb11u1	4803bddc9ff915cd91d0cc4ec22c6ab5e07b213e6a44118025fdab8bfa6d20ba	4803bddc9ff915cd91d0cc4ec22c6ab5e07b213e6a44118025fdab8bfa6d20ba-libldap-2.4-2_2.4.57+dfsg-3+deb11u1_arm64.deb
libldb2	2:2.2.3-2~deb11u2	amd64	ldb	2:2.2.3-2~deb11u2	libldb2	arm64	native-arm64	exact-binary-and-source-version	2:2.2.3-2~deb11u2	5321ffe28accdf6b343fd2ff47d68f6d26734f47829ab7894d50e58b9afe21e8	5321ffe28accdf6b343fd2ff47d68f6d26734f47829ab7894d50e58b9afe21e8-libldb2_2%3a2.2.3-2~deb11u2_arm64.deb
liblightdm-gobject-1-0	1.26.0-7+grm3u1	amd64	lightdm	1.26.0-7+grm3u1	liblightdm-gobject-1-0	arm64	native-arm64	exact-binary-and-source-version	1.26.0-7+grm3u1	f28d1813c0b56cdf78310ede537afe9f09f68198028e5a0d4562a7ce1f12637b	f28d1813c0b56cdf78310ede537afe9f09f68198028e5a0d4562a7ce1f12637b-liblightdm-gobject-1-0_1.26.0-7+grm3u1_arm64.deb
liblilv-0-0	0.24.12-2	amd64	lilv	0.24.12-2	liblilv-0-0	arm64	native-arm64	exact-binary-and-source-version	0.24.12-2	b36dc0c3b8ba453025b4839c852065abb95c823c4c03376e9ac4db76c56d5e8b	b36dc0c3b8ba453025b4839c852065abb95c823c4c03376e9ac4db76c56d5e8b-liblilv-0-0_0.24.12-2_arm64.deb
libllvm11	1:11.0.1-2	amd64	llvm-toolchain-11	1:11.0.1-2	libllvm11	arm64	native-arm64	exact-binary-and-source-version	1:11.0.1-2	0f4d1c3e259e203cc25ca5e07a4f88a018a775bdbf4376f33b06c8ffb7bb688b	0f4d1c3e259e203cc25ca5e07a4f88a018a775bdbf4376f33b06c8ffb7bb688b-libllvm11_1%3a11.0.1-2_arm64.deb
liblmdb0	0.9.24-1	amd64	lmdb	0.9.24-1	liblmdb0	arm64	native-arm64	exact-binary-and-source-version	0.9.24-1	c76f9f67a0e0b2fc0010a1d4ff980e0ec5bb224f14fb6df63fdff74d5811226d	c76f9f67a0e0b2fc0010a1d4ff980e0ec5bb224f14fb6df63fdff74d5811226d-liblmdb0_0.9.24-1_arm64.deb
liblocale-gettext-perl	1.07-4+b1	amd64	liblocale-gettext-perl	1.07-4	liblocale-gettext-perl	arm64	native-arm64	exact-binary-and-source-version	1.07-4+b1	435a5b66fda1c04aa633947848c9bff9616f5c4b8c80b10ebd783be53b8a780b	435a5b66fda1c04aa633947848c9bff9616f5c4b8c80b10ebd783be53b8a780b-liblocale-gettext-perl_1.07-4+b1_arm64.deb
liblognorm5	2.0.5-1.1	amd64	liblognorm	2.0.5-1.1	liblognorm5	arm64	native-arm64	exact-binary-and-source-version	2.0.5-1.1	0b6e7593a264b4928dcb6da64dab3ca41acfef1ca899fbb8a7491f43ae549fc1	0b6e7593a264b4928dcb6da64dab3ca41acfef1ca899fbb8a7491f43ae549fc1-liblognorm5_2.0.5-1.1_arm64.deb
libltc11	1.3.1-1	amd64	libltc	1.3.1-1	libltc11	arm64	native-arm64	exact-binary-and-source-version	1.3.1-1	1ff780bc54ed29fd5b638fc4b1cd948c2a34524298fd32175e3abf17a6e8f81f	1ff780bc54ed29fd5b638fc4b1cd948c2a34524298fd32175e3abf17a6e8f81f-libltc11_1.3.1-1_arm64.deb
libltdl7	2.4.6-15	amd64	libtool	2.4.6-15	libltdl7	arm64	native-arm64	exact-binary-and-source-version	2.4.6-15	e13bc091b1493c3bbb0e6554e73bd4d913358fdcd267152d1dcb32a5a3b94e27	e13bc091b1493c3bbb0e6554e73bd4d913358fdcd267152d1dcb32a5a3b94e27-libltdl7_2.4.6-15_arm64.deb
liblua5.2-0	5.2.4-1.1+b3	amd64	lua5.2	5.2.4-1.1	liblua5.2-0	arm64	native-arm64	exact-binary-and-source-version	5.2.4-1.1+b3	420bb05527f514a6d51ecc1fbd38001f044f44640af16ac68d146306c74e63e4	420bb05527f514a6d51ecc1fbd38001f044f44640af16ac68d146306c74e63e4-liblua5.2-0_5.2.4-1.1+b3_arm64.deb
liblz4-1	1.9.3-2	amd64	lz4	1.9.3-2	liblz4-1	arm64	native-arm64	exact-binary-and-source-version	1.9.3-2	83f0ee547cd42854e1b2a2e4c1a5705e28259ee5fa6560119f918f961a5dada2	83f0ee547cd42854e1b2a2e4c1a5705e28259ee5fa6560119f918f961a5dada2-liblz4-1_1.9.3-2_arm64.deb
liblzma5	5.2.5-2.1~deb11u1	amd64	xz-utils	5.2.5-2.1~deb11u1	liblzma5	arm64	native-arm64	exact-binary-and-source-version	5.2.5-2.1~deb11u1	d865bba41952c707b3fa3ae8cab4d4bd337ee92991d2aead66c925bf7cc48846	d865bba41952c707b3fa3ae8cab4d4bd337ee92991d2aead66c925bf7cc48846-liblzma5_5.2.5-2.1~deb11u1_arm64.deb
liblzo2-2	2.10-2	amd64	lzo2	2.10-2	liblzo2-2	arm64	native-arm64	exact-binary-and-source-version	2.10-2	7b83b0c8f67bb09da8d3bb7b2ff38843bfdc8f7b627194048c18d679e1ee2a5b	7b83b0c8f67bb09da8d3bb7b2ff38843bfdc8f7b627194048c18d679e1ee2a5b-liblzo2-2_2.10-2_arm64.deb
libmagic-mgc	1:5.39-3	amd64	file	1:5.39-3	libmagic-mgc	arm64	native-arm64	exact-binary-and-source-version	1:5.39-3	ee52c1a5eaca56fe0cf38e9c5367d21ab3ee6360541c97e11c23374643f83d1c	ee52c1a5eaca56fe0cf38e9c5367d21ab3ee6360541c97e11c23374643f83d1c-libmagic-mgc_1%3a5.39-3_arm64.deb
libmagic1	1:5.39-3	amd64	file	1:5.39-3	libmagic1	arm64	native-arm64	exact-binary-and-source-version	1:5.39-3	de8c9b08bc82d289a8a5c17e8bc5e3bb6e8629dc5c201f6f67f6b57cab0d01cd	de8c9b08bc82d289a8a5c17e8bc5e3bb6e8629dc5c201f6f67f6b57cab0d01cd-libmagic1_1%3a5.39-3_arm64.deb
libmalcontent-0-0	0.10.0-2	amd64	malcontent	0.10.0-2	libmalcontent-0-0	arm64	native-arm64	exact-binary-and-source-version	0.10.0-2	4dc6d59fa5346e1bdcfb7e1ebd86742b285eeed76dfe2cebd19496e27cab34c7	4dc6d59fa5346e1bdcfb7e1ebd86742b285eeed76dfe2cebd19496e27cab34c7-libmalcontent-0-0_0.10.0-2_arm64.deb
libmalcontent-ui-0-0	0.10.0-2	amd64	malcontent	0.10.0-2	libmalcontent-ui-0-0	arm64	native-arm64	exact-binary-and-source-version	0.10.0-2	17930dc1c604cd6a7e4042896d7174c81d2cbc6336178b5d827961fc926910ef	17930dc1c604cd6a7e4042896d7174c81d2cbc6336178b5d827961fc926910ef-libmalcontent-ui-0-0_0.10.0-2_arm64.deb
libmanette-0.2-0	0.2.5-1	amd64	libmanette	0.2.5-1	libmanette-0.2-0	arm64	native-arm64	exact-binary-and-source-version	0.2.5-1	ccc3386a02c9a0cd3895acda1e7769640e4e525792212340b43768a20815f74b	ccc3386a02c9a0cd3895acda1e7769640e4e525792212340b43768a20815f74b-libmanette-0.2-0_0.2.5-1_arm64.deb
libmd0	1.0.3-3	amd64	libmd	1.0.3-3	libmd0	arm64	native-arm64	exact-binary-and-source-version	1.0.3-3	3c490cdcce9d25e702e6587b6166cd8e7303fce8343642d9d5d99695282a9e5c	3c490cdcce9d25e702e6587b6166cd8e7303fce8343642d9d5d99695282a9e5c-libmd0_1.0.3-3_arm64.deb
libmd4c0	0.4.7-2	amd64	md4c	0.4.7-2	libmd4c0	arm64	native-arm64	exact-binary-and-source-version	0.4.7-2	ce086a542c768cf63f20863d02b387fdc17263efe3158096a7aaf4d02b584160	ce086a542c768cf63f20863d02b387fdc17263efe3158096a7aaf4d02b584160-libmd4c0_0.4.7-2_arm64.deb
libmediaart-2.0-0	1.9.4-3	amd64	libmediaart	1.9.4-3	libmediaart-2.0-0	arm64	native-arm64	exact-binary-and-source-version	1.9.4-3	f233557076b4903f35d8e31f74282de5c23c29ad95f15e2d065799235cb55582	f233557076b4903f35d8e31f74282de5c23c29ad95f15e2d065799235cb55582-libmediaart-2.0-0_1.9.4-3_arm64.deb
libmetacity3	1:3.38.0-2+grm3u1	amd64	metacity	1:3.38.0-2+grm3u1	libmetacity3	arm64	native-arm64	exact-binary-and-source-version	1:3.38.0-2+grm3u1	bef542edefd8c8488f693290524953c28abead9abad2481fd0004caa9553a551	bef542edefd8c8488f693290524953c28abead9abad2481fd0004caa9553a551-libmetacity3_3.38.0-2+grm3u1_arm64.deb
libminizip1	1.1-8+b1	amd64	minizip	1.1-8	libminizip1	arm64	native-arm64	exact-binary-and-source-version	1.1-8+b1	9db7fb955cc168a591fa5cc052f02606a39333ce4b15177426baf2d956018400	9db7fb955cc168a591fa5cc052f02606a39333ce4b15177426baf2d956018400-libminizip1_1.1-8+b1_arm64.deb
libmjpegutils-2.1-0	1:2.1.0+debian-6	amd64	mjpegtools	1:2.1.0+debian-6	libmjpegutils-2.1-0	arm64	native-arm64	exact-binary-and-source-version	1:2.1.0+debian-6	e09666538003abdb1646ea2e3f37cf6c1188e9517226fadf2feed52a184b0188	e09666538003abdb1646ea2e3f37cf6c1188e9517226fadf2feed52a184b0188-libmjpegutils-2.1-0_1%3a2.1.0+debian-6_arm64.deb
libmm-glib0	1.14.12-0.2	amd64	modemmanager	1.14.12-0.2	libmm-glib0	arm64	native-arm64	exact-binary-and-source-version	1.14.12-0.2	91c7b87c8f0568a171616c65282580216933a3bd14dfefe690207654008fbbd6	91c7b87c8f0568a171616c65282580216933a3bd14dfefe690207654008fbbd6-libmm-glib0_1.14.12-0.2_arm64.deb
libmms0	0.6.4-3	amd64	libmms	0.6.4-3	libmms0	arm64	native-arm64	exact-binary-and-source-version	0.6.4-3	693b550f8e391398b22b3aca25c25dc21f8eeb2279bee82c98bd56a2401315d5	693b550f8e391398b22b3aca25c25dc21f8eeb2279bee82c98bd56a2401315d5-libmms0_0.6.4-3_arm64.deb
libmnl0	1.0.4-3	amd64	libmnl	1.0.4-3	libmnl0	arm64	native-arm64	exact-binary-and-source-version	1.0.4-3	d63aafb6f2c07db8fcb135b00ff915baf72ef8a3397e773c9c24d67950c6a46c	d63aafb6f2c07db8fcb135b00ff915baf72ef8a3397e773c9c24d67950c6a46c-libmnl0_1.0.4-3_arm64.deb
libmodplug1	1:0.8.9.0-3	amd64	libmodplug	1:0.8.9.0-3	libmodplug1	arm64	native-arm64	exact-binary-and-source-version	1:0.8.9.0-3	31562caee099234947a228d6392156495b10f4b1960182e419554fe58ee50402	31562caee099234947a228d6392156495b10f4b1960182e419554fe58ee50402-libmodplug1_1%3a0.8.9.0-3_arm64.deb
libmount1	2.36.1-8+deb11u1	amd64	util-linux	2.36.1-8+deb11u1	libmount1	arm64	native-arm64	exact-binary-and-source-version	2.36.1-8+deb11u1	fd1dff93bdaba84d3f45f25448e2ada8c867674cd4e8af9fe25604ddf9a2f8de	fd1dff93bdaba84d3f45f25448e2ada8c867674cd4e8af9fe25604ddf9a2f8de-libmount1_2.36.1-8+deb11u1_arm64.deb
libmozjs-78-0	78.4.0-2	amd64	mozjs78	78.4.0-2	libmozjs-78-0	arm64	native-arm64	exact-binary-and-source-version	78.4.0-2	5bb48c803a0410c94ba91570f0e43d3eff4443c05271936655b5b61aa878f318	5bb48c803a0410c94ba91570f0e43d3eff4443c05271936655b5b61aa878f318-libmozjs-78-0_78.4.0-2_arm64.deb
libmp3lame0	3.100-3	amd64	lame	3.100-3	libmp3lame0	arm64	native-arm64	exact-binary-and-source-version	3.100-3	ad02a132721a5569476235b3fbe8f88af0c9e06fa37d8d68f5eda604cfe8ec92	ad02a132721a5569476235b3fbe8f88af0c9e06fa37d8d68f5eda604cfe8ec92-libmp3lame0_3.100-3_arm64.deb
libmpc3	1.2.0-1	amd64	mpclib3	1.2.0-1	libmpc3	arm64	native-arm64	exact-binary-and-source-version	1.2.0-1	a138ffba2e730fc8bf50004791f411f7850159a6d916a704b3f062770f7bc375	a138ffba2e730fc8bf50004791f411f7850159a6d916a704b3f062770f7bc375-libmpc3_1.2.0-1_arm64.deb
libmpcdec6	2:0.1~r495-2	amd64	libmpc	2:0.1~r495-2	libmpcdec6	arm64	native-arm64	exact-binary-and-source-version	2:0.1~r495-2	f586bbb11f52627bf20846a501296366365ae7c1cd60c2829a8451cbf5ad2cdc	f586bbb11f52627bf20846a501296366365ae7c1cd60c2829a8451cbf5ad2cdc-libmpcdec6_2%3a0.1~r495-2_arm64.deb
libmpdec3	2.5.1-1	amd64	mpdecimal	2.5.1-1	libmpdec3	arm64	native-arm64	exact-binary-and-source-version	2.5.1-1	171e2581970f36a39f65d1ca3c761e76b103844daae7903fcc07f7c3822a05bb	171e2581970f36a39f65d1ca3c761e76b103844daae7903fcc07f7c3822a05bb-libmpdec3_2.5.1-1_arm64.deb
libmpeg2-4	0.5.1-9	amd64	mpeg2dec	0.5.1-9	libmpeg2-4	arm64	native-arm64	exact-binary-and-source-version	0.5.1-9	abf6f3204f0cce6acde4b20899e58e1a5d1fa20e7dc6a138a39c3bda04e3b96d	abf6f3204f0cce6acde4b20899e58e1a5d1fa20e7dc6a138a39c3bda04e3b96d-libmpeg2-4_0.5.1-9_arm64.deb
libmpeg2encpp-2.1-0	1:2.1.0+debian-6	amd64	mjpegtools	1:2.1.0+debian-6	libmpeg2encpp-2.1-0	arm64	native-arm64	exact-binary-and-source-version	1:2.1.0+debian-6	69407c9dfb3dfb441ce0083a705416eafcfd86c585f91ff5f96403eba478a7cb	69407c9dfb3dfb441ce0083a705416eafcfd86c585f91ff5f96403eba478a7cb-libmpeg2encpp-2.1-0_1%3a2.1.0+debian-6_arm64.deb
libmpfr6	4.1.0-3	amd64	mpfr4	4.1.0-3	libmpfr6	arm64	native-arm64	exact-binary-and-source-version	4.1.0-3	bfcc2e0c8863730cb8a98bfebce01c123370e4efa3b0d52cb8cf817ef6a06d88	bfcc2e0c8863730cb8a98bfebce01c123370e4efa3b0d52cb8cf817ef6a06d88-libmpfr6_4.1.0-3_arm64.deb
libmpg123-0	1.26.4-1	amd64	mpg123	1.26.4-1	libmpg123-0	arm64	native-arm64	exact-binary-and-source-version	1.26.4-1	4a7351593002fc11acc50d4d86a457332b6f3de488491803e1c3eafdeb440630	4a7351593002fc11acc50d4d86a457332b6f3de488491803e1c3eafdeb440630-libmpg123-0_1.26.4-1_arm64.deb
libmplex2-2.1-0	1:2.1.0+debian-6	amd64	mjpegtools	1:2.1.0+debian-6	libmplex2-2.1-0	arm64	native-arm64	exact-binary-and-source-version	1:2.1.0+debian-6	c99fb7e85e43a59672c1dfce1c8e6256a197ab587741ab2ddaab7f287b5313f7	c99fb7e85e43a59672c1dfce1c8e6256a197ab587741ab2ddaab7f287b5313f7-libmplex2-2.1-0_1%3a2.1.0+debian-6_arm64.deb
libmpv1	0.32.0-3	amd64	mpv	0.32.0-3	libmpv1	arm64	native-arm64	exact-binary-and-source-version	0.32.0-3	1b0ab8fdeec73ebc7f60bf29f4aac5ac4fc2220e4d43c050df312d23c8916fa2	1b0ab8fdeec73ebc7f60bf29f4aac5ac4fc2220e4d43c050df312d23c8916fa2-libmpv1_0.32.0-3_arm64.deb
libmtdev1	1.1.6-1	amd64	mtdev	1.1.6-1	libmtdev1	arm64	native-arm64	exact-binary-and-source-version	1.1.6-1	63e20c50fb719c41e7d456032bb9ff7130234a7f2c5769e3e364e2295dae5462	63e20c50fb719c41e7d456032bb9ff7130234a7f2c5769e3e364e2295dae5462-libmtdev1_1.1.6-1_arm64.deb
libmtp-common	1.1.17-3	all	libmtp	1.1.17-3	libmtp-common	all	reuse-all	exact-binary-and-source-version	1.1.17-3	447579c313024d00dac42da93b38b3fd97f0761c6bf5b628c9be4511342dfac8	447579c313024d00dac42da93b38b3fd97f0761c6bf5b628c9be4511342dfac8-libmtp-common_1.1.17-3_all.deb
libmtp9	1.1.17-3	amd64	libmtp	1.1.17-3	libmtp9	arm64	native-arm64	exact-binary-and-source-version	1.1.17-3	ed821633ac19cdec0f013ec2ecbd96b981537fcc09cfec658d0afb5ae5417dd9	ed821633ac19cdec0f013ec2ecbd96b981537fcc09cfec658d0afb5ae5417dd9-libmtp9_1.1.17-3_arm64.deb
libmysofa1	1.2~dfsg0-1	amd64	libmysofa	1.2~dfsg0-1	libmysofa1	arm64	native-arm64	exact-binary-and-source-version	1.2~dfsg0-1	327b8ab622706ec1a8113f31b767d0ee07f9e65823f214091abdbc80ace1e56a	327b8ab622706ec1a8113f31b767d0ee07f9e65823f214091abdbc80ace1e56a-libmysofa1_1.2~dfsg0-1_arm64.deb
libnautilus-extension1a	3.38.2-1+deb11u1+grm3u8	amd64	nautilus	3.38.2-1+deb11u1+grm3u8	libnautilus-extension1a	arm64	native-arm64	exact-binary-and-source-version	3.38.2-1+deb11u1+grm3u8	704c98ca7fe0f658b1e84ed03601b1be80de71aead0e6031d8e1d3172338983a	704c98ca7fe0f658b1e84ed03601b1be80de71aead0e6031d8e1d3172338983a-libnautilus-extension1a_3.38.2-1+deb11u1+grm3u8_arm64.deb
libncurses6	6.2+20201114-2+deb11u1	amd64	ncurses	6.2+20201114-2+deb11u1	libncurses6	arm64	native-arm64	exact-binary-and-source-version	6.2+20201114-2+deb11u1	aea313a326ab71ab5b85b72b3ae318e388dd3f51ccba70e3634530f98a4649f2	aea313a326ab71ab5b85b72b3ae318e388dd3f51ccba70e3634530f98a4649f2-libncurses6_6.2+20201114-2+deb11u1_arm64.deb
libncursesw6	6.2+20201114-2+deb11u1	amd64	ncurses	6.2+20201114-2+deb11u1	libncursesw6	arm64	native-arm64	exact-binary-and-source-version	6.2+20201114-2+deb11u1	0b7192ce69cf53288b90ece6cfb2745780f5bf72536b882ca372a2b0d8916f05	0b7192ce69cf53288b90ece6cfb2745780f5bf72536b882ca372a2b0d8916f05-libncursesw6_6.2+20201114-2+deb11u1_arm64.deb
libndp0	1.6-1+b1	amd64	libndp	1.6-1	libndp0	arm64	native-arm64	exact-binary-and-source-version	1.6-1+b1	1ab3317ccedfc48f02764dd423f8bd4c0abb0d607f16a8f257a9be6f4e642190	1ab3317ccedfc48f02764dd423f8bd4c0abb0d607f16a8f257a9be6f4e642190-libndp0_1.6-1+b1_arm64.deb
libneon27	0.31.2-1	amd64	neon27	0.31.2-1	libneon27	arm64	native-arm64	exact-binary-and-source-version	0.31.2-1	8cfeb7fd3d95d4aa0189b431d14e79c7d0a2e3a2e634b231ccb77bab0ef092ba	8cfeb7fd3d95d4aa0189b431d14e79c7d0a2e3a2e634b231ccb77bab0ef092ba-libneon27_0.31.2-1_arm64.deb
libnetfilter-conntrack3	1.0.8-3	amd64	libnetfilter-conntrack	1.0.8-3	libnetfilter-conntrack3	arm64	native-arm64	exact-binary-and-source-version	1.0.8-3	754a300b2c4bb477e425cfbb4de8af734e6f0523c26e09d1115004d425cf60b6	754a300b2c4bb477e425cfbb4de8af734e6f0523c26e09d1115004d425cf60b6-libnetfilter-conntrack3_1.0.8-3_arm64.deb
libnettle8	3.7.3-1	amd64	nettle	3.7.3-1	libnettle8	arm64	native-arm64	exact-binary-and-source-version	3.7.3-1	5061c931f95dc7277d95fc58bce7c17b1a95c6aa9a9aac781784f3b3dc909047	5061c931f95dc7277d95fc58bce7c17b1a95c6aa9a9aac781784f3b3dc909047-libnettle8_3.7.3-1_arm64.deb
libnewt0.52	0.52.21-4+b3	amd64	newt	0.52.21-4	libnewt0.52	arm64	native-arm64	exact-binary-and-source-version	0.52.21-4+b3	c3287b4f5865bd869afc75e875d40ff6de2f1fcc99fa52d8563aa74343edda5d	c3287b4f5865bd869afc75e875d40ff6de2f1fcc99fa52d8563aa74343edda5d-libnewt0.52_0.52.21-4+b3_arm64.deb
libnfnetlink0	1.0.1-3+b1	amd64	libnfnetlink	1.0.1-3	libnfnetlink0	arm64	native-arm64	exact-binary-and-source-version	1.0.1-3+b1	3a43bb97c16a4a4b2321973fe83b9a5d98e523415f9909cf978aef542e77f538	3a43bb97c16a4a4b2321973fe83b9a5d98e523415f9909cf978aef542e77f538-libnfnetlink0_1.0.1-3+b1_arm64.deb
libnfs13	4.0.0-1	amd64	libnfs	4.0.0-1	libnfs13	arm64	native-arm64	exact-binary-and-source-version	4.0.0-1	ce019f3dfc89069babea9a9caa7e24101f66e07adc6485fc619ce32c0d881ff6	ce019f3dfc89069babea9a9caa7e24101f66e07adc6485fc619ce32c0d881ff6-libnfs13_4.0.0-1_arm64.deb
libnftables1	0.9.8-3.1+deb11u1	amd64	nftables	0.9.8-3.1+deb11u1	libnftables1	arm64	native-arm64	exact-binary-and-source-version	0.9.8-3.1+deb11u1	673750ccf231c08ae9c47b8e3a7dfeb0f1e19ad2efe6bc9bb1d34c22ed1f1204	673750ccf231c08ae9c47b8e3a7dfeb0f1e19ad2efe6bc9bb1d34c22ed1f1204-libnftables1_0.9.8-3.1+deb11u1_arm64.deb
libnftnl11	1.1.9-1	amd64	libnftnl	1.1.9-1	libnftnl11	arm64	native-arm64	exact-binary-and-source-version	1.1.9-1	57fec0830e0f4f858e3b1498f86b0c27aed6e8f1e4143c852bc5c5922be2a0aa	57fec0830e0f4f858e3b1498f86b0c27aed6e8f1e4143c852bc5c5922be2a0aa-libnftnl11_1.1.9-1_arm64.deb
libnghttp2-14	1.43.0-1	amd64	nghttp2	1.43.0-1	libnghttp2-14	arm64	native-arm64	exact-binary-and-source-version	1.43.0-1	317b58d2654d5875eee1dbf147ea810b8e3eb007f3bf4e2dcbca8ed76e425763	317b58d2654d5875eee1dbf147ea810b8e3eb007f3bf4e2dcbca8ed76e425763-libnghttp2-14_1.43.0-1_arm64.deb
libnice10	0.1.16-1	amd64	libnice	0.1.16-1	libnice10	arm64	native-arm64	exact-binary-and-source-version	0.1.16-1	dfebb72eb4ac7078bd18228621fc36ca501212d46c530f677fd494a9f64daf12	dfebb72eb4ac7078bd18228621fc36ca501212d46c530f677fd494a9f64daf12-libnice10_0.1.16-1_arm64.deb
libnimf1	2023.06.30+grm3u1	amd64	nimf	2023.06.30+grm3u1	libnimf1	arm64	native-arm64	exact-binary-and-source-version	2023.06.30+grm3u1	1fb17b589d4672f70d9c72994679fd531fbf0f9bc3528c83cdfd571e372aa97b	1fb17b589d4672f70d9c72994679fd531fbf0f9bc3528c83cdfd571e372aa97b-libnimf1_2023.06.30+grm3u1_arm64.deb
libnl-3-200	3.4.0-1+b1	amd64	libnl3	3.4.0-1	libnl-3-200	arm64	native-arm64	exact-binary-and-source-version	3.4.0-1+b1	fb680756a369d03f841ec53c18efc47902ac9edc40242f83a5530e6b0c81d087	fb680756a369d03f841ec53c18efc47902ac9edc40242f83a5530e6b0c81d087-libnl-3-200_3.4.0-1+b1_arm64.deb
libnl-genl-3-200	3.4.0-1+b1	amd64	libnl3	3.4.0-1	libnl-genl-3-200	arm64	native-arm64	exact-binary-and-source-version	3.4.0-1+b1	0bd6fef124bca6b7f32bbbebffdaef24a222050a69b91c9b136778b7a08c2cac	0bd6fef124bca6b7f32bbbebffdaef24a222050a69b91c9b136778b7a08c2cac-libnl-genl-3-200_3.4.0-1+b1_arm64.deb
libnl-route-3-200	3.4.0-1+b1	amd64	libnl3	3.4.0-1	libnl-route-3-200	arm64	native-arm64	exact-binary-and-source-version	3.4.0-1+b1	64bcaf9a4aedb14aa18201c20d3c3201ea7e352eb5a0fc41eb63d374eeaacd38	64bcaf9a4aedb14aa18201c20d3c3201ea7e352eb5a0fc41eb63d374eeaacd38-libnl-route-3-200_3.4.0-1+b1_arm64.deb
libnm0	1.30.0-2+grm3u3	amd64	network-manager	1.30.0-2+grm3u3	libnm0	arm64	native-arm64	exact-binary-and-source-version	1.30.0-2+grm3u3	6a1fc6d454ab001ea56a9b8b55fa942b334c889fff3e218e09b47ac0d155c6d9	6a1fc6d454ab001ea56a9b8b55fa942b334c889fff3e218e09b47ac0d155c6d9-libnm0_1.30.0-2+grm3u3_arm64.deb
libnma-common	1.8.30-1+grm3u2	all	libnma	1.8.30-1+grm3u2	libnma-common	all	reuse-all	exact-binary-and-source-version	1.8.30-1+grm3u2	278e02116a54dc6477eca46df6cc8308b4d1cb98d75756bd6f4b3639620c7f35	278e02116a54dc6477eca46df6cc8308b4d1cb98d75756bd6f4b3639620c7f35-libnma-common_1.8.30-1+grm3u2_all.deb
libnma0	1.8.30-1+grm3u2	amd64	libnma	1.8.30-1+grm3u2	libnma0	arm64	native-arm64	exact-binary-and-source-version	1.8.30-1+grm3u2	410ec44719c0c92e84824a196f55608072ca4a8daf3d117c71b1c3680f6ee161	410ec44719c0c92e84824a196f55608072ca4a8daf3d117c71b1c3680f6ee161-libnma0_1.8.30-1+grm3u2_arm64.deb
libnorm1	1.5.9+dfsg-2	amd64	norm	1.5.9+dfsg-2	libnorm1	arm64	native-arm64	exact-binary-and-source-version	1.5.9+dfsg-2	3974ddba57ed9bbfff10a144baae64d647adbb38ebce5fa122e4f0dd16b77866	3974ddba57ed9bbfff10a144baae64d647adbb38ebce5fa122e4f0dd16b77866-libnorm1_1.5.9+dfsg-2_arm64.deb
libnotify-bin	0.7.9-3	amd64	libnotify	0.7.9-3	libnotify-bin	arm64	native-arm64	exact-binary-and-source-version	0.7.9-3	cbb7e38f04476bd4de486c3e86ea95399c171d37ad9dbcfb8817e3557539fd4d	cbb7e38f04476bd4de486c3e86ea95399c171d37ad9dbcfb8817e3557539fd4d-libnotify-bin_0.7.9-3_arm64.deb
libnotify4	0.7.9-3	amd64	libnotify	0.7.9-3	libnotify4	arm64	native-arm64	exact-binary-and-source-version	0.7.9-3	aaac5755f815f6b6c78238b2d4b53a7b2f922a3a2f69dbb05b301db32d5b4fc0	aaac5755f815f6b6c78238b2d4b53a7b2f922a3a2f69dbb05b301db32d5b4fc0-libnotify4_0.7.9-3_arm64.deb
libnpth0	1.6-3	amd64	npth	1.6-3	libnpth0	arm64	native-arm64	exact-binary-and-source-version	1.6-3	5499a10044afad14685bbfc4026ac62630562da08d5b9a15a546c6b62bd6ea89	5499a10044afad14685bbfc4026ac62630562da08d5b9a15a546c6b62bd6ea89-libnpth0_1.6-3_arm64.deb
libnsl2	1.3.0-2	amd64	libnsl	1.3.0-2	libnsl2	arm64	native-arm64	exact-binary-and-source-version	1.3.0-2	8f9ba58b219779b43c4ccc78c79b0a23f721fc96323c202abb31e02f942104b3	8f9ba58b219779b43c4ccc78c79b0a23f721fc96323c202abb31e02f942104b3-libnsl2_1.3.0-2_arm64.deb
libnspr4	2:4.29-1	amd64	nspr	2:4.29-1	libnspr4	arm64	native-arm64	exact-binary-and-source-version	2:4.29-1	f83f450a49499e320b1d7723a596be2414bf7adfd20315ba72df0e7735d98bc5	f83f450a49499e320b1d7723a596be2414bf7adfd20315ba72df0e7735d98bc5-libnspr4_2%3a4.29-1_arm64.deb
libnss3	2:3.61-1+deb11u3	amd64	nss	2:3.61-1+deb11u3	libnss3	arm64	native-arm64	exact-binary-and-source-version	2:3.61-1+deb11u3	ead9ad0c245d6eed70db7584798f6d1a57c67eef6ec726c423c209862a448092	ead9ad0c245d6eed70db7584798f6d1a57c67eef6ec726c423c209862a448092-libnss3_2%3a3.61-1+deb11u3_arm64.deb
libntfs-3g883	1:2017.3.23AR.3-4+deb11u3	amd64	ntfs-3g	1:2017.3.23AR.3-4+deb11u3	libntfs-3g883	arm64	native-arm64	exact-binary-and-source-version	1:2017.3.23AR.3-4+deb11u3	ebb780d54ef0a4c9cd3ba7f227e4ce119f0da8768ea78abc313b99b3c3ac0bab	ebb780d54ef0a4c9cd3ba7f227e4ce119f0da8768ea78abc313b99b3c3ac0bab-libntfs-3g883_1%3a2017.3.23AR.3-4+deb11u3_arm64.deb
libnuma1	2.0.12-1+b1	amd64	numactl	2.0.12-1	libnuma1	arm64	native-arm64	exact-binary-and-source-version	2.0.12-1+b1	4eda519ae1f36f6376380fb2798ca0f50e104930845d8c51561ec455e98c57fc	4eda519ae1f36f6376380fb2798ca0f50e104930845d8c51561ec455e98c57fc-libnuma1_2.0.12-1+b1_arm64.deb
libofa0	0.9.3-21	amd64	libofa	0.9.3-21	libofa0	arm64	native-arm64	exact-binary-and-source-version	0.9.3-21	2342f64862fe8a9fd0ac067e2499b376dabb551c70eaa2bd4368f0032b547e67	2342f64862fe8a9fd0ac067e2499b376dabb551c70eaa2bd4368f0032b547e67-libofa0_0.9.3-21_arm64.deb
libogg0	1.3.4-0.1	amd64	libogg	1.3.4-0.1	libogg0	arm64	native-arm64	exact-binary-and-source-version	1.3.4-0.1	910d1f3893a9340ea83bf19deebbc4e0d2362f22c274c2c2d3f00e4ba386c871	910d1f3893a9340ea83bf19deebbc4e0d2362f22c274c2c2d3f00e4ba386c871-libogg0_1.3.4-0.1_arm64.deb
libopenal-data	1:1.19.1-2	all	openal-soft	1:1.19.1-2	libopenal-data	all	reuse-all	exact-binary-and-source-version	1:1.19.1-2	695a650803f885459994bb921132d956c2b693759572005351a5b13773c754cd	695a650803f885459994bb921132d956c2b693759572005351a5b13773c754cd-libopenal-data_1%3a1.19.1-2_all.deb
libopenal1	1:1.19.1-2	amd64	openal-soft	1:1.19.1-2	libopenal1	arm64	native-arm64	exact-binary-and-source-version	1:1.19.1-2	848f7cb93823c780ab58c0da67535316ef797666934d06ed6d64e902d4e2df11	848f7cb93823c780ab58c0da67535316ef797666934d06ed6d64e902d4e2df11-libopenal1_1%3a1.19.1-2_arm64.deb
libopencore-amrnb0	0.1.5-1	amd64	opencore-amr	0.1.5-1	libopencore-amrnb0	arm64	native-arm64	exact-binary-and-source-version	0.1.5-1	85c1c3a54c4c85a4c630ef21b86ff1a8278b43613659299715e5b255a9e5614f	85c1c3a54c4c85a4c630ef21b86ff1a8278b43613659299715e5b255a9e5614f-libopencore-amrnb0_0.1.5-1_arm64.deb
libopencore-amrwb0	0.1.5-1	amd64	opencore-amr	0.1.5-1	libopencore-amrwb0	arm64	native-arm64	exact-binary-and-source-version	0.1.5-1	a597315898b997ab702696608756a738701047d70275b681406c91b850a87625	a597315898b997ab702696608756a738701047d70275b681406c91b850a87625-libopencore-amrwb0_0.1.5-1_arm64.deb
libopenexr25	2.5.4-2+deb11u1	amd64	openexr	2.5.4-2+deb11u1	libopenexr25	arm64	native-arm64	exact-binary-and-source-version	2.5.4-2+deb11u1	bab23bba9fd2d0b0fdcdaa2fda9a2495b7fe5e81b7f1217229fdcc6b3f0a2e61	bab23bba9fd2d0b0fdcdaa2fda9a2495b7fe5e81b7f1217229fdcc6b3f0a2e61-libopenexr25_2.5.4-2+deb11u1_arm64.deb
libopenjp2-7	2.4.0-3	amd64	openjpeg2	2.4.0-3	libopenjp2-7	arm64	native-arm64	exact-binary-and-source-version	2.4.0-3	4fb3637093bbbde4499f1344b399c6eb61bbe51bdc3c40a09c5fcc1efec660cb	4fb3637093bbbde4499f1344b399c6eb61bbe51bdc3c40a09c5fcc1efec660cb-libopenjp2-7_2.4.0-3_arm64.deb
libopenmpt0	0.4.11-1	amd64	libopenmpt	0.4.11-1	libopenmpt0	arm64	native-arm64	exact-binary-and-source-version	0.4.11-1	a78a20536f771b360f757999dc02e2c6c9033491afd5f7875d0561ec28caf19e	a78a20536f771b360f757999dc02e2c6c9033491afd5f7875d0561ec28caf19e-libopenmpt0_0.4.11-1_arm64.deb
libopenni2-0	2.2.0.33+dfsg-15	amd64	openni2	2.2.0.33+dfsg-15	libopenni2-0	arm64	native-arm64	exact-binary-and-source-version	2.2.0.33+dfsg-15	be1312e6cbb242b8f9886d821df570ab831c50b6c8e68d39b8a7b8eb51ab4af3	be1312e6cbb242b8f9886d821df570ab831c50b6c8e68d39b8a7b8eb51ab4af3-libopenni2-0_2.2.0.33+dfsg-15_arm64.deb
libopus0	1.3.1-0.1	amd64	opus	1.3.1-0.1	libopus0	arm64	native-arm64	exact-binary-and-source-version	1.3.1-0.1	86d96e6e99820be150e4e1d335cf8503c5802a3ac47103ba25eebf77a0699a13	86d96e6e99820be150e4e1d335cf8503c5802a3ac47103ba25eebf77a0699a13-libopus0_1.3.1-0.1_arm64.deb
liborc-0.4-0	1:0.4.32-1	amd64	orc	1:0.4.32-1	liborc-0.4-0	arm64	native-arm64	exact-binary-and-source-version	1:0.4.32-1	45948981ff4afa3890eca22edf709445088b301b593a3ad3eb5f8e524f661261	45948981ff4afa3890eca22edf709445088b301b593a3ad3eb5f8e524f661261-liborc-0.4-0_1%3a0.4.32-1_arm64.deb
libosinfo-1.0-0	1.8.0-1	amd64	libosinfo	1.8.0-1	libosinfo-1.0-0	arm64	native-arm64	exact-binary-and-source-version	1.8.0-1	529632ae80258da639ecee5df08d8a4b12154541fa0fcb343164dc105d735876	529632ae80258da639ecee5df08d8a4b12154541fa0fcb343164dc105d735876-libosinfo-1.0-0_1.8.0-1_arm64.deb
libostree-1-1	2020.8-2+deb11u1	amd64	ostree	2020.8-2+deb11u1	libostree-1-1	arm64	native-arm64	exact-binary-and-source-version	2020.8-2+deb11u1	fdc5ab3be7bb36157c4d5a6cc93257c2aa9f879b859da6879c8ed0d56ab8f269	fdc5ab3be7bb36157c4d5a6cc93257c2aa9f879b859da6879c8ed0d56ab8f269-libostree-1-1_2020.8-2+deb11u1_arm64.deb
libp11-kit0	0.23.22-1	amd64	p11-kit	0.23.22-1	libp11-kit0	arm64	native-arm64	exact-binary-and-source-version	0.23.22-1	ac6e8eda3277708069bc6f03aff06dc319855d64ede9fca219938e52f92ee09c	ac6e8eda3277708069bc6f03aff06dc319855d64ede9fca219938e52f92ee09c-libp11-kit0_0.23.22-1_arm64.deb
libpackagekit-glib2-18	1.2.2-2	amd64	packagekit	1.2.2-2	libpackagekit-glib2-18	arm64	native-arm64	exact-binary-and-source-version	1.2.2-2	d2ff440a7605b69b621ea904a8d38c4fe888b575cb0a38d6a612d89175c050b9	d2ff440a7605b69b621ea904a8d38c4fe888b575cb0a38d6a612d89175c050b9-libpackagekit-glib2-18_1.2.2-2_arm64.deb
libpam-gnome-keyring	3.36.0-1	amd64	gnome-keyring	3.36.0-1	libpam-gnome-keyring	arm64	native-arm64	exact-binary-and-source-version	3.36.0-1	a772a37363ad1ead3f91324577b472d31e72d8a572ea653d678f8f660884e15d	a772a37363ad1ead3f91324577b472d31e72d8a572ea653d678f8f660884e15d-libpam-gnome-keyring_3.36.0-1_arm64.deb
libpam-modules	1.4.0-9+deb11u1	amd64	pam	1.4.0-9+deb11u1	libpam-modules	arm64	native-arm64	exact-binary-and-source-version	1.4.0-9+deb11u1	7f46ae216fdc6c69b0120d430936f40f3c5f37249296042324aeb584d5566a3c	7f46ae216fdc6c69b0120d430936f40f3c5f37249296042324aeb584d5566a3c-libpam-modules_1.4.0-9+deb11u1_arm64.deb
libpam-modules-bin	1.4.0-9+deb11u1	amd64	pam	1.4.0-9+deb11u1	libpam-modules-bin	arm64	native-arm64	exact-binary-and-source-version	1.4.0-9+deb11u1	bc20fa16c91a239de350ffcc019fbae5ce7c47c21235b332ff9d67638804866e	bc20fa16c91a239de350ffcc019fbae5ce7c47c21235b332ff9d67638804866e-libpam-modules-bin_1.4.0-9+deb11u1_arm64.deb
libpam-mount	2.18-1	amd64	libpam-mount	2.18-1	libpam-mount	arm64	native-arm64	exact-binary-and-source-version	2.18-1	d1c28188b542be7defa08bc84361b824d0249d42a76f4e2d5d622d2bcd8b4da9	d1c28188b542be7defa08bc84361b824d0249d42a76f4e2d5d622d2bcd8b4da9-libpam-mount_2.18-1_arm64.deb
libpam-pwquality	1.4.4-1	amd64	libpwquality	1.4.4-1	libpam-pwquality	arm64	native-arm64	exact-binary-and-source-version	1.4.4-1	3f5da00d8638c5b0eacb606556cec4219634ae64acf88c19b9d8f762c07475f5	3f5da00d8638c5b0eacb606556cec4219634ae64acf88c19b9d8f762c07475f5-libpam-pwquality_1.4.4-1_arm64.deb
libpam-runtime	1.4.0-9+deb11u1	all	pam	1.4.0-9+deb11u1	libpam-runtime	all	reuse-all	exact-binary-and-source-version	1.4.0-9+deb11u1	d98a68a56386d0992446417a4ee9fa685ebe841e81303a7d4f45cdd4c133c3f6	d98a68a56386d0992446417a4ee9fa685ebe841e81303a7d4f45cdd4c133c3f6-libpam-runtime_1.4.0-9+deb11u1_all.deb
libpam-systemd	247.3-7+deb11u4	amd64	systemd	247.3-7+deb11u4	libpam-systemd	arm64	native-arm64	exact-binary-and-source-version	247.3-7+deb11u4	4d15e4b1cab771c2d6857837749f336072f23d03ef9823808cc661f7bb235fc7	4d15e4b1cab771c2d6857837749f336072f23d03ef9823808cc661f7bb235fc7-libpam-systemd_247.3-7+deb11u4_arm64.deb
libpam0g	1.4.0-9+deb11u1	amd64	pam	1.4.0-9+deb11u1	libpam0g	arm64	native-arm64	exact-binary-and-source-version	1.4.0-9+deb11u1	4905e523ce38e80b79f13f0227fca519f6833eb116dd9c58cbbecb39c0e01e3d	4905e523ce38e80b79f13f0227fca519f6833eb116dd9c58cbbecb39c0e01e3d-libpam0g_1.4.0-9+deb11u1_arm64.deb
libpango-1.0-0	1.46.2-3	amd64	pango1.0	1.46.2-3	libpango-1.0-0	arm64	native-arm64	exact-binary-and-source-version	1.46.2-3	6bbb5d942bf5075e07ba2290687cf03939e29dd89c67cba4d868a5d5ca94d360	6bbb5d942bf5075e07ba2290687cf03939e29dd89c67cba4d868a5d5ca94d360-libpango-1.0-0_1.46.2-3_arm64.deb
libpangocairo-1.0-0	1.46.2-3	amd64	pango1.0	1.46.2-3	libpangocairo-1.0-0	arm64	native-arm64	exact-binary-and-source-version	1.46.2-3	6947061235f6a3fce541b985ae38509298f7b46299e31fd985d7c596e31e4bbf	6947061235f6a3fce541b985ae38509298f7b46299e31fd985d7c596e31e4bbf-libpangocairo-1.0-0_1.46.2-3_arm64.deb
libpangoft2-1.0-0	1.46.2-3	amd64	pango1.0	1.46.2-3	libpangoft2-1.0-0	arm64	native-arm64	exact-binary-and-source-version	1.46.2-3	75c9b7f28b80822b6e4edea5e2235257f877ac6cade7930c6683e24395e952ec	75c9b7f28b80822b6e4edea5e2235257f877ac6cade7930c6683e24395e952ec-libpangoft2-1.0-0_1.46.2-3_arm64.deb
libpangomm-1.4-1v5	2.42.1-1	amd64	pangomm	2.42.1-1	libpangomm-1.4-1v5	arm64	native-arm64	exact-binary-and-source-version	2.42.1-1	7f5e57156c81299c23ac945277de05a06879a825cb0170458b69cc447e568b75	7f5e57156c81299c23ac945277de05a06879a825cb0170458b69cc447e568b75-libpangomm-1.4-1v5_2.42.1-1_arm64.deb
libpangoxft-1.0-0	1.46.2-3	amd64	pango1.0	1.46.2-3	libpangoxft-1.0-0	arm64	native-arm64	exact-binary-and-source-version	1.46.2-3	8c1dd2eb894f798326373d4ea0a2401535f06b0d06960f48d1b6dc9a56bbfc8a	8c1dd2eb894f798326373d4ea0a2401535f06b0d06960f48d1b6dc9a56bbfc8a-libpangoxft-1.0-0_1.46.2-3_arm64.deb
libpaper1	1.1.28+b1	amd64	libpaper	1.1.28	libpaper1	arm64	native-arm64	exact-binary-and-source-version	1.1.28+b1	434b598249ceb4dda0eafd5d098bf53ae6b14aff3414419dc9285bb39b8f58cf	434b598249ceb4dda0eafd5d098bf53ae6b14aff3414419dc9285bb39b8f58cf-libpaper1_1.1.28+b1_arm64.deb
libparted-fs-resize0	3.4-1	amd64	parted	3.4-1	libparted-fs-resize0	arm64	native-arm64	exact-binary-and-source-version	3.4-1	472233c7f6d75c6b5d5d034fd024a5d2f50b97c7498b70d43620d1181c1cbf81	472233c7f6d75c6b5d5d034fd024a5d2f50b97c7498b70d43620d1181c1cbf81-libparted-fs-resize0_3.4-1_arm64.deb
libparted2	3.4-1	amd64	parted	3.4-1	libparted2	arm64	native-arm64	exact-binary-and-source-version	3.4-1	69ec707c6c632724a4900e36d1a8a82f15ce986579f5696926ee6330a1479f78	69ec707c6c632724a4900e36d1a8a82f15ce986579f5696926ee6330a1479f78-libparted2_3.4-1_arm64.deb
libpcap0.8	1.10.0-2	amd64	libpcap	1.10.0-2	libpcap0.8	arm64	native-arm64	exact-binary-and-source-version	1.10.0-2	758e402f783547e196ac8c25fe6c898f4ad1848108a25c9a3595634f852f91ff	758e402f783547e196ac8c25fe6c898f4ad1848108a25c9a3595634f852f91ff-libpcap0.8_1.10.0-2_arm64.deb
libpci3	1:3.7.0-5	amd64	pciutils	1:3.7.0-5	libpci3	arm64	native-arm64	exact-binary-and-source-version	1:3.7.0-5	557acb1f4aa854ee9b2d7c79e2a9fc6f694f2dd93157ffd911aaa84bc118b6b7	557acb1f4aa854ee9b2d7c79e2a9fc6f694f2dd93157ffd911aaa84bc118b6b7-libpci3_1%3a3.7.0-5_arm64.deb
libpciaccess0	0.16-1	amd64	libpciaccess	0.16-1	libpciaccess0	arm64	native-arm64	exact-binary-and-source-version	0.16-1	1367c83bb2e139edd1fd6a1a9cf42a089bb6ebba434b3775f3d681664fa7ba56	1367c83bb2e139edd1fd6a1a9cf42a089bb6ebba434b3775f3d681664fa7ba56-libpciaccess0_0.16-1_arm64.deb
libpcre2-16-0	10.36-2+deb11u1	amd64	pcre2	10.36-2+deb11u1	libpcre2-16-0	arm64	native-arm64	exact-binary-and-source-version	10.36-2+deb11u1	3c3b23bf94361e57c3d9b0e95255094c43ab1fe3be72e7e3c5b906c4abc3fcd3	3c3b23bf94361e57c3d9b0e95255094c43ab1fe3be72e7e3c5b906c4abc3fcd3-libpcre2-16-0_10.36-2+deb11u1_arm64.deb
libpcre2-8-0	10.36-2+deb11u1	amd64	pcre2	10.36-2+deb11u1	libpcre2-8-0	arm64	native-arm64	exact-binary-and-source-version	10.36-2+deb11u1	27a4362a4793cb67a8ae571bd8c3f7e8654dc2e56d99088391b87af1793cca9c	27a4362a4793cb67a8ae571bd8c3f7e8654dc2e56d99088391b87af1793cca9c-libpcre2-8-0_10.36-2+deb11u1_arm64.deb
libpcre3	2:8.39-13	amd64	pcre3	2:8.39-13	libpcre3	arm64	native-arm64	exact-binary-and-source-version	2:8.39-13	21cac4064a41dbc354295c437f37bf623f9004513a97a6fa030248566aa986e9	21cac4064a41dbc354295c437f37bf623f9004513a97a6fa030248566aa986e9-libpcre3_2%3a8.39-13_arm64.deb
libpcsclite1	1.9.1-1	amd64	pcsc-lite	1.9.1-1	libpcsclite1	arm64	native-arm64	exact-binary-and-source-version	1.9.1-1	59138feacd161f50b789467b3624950b0dba80b5bbc1a067c050353f2a9b04a2	59138feacd161f50b789467b3624950b0dba80b5bbc1a067c050353f2a9b04a2-libpcsclite1_1.9.1-1_arm64.deb
libpeas-1.0-0	1.28.0-2+b1	amd64	libpeas	1.28.0-2	libpeas-1.0-0	arm64	native-arm64	exact-binary-and-source-version	1.28.0-2+b1	dec14f0f2d8c7436f23cbb137937ffcebfec36264f95b6e5799ee3a42d6536ff	dec14f0f2d8c7436f23cbb137937ffcebfec36264f95b6e5799ee3a42d6536ff-libpeas-1.0-0_1.28.0-2+b1_arm64.deb
libpeas-common	1.28.0-2	all	libpeas	1.28.0-2	libpeas-common	all	reuse-all	exact-binary-and-source-version	1.28.0-2	c8276e9509fac411082287dd58ca9a37859f7233ba35154274466add47a7a61a	c8276e9509fac411082287dd58ca9a37859f7233ba35154274466add47a7a61a-libpeas-common_1.28.0-2_all.deb
libperl5.32	5.32.1-4+deb11u2	amd64	perl	5.32.1-4+deb11u2	libperl5.32	arm64	native-arm64	exact-binary-and-source-version	5.32.1-4+deb11u2	6be6a1856f5efb6d1c6e9273fa7beba7ab4c9eef1162658836d215684b302ed6	6be6a1856f5efb6d1c6e9273fa7beba7ab4c9eef1162658836d215684b302ed6-libperl5.32_5.32.1-4+deb11u2_arm64.deb
libpgm-5.3-0	5.3.128~dfsg-2	amd64	libpgm	5.3.128~dfsg-2	libpgm-5.3-0	arm64	native-arm64	exact-binary-and-source-version	5.3.128~dfsg-2	6a632aa13cafe154d6212a57710f058405dd895fb62d464e16961b28d7325cbb	6a632aa13cafe154d6212a57710f058405dd895fb62d464e16961b28d7325cbb-libpgm-5.3-0_5.3.128~dfsg-2_arm64.deb
libpipeline1	1.5.3-1	amd64	libpipeline	1.5.3-1	libpipeline1	arm64	native-arm64	exact-binary-and-source-version	1.5.3-1	f0e220a54f729afb13cc327ff9e3ca49dd1655897a89ed8d4218c671e9e207e1	f0e220a54f729afb13cc327ff9e3ca49dd1655897a89ed8d4218c671e9e207e1-libpipeline1_1.5.3-1_arm64.deb
libpipewire-0.3-0	0.3.19-4	amd64	pipewire	0.3.19-4	libpipewire-0.3-0	arm64	native-arm64	exact-binary-and-source-version	0.3.19-4	928d0f373cc01f607fce435ddfb2d649bfebae7f711ffb6d721aa9f54a03af87	928d0f373cc01f607fce435ddfb2d649bfebae7f711ffb6d721aa9f54a03af87-libpipewire-0.3-0_0.3.19-4_arm64.deb
libpixman-1-0	0.40.0-1.1~deb11u1	amd64	pixman	0.40.0-1.1~deb11u1	libpixman-1-0	arm64	native-arm64	exact-binary-and-source-version	0.40.0-1.1~deb11u1	f891c7a1015e3c234d6dc1219caa1fecb9fc2abffd3072d93a5fbf1a4b0a1756	f891c7a1015e3c234d6dc1219caa1fecb9fc2abffd3072d93a5fbf1a4b0a1756-libpixman-1-0_0.40.0-1.1~deb11u1_arm64.deb
libpkcs11-helper1	1.27-1	amd64	pkcs11-helper	1.27-1	libpkcs11-helper1	arm64	native-arm64	exact-binary-and-source-version	1.27-1	a277ee8a565b4f87597e70a407f32310eba7b86cb606ca4db1f7b770ad5b5b8e	a277ee8a565b4f87597e70a407f32310eba7b86cb606ca4db1f7b770ad5b5b8e-libpkcs11-helper1_1.27-1_arm64.deb
libplist3	2.2.0-6	amd64	libplist	2.2.0-6	libplist3	arm64	native-arm64	exact-binary-and-source-version	2.2.0-6	c47c03f6176578f131f76b3702bc5300e1f7fee1f4b09c87ef37eb1c69d47364	c47c03f6176578f131f76b3702bc5300e1f7fee1f4b09c87ef37eb1c69d47364-libplist3_2.2.0-6_arm64.deb
libplymouth5	0.9.5-3	amd64	plymouth	0.9.5-3	libplymouth5	arm64	native-arm64	exact-binary-and-source-version	0.9.5-3	1b997273517b4702664e3f0c0157f9a8feae51f8c28726131ec6846e080479ea	1b997273517b4702664e3f0c0157f9a8feae51f8c28726131ec6846e080479ea-libplymouth5_0.9.5-3_arm64.deb
libpng16-16	1.6.37-3	amd64	libpng1.6	1.6.37-3	libpng16-16	arm64	native-arm64	exact-binary-and-source-version	1.6.37-3	f5f61274aa5f71b9e44b077bd7b9fa9cd5ff71d8b8295f47dc1b2d45378aa73e	f5f61274aa5f71b9e44b077bd7b9fa9cd5ff71d8b8295f47dc1b2d45378aa73e-libpng16-16_1.6.37-3_arm64.deb
libpocketsphinx3	0.8+5prealpha+1-13	amd64	pocketsphinx	0.8+5prealpha+1-13	libpocketsphinx3	arm64	native-arm64	exact-binary-and-source-version	0.8+5prealpha+1-13	0e62db01db73997e3dae9a4633628b763a6c8c3a49e8ad0a845be0c7defc4371	0e62db01db73997e3dae9a4633628b763a6c8c3a49e8ad0a845be0c7defc4371-libpocketsphinx3_0.8+5prealpha+1-13_arm64.deb
libpolkit-agent-1-0	0.105-31+nDeb11u1+grm3u1	amd64	policykit-1	0.105-31+nDeb11u1+grm3u1	libpolkit-agent-1-0	arm64	native-arm64	exact-binary-and-source-version	0.105-31+nDeb11u1+grm3u1	9675b24b19a6c3d9651d35a7301be3a4dd01b00347a35d1864de8b725a7616b7	9675b24b19a6c3d9651d35a7301be3a4dd01b00347a35d1864de8b725a7616b7-libpolkit-agent-1-0_0.105-31+nDeb11u1+grm3u1_arm64.deb
libpolkit-gobject-1-0	0.105-31+nDeb11u1+grm3u1	amd64	policykit-1	0.105-31+nDeb11u1+grm3u1	libpolkit-gobject-1-0	arm64	native-arm64	exact-binary-and-source-version	0.105-31+nDeb11u1+grm3u1	919ebc22d94f1c6708c95a788dd27864a8822d40598cb81be5a0276450a573bd	919ebc22d94f1c6708c95a788dd27864a8822d40598cb81be5a0276450a573bd-libpolkit-gobject-1-0_0.105-31+nDeb11u1+grm3u1_arm64.deb
libpoppler-cpp0v5	20.09.0-3.1+deb11u1	amd64	poppler	20.09.0-3.1+deb11u1	libpoppler-cpp0v5	arm64	native-arm64	exact-binary-and-source-version	20.09.0-3.1+deb11u1	d294acb65d8336899906f5c51eb4117f5c193afc5a5816ea40a4f4d2de7b7134	d294acb65d8336899906f5c51eb4117f5c193afc5a5816ea40a4f4d2de7b7134-libpoppler-cpp0v5_20.09.0-3.1+deb11u1_arm64.deb
libpoppler-glib8	20.09.0-3.1+deb11u1	amd64	poppler	20.09.0-3.1+deb11u1	libpoppler-glib8	arm64	native-arm64	exact-binary-and-source-version	20.09.0-3.1+deb11u1	5b92bc15a6db68dafce85b4c818ea516c079a612b87e62792fc79fe76b14a0e1	5b92bc15a6db68dafce85b4c818ea516c079a612b87e62792fc79fe76b14a0e1-libpoppler-glib8_20.09.0-3.1+deb11u1_arm64.deb
libpoppler102	20.09.0-3.1+deb11u1	amd64	poppler	20.09.0-3.1+deb11u1	libpoppler102	arm64	native-arm64	exact-binary-and-source-version	20.09.0-3.1+deb11u1	fd1a2a9f1a9159311668522f7aa62d2363359c5edd9716b023f7abb3778c9337	fd1a2a9f1a9159311668522f7aa62d2363359c5edd9716b023f7abb3778c9337-libpoppler102_20.09.0-3.1+deb11u1_arm64.deb
libpopt0	1.18-2	amd64	popt	1.18-2	libpopt0	arm64	native-arm64	exact-binary-and-source-version	1.18-2	6c07371b457f73a3ed68a9f6d7217a43fb83cb6ec009694f6404629b5fc18974	6c07371b457f73a3ed68a9f6d7217a43fb83cb6ec009694f6404629b5fc18974-libpopt0_1.18-2_arm64.deb
libpostproc55	7:4.3.6-0+deb11u1	amd64	ffmpeg	7:4.3.6-0+deb11u1	libpostproc55	arm64	native-arm64	exact-binary-and-source-version	7:4.3.6-0+deb11u1	1ce2e1920f9d53e2b4352346892f8baeffc088c55c4d395275cd7c697413cc35	1ce2e1920f9d53e2b4352346892f8baeffc088c55c4d395275cd7c697413cc35-libpostproc55_7%3a4.3.6-0+deb11u1_arm64.deb
libprocps8	2:3.3.17-5	amd64	procps	2:3.3.17-5	libprocps8	arm64	native-arm64	exact-binary-and-source-version	2:3.3.17-5	da75bcd140c98786bbdc5cf1847c85cd28a3d36b76af09b6724e526a656c0580	da75bcd140c98786bbdc5cf1847c85cd28a3d36b76af09b6724e526a656c0580-libprocps8_2%3a3.3.17-5_arm64.deb
libproxy1v5	0.4.17-1	amd64	libproxy	0.4.17-1	libproxy1v5	arm64	native-arm64	exact-binary-and-source-version	0.4.17-1	b81ca7f47e384ed7117a75cfe9798bd11d0085b1b5edce4f9ffcf4e678e24b71	b81ca7f47e384ed7117a75cfe9798bd11d0085b1b5edce4f9ffcf4e678e24b71-libproxy1v5_0.4.17-1_arm64.deb
libpsl5	0.21.0-1.2	amd64	libpsl	0.21.0-1.2	libpsl5	arm64	native-arm64	exact-binary-and-source-version	0.21.0-1.2	12637647316e770c37a4bfec7aef27ed472f2850b5f59dd508505dda32519584	12637647316e770c37a4bfec7aef27ed472f2850b5f59dd508505dda32519584-libpsl5_0.21.0-1.2_arm64.deb
libpulse-mainloop-glib0	14.2-2	amd64	pulseaudio	14.2-2	libpulse-mainloop-glib0	arm64	native-arm64	exact-binary-and-source-version	14.2-2	3e1f369cdeabef2e0d0dfbb8862e81043858346add6f9693a70008edd92d9809	3e1f369cdeabef2e0d0dfbb8862e81043858346add6f9693a70008edd92d9809-libpulse-mainloop-glib0_14.2-2_arm64.deb
libpulse0	14.2-2	amd64	pulseaudio	14.2-2	libpulse0	arm64	native-arm64	exact-binary-and-source-version	14.2-2	bb6533d2f67cd7fb94bf2ae1d7f13ae6b3c5b70c098038f21bc47fce30c88621	bb6533d2f67cd7fb94bf2ae1d7f13ae6b3c5b70c098038f21bc47fce30c88621-libpulse0_14.2-2_arm64.deb
libpulsedsp	14.2-2	amd64	pulseaudio	14.2-2	libpulsedsp	arm64	native-arm64	exact-binary-and-source-version	14.2-2	a7f4160f686fe62400a9955da210953ba0ccf84524c05d663cae98e03c840032	a7f4160f686fe62400a9955da210953ba0ccf84524c05d663cae98e03c840032-libpulsedsp_14.2-2_arm64.deb
libpwquality-common	1.4.4-1	all	libpwquality	1.4.4-1	libpwquality-common	all	reuse-all	exact-binary-and-source-version	1.4.4-1	282cffe66defb452b34fe4b3104aa5b9e9146b92be9ccf604aec9cda6cfad5a4	282cffe66defb452b34fe4b3104aa5b9e9146b92be9ccf604aec9cda6cfad5a4-libpwquality-common_1.4.4-1_all.deb
libpwquality-tools	1.4.4-1	amd64	libpwquality	1.4.4-1	libpwquality-tools	arm64	native-arm64	exact-binary-and-source-version	1.4.4-1	dd0bcea5f576e07c8a337aed767d09c78b5efbbbc8057566c19ab9e6febeee9c	dd0bcea5f576e07c8a337aed767d09c78b5efbbbc8057566c19ab9e6febeee9c-libpwquality-tools_1.4.4-1_arm64.deb
libpwquality1	1.4.4-1	amd64	libpwquality	1.4.4-1	libpwquality1	arm64	native-arm64	exact-binary-and-source-version	1.4.4-1	fb7fd735cbefb7cdd8a2372e68a46b269aec7c0b5554c105b1c23d7d692976ab	fb7fd735cbefb7cdd8a2372e68a46b269aec7c0b5554c105b1c23d7d692976ab-libpwquality1_1.4.4-1_arm64.deb
libpython2.7-minimal	2.7.18-8	amd64	python2.7	2.7.18-8	libpython2.7-minimal	arm64	native-arm64	exact-binary-and-source-version	2.7.18-8	50f524b93c1b7a960988c2ceb9780c98f055f89190204a1a14ed3fa92638cb11	50f524b93c1b7a960988c2ceb9780c98f055f89190204a1a14ed3fa92638cb11-libpython2.7-minimal_2.7.18-8_arm64.deb
libpython2.7-stdlib	2.7.18-8	amd64	python2.7	2.7.18-8	libpython2.7-stdlib	arm64	native-arm64	exact-binary-and-source-version	2.7.18-8	8359256ce1bf3c88637d4d68a48fe6b2e205cae6b1946e15df6f58d1b19cbe66	8359256ce1bf3c88637d4d68a48fe6b2e205cae6b1946e15df6f58d1b19cbe66-libpython2.7-stdlib_2.7.18-8_arm64.deb
libpython3-stdlib	3.9.2-3	amd64	python3-defaults	3.9.2-3	libpython3-stdlib	arm64	native-arm64	exact-binary-and-source-version	3.9.2-3	79ec02b6afc81938fd1418170c103cc90aabbc52e0e1738e2744c5a4ec69fde8	79ec02b6afc81938fd1418170c103cc90aabbc52e0e1738e2744c5a4ec69fde8-libpython3-stdlib_3.9.2-3_arm64.deb
libpython3.9	3.9.2-1	amd64	python3.9	3.9.2-1	libpython3.9	arm64	native-arm64	exact-binary-and-source-version	3.9.2-1	c186a6d9829a5c0e95f3306e05b26824cbd540ff0aab7f4a591ab722af1da7ec	c186a6d9829a5c0e95f3306e05b26824cbd540ff0aab7f4a591ab722af1da7ec-libpython3.9_3.9.2-1_arm64.deb
libpython3.9-minimal	3.9.2-1	amd64	python3.9	3.9.2-1	libpython3.9-minimal	arm64	native-arm64	exact-binary-and-source-version	3.9.2-1	b49736ab0e8b8577f97a474ca67e20c1c025f9d7394ec8d7820de6314c903cf9	b49736ab0e8b8577f97a474ca67e20c1c025f9d7394ec8d7820de6314c903cf9-libpython3.9-minimal_3.9.2-1_arm64.deb
libpython3.9-stdlib	3.9.2-1	amd64	python3.9	3.9.2-1	libpython3.9-stdlib	arm64	native-arm64	exact-binary-and-source-version	3.9.2-1	3b3612dcd7550f01ec3517fbe955838223f4cf115b6983e4ed6d7320cd4b05c4	3b3612dcd7550f01ec3517fbe955838223f4cf115b6983e4ed6d7320cd4b05c4-libpython3.9-stdlib_3.9.2-1_arm64.deb
libqpdf28	10.1.0-1	amd64	qpdf	10.1.0-1	libqpdf28	arm64	native-arm64	exact-binary-and-source-version	10.1.0-1	f9165fc10ef7761daed2b03ea741cdd260c4897c6b97b9a252411af802ee20e1	f9165fc10ef7761daed2b03ea741cdd260c4897c6b97b9a252411af802ee20e1-libqpdf28_10.1.0-1_arm64.deb
libqt5designer5	5.15.2-5	amd64	qttools-opensource-src	5.15.2-5	libqt5designer5	arm64	native-arm64	exact-binary-and-source-version	5.15.2-5	48ee7151ca2c8145cd993def2b8e3cef3ad878976b62f1039e6029e480b9f144	48ee7151ca2c8145cd993def2b8e3cef3ad878976b62f1039e6029e480b9f144-libqt5designer5_5.15.2-5_arm64.deb
libqt5help5	5.15.2-5	amd64	qttools-opensource-src	5.15.2-5	libqt5help5	arm64	native-arm64	exact-binary-and-source-version	5.15.2-5	0719e2d9767670b7312b6bf3af1e9ba43356f046d923b6619ca0a649819466b7	0719e2d9767670b7312b6bf3af1e9ba43356f046d923b6619ca0a649819466b7-libqt5help5_5.15.2-5_arm64.deb
libquvi-0.9-0.9.3	0.9.3-1.3	amd64	libquvi	0.9.3-1.3	libquvi-0.9-0.9.3	arm64	native-arm64	exact-binary-and-source-version	0.9.3-1.3	b93ca8b100143ce0c065408fbeb80031cd6369827c49ed349cb5e25ec67f4a31	b93ca8b100143ce0c065408fbeb80031cd6369827c49ed349cb5e25ec67f4a31-libquvi-0.9-0.9.3_0.9.3-1.3_arm64.deb
libquvi-scripts-0.9	0.9.20131130-1.2	all	libquvi-scripts	0.9.20131130-1.2	libquvi-scripts-0.9	all	reuse-all	exact-binary-and-source-version	0.9.20131130-1.2	10fc1d41eeb406b4c38eca32e414881f345fda359b946140f5bc06ef6874b88f	10fc1d41eeb406b4c38eca32e414881f345fda359b946140f5bc06ef6874b88f-libquvi-scripts-0.9_0.9.20131130-1.2_all.deb
librabbitmq4	0.10.0-1	amd64	librabbitmq	0.10.0-1	librabbitmq4	arm64	native-arm64	exact-binary-and-source-version	0.10.0-1	9460d0c3c016883bd5bfb5e66a47cae445f93e2e6f43c1c951738ab51d2ec982	9460d0c3c016883bd5bfb5e66a47cae445f93e2e6f43c1c951738ab51d2ec982-librabbitmq4_0.10.0-1_arm64.deb
libraw1394-11	2.1.2-2	amd64	libraw1394	2.1.2-2	libraw1394-11	arm64	native-arm64	exact-binary-and-source-version	2.1.2-2	81a1e9bd2b790aa7ce7c426dd1742d3310894b01f124bc41962331b834da6cc3	81a1e9bd2b790aa7ce7c426dd1742d3310894b01f124bc41962331b834da6cc3-libraw1394-11_2.1.2-2_arm64.deb
libre2-9	20210201+dfsg-1	amd64	re2	20210201+dfsg-1	libre2-9	arm64	native-arm64	exact-binary-and-source-version	20210201+dfsg-1	26304632664cb706bb3134b76acf300e38faf558327649963839ba8bb991e02e	26304632664cb706bb3134b76acf300e38faf558327649963839ba8bb991e02e-libre2-9_20210201+dfsg-1_arm64.deb
libreadline8	8.1-1	amd64	readline	8.1-1	libreadline8	arm64	native-arm64	exact-binary-and-source-version	8.1-1	500c3cdc00dcaea2c4ed736e00bfcb6cb43c3415e808566c5dfa266dbfc0c5e5	500c3cdc00dcaea2c4ed736e00bfcb6cb43c3415e808566c5dfa266dbfc0c5e5-libreadline8_8.1-1_arm64.deb
librest-0.7-0	0.8.1-1.1	amd64	librest	0.8.1-1.1	librest-0.7-0	arm64	native-arm64	exact-binary-and-source-version	0.8.1-1.1	c1b636d7a66996743d248cb9e6042167b03b442150d39b349b12348a31690ee0	c1b636d7a66996743d248cb9e6042167b03b442150d39b349b12348a31690ee0-librest-0.7-0_0.8.1-1.1_arm64.deb
librsvg2-2	2.50.3+dfsg-1	amd64	librsvg	2.50.3+dfsg-1	librsvg2-2	arm64	native-arm64	exact-binary-and-source-version	2.50.3+dfsg-1	79688f922da4c45e546c77667f1ea9480e3b96dd65e8eef88bcb44ef335cd6bd	79688f922da4c45e546c77667f1ea9480e3b96dd65e8eef88bcb44ef335cd6bd-librsvg2-2_2.50.3+dfsg-1_arm64.deb
librsvg2-common	2.50.3+dfsg-1	amd64	librsvg	2.50.3+dfsg-1	librsvg2-common	arm64	native-arm64	exact-binary-and-source-version	2.50.3+dfsg-1	216a347bd675c2da96fc243ce59609630310da546db950b90a56070374447abb	216a347bd675c2da96fc243ce59609630310da546db950b90a56070374447abb-librsvg2-common_2.50.3+dfsg-1_arm64.deb
librtmp1	2.4+20151223.gitfa8646d.1-2+b2	amd64	rtmpdump	2.4+20151223.gitfa8646d.1-2	librtmp1	arm64	native-arm64	exact-binary-and-source-version	2.4+20151223.gitfa8646d.1-2+b2	a3a1a6e4b02bcd3254e932b1972ed744082fd7dd5cc1545eec3dd3d539ce6c93	a3a1a6e4b02bcd3254e932b1972ed744082fd7dd5cc1545eec3dd3d539ce6c93-librtmp1_2.4+20151223.gitfa8646d.1-2+b2_arm64.deb
librubberband2	1.9.0-1	amd64	rubberband	1.9.0-1	librubberband2	arm64	native-arm64	exact-binary-and-source-version	1.9.0-1	34e74f3f8304dadb3ecad7bc25a03c964af6cd5663556c183c2d7dfd04fb1230	34e74f3f8304dadb3ecad7bc25a03c964af6cd5663556c183c2d7dfd04fb1230-librubberband2_1.9.0-1_arm64.deb
librygel-core-2.6-2	0.40.0-1	amd64	rygel	0.40.0-1	librygel-core-2.6-2	arm64	native-arm64	exact-binary-and-source-version	0.40.0-1	80a3fdf3f3bb4ed5ae7fdb3de8ad92d754872356482763d335b5200d4d8c0112	80a3fdf3f3bb4ed5ae7fdb3de8ad92d754872356482763d335b5200d4d8c0112-librygel-core-2.6-2_0.40.0-1_arm64.deb
librygel-db-2.6-2	0.40.0-1	amd64	rygel	0.40.0-1	librygel-db-2.6-2	arm64	native-arm64	exact-binary-and-source-version	0.40.0-1	8db9c78b3bca4538e86c68b650874a154362697f006f60d4a3a8a5e7add1d740	8db9c78b3bca4538e86c68b650874a154362697f006f60d4a3a8a5e7add1d740-librygel-db-2.6-2_0.40.0-1_arm64.deb
librygel-renderer-2.6-2	0.40.0-1	amd64	rygel	0.40.0-1	librygel-renderer-2.6-2	arm64	native-arm64	exact-binary-and-source-version	0.40.0-1	395fb84a7049e0bcf69d1b3c3b7e827c2b22b88dfc56cb1fac344ac449988f4b	395fb84a7049e0bcf69d1b3c3b7e827c2b22b88dfc56cb1fac344ac449988f4b-librygel-renderer-2.6-2_0.40.0-1_arm64.deb
librygel-server-2.6-2	0.40.0-1	amd64	rygel	0.40.0-1	librygel-server-2.6-2	arm64	native-arm64	exact-binary-and-source-version	0.40.0-1	5eeb6a12b3587f773c15bf946e3151caae004f3d6be0ad447ea97e9bf08c3336	5eeb6a12b3587f773c15bf946e3151caae004f3d6be0ad447ea97e9bf08c3336-librygel-server-2.6-2_0.40.0-1_arm64.deb
libsamplerate0	0.2.1+ds0-1	amd64	libsamplerate	0.2.1+ds0-1	libsamplerate0	arm64	native-arm64	exact-binary-and-source-version	0.2.1+ds0-1	2217f60d0e8e10b966811328a50bd6ac4c33ec32c80d9fd92d699a2185dcb629	2217f60d0e8e10b966811328a50bd6ac4c33ec32c80d9fd92d699a2185dcb629-libsamplerate0_0.2.1+ds0-1_arm64.deb
libsane-common	1.0.31-4.1	all	sane-backends	1.0.31-4.1	libsane-common	all	reuse-all	exact-binary-and-source-version	1.0.31-4.1	fdcf3092c87cddd8568254fc26ae5dd436492c3fccec98b59266029f6ad62943	fdcf3092c87cddd8568254fc26ae5dd436492c3fccec98b59266029f6ad62943-libsane-common_1.0.31-4.1_all.deb
libsane1	1.0.31-4.1	amd64	sane-backends	1.0.31-4.1	libsane1	arm64	native-arm64	exact-binary-and-source-version	1.0.31-4.1	9193c0eb91835082f432cb790e839675bb54f0e90c2924c2c4d04db1e295f748	9193c0eb91835082f432cb790e839675bb54f0e90c2924c2c4d04db1e295f748-libsane1_1.0.31-4.1_arm64.deb
libsasl2-2	2.1.27+dfsg-2.1+deb11u1	amd64	cyrus-sasl2	2.1.27+dfsg-2.1+deb11u1	libsasl2-2	arm64	native-arm64	exact-binary-and-source-version	2.1.27+dfsg-2.1+deb11u1	fc4c943224b8fb6aaa86439ff60dcec4ca1aeb4730f121e594c68a37b3e0c88f	fc4c943224b8fb6aaa86439ff60dcec4ca1aeb4730f121e594c68a37b3e0c88f-libsasl2-2_2.1.27+dfsg-2.1+deb11u1_arm64.deb
libsasl2-modules-db	2.1.27+dfsg-2.1+deb11u1	amd64	cyrus-sasl2	2.1.27+dfsg-2.1+deb11u1	libsasl2-modules-db	arm64	native-arm64	exact-binary-and-source-version	2.1.27+dfsg-2.1+deb11u1	006239b28681f507db0937125a13810c8cf03e3fffe9b7c8433445af86805d12	006239b28681f507db0937125a13810c8cf03e3fffe9b7c8433445af86805d12-libsasl2-modules-db_2.1.27+dfsg-2.1+deb11u1_arm64.deb
libsbc1	1.5-3	amd64	sbc	1.5-3	libsbc1	arm64	native-arm64	exact-binary-and-source-version	1.5-3	42da4d0df79a713822a71abf87e29a7fd56650870e68ee0242db4d78bce8eefb	42da4d0df79a713822a71abf87e29a7fd56650870e68ee0242db4d78bce8eefb-libsbc1_1.5-3_arm64.deb
libsdl2-2.0-0	2.0.14+dfsg2-3+deb11u1	amd64	libsdl2	2.0.14+dfsg2-3+deb11u1	libsdl2-2.0-0	arm64	native-arm64	exact-binary-and-source-version	2.0.14+dfsg2-3+deb11u1	8a8b0ef43a4d7825a23ea817e7dd656dde7fe3fe58e87d20c7fdfd4fc72f373c	8a8b0ef43a4d7825a23ea817e7dd656dde7fe3fe58e87d20c7fdfd4fc72f373c-libsdl2-2.0-0_2.0.14+dfsg2-3+deb11u1_arm64.deb
libseccomp2	2.5.1-1+deb11u1	amd64	libseccomp	2.5.1-1+deb11u1	libseccomp2	arm64	native-arm64	exact-binary-and-source-version	2.5.1-1+deb11u1	5b8983c2e330790dbe04ae990f166d7939a3e14b75556a8489309ae704fbeb50	5b8983c2e330790dbe04ae990f166d7939a3e14b75556a8489309ae704fbeb50-libseccomp2_2.5.1-1+deb11u1_arm64.deb
libsecret-1-0	0.20.4-2	amd64	libsecret	0.20.4-2	libsecret-1-0	arm64	native-arm64	exact-binary-and-source-version	0.20.4-2	ba53dfdf0d149d03b06ee54388259a074218e8061aa51e80cbe9f5a21e224a84	ba53dfdf0d149d03b06ee54388259a074218e8061aa51e80cbe9f5a21e224a84-libsecret-1-0_0.20.4-2_arm64.deb
libsecret-common	0.20.4-2	all	libsecret	0.20.4-2	libsecret-common	all	reuse-all	exact-binary-and-source-version	0.20.4-2	2e4b281c2c38e5be1c253955c13e4366ae64c449358aa0bc00a46bfb846bf30f	2e4b281c2c38e5be1c253955c13e4366ae64c449358aa0bc00a46bfb846bf30f-libsecret-common_0.20.4-2_all.deb
libselinux1	3.1-3	amd64	libselinux	3.1-3	libselinux1	arm64	native-arm64	exact-binary-and-source-version	3.1-3	da98279a47dabaa46a83514142f5c691c6a71fa7e582661a3a3db6887ad3e9d1	da98279a47dabaa46a83514142f5c691c6a71fa7e582661a3a3db6887ad3e9d1-libselinux1_3.1-3_arm64.deb
libsemanage-common	3.1-1	all	libsemanage	3.1-1	libsemanage-common	all	reuse-all	exact-binary-and-source-version	3.1-1	d319a026ecd02e2f605c52350949279f3c331a19380f8b6888ce5b9ef0d31349	d319a026ecd02e2f605c52350949279f3c331a19380f8b6888ce5b9ef0d31349-libsemanage-common_3.1-1_all.deb
libsemanage1	3.1-1+b2	amd64	libsemanage	3.1-1	libsemanage1	arm64	native-arm64	exact-binary-and-source-version	3.1-1+b2	342a804007338314211981fac0bc083c3c66c6040bca0e47342c6d9ff44f103e	342a804007338314211981fac0bc083c3c66c6040bca0e47342c6d9ff44f103e-libsemanage1_3.1-1+b2_arm64.deb
libsensors-config	1:3.6.0-7	all	lm-sensors	1:3.6.0-7	libsensors-config	all	reuse-all	exact-binary-and-source-version	1:3.6.0-7	4265811140a591d27c99d026b63707d8235d98c73d7543c66ab9ec73c28523fc	4265811140a591d27c99d026b63707d8235d98c73d7543c66ab9ec73c28523fc-libsensors-config_1%3a3.6.0-7_all.deb
libsensors5	1:3.6.0-7	amd64	lm-sensors	1:3.6.0-7	libsensors5	arm64	native-arm64	exact-binary-and-source-version	1:3.6.0-7	fd5533c6293d881d67e488ad0549c0b0351e1b770037a08018e5e88996cb95dc	fd5533c6293d881d67e488ad0549c0b0351e1b770037a08018e5e88996cb95dc-libsensors5_1%3a3.6.0-7_arm64.deb
libsepol1	3.1-1	amd64	libsepol	3.1-1	libsepol1	arm64	native-arm64	exact-binary-and-source-version	3.1-1	354d36c3084c14f242baba3a06372a3c034cec7a0cb38e626fc03cc4751b2cd3	354d36c3084c14f242baba3a06372a3c034cec7a0cb38e626fc03cc4751b2cd3-libsepol1_3.1-1_arm64.deb
libserd-0-0	0.30.10-2	amd64	serd	0.30.10-2	libserd-0-0	arm64	native-arm64	exact-binary-and-source-version	0.30.10-2	d0090cf9f8855b5af6f18758933fb2ae2348d8ca383745510638f6a4cbb3a898	d0090cf9f8855b5af6f18758933fb2ae2348d8ca383745510638f6a4cbb3a898-libserd-0-0_0.30.10-2_arm64.deb
libshine3	3.1.1-2	amd64	shine	3.1.1-2	libshine3	arm64	native-arm64	exact-binary-and-source-version	3.1.1-2	d64982ddfbdfcef714dc35a760a752ab1f3739aaee8011bc5c3f03afa73f465f	d64982ddfbdfcef714dc35a760a752ab1f3739aaee8011bc5c3f03afa73f465f-libshine3_3.1.1-2_arm64.deb
libshout3	2.4.5-1+b1	amd64	libshout	2.4.5-1	libshout3	arm64	native-arm64	exact-binary-and-source-version	2.4.5-1+b1	6b4a6d87737d98ccfbe2b392fed75b3bc492932b7f345ffb8613a79a9f8db367	6b4a6d87737d98ccfbe2b392fed75b3bc492932b7f345ffb8613a79a9f8db367-libshout3_2.4.5-1+b1_arm64.deb
libsidplay1v5	1.36.60-1	amd64	libsidplay	1.36.60-1	libsidplay1v5	arm64	native-arm64	exact-binary-and-source-version	1.36.60-1	6ed3b3a8903b75bf22ac40d3fcaf0f7a476592913fba38db9ebf0b0d4ce7c328	6ed3b3a8903b75bf22ac40d3fcaf0f7a476592913fba38db9ebf0b0d4ce7c328-libsidplay1v5_1.36.60-1_arm64.deb
libsigc++-2.0-0v5	2.10.4-2	amd64	libsigc++-2.0	2.10.4-2	libsigc++-2.0-0v5	arm64	native-arm64	exact-binary-and-source-version	2.10.4-2	b9911647e32b6e727caf5fedaa7e98635464b991056e3149ab3c5550040dbf83	b9911647e32b6e727caf5fedaa7e98635464b991056e3149ab3c5550040dbf83-libsigc++-2.0-0v5_2.10.4-2_arm64.deb
libslang2	2.3.2-5	amd64	slang2	2.3.2-5	libslang2	arm64	native-arm64	exact-binary-and-source-version	2.3.2-5	61c51c2ff17b38a0791193460df9a09a5f5a90ece01483202d0667059814503f	61c51c2ff17b38a0791193460df9a09a5f5a90ece01483202d0667059814503f-libslang2_2.3.2-5_arm64.deb
libsm6	2:1.2.3-1	amd64	libsm	2:1.2.3-1	libsm6	arm64	native-arm64	exact-binary-and-source-version	2:1.2.3-1	4871361a83b7952eed12e9516e5b5475c8ffc1e6e2d12842373c82f291e82178	4871361a83b7952eed12e9516e5b5475c8ffc1e6e2d12842373c82f291e82178-libsm6_2%3a1.2.3-1_arm64.deb
libsmartcols1	2.36.1-8+deb11u1	amd64	util-linux	2.36.1-8+deb11u1	libsmartcols1	arm64	native-arm64	exact-binary-and-source-version	2.36.1-8+deb11u1	4d9aec58322fbe86357c04b6968432d692b0abb5074f5eefd6fe1cc4504cd240	4d9aec58322fbe86357c04b6968432d692b0abb5074f5eefd6fe1cc4504cd240-libsmartcols1_2.36.1-8+deb11u1_arm64.deb
libsmbclient	2:4.13.13+dfsg-1~deb11u5	amd64	samba	2:4.13.13+dfsg-1~deb11u5	libsmbclient	arm64	native-arm64	exact-binary-and-source-version	2:4.13.13+dfsg-1~deb11u5	78c0a817127402bc2955c550ed7c3bf4fea34273acdfca4243aba63252d1bcb5	78c0a817127402bc2955c550ed7c3bf4fea34273acdfca4243aba63252d1bcb5-libsmbclient_2%3a4.13.13+dfsg-1~deb11u5_arm64.deb
libsnappy1v5	1.1.8-1	amd64	snappy	1.1.8-1	libsnappy1v5	arm64	native-arm64	exact-binary-and-source-version	1.1.8-1	48cb00030ca2e87780f815e6b5e354c76642c6de5c7a287a18d70b24880c70d1	48cb00030ca2e87780f815e6b5e354c76642c6de5c7a287a18d70b24880c70d1-libsnappy1v5_1.1.8-1_arm64.deb
libsndfile1	1.0.31-2	amd64	libsndfile	1.0.31-2	libsndfile1	arm64	native-arm64	exact-binary-and-source-version	1.0.31-2	35cd1ede25dda91abdfd23bc02fbfe9afc72e2a11178bebcc5ef76601a2a60b7	35cd1ede25dda91abdfd23bc02fbfe9afc72e2a11178bebcc5ef76601a2a60b7-libsndfile1_1.0.31-2_arm64.deb
libsndio7.0	1.5.0-3	amd64	sndio	1.5.0-3	libsndio7.0	arm64	native-arm64	exact-binary-and-source-version	1.5.0-3	5d3fcdcde0de0021ee217769e0866dcd524734a04f961c2ecc33488db47ba545	5d3fcdcde0de0021ee217769e0866dcd524734a04f961c2ecc33488db47ba545-libsndio7.0_1.5.0-3_arm64.deb
libsnmp-base	5.9+dfsg-4+deb11u1	all	net-snmp	5.9+dfsg-4+deb11u1	libsnmp-base	all	reuse-all	exact-binary-and-source-version	5.9+dfsg-4+deb11u1	29db55df63efb10bd43d4f8a074a1373b2307268add4bd3b215d832dd482fcb5	29db55df63efb10bd43d4f8a074a1373b2307268add4bd3b215d832dd482fcb5-libsnmp-base_5.9+dfsg-4+deb11u1_all.deb
libsnmp40	5.9+dfsg-4+deb11u1	amd64	net-snmp	5.9+dfsg-4+deb11u1	libsnmp40	arm64	native-arm64	exact-binary-and-source-version	5.9+dfsg-4+deb11u1	1c40f6011a96caf80df2c1c50c6bdf7fa3991e1df144c1597aab58943e06ec17	1c40f6011a96caf80df2c1c50c6bdf7fa3991e1df144c1597aab58943e06ec17-libsnmp40_5.9+dfsg-4+deb11u1_arm64.deb
libsodium23	1.0.18-1	amd64	libsodium	1.0.18-1	libsodium23	arm64	native-arm64	exact-binary-and-source-version	1.0.18-1	f00a5c6ccaeb6a70bc07c7a56d61c605281c2b1cbea29611b69dfc789274db0c	f00a5c6ccaeb6a70bc07c7a56d61c605281c2b1cbea29611b69dfc789274db0c-libsodium23_1.0.18-1_arm64.deb
libsord-0-0	0.16.8-2	amd64	sord	0.16.8-2	libsord-0-0	arm64	native-arm64	exact-binary-and-source-version	0.16.8-2	af1aa4057c185c1f7b07d14d1b2711cadd572bbc4dc17ce1f1144180974e83c1	af1aa4057c185c1f7b07d14d1b2711cadd572bbc4dc17ce1f1144180974e83c1-libsord-0-0_0.16.8-2_arm64.deb
libsoundtouch1	2.2+ds1-2	amd64	soundtouch	2.2+ds1-2	libsoundtouch1	arm64	native-arm64	exact-binary-and-source-version	2.2+ds1-2	c44e330c7f54de52a0fa695374536d24a093ff34116c250002066de84570019a	c44e330c7f54de52a0fa695374536d24a093ff34116c250002066de84570019a-libsoundtouch1_2.2+ds1-2_arm64.deb
libsoup-gnome2.4-1	2.72.0-2	amd64	libsoup2.4	2.72.0-2	libsoup-gnome2.4-1	arm64	native-arm64	exact-binary-and-source-version	2.72.0-2	7e0aacd0e2e484844b86fce2dcaf842ff95f209ad353c52d685ed1b2bc346eb2	7e0aacd0e2e484844b86fce2dcaf842ff95f209ad353c52d685ed1b2bc346eb2-libsoup-gnome2.4-1_2.72.0-2_arm64.deb
libsoup2.4-1	2.72.0-2	amd64	libsoup2.4	2.72.0-2	libsoup2.4-1	arm64	native-arm64	exact-binary-and-source-version	2.72.0-2	c11fd27b2cd0639d642d1b852c6e89f94742228d5a866d1e32f122bdb2b324d1	c11fd27b2cd0639d642d1b852c6e89f94742228d5a866d1e32f122bdb2b324d1-libsoup2.4-1_2.72.0-2_arm64.deb
libsoxr0	0.1.3-4	amd64	libsoxr	0.1.3-4	libsoxr0	arm64	native-arm64	exact-binary-and-source-version	0.1.3-4	8f1b1780a5ced7a0821a8040d0f3ab5815acd5d2f38b12cca915a9a9d0ee28b7	8f1b1780a5ced7a0821a8040d0f3ab5815acd5d2f38b12cca915a9a9d0ee28b7-libsoxr0_0.1.3-4_arm64.deb
libspa-0.2-modules	0.3.19-4	amd64	pipewire	0.3.19-4	libspa-0.2-modules	arm64	native-arm64	exact-binary-and-source-version	0.3.19-4	2369feb4aba204761a2d0ee79c0412cf31df8b33716e616e53fe4d203c530a17	2369feb4aba204761a2d0ee79c0412cf31df8b33716e616e53fe4d203c530a17-libspa-0.2-modules_0.3.19-4_arm64.deb
libspandsp2	0.0.6+dfsg-2	amd64	spandsp	0.0.6+dfsg-2	libspandsp2	arm64	native-arm64	exact-binary-and-source-version	0.0.6+dfsg-2	6c58a18a6a4e9469e677f3dfe256a481db7d2909c16f4ebc4d2d0dd3f869d191	6c58a18a6a4e9469e677f3dfe256a481db7d2909c16f4ebc4d2d0dd3f869d191-libspandsp2_0.0.6+dfsg-2_arm64.deb
libspeex1	1.2~rc1.2-1.1	amd64	speex	1.2~rc1.2-1.1	libspeex1	arm64	native-arm64	exact-binary-and-source-version	1.2~rc1.2-1.1	5bdef83a0a8f0afda640f0166a64f9160c459faa0c2681f9cef7a96933733340	5bdef83a0a8f0afda640f0166a64f9160c459faa0c2681f9cef7a96933733340-libspeex1_1.2~rc1.2-1.1_arm64.deb
libspeexdsp1	1.2~rc1.2-1.1	amd64	speex	1.2~rc1.2-1.1	libspeexdsp1	arm64	native-arm64	exact-binary-and-source-version	1.2~rc1.2-1.1	d863a4fc39aedf608c61f1e33a168e90dbe6d41a5f72b1f230d3c986fbc5c037	d863a4fc39aedf608c61f1e33a168e90dbe6d41a5f72b1f230d3c986fbc5c037-libspeexdsp1_1.2~rc1.2-1.1_arm64.deb
libsphinxbase3	0.8+5prealpha+1-12	amd64	sphinxbase	0.8+5prealpha+1-12	libsphinxbase3	arm64	native-arm64	exact-binary-and-source-version	0.8+5prealpha+1-12	55bdedad78b4443e75669b2c1d6ab4de7e5224f3e7264a365827829992576842	55bdedad78b4443e75669b2c1d6ab4de7e5224f3e7264a365827829992576842-libsphinxbase3_0.8+5prealpha+1-12_arm64.deb
libsqlite3-0	3.34.1-3	amd64	sqlite3	3.34.1-3	libsqlite3-0	arm64	native-arm64	exact-binary-and-source-version	3.34.1-3	1e33cd39dc4fff2a7edd7bb7e90a71e20fb528f6a581fe0287652e4dae77e0d0	1e33cd39dc4fff2a7edd7bb7e90a71e20fb528f6a581fe0287652e4dae77e0d0-libsqlite3-0_3.34.1-3_arm64.deb
libsratom-0-0	0.6.8-1	amd64	sratom	0.6.8-1	libsratom-0-0	arm64	native-arm64	exact-binary-and-source-version	0.6.8-1	32fd27b9233db0895f6da92db5d3d58dbdde0f6d3e58e49683553e4fae46dc41	32fd27b9233db0895f6da92db5d3d58dbdde0f6d3e58e49683553e4fae46dc41-libsratom-0-0_0.6.8-1_arm64.deb
libsrt1.4-gnutls	1.4.2-1.3	amd64	srt	1.4.2-1.3	libsrt1.4-gnutls	arm64	native-arm64	exact-binary-and-source-version	1.4.2-1.3	08a94b07becea150a1385614fb7b4c1b09f864db5ab8185b586d099ffdf11b8a	08a94b07becea150a1385614fb7b4c1b09f864db5ab8185b586d099ffdf11b8a-libsrt1.4-gnutls_1.4.2-1.3_arm64.deb
libsrtp2-1	2.3.0-5	amd64	libsrtp2	2.3.0-5	libsrtp2-1	arm64	native-arm64	exact-binary-and-source-version	2.3.0-5	0b3195777f70d1a1c9bccb7d2a6bcf6075043ba1d4bdb5d9800946bb49e84b1e	0b3195777f70d1a1c9bccb7d2a6bcf6075043ba1d4bdb5d9800946bb49e84b1e-libsrtp2-1_2.3.0-5_arm64.deb
libss2	1.46.2-2	amd64	e2fsprogs	1.46.2-2	libss2	arm64	native-arm64	exact-binary-and-source-version	1.46.2-2	95587643cfd76e1f024290adf080fb95dc237852cd88cabbb71c7f55234a092c	95587643cfd76e1f024290adf080fb95dc237852cd88cabbb71c7f55234a092c-libss2_1.46.2-2_arm64.deb
libssh-gcrypt-4	0.9.7-0+deb11u1	amd64	libssh	0.9.7-0+deb11u1	libssh-gcrypt-4	arm64	native-arm64	exact-binary-and-source-version	0.9.7-0+deb11u1	acbfe31fb7fe0cc5c079f10d8ffe2cdbaf7463040aa0f0102776a3de6abaf80b	acbfe31fb7fe0cc5c079f10d8ffe2cdbaf7463040aa0f0102776a3de6abaf80b-libssh-gcrypt-4_0.9.7-0+deb11u1_arm64.deb
libssh2-1	1.9.0-2	amd64	libssh2	1.9.0-2	libssh2-1	arm64	native-arm64	exact-binary-and-source-version	1.9.0-2	c3847ce093a395c4425f23c0a1601516248e2d241bedaab94ecd9686536214a7	c3847ce093a395c4425f23c0a1601516248e2d241bedaab94ecd9686536214a7-libssh2-1_1.9.0-2_arm64.deb
libssl1.1	1.1.1n-0+deb11u5	amd64	openssl	1.1.1n-0+deb11u5	libssl1.1	arm64	native-arm64	exact-binary-and-source-version	1.1.1n-0+deb11u5	19a0ab710daef6bc1ac411f61c596e380bd79335b5d52d7d60c1a50154461a84	19a0ab710daef6bc1ac411f61c596e380bd79335b5d52d7d60c1a50154461a84-libssl1.1_1.1.1n-0+deb11u5_arm64.deb
libstartup-notification0	0.12-6+b1	amd64	startup-notification	0.12-6	libstartup-notification0	arm64	native-arm64	exact-binary-and-source-version	0.12-6+b1	ff888e8461e650a8e479670535857092343c63c75b0c62127902c44dbb886282	ff888e8461e650a8e479670535857092343c63c75b0c62127902c44dbb886282-libstartup-notification0_0.12-6+b1_arm64.deb
libstdc++6	10.2.1-6	amd64	gcc-10	10.2.1-6	libstdc++6	arm64	native-arm64	exact-binary-and-source-version	10.2.1-6	7869aa540cc46e9f3d4267d5bde2af0e5b429a820c1d6f1a4cfccfe788c31890	7869aa540cc46e9f3d4267d5bde2af0e5b429a820c1d6f1a4cfccfe788c31890-libstdc++6_10.2.1-6_arm64.deb
libstemmer0d	2.1.0-1	amd64	snowball	2.1.0-1	libstemmer0d	arm64	native-arm64	exact-binary-and-source-version	2.1.0-1	8741abac019689866a9d426edbb8d90f7e9af2448ebd3a9fa7a2ad542a5d3430	8741abac019689866a9d426edbb8d90f7e9af2448ebd3a9fa7a2ad542a5d3430-libstemmer0d_2.1.0-1_arm64.deb
libswresample3	7:4.3.6-0+deb11u1	amd64	ffmpeg	7:4.3.6-0+deb11u1	libswresample3	arm64	native-arm64	exact-binary-and-source-version	7:4.3.6-0+deb11u1	0e95afcf15c21a8e13898809710344b7d14a1f5d37759a3a4ebde8ffc899e56e	0e95afcf15c21a8e13898809710344b7d14a1f5d37759a3a4ebde8ffc899e56e-libswresample3_7%3a4.3.6-0+deb11u1_arm64.deb
libswscale5	7:4.3.6-0+deb11u1	amd64	ffmpeg	7:4.3.6-0+deb11u1	libswscale5	arm64	native-arm64	exact-binary-and-source-version	7:4.3.6-0+deb11u1	d5ae4c0e0a53a29524ec0e30f63bc28a6a17afbac56bb12dc3ba3a582f447732	d5ae4c0e0a53a29524ec0e30f63bc28a6a17afbac56bb12dc3ba3a582f447732-libswscale5_7%3a4.3.6-0+deb11u1_arm64.deb
libsystemd0	247.3-7+deb11u4	amd64	systemd	247.3-7+deb11u4	libsystemd0	arm64	native-arm64	exact-binary-and-source-version	247.3-7+deb11u4	32e8c12301a9ada555adea9a4c2f15df788411dadd164baca5c31690fe06e381	32e8c12301a9ada555adea9a4c2f15df788411dadd164baca5c31690fe06e381-libsystemd0_247.3-7+deb11u4_arm64.deb
libtag1v5	1.11.1+dfsg.1-3	amd64	taglib	1.11.1+dfsg.1-3	libtag1v5	arm64	native-arm64	exact-binary-and-source-version	1.11.1+dfsg.1-3	a19a754738f4880143e1fa38aa4540fc7bcca77041da77056b8ee79c63cc9be9	a19a754738f4880143e1fa38aa4540fc7bcca77041da77056b8ee79c63cc9be9-libtag1v5_1.11.1+dfsg.1-3_arm64.deb
libtag1v5-vanilla	1.11.1+dfsg.1-3	amd64	taglib	1.11.1+dfsg.1-3	libtag1v5-vanilla	arm64	native-arm64	exact-binary-and-source-version	1.11.1+dfsg.1-3	5258f2fc45789d1f057e5a4adfff0ee07e1079c8435bf9e38e224e50ac8be45d	5258f2fc45789d1f057e5a4adfff0ee07e1079c8435bf9e38e224e50ac8be45d-libtag1v5-vanilla_1.11.1+dfsg.1-3_arm64.deb
libtalloc2	2.3.1-2+b1	amd64	talloc	2.3.1-2	libtalloc2	arm64	native-arm64	exact-binary-and-source-version	2.3.1-2+b1	d487eef9c90ea789e3fe5ffeeab3d88bc4ccbaa9dfee86ebd19e3e04aa5ddde2	d487eef9c90ea789e3fe5ffeeab3d88bc4ccbaa9dfee86ebd19e3e04aa5ddde2-libtalloc2_2.3.1-2+b1_arm64.deb
libtasn1-6	4.16.0-2+deb11u1	amd64	libtasn1-6	4.16.0-2+deb11u1	libtasn1-6	arm64	native-arm64	exact-binary-and-source-version	4.16.0-2+deb11u1	f469147bbd3969055c51fc661c9aa0d56d48eccd070d233f1424b0d8b3f29295	f469147bbd3969055c51fc661c9aa0d56d48eccd070d233f1424b0d8b3f29295-libtasn1-6_4.16.0-2+deb11u1_arm64.deb
libtdb1	1.4.3-1+b1	amd64	tdb	1.4.3-1	libtdb1	arm64	native-arm64	exact-binary-and-source-version	1.4.3-1+b1	7debae065d3d667b7644503e1be25be2c187c23c45cb93431f316d694aa69b68	7debae065d3d667b7644503e1be25be2c187c23c45cb93431f316d694aa69b68-libtdb1_1.4.3-1+b1_arm64.deb
libteamdctl0	1.31-1	amd64	libteam	1.31-1	libteamdctl0	arm64	native-arm64	exact-binary-and-source-version	1.31-1	4576fc2ec438507ccfb0dac02b0b5331ffb59f8593b1ef90df0fcc9c073a5d4b	4576fc2ec438507ccfb0dac02b0b5331ffb59f8593b1ef90df0fcc9c073a5d4b-libteamdctl0_1.31-1_arm64.deb
libtelepathy-glib0	0.24.1-3	amd64	telepathy-glib	0.24.1-3	libtelepathy-glib0	arm64	native-arm64	exact-binary-and-source-version	0.24.1-3	e0260de4b9e02b985d2734c6580c989aa9a65fa5111c187b343a5be02fd0ffc2	e0260de4b9e02b985d2734c6580c989aa9a65fa5111c187b343a5be02fd0ffc2-libtelepathy-glib0_0.24.1-3_arm64.deb
libtepl-5-0	5.0.1-2	amd64	tepl	5.0.1-2	libtepl-5-0	arm64	native-arm64	exact-binary-and-source-version	5.0.1-2	c3a520b1fe063f151828b61da9b90103fadffc6c6d68b32444424d56173f25b2	c3a520b1fe063f151828b61da9b90103fadffc6c6d68b32444424d56173f25b2-libtepl-5-0_5.0.1-2_arm64.deb
libtevent0	0.10.2-1	amd64	tevent	0.10.2-1	libtevent0	arm64	native-arm64	exact-binary-and-source-version	0.10.2-1	860dee9d29a8fd86330e8be4d4ec7172a7d379edde656b851800161164b3b1eb	860dee9d29a8fd86330e8be4d4ec7172a7d379edde656b851800161164b3b1eb-libtevent0_0.10.2-1_arm64.deb
libtext-charwidth-perl	0.04-10+b1	amd64	libtext-charwidth-perl	0.04-10	libtext-charwidth-perl	arm64	native-arm64	exact-binary-and-source-version	0.04-10+b1	1876311718ce14e3049263838901296567867ceefb2789f3ed3a1d4d26694ebb	1876311718ce14e3049263838901296567867ceefb2789f3ed3a1d4d26694ebb-libtext-charwidth-perl_0.04-10+b1_arm64.deb
libtext-iconv-perl	1.7-7+b1	amd64	libtext-iconv-perl	1.7-7	libtext-iconv-perl	arm64	native-arm64	exact-binary-and-source-version	1.7-7+b1	a425abfabc8b4d1db72ed1b13829ada4689b64517a66869862c4b83d87fdbfd1	a425abfabc8b4d1db72ed1b13829ada4689b64517a66869862c4b83d87fdbfd1-libtext-iconv-perl_1.7-7+b1_arm64.deb
libtext-wrapi18n-perl	0.06-9	all	libtext-wrapi18n-perl	0.06-9	libtext-wrapi18n-perl	all	reuse-all	exact-binary-and-source-version	0.06-9	3c29816eaf258e5c532c68bc550ad1e03064a1b6c1ff0329bc8a6e6ef49f1a07	3c29816eaf258e5c532c68bc550ad1e03064a1b6c1ff0329bc8a6e6ef49f1a07-libtext-wrapi18n-perl_0.06-9_all.deb
libthai-data	0.1.28-3	all	libthai	0.1.28-3	libthai-data	all	reuse-all	exact-binary-and-source-version	0.1.28-3	64750cb822e54627a25b5a00cde06e233b5dea28571690215f672af97937f01b	64750cb822e54627a25b5a00cde06e233b5dea28571690215f672af97937f01b-libthai-data_0.1.28-3_all.deb
libthai0	0.1.28-3	amd64	libthai	0.1.28-3	libthai0	arm64	native-arm64	exact-binary-and-source-version	0.1.28-3	e7ac0d861936385cca0ea7e3b9b04d20e85a7dfbfaa801e093d9f7fcbcf841f6	e7ac0d861936385cca0ea7e3b9b04d20e85a7dfbfaa801e093d9f7fcbcf841f6-libthai0_0.1.28-3_arm64.deb
libtheora0	1.1.1+dfsg.1-15	amd64	libtheora	1.1.1+dfsg.1-15	libtheora0	arm64	native-arm64	exact-binary-and-source-version	1.1.1+dfsg.1-15	e1ca65eaa5c90af2f88a5ba157e4b61b38b3cdf7ca8b83f20db4ee2dc271c344	e1ca65eaa5c90af2f88a5ba157e4b61b38b3cdf7ca8b83f20db4ee2dc271c344-libtheora0_1.1.1+dfsg.1-15_arm64.deb
libtiff5	4.2.0-1+deb11u4	amd64	tiff	4.2.0-1+deb11u4	libtiff5	arm64	native-arm64	exact-binary-and-source-version	4.2.0-1+deb11u4	23860eb1320131c2f7ad7e10298c9ebdc556d28ccd66198e84d9952935880835	23860eb1320131c2f7ad7e10298c9ebdc556d28ccd66198e84d9952935880835-libtiff5_4.2.0-1+deb11u4_arm64.deb
libtinfo6	6.2+20201114-2+deb11u1	amd64	ncurses	6.2+20201114-2+deb11u1	libtinfo6	arm64	native-arm64	exact-binary-and-source-version	6.2+20201114-2+deb11u1	8282a785437b305bca7758aba19252bd81b5d0d2a54b709af97e682516f1cf4e	8282a785437b305bca7758aba19252bd81b5d0d2a54b709af97e682516f1cf4e-libtinfo6_6.2+20201114-2+deb11u1_arm64.deb
libtirpc-common	1.3.1-1+deb11u1	all	libtirpc	1.3.1-1+deb11u1	libtirpc-common	all	reuse-all	exact-binary-and-source-version	1.3.1-1+deb11u1	b2f10cb79e7d7a2f9b30bcdf036127df55cd4a34688547bc2886fa38f4969f77	b2f10cb79e7d7a2f9b30bcdf036127df55cd4a34688547bc2886fa38f4969f77-libtirpc-common_1.3.1-1+deb11u1_all.deb
libtirpc3	1.3.1-1+deb11u1	amd64	libtirpc	1.3.1-1+deb11u1	libtirpc3	arm64	native-arm64	exact-binary-and-source-version	1.3.1-1+deb11u1	ccff0927f55b97fe9ea13057fab8bff9920bf4628eb2d5d48b9656f2fb74d2e1	ccff0927f55b97fe9ea13057fab8bff9920bf4628eb2d5d48b9656f2fb74d2e1-libtirpc3_1.3.1-1+deb11u1_arm64.deb
libtotem-plparser-common	3.26.5-5	all	totem-pl-parser	3.26.5-5	libtotem-plparser-common	all	reuse-all	exact-binary-and-source-version	3.26.5-5	917a78bf5b5299eb3650dd13e7d7bb28f0eb229c9d5555bb8e691c002d91dd16	917a78bf5b5299eb3650dd13e7d7bb28f0eb229c9d5555bb8e691c002d91dd16-libtotem-plparser-common_3.26.5-5_all.deb
libtotem-plparser18	3.26.5-5	amd64	totem-pl-parser	3.26.5-5	libtotem-plparser18	arm64	native-arm64	exact-binary-and-source-version	3.26.5-5	7c35b9c9f4fdd5261dbc7466e2f4a326f8cc2047e365aed1d5acb137a65f5baa	7c35b9c9f4fdd5261dbc7466e2f4a326f8cc2047e365aed1d5acb137a65f5baa-libtotem-plparser18_3.26.5-5_arm64.deb
libtracker-control-2.0-0	2.3.6-2	amd64	tracker	2.3.6-2	libtracker-control-2.0-0	arm64	native-arm64	exact-binary-and-source-version	2.3.6-2	1763107434e6737f22a7623c8840e8e029fb61cded8d28822b15815240c84ca6	1763107434e6737f22a7623c8840e8e029fb61cded8d28822b15815240c84ca6-libtracker-control-2.0-0_2.3.6-2_arm64.deb
libtracker-miner-2.0-0	2.3.6-2	amd64	tracker	2.3.6-2	libtracker-miner-2.0-0	arm64	native-arm64	exact-binary-and-source-version	2.3.6-2	e5c520990b02c695561f6d3fa0f8533f665f28de41eebc05d72bd6c42f2e5ca7	e5c520990b02c695561f6d3fa0f8533f665f28de41eebc05d72bd6c42f2e5ca7-libtracker-miner-2.0-0_2.3.6-2_arm64.deb
libtracker-sparql-2.0-0	2.3.6-2	amd64	tracker	2.3.6-2	libtracker-sparql-2.0-0	arm64	native-arm64	exact-binary-and-source-version	2.3.6-2	228c3dd5adb4025d129d9e8ffd758e1cf6cf48e613b1d927f3d68b2abd754229	228c3dd5adb4025d129d9e8ffd758e1cf6cf48e613b1d927f3d68b2abd754229-libtracker-sparql-2.0-0_2.3.6-2_arm64.deb
libtspi1	0.3.14+fixed1-1.2	amd64	trousers	0.3.14+fixed1-1.2	libtspi1	arm64	native-arm64	exact-binary-and-source-version	0.3.14+fixed1-1.2	395288f96697b0a35fbaa94a24e176392c79b8735d5c7fb5f09b9bd4222d7172	395288f96697b0a35fbaa94a24e176392c79b8735d5c7fb5f09b9bd4222d7172-libtspi1_0.3.14+fixed1-1.2_arm64.deb
libtumbler-1-0	4.16.0-1	amd64	tumbler	4.16.0-1	libtumbler-1-0	arm64	native-arm64	exact-binary-and-source-version	4.16.0-1	9037f88c8b05f2b00e16ef9e82c93602b7a4a4923145966bc4f3d475933917cc	9037f88c8b05f2b00e16ef9e82c93602b7a4a4923145966bc4f3d475933917cc-libtumbler-1-0_4.16.0-1_arm64.deb
libtwolame0	0.4.0-2	amd64	twolame	0.4.0-2	libtwolame0	arm64	native-arm64	exact-binary-and-source-version	0.4.0-2	73780c555796569a252ec5cf1ea919e59ef4031298bc4be1516a6a0e83f06b5a	73780c555796569a252ec5cf1ea919e59ef4031298bc4be1516a6a0e83f06b5a-libtwolame0_0.4.0-2_arm64.deb
libuchardet0	0.0.7-1	amd64	uchardet	0.0.7-1	libuchardet0	arm64	native-arm64	exact-binary-and-source-version	0.0.7-1	237f7d242ce0f39bd912cf48f737aad98c25cc2126f57f4117afa4262a7abea5	237f7d242ce0f39bd912cf48f737aad98c25cc2126f57f4117afa4262a7abea5-libuchardet0_0.0.7-1_arm64.deb
libudev1	247.3-7+deb11u4	amd64	systemd	247.3-7+deb11u4	libudev1	arm64	native-arm64	exact-binary-and-source-version	247.3-7+deb11u4	d53ca63927b51ad6f9a85ee1e4ce74d20ef45651179fd70f3c8d72607071e393	d53ca63927b51ad6f9a85ee1e4ce74d20ef45651179fd70f3c8d72607071e393-libudev1_247.3-7+deb11u4_arm64.deb
libudfread0	1.1.1-1	amd64	libudfread	1.1.1-1	libudfread0	arm64	native-arm64	exact-binary-and-source-version	1.1.1-1	a54c888952f0eab05024e26a09cef78182144f7f11763af5d24c3947a8002648	a54c888952f0eab05024e26a09cef78182144f7f11763af5d24c3947a8002648-libudfread0_1.1.1-1_arm64.deb
libudisks2-0	2.9.2-2+deb11u1	amd64	udisks2	2.9.2-2+deb11u1	libudisks2-0	arm64	native-arm64	exact-binary-and-source-version	2.9.2-2+deb11u1	6dfc3b5bbb56e0a608591dd993a07946d76d1684cab9aee15381e9c7a7fc9942	6dfc3b5bbb56e0a608591dd993a07946d76d1684cab9aee15381e9c7a7fc9942-libudisks2-0_2.9.2-2+deb11u1_arm64.deb
libunistring2	0.9.10-4	amd64	libunistring	0.9.10-4	libunistring2	arm64	native-arm64	exact-binary-and-source-version	0.9.10-4	53ff395ea4d8cf17c52155a452a0dc15af0ee2fa5cb3b0085b9c7335de8d5f7f	53ff395ea4d8cf17c52155a452a0dc15af0ee2fa5cb3b0085b9c7335de8d5f7f-libunistring2_0.9.10-4_arm64.deb
libunwind8	1.3.2-2	amd64	libunwind	1.3.2-2	libunwind8	arm64	native-arm64	exact-binary-and-source-version	1.3.2-2	2a93283482cd89b6e6d3e1ee16497c911d6aacdc7414b9d24ca6851e221cf66c	2a93283482cd89b6e6d3e1ee16497c911d6aacdc7414b9d24ca6851e221cf66c-libunwind8_1.3.2-2_arm64.deb
libupower-glib3	0.99.11-2	amd64	upower	0.99.11-2	libupower-glib3	arm64	native-arm64	exact-binary-and-source-version	0.99.11-2	2e3c98a5baff3425f3bd601b5f485bd1566b029ee5beced4efb845350d9a0de9	2e3c98a5baff3425f3bd601b5f485bd1566b029ee5beced4efb845350d9a0de9-libupower-glib3_0.99.11-2_arm64.deb
libusb-1.0-0	2:1.0.24-3	amd64	libusb-1.0	2:1.0.24-3	libusb-1.0-0	arm64	native-arm64	exact-binary-and-source-version	2:1.0.24-3	61ca0a0412c4182cb007f4e447608857cd4c70ddbe730ecda15a495de7d2178f	61ca0a0412c4182cb007f4e447608857cd4c70ddbe730ecda15a495de7d2178f-libusb-1.0-0_2%3a1.0.24-3_arm64.deb
libusbmuxd6	2.0.2-3	amd64	libusbmuxd	2.0.2-3	libusbmuxd6	arm64	native-arm64	exact-binary-and-source-version	2.0.2-3	a786ba94c1c6144dc3b4c23ef0b99b3be0c197aec2837eae23a42f6195361820	a786ba94c1c6144dc3b4c23ef0b99b3be0c197aec2837eae23a42f6195361820-libusbmuxd6_2.0.2-3_arm64.deb
libuuid1	2.36.1-8+deb11u1	amd64	util-linux	2.36.1-8+deb11u1	libuuid1	arm64	native-arm64	exact-binary-and-source-version	2.36.1-8+deb11u1	3d677da6a22e9cac519fed5a2ed5b20a4217f51ca420fce57434b5e813c26e03	3d677da6a22e9cac519fed5a2ed5b20a4217f51ca420fce57434b5e813c26e03-libuuid1_2.36.1-8+deb11u1_arm64.deb
libv4l-0	1.20.0-2	amd64	v4l-utils	1.20.0-2	libv4l-0	arm64	native-arm64	exact-binary-and-source-version	1.20.0-2	d56810fc6ac3877da7731681e90fc1dd24d8288ba4ea0f29ff2751c0aa248e34	d56810fc6ac3877da7731681e90fc1dd24d8288ba4ea0f29ff2751c0aa248e34-libv4l-0_1.20.0-2_arm64.deb
libv4lconvert0	1.20.0-2	amd64	v4l-utils	1.20.0-2	libv4lconvert0	arm64	native-arm64	exact-binary-and-source-version	1.20.0-2	d2da0adaf32562e9733561a67d06ba5d6ecb8a099033c4a3cdb257cc5b205e76	d2da0adaf32562e9733561a67d06ba5d6ecb8a099033c4a3cdb257cc5b205e76-libv4lconvert0_1.20.0-2_arm64.deb
libva-drm2	2.10.0-1	amd64	libva	2.10.0-1	libva-drm2	arm64	native-arm64	exact-binary-and-source-version	2.10.0-1	45bf4248d72ce42940ee658bbba3025db0a233587bc49d773b1e3e9606d613a3	45bf4248d72ce42940ee658bbba3025db0a233587bc49d773b1e3e9606d613a3-libva-drm2_2.10.0-1_arm64.deb
libva-wayland2	2.10.0-1	amd64	libva	2.10.0-1	libva-wayland2	arm64	native-arm64	exact-binary-and-source-version	2.10.0-1	a89d59b4e2037b49858f059d6b6732558305f93082a1f5531ac7c348ad0fd70b	a89d59b4e2037b49858f059d6b6732558305f93082a1f5531ac7c348ad0fd70b-libva-wayland2_2.10.0-1_arm64.deb
libva-x11-2	2.10.0-1	amd64	libva	2.10.0-1	libva-x11-2	arm64	native-arm64	exact-binary-and-source-version	2.10.0-1	d6a845c9456a8b22366a25cbcd68a4ced425243a924e4b0048dc82f8b1f8853c	d6a845c9456a8b22366a25cbcd68a4ced425243a924e4b0048dc82f8b1f8853c-libva-x11-2_2.10.0-1_arm64.deb
libva2	2.10.0-1	amd64	libva	2.10.0-1	libva2	arm64	native-arm64	exact-binary-and-source-version	2.10.0-1	6dbb204d43bcaed495719fc6a793dcbce77f4ab12bc0ea4617ae4e816139d5a1	6dbb204d43bcaed495719fc6a793dcbce77f4ab12bc0ea4617ae4e816139d5a1-libva2_2.10.0-1_arm64.deb
libvdpau1	1.4-3	amd64	libvdpau	1.4-3	libvdpau1	arm64	native-arm64	exact-binary-and-source-version	1.4-3	9f44679cee3e9ed99525b2becff5b0ef040736b1a450e68fd3e2e536de52b99a	9f44679cee3e9ed99525b2becff5b0ef040736b1a450e68fd3e2e536de52b99a-libvdpau1_1.4-3_arm64.deb
libvidstab1.1	1.1.0-2+b1	amd64	libvidstab	1.1.0-2	libvidstab1.1	arm64	native-arm64	exact-binary-and-source-version	1.1.0-2+b1	39a88b11d1c727f43a4301d8408dfcbde2d6980e4d6295fe9f9f0447c9436971	39a88b11d1c727f43a4301d8408dfcbde2d6980e4d6295fe9f9f0447c9436971-libvidstab1.1_1.1.0-2+b1_arm64.deb
libvisual-0.4-0	0.4.0-17	amd64	libvisual	0.4.0-17	libvisual-0.4-0	arm64	native-arm64	exact-binary-and-source-version	0.4.0-17	1173621505fdc74b88210c7fffec97a7ffbbdc76b85f2392edeff3e6e7b114d0	1173621505fdc74b88210c7fffec97a7ffbbdc76b85f2392edeff3e6e7b114d0-libvisual-0.4-0_0.4.0-17_arm64.deb
libvo-aacenc0	0.1.3-2	amd64	vo-aacenc	0.1.3-2	libvo-aacenc0	arm64	native-arm64	exact-binary-and-source-version	0.1.3-2	b86d13dae80e35813d01492f4056aa924b08b41698468ab1d17425860f3d0151	b86d13dae80e35813d01492f4056aa924b08b41698468ab1d17425860f3d0151-libvo-aacenc0_0.1.3-2_arm64.deb
libvo-amrwbenc0	0.1.3-2	amd64	vo-amrwbenc	0.1.3-2	libvo-amrwbenc0	arm64	native-arm64	exact-binary-and-source-version	0.1.3-2	9f359ac83bf72104f29584f0c9efd5c440a592f5d6ad24fb785213718084f624	9f359ac83bf72104f29584f0c9efd5c440a592f5d6ad24fb785213718084f624-libvo-amrwbenc0_0.1.3-2_arm64.deb
libvolume-key1	0.3.12-3.1+b1	amd64	volume-key	0.3.12-3.1	libvolume-key1	arm64	native-arm64	exact-binary-and-source-version	0.3.12-3.1+b1	c0a2143bed700b0c236494fb10f86481d9783b48e3e8c0a92d834fedc6f735bf	c0a2143bed700b0c236494fb10f86481d9783b48e3e8c0a92d834fedc6f735bf-libvolume-key1_0.3.12-3.1+b1_arm64.deb
libvorbis0a	1.3.7-1	amd64	libvorbis	1.3.7-1	libvorbis0a	arm64	native-arm64	exact-binary-and-source-version	1.3.7-1	2f902ae456bcada7b0d494d7bd7c994feb81c4158209d8a12c0b2d9e255edda7	2f902ae456bcada7b0d494d7bd7c994feb81c4158209d8a12c0b2d9e255edda7-libvorbis0a_1.3.7-1_arm64.deb
libvorbisenc2	1.3.7-1	amd64	libvorbis	1.3.7-1	libvorbisenc2	arm64	native-arm64	exact-binary-and-source-version	1.3.7-1	f1089e220c81e267caec859bf2e440bb78ed9f318bbb51cfd6c85d35bf80144b	f1089e220c81e267caec859bf2e440bb78ed9f318bbb51cfd6c85d35bf80144b-libvorbisenc2_1.3.7-1_arm64.deb
libvorbisfile3	1.3.7-1	amd64	libvorbis	1.3.7-1	libvorbisfile3	arm64	native-arm64	exact-binary-and-source-version	1.3.7-1	f8f418e15f99905d4a2d532617511a11d700e814f8ead1a883deea2f7241970c	f8f418e15f99905d4a2d532617511a11d700e814f8ead1a883deea2f7241970c-libvorbisfile3_1.3.7-1_arm64.deb
libvpx6	1.9.0-1	amd64	libvpx	1.9.0-1	libvpx6	arm64	native-arm64	exact-binary-and-source-version	1.9.0-1	878f04bcd1089f8f2aa47d20b7ec4922877e31e562c90f613756d5452b3814fd	878f04bcd1089f8f2aa47d20b7ec4922877e31e562c90f613756d5452b3814fd-libvpx6_1.9.0-1_arm64.deb
libvte-2.91-0	0.62.3-1	amd64	vte2.91	0.62.3-1	libvte-2.91-0	arm64	native-arm64	exact-binary-and-source-version	0.62.3-1	db9ae7692f4169f5d043c197add286961f7cd45ba627f00114691ef699ff5d10	db9ae7692f4169f5d043c197add286961f7cd45ba627f00114691ef699ff5d10-libvte-2.91-0_0.62.3-1_arm64.deb
libvte-2.91-common	0.62.3-1	amd64	vte2.91	0.62.3-1	libvte-2.91-common	arm64	native-arm64	exact-binary-and-source-version	0.62.3-1	e7bf72f47fa5178094b2b8a7e819bcd9242938a325a075d8b6b89707ea797cba	e7bf72f47fa5178094b2b8a7e819bcd9242938a325a075d8b6b89707ea797cba-libvte-2.91-common_0.62.3-1_arm64.deb
libvulkan1	1.2.162.0-1	amd64	vulkan-loader	1.2.162.0-1	libvulkan1	arm64	native-arm64	exact-binary-and-source-version	1.2.162.0-1	303d48229ccab57342ad9cc36174429ee7b8b0cdb6e6e292b87ce3415fe5d65a	303d48229ccab57342ad9cc36174429ee7b8b0cdb6e6e292b87ce3415fe5d65a-libvulkan1_1.2.162.0-1_arm64.deb
libwacom-common	1.8-2	all	libwacom	1.8-2	libwacom-common	all	reuse-all	exact-binary-and-source-version	1.8-2	f7317cf0f66aaa836606f04468ab3196849f3fc9cab48a8417688ffca4c63fc0	f7317cf0f66aaa836606f04468ab3196849f3fc9cab48a8417688ffca4c63fc0-libwacom-common_1.8-2_all.deb
libwacom2	1.8-2	amd64	libwacom	1.8-2	libwacom2	arm64	native-arm64	exact-binary-and-source-version	1.8-2	fa9fc4f12d363e14d5ec8d6890cd98cb781dbd9cfc5a2c0379f2bb18409d2a20	fa9fc4f12d363e14d5ec8d6890cd98cb781dbd9cfc5a2c0379f2bb18409d2a20-libwacom2_1.8-2_arm64.deb
libwavpack1	5.4.0-1	amd64	wavpack	5.4.0-1	libwavpack1	arm64	native-arm64	exact-binary-and-source-version	5.4.0-1	81317be561d0cdb1239225772a8a9260d8178634a41263f072c340448c029490	81317be561d0cdb1239225772a8a9260d8178634a41263f072c340448c029490-libwavpack1_5.4.0-1_arm64.deb
libwayland-client0	1.18.0-2~exp1.1	amd64	wayland	1.18.0-2~exp1.1	libwayland-client0	arm64	native-arm64	exact-binary-and-source-version	1.18.0-2~exp1.1	7bde74828c3508b5b81400c4b9ef51d65b566d7645747b777ec171eb8ecfce47	7bde74828c3508b5b81400c4b9ef51d65b566d7645747b777ec171eb8ecfce47-libwayland-client0_1.18.0-2~exp1.1_arm64.deb
libwayland-cursor0	1.18.0-2~exp1.1	amd64	wayland	1.18.0-2~exp1.1	libwayland-cursor0	arm64	native-arm64	exact-binary-and-source-version	1.18.0-2~exp1.1	1c201b449abf41e864dd48c960c9ef7f180b5164a3e7562ae5fd467d60fd074e	1c201b449abf41e864dd48c960c9ef7f180b5164a3e7562ae5fd467d60fd074e-libwayland-cursor0_1.18.0-2~exp1.1_arm64.deb
libwayland-egl1	1.18.0-2~exp1.1	amd64	wayland	1.18.0-2~exp1.1	libwayland-egl1	arm64	native-arm64	exact-binary-and-source-version	1.18.0-2~exp1.1	8b5e2d8975330f308c226e3b51624a76ea8ebe5115dd8e929e05ea23c4169008	8b5e2d8975330f308c226e3b51624a76ea8ebe5115dd8e929e05ea23c4169008-libwayland-egl1_1.18.0-2~exp1.1_arm64.deb
libwayland-server0	1.18.0-2~exp1.1	amd64	wayland	1.18.0-2~exp1.1	libwayland-server0	arm64	native-arm64	exact-binary-and-source-version	1.18.0-2~exp1.1	3bbcb9e41159b6268b40ce16b1512e5bcf38e63b8bcf2426eaa54b19c6988257	3bbcb9e41159b6268b40ce16b1512e5bcf38e63b8bcf2426eaa54b19c6988257-libwayland-server0_1.18.0-2~exp1.1_arm64.deb
libwbclient0	2:4.13.13+dfsg-1~deb11u5	amd64	samba	2:4.13.13+dfsg-1~deb11u5	libwbclient0	arm64	native-arm64	exact-binary-and-source-version	2:4.13.13+dfsg-1~deb11u5	5c8971ef2deb4eaa888b55199b4b94f1b1841aa10925c077a399b6782170950f	5c8971ef2deb4eaa888b55199b4b94f1b1841aa10925c077a399b6782170950f-libwbclient0_2%3a4.13.13+dfsg-1~deb11u5_arm64.deb
libwebkit2gtk-4.0-37	2.40.3-2~deb11u2	amd64	webkit2gtk	2.40.3-2~deb11u2	libwebkit2gtk-4.0-37	arm64	native-arm64	exact-binary-and-source-version	2.40.3-2~deb11u2	eea0476b3ef487b5ba118ebfd352a918b4eddc37061604231e82e3abb75bdaf0	eea0476b3ef487b5ba118ebfd352a918b4eddc37061604231e82e3abb75bdaf0-libwebkit2gtk-4.0-37_2.40.3-2~deb11u2_arm64.deb
libwebp6	0.6.1-2.1+deb11u1	amd64	libwebp	0.6.1-2.1+deb11u1	libwebp6	arm64	native-arm64	exact-binary-and-source-version	0.6.1-2.1+deb11u1	6cd7c2183a8547c376e317b584561dbfc55cd4e7d244ab7e41d7507723150f4b	6cd7c2183a8547c376e317b584561dbfc55cd4e7d244ab7e41d7507723150f4b-libwebp6_0.6.1-2.1+deb11u1_arm64.deb
libwebpdemux2	0.6.1-2.1+deb11u1	amd64	libwebp	0.6.1-2.1+deb11u1	libwebpdemux2	arm64	native-arm64	exact-binary-and-source-version	0.6.1-2.1+deb11u1	fd43982b60238198055359b2dbc5cb348f92a013614485eaadb0e9dbeffbca2b	fd43982b60238198055359b2dbc5cb348f92a013614485eaadb0e9dbeffbca2b-libwebpdemux2_0.6.1-2.1+deb11u1_arm64.deb
libwebpmux3	0.6.1-2.1+deb11u1	amd64	libwebp	0.6.1-2.1+deb11u1	libwebpmux3	arm64	native-arm64	exact-binary-and-source-version	0.6.1-2.1+deb11u1	5c46a9a28886a3e57ff981aad6b811615d39a0edd8e5e8507d882d175570dbde	5c46a9a28886a3e57ff981aad6b811615d39a0edd8e5e8507d882d175570dbde-libwebpmux3_0.6.1-2.1+deb11u1_arm64.deb
libwebrtc-audio-processing1	0.3-1+b1	amd64	webrtc-audio-processing	0.3-1	libwebrtc-audio-processing1	arm64	native-arm64	exact-binary-and-source-version	0.3-1+b1	f074066f53da5141ed8b5a221b7a38344f43504f13cda4597ac589e8bca914e9	f074066f53da5141ed8b5a221b7a38344f43504f13cda4597ac589e8bca914e9-libwebrtc-audio-processing1_0.3-1+b1_arm64.deb
libwildmidi2	0.4.3-1	amd64	wildmidi	0.4.3-1	libwildmidi2	arm64	native-arm64	exact-binary-and-source-version	0.4.3-1	09f041820a0e2e5e19ef541a7dc88521067c266561e6f7fa24accb5dcaefafc8	09f041820a0e2e5e19ef541a7dc88521067c266561e6f7fa24accb5dcaefafc8-libwildmidi2_0.4.3-1_arm64.deb
libwnck-3-0	3.36.0-1	amd64	libwnck3	3.36.0-1	libwnck-3-0	arm64	native-arm64	exact-binary-and-source-version	3.36.0-1	afb430a85e28f92713b7aa851819335c6140ee2989bd2f089bea644b587918d3	afb430a85e28f92713b7aa851819335c6140ee2989bd2f089bea644b587918d3-libwnck-3-0_3.36.0-1_arm64.deb
libwnck-3-common	3.36.0-1	all	libwnck3	3.36.0-1	libwnck-3-common	all	reuse-all	exact-binary-and-source-version	3.36.0-1	7257d4363474ae4eaf66381a32a0ca8748e8135f0e9efcdaaa62262c60594656	7257d4363474ae4eaf66381a32a0ca8748e8135f0e9efcdaaa62262c60594656-libwnck-3-common_3.36.0-1_all.deb
libwoff1	1.0.2-1+b1	amd64	woff2	1.0.2-1	libwoff1	arm64	native-arm64	exact-binary-and-source-version	1.0.2-1+b1	68374f9c75187e2da527dd00a88d5ecb99d903fc6e094231caa7c02ce89079f9	68374f9c75187e2da527dd00a88d5ecb99d903fc6e094231caa7c02ce89079f9-libwoff1_1.0.2-1+b1_arm64.deb
libwpe-1.0-1	1.10.0-2	amd64	libwpe	1.10.0-2	libwpe-1.0-1	arm64	native-arm64	exact-binary-and-source-version	1.10.0-2	a639f778fbdafe16064d3d4cabc18413f8f29312b7e246ac3c2d4dd021f08129	a639f778fbdafe16064d3d4cabc18413f8f29312b7e246ac3c2d4dd021f08129-libwpe-1.0-1_1.10.0-2_arm64.deb
libwpebackend-fdo-1.0-1	1.8.0-1	amd64	wpebackend-fdo	1.8.0-1	libwpebackend-fdo-1.0-1	arm64	native-arm64	exact-binary-and-source-version	1.8.0-1	4d33d16f8b59c6a854f67291bf22c787931888c5c73dc234d6c0a20fd190f9a0	4d33d16f8b59c6a854f67291bf22c787931888c5c73dc234d6c0a20fd190f9a0-libwpebackend-fdo-1.0-1_1.8.0-1_arm64.deb
libwrap0	7.6.q-31	amd64	tcp-wrappers	7.6.q-31	libwrap0	arm64	native-arm64	exact-binary-and-source-version	7.6.q-31	8e57d2f27eea81a61ea144e8c0b8301c3ab4a6195dc2366c2c703d49b7b79e7d	8e57d2f27eea81a61ea144e8c0b8301c3ab4a6195dc2366c2c703d49b7b79e7d-libwrap0_7.6.q-31_arm64.deb
libx11-6	2:1.7.2-1+deb11u1	amd64	libx11	2:1.7.2-1+deb11u1	libx11-6	arm64	native-arm64	exact-binary-and-source-version	2:1.7.2-1+deb11u1	cb81bb619cc3e822df4c47acd01ed2988b5d1da9ae75bca203f3c6fc53db16e9	cb81bb619cc3e822df4c47acd01ed2988b5d1da9ae75bca203f3c6fc53db16e9-libx11-6_2%3a1.7.2-1+deb11u1_arm64.deb
libx11-data	2:1.7.2-1+deb11u1	all	libx11	2:1.7.2-1+deb11u1	libx11-data	all	reuse-all	exact-binary-and-source-version	2:1.7.2-1+deb11u1	457db358e1d77cfe4f8af5e6efa7a1b262848b65192589932c38a589a4b6976b	457db358e1d77cfe4f8af5e6efa7a1b262848b65192589932c38a589a4b6976b-libx11-data_2%3a1.7.2-1+deb11u1_all.deb
libx11-xcb1	2:1.7.2-1+deb11u1	amd64	libx11	2:1.7.2-1+deb11u1	libx11-xcb1	arm64	native-arm64	exact-binary-and-source-version	2:1.7.2-1+deb11u1	7ff70db5618029d423c9379f28e0549825895648b13981237a63f450b187a769	7ff70db5618029d423c9379f28e0549825895648b13981237a63f450b187a769-libx11-xcb1_2%3a1.7.2-1+deb11u1_arm64.deb
libx264-160	2:0.160.3011+gitcde9a93-2.1	amd64	x264	2:0.160.3011+gitcde9a93-2.1	libx264-160	arm64	native-arm64	exact-binary-and-source-version	2:0.160.3011+gitcde9a93-2.1	3e379d7147e548a43f8a4ca4fb291d839d0a3d8cc07df73e5cbc88b856818b92	3e379d7147e548a43f8a4ca4fb291d839d0a3d8cc07df73e5cbc88b856818b92-libx264-160_2%3a0.160.3011+gitcde9a93-2.1_arm64.deb
libx265-192	3.4-2	amd64	x265	3.4-2	libx265-192	arm64	native-arm64	exact-binary-and-source-version	3.4-2	4da85b00f95645ab01832af0bec627534608481a6f181c0fbbabeb5c04c2a1cc	4da85b00f95645ab01832af0bec627534608481a6f181c0fbbabeb5c04c2a1cc-libx265-192_3.4-2_arm64.deb
libxapian30	1.4.18-3+deb11u1	amd64	xapian-core	1.4.18-3+deb11u1	libxapian30	arm64	native-arm64	exact-binary-and-source-version	1.4.18-3+deb11u1	837c3ce1739eba947fbc07f686a187db1968e14bcfc314dd23c55f0d9c2fbd15	837c3ce1739eba947fbc07f686a187db1968e14bcfc314dd23c55f0d9c2fbd15-libxapian30_1.4.18-3+deb11u1_arm64.deb
libxau6	1:1.0.9-1	amd64	libxau	1:1.0.9-1	libxau6	arm64	native-arm64	exact-binary-and-source-version	1:1.0.9-1	36c2bf400641a80521093771dc2562c903df4065f9eb03add50d90564337ea6c	36c2bf400641a80521093771dc2562c903df4065f9eb03add50d90564337ea6c-libxau6_1%3a1.0.9-1_arm64.deb
libxaw7	2:1.0.13-1.1	amd64	libxaw	2:1.0.13-1.1	libxaw7	arm64	native-arm64	exact-binary-and-source-version	2:1.0.13-1.1	98891c3e058692dde4267b2d7d831499d6dc099e1b92cd35203663c23a60b7bc	98891c3e058692dde4267b2d7d831499d6dc099e1b92cd35203663c23a60b7bc-libxaw7_2%3a1.0.13-1.1_arm64.deb
libxcb-dri2-0	1.14-3	amd64	libxcb	1.14-3	libxcb-dri2-0	arm64	native-arm64	exact-binary-and-source-version	1.14-3	b99d1f4909d0a3fe85dfba6524fb0a8c4d08703366ed99f034417684e91ded5b	b99d1f4909d0a3fe85dfba6524fb0a8c4d08703366ed99f034417684e91ded5b-libxcb-dri2-0_1.14-3_arm64.deb
libxcb-dri3-0	1.14-3	amd64	libxcb	1.14-3	libxcb-dri3-0	arm64	native-arm64	exact-binary-and-source-version	1.14-3	9a6dc75fd8e9fe720f62f99cfebef0cbe51cf2909aa5e777254cb6a3ddf47f6f	9a6dc75fd8e9fe720f62f99cfebef0cbe51cf2909aa5e777254cb6a3ddf47f6f-libxcb-dri3-0_1.14-3_arm64.deb
libxcb-glx0	1.14-3	amd64	libxcb	1.14-3	libxcb-glx0	arm64	native-arm64	exact-binary-and-source-version	1.14-3	754902f3399fd5c9c851dbf150306f537acab7152b9f32206a7910b7c3f353e1	754902f3399fd5c9c851dbf150306f537acab7152b9f32206a7910b7c3f353e1-libxcb-glx0_1.14-3_arm64.deb
libxcb-icccm4	0.4.1-1.1	amd64	xcb-util-wm	0.4.1-1.1	libxcb-icccm4	arm64	native-arm64	exact-binary-and-source-version	0.4.1-1.1	fae1ce96d05aa7728ca42a1c3802febdc604781276d067e3c8bfb4898cfd4fe7	fae1ce96d05aa7728ca42a1c3802febdc604781276d067e3c8bfb4898cfd4fe7-libxcb-icccm4_0.4.1-1.1_arm64.deb
libxcb-image0	0.4.0-1+b3	amd64	xcb-util-image	0.4.0-1	libxcb-image0	arm64	native-arm64	exact-binary-and-source-version	0.4.0-1+b3	f626b351b6770ee9131131e3b76ed9ab8bfc3b4e1fd441fb7370b9e6a8a5bfa4	f626b351b6770ee9131131e3b76ed9ab8bfc3b4e1fd441fb7370b9e6a8a5bfa4-libxcb-image0_0.4.0-1+b3_arm64.deb
libxcb-keysyms1	0.4.0-1+b2	amd64	xcb-util-keysyms	0.4.0-1	libxcb-keysyms1	arm64	native-arm64	exact-binary-and-source-version	0.4.0-1+b2	7fcd8c1489db59403079e0c495999e68e91210553ed3cf4ee91eb6a3793ca572	7fcd8c1489db59403079e0c495999e68e91210553ed3cf4ee91eb6a3793ca572-libxcb-keysyms1_0.4.0-1+b2_arm64.deb
libxcb-present0	1.14-3	amd64	libxcb	1.14-3	libxcb-present0	arm64	native-arm64	exact-binary-and-source-version	1.14-3	9e84b49e46833fd3fb366b04d19c652a0e8d2ebe3d40f19f9b530763ba2f7b88	9e84b49e46833fd3fb366b04d19c652a0e8d2ebe3d40f19f9b530763ba2f7b88-libxcb-present0_1.14-3_arm64.deb
libxcb-randr0	1.14-3	amd64	libxcb	1.14-3	libxcb-randr0	arm64	native-arm64	exact-binary-and-source-version	1.14-3	e7e732f9ed660cd22b68b22ceb02a224d0d2268639cf8fa9f96ba7bdd65cbd09	e7e732f9ed660cd22b68b22ceb02a224d0d2268639cf8fa9f96ba7bdd65cbd09-libxcb-randr0_1.14-3_arm64.deb
libxcb-render-util0	0.3.9-1+b1	amd64	xcb-util-renderutil	0.3.9-1	libxcb-render-util0	arm64	native-arm64	exact-binary-and-source-version	0.3.9-1+b1	3d2ed6974f414cd5da7abff2f55c6f2e534155ccc53b00719f5d4116b91fe1a6	3d2ed6974f414cd5da7abff2f55c6f2e534155ccc53b00719f5d4116b91fe1a6-libxcb-render-util0_0.3.9-1+b1_arm64.deb
libxcb-render0	1.14-3	amd64	libxcb	1.14-3	libxcb-render0	arm64	native-arm64	exact-binary-and-source-version	1.14-3	e794ba2657c5f21dcca327343b41b1997a150b6ac27977970404d60f471be48a	e794ba2657c5f21dcca327343b41b1997a150b6ac27977970404d60f471be48a-libxcb-render0_1.14-3_arm64.deb
libxcb-shape0	1.14-3	amd64	libxcb	1.14-3	libxcb-shape0	arm64	native-arm64	exact-binary-and-source-version	1.14-3	8713f178775c0ab3df4a1addb03617ed2b5b111821a58743b0fe4d28298633f4	8713f178775c0ab3df4a1addb03617ed2b5b111821a58743b0fe4d28298633f4-libxcb-shape0_1.14-3_arm64.deb
libxcb-shm0	1.14-3	amd64	libxcb	1.14-3	libxcb-shm0	arm64	native-arm64	exact-binary-and-source-version	1.14-3	e7f59fc41744fe6b8b9ba97b262a051621173689e2a3e5ebb26dc253c9bdc48b	e7f59fc41744fe6b8b9ba97b262a051621173689e2a3e5ebb26dc253c9bdc48b-libxcb-shm0_1.14-3_arm64.deb
libxcb-sync1	1.14-3	amd64	libxcb	1.14-3	libxcb-sync1	arm64	native-arm64	exact-binary-and-source-version	1.14-3	ba70a2194fa7875f1a3ef6fb31bdd4cca5ca970926e3201994a166c5026ce442	ba70a2194fa7875f1a3ef6fb31bdd4cca5ca970926e3201994a166c5026ce442-libxcb-sync1_1.14-3_arm64.deb
libxcb-util1	0.4.0-1+b1	amd64	xcb-util	0.4.0-1	libxcb-util1	arm64	native-arm64	exact-binary-and-source-version	0.4.0-1+b1	1d5d135c2e5965a7f79e0109da184ca1daff7e1475b69a0481208a7fea0be14e	1d5d135c2e5965a7f79e0109da184ca1daff7e1475b69a0481208a7fea0be14e-libxcb-util1_0.4.0-1+b1_arm64.deb
libxcb-xfixes0	1.14-3	amd64	libxcb	1.14-3	libxcb-xfixes0	arm64	native-arm64	exact-binary-and-source-version	1.14-3	8185fca98fda89fc5a020b9a8cd92b093929830a29cf92e6a1eba04bd88bcf5f	8185fca98fda89fc5a020b9a8cd92b093929830a29cf92e6a1eba04bd88bcf5f-libxcb-xfixes0_1.14-3_arm64.deb
libxcb-xinerama0	1.14-3	amd64	libxcb	1.14-3	libxcb-xinerama0	arm64	native-arm64	exact-binary-and-source-version	1.14-3	a79b4595b94b219e5d956d2ad0b7ecf6a8b261acd5baf3922dfdc33b2b173906	a79b4595b94b219e5d956d2ad0b7ecf6a8b261acd5baf3922dfdc33b2b173906-libxcb-xinerama0_1.14-3_arm64.deb
libxcb-xinput0	1.14-3	amd64	libxcb	1.14-3	libxcb-xinput0	arm64	native-arm64	exact-binary-and-source-version	1.14-3	3816ff700df85ff10ff6fdf95a88400dddcd8a4c4968ec697e94529a1d6f09b7	3816ff700df85ff10ff6fdf95a88400dddcd8a4c4968ec697e94529a1d6f09b7-libxcb-xinput0_1.14-3_arm64.deb
libxcb-xkb1	1.14-3	amd64	libxcb	1.14-3	libxcb-xkb1	arm64	native-arm64	exact-binary-and-source-version	1.14-3	9f5e691887706ab67611ae76db2e619f8fad491d672a9c10c4be98ac7022d26f	9f5e691887706ab67611ae76db2e619f8fad491d672a9c10c4be98ac7022d26f-libxcb-xkb1_1.14-3_arm64.deb
libxcb1	1.14-3	amd64	libxcb	1.14-3	libxcb1	arm64	native-arm64	exact-binary-and-source-version	1.14-3	48f82b65c93adb7af7757961fdd2730928316459f008d767b7104a56bc20a8f1	48f82b65c93adb7af7757961fdd2730928316459f008d767b7104a56bc20a8f1-libxcb1_1.14-3_arm64.deb
libxcomposite1	1:0.4.5-1	amd64	libxcomposite	1:0.4.5-1	libxcomposite1	arm64	native-arm64	exact-binary-and-source-version	1:0.4.5-1	cfe39326fdb822e9d060ed5eb3f95b14459dd6b73793c5290000f9b27f8bad37	cfe39326fdb822e9d060ed5eb3f95b14459dd6b73793c5290000f9b27f8bad37-libxcomposite1_1%3a0.4.5-1_arm64.deb
libxcursor1	1:1.2.0-2	amd64	libxcursor	1:1.2.0-2	libxcursor1	arm64	native-arm64	exact-binary-and-source-version	1:1.2.0-2	2e309833ccf7e6b62560240cd84e325cafcb2ce70b1fb297469957360cee4478	2e309833ccf7e6b62560240cd84e325cafcb2ce70b1fb297469957360cee4478-libxcursor1_1%3a1.2.0-2_arm64.deb
libxdamage1	1:1.1.5-2	amd64	libxdamage	1:1.1.5-2	libxdamage1	arm64	native-arm64	exact-binary-and-source-version	1:1.1.5-2	696cb56f414e7c0ea9a3bcbcb63b07f6ed8e980023c1b35006d5c1dc0d0213ed	696cb56f414e7c0ea9a3bcbcb63b07f6ed8e980023c1b35006d5c1dc0d0213ed-libxdamage1_1%3a1.1.5-2_arm64.deb
libxdmcp6	1:1.1.2-3	amd64	libxdmcp	1:1.1.2-3	libxdmcp6	arm64	native-arm64	exact-binary-and-source-version	1:1.1.2-3	e92569ac33247261aa09adfadc34ced3994ac301cf8b58de415a2d5dbf15ccfc	e92569ac33247261aa09adfadc34ced3994ac301cf8b58de415a2d5dbf15ccfc-libxdmcp6_1%3a1.1.2-3_arm64.deb
libxext6	2:1.3.3-1.1	amd64	libxext	2:1.3.3-1.1	libxext6	arm64	native-arm64	exact-binary-and-source-version	2:1.3.3-1.1	57237ecf54662372e206b154c0ab6096e05955e048552575b45d3ad14a6ff6e5	57237ecf54662372e206b154c0ab6096e05955e048552575b45d3ad14a6ff6e5-libxext6_2%3a1.3.3-1.1_arm64.deb
libxfixes3	1:5.0.3-2	amd64	libxfixes	1:5.0.3-2	libxfixes3	arm64	native-arm64	exact-binary-and-source-version	1:5.0.3-2	eb70f12af1d13e1632ee29ddf103617af00a078faf6c3a2531ab3d01b395606b	eb70f12af1d13e1632ee29ddf103617af00a078faf6c3a2531ab3d01b395606b-libxfixes3_1%3a5.0.3-2_arm64.deb
libxfont2	1:2.0.4-1	amd64	libxfont	1:2.0.4-1	libxfont2	arm64	native-arm64	exact-binary-and-source-version	1:2.0.4-1	efbea14096acdaf397ca63b6f659118dbfab685f56e87f8646e5137fa410d7f1	efbea14096acdaf397ca63b6f659118dbfab685f56e87f8646e5137fa410d7f1-libxfont2_1%3a2.0.4-1_arm64.deb
libxft2	2.3.2-2	amd64	xft	2.3.2-2	libxft2	arm64	native-arm64	exact-binary-and-source-version	2.3.2-2	6941176bcc78bf02d1635575a8cc726a7eb0628d8476efca7607718bdc1f50c5	6941176bcc78bf02d1635575a8cc726a7eb0628d8476efca7607718bdc1f50c5-libxft2_2.3.2-2_arm64.deb
libxi6	2:1.7.10-1	amd64	libxi	2:1.7.10-1	libxi6	arm64	native-arm64	exact-binary-and-source-version	2:1.7.10-1	0a6788844441f160d970fc7d61004607fe92cfad8966d0b371291703201b3971	0a6788844441f160d970fc7d61004607fe92cfad8966d0b371291703201b3971-libxi6_2%3a1.7.10-1_arm64.deb
libxinerama1	2:1.1.4-2	amd64	libxinerama	2:1.1.4-2	libxinerama1	arm64	native-arm64	exact-binary-and-source-version	2:1.1.4-2	bbdef95d025fb804797a5b1a71f319f5f74c0114e90d759b3e9ecf7654442598	bbdef95d025fb804797a5b1a71f319f5f74c0114e90d759b3e9ecf7654442598-libxinerama1_2%3a1.1.4-2_arm64.deb
libxkbcommon-x11-0	1.0.3-2	amd64	libxkbcommon	1.0.3-2	libxkbcommon-x11-0	arm64	native-arm64	exact-binary-and-source-version	1.0.3-2	ed8c0a151b8b72df26906009b9035c6b31fd4cc47652219e8d3da605dcceb73f	ed8c0a151b8b72df26906009b9035c6b31fd4cc47652219e8d3da605dcceb73f-libxkbcommon-x11-0_1.0.3-2_arm64.deb
libxkbcommon0	1.0.3-2	amd64	libxkbcommon	1.0.3-2	libxkbcommon0	arm64	native-arm64	exact-binary-and-source-version	1.0.3-2	91c19f642af34ae8cb909d00d08bc83f0b4f8e87ddde6984bd8bff0f7bf83204	91c19f642af34ae8cb909d00d08bc83f0b4f8e87ddde6984bd8bff0f7bf83204-libxkbcommon0_1.0.3-2_arm64.deb
libxkbfile1	1:1.1.0-1	amd64	libxkbfile	1:1.1.0-1	libxkbfile1	arm64	native-arm64	exact-binary-and-source-version	1:1.1.0-1	d5fa175e392561675075232697a52030eedbf18a2e910fae87d5a2095fa7fc99	d5fa175e392561675075232697a52030eedbf18a2e910fae87d5a2095fa7fc99-libxkbfile1_1%3a1.1.0-1_arm64.deb
libxkbregistry0	1.0.3-2	amd64	libxkbcommon	1.0.3-2	libxkbregistry0	arm64	native-arm64	exact-binary-and-source-version	1.0.3-2	387fb019a28500d0532b0c626a094c66b6a8f9d52b9230734301479fd8f03963	387fb019a28500d0532b0c626a094c66b6a8f9d52b9230734301479fd8f03963-libxkbregistry0_1.0.3-2_arm64.deb
libxklavier16	5.4-4	amd64	libxklavier	5.4-4	libxklavier16	arm64	native-arm64	exact-binary-and-source-version	5.4-4	3a871f53be8ea26068400c90f1052e23a9c96a27eb5f4d8c86ebd5c1d9d606dc	3a871f53be8ea26068400c90f1052e23a9c96a27eb5f4d8c86ebd5c1d9d606dc-libxklavier16_5.4-4_arm64.deb
libxml2	2.9.10+dfsg-6.7+deb11u4	amd64	libxml2	2.9.10+dfsg-6.7+deb11u4	libxml2	arm64	native-arm64	exact-binary-and-source-version	2.9.10+dfsg-6.7+deb11u4	ccd9f449fa88827258bd51eeb8d5f6f33719df290f157c2b0be3c527a6ee45aa	ccd9f449fa88827258bd51eeb8d5f6f33719df290f157c2b0be3c527a6ee45aa-libxml2_2.9.10+dfsg-6.7+deb11u4_arm64.deb
libxmu6	2:1.1.2-2+b3	amd64	libxmu	2:1.1.2-2	libxmu6	arm64	native-arm64	exact-binary-and-source-version	2:1.1.2-2+b3	7c4f854b9b346401e13331ce99c0dfb605a88ab70304785c24cd53fa93ccecc8	7c4f854b9b346401e13331ce99c0dfb605a88ab70304785c24cd53fa93ccecc8-libxmu6_2%3a1.1.2-2+b3_arm64.deb
libxmuu1	2:1.1.2-2+b3	amd64	libxmu	2:1.1.2-2	libxmuu1	arm64	native-arm64	exact-binary-and-source-version	2:1.1.2-2+b3	77e33ef23360da6c7920b0cda2da016e71af187826f34e3b002c958d6758b5bf	77e33ef23360da6c7920b0cda2da016e71af187826f34e3b002c958d6758b5bf-libxmuu1_2%3a1.1.2-2+b3_arm64.deb
libxnvctrl0	470.141.03-1~deb11u1	amd64	nvidia-settings	470.141.03-1~deb11u1	libxnvctrl0	arm64	native-arm64	exact-binary-and-source-version	470.141.03-1~deb11u1	951be40034d348eee99268123d1599c9203c10c5fec7c3dc2af9260cbbc43bed	951be40034d348eee99268123d1599c9203c10c5fec7c3dc2af9260cbbc43bed-libxnvctrl0_470.141.03-1~deb11u1_arm64.deb
libxpm4	1:3.5.12-1.1~deb11u1	amd64	libxpm	1:3.5.12-1.1~deb11u1	libxpm4	arm64	native-arm64	exact-binary-and-source-version	1:3.5.12-1.1~deb11u1	88278fd09bd70731e95ed59d6522b60535bd7d367821841cc273703e186e62b1	88278fd09bd70731e95ed59d6522b60535bd7d367821841cc273703e186e62b1-libxpm4_1%3a3.5.12-1.1~deb11u1_arm64.deb
libxpresent1	1.0.0-2+b10	amd64	libxpresent	1.0.0-2	libxpresent1	arm64	native-arm64	exact-binary-and-source-version	1.0.0-2+b10	d8936dcb97d4e879602fa07815c3d9e3bc544e1626b978728af6dff787898e97	d8936dcb97d4e879602fa07815c3d9e3bc544e1626b978728af6dff787898e97-libxpresent1_1.0.0-2+b10_arm64.deb
libxrandr2	2:1.5.1-1	amd64	libxrandr	2:1.5.1-1	libxrandr2	arm64	native-arm64	exact-binary-and-source-version	2:1.5.1-1	04c9c59ba1e9648e0ec80d66fa34bab7bf039822f32eb31f706656968052e915	04c9c59ba1e9648e0ec80d66fa34bab7bf039822f32eb31f706656968052e915-libxrandr2_2%3a1.5.1-1_arm64.deb
libxrender1	1:0.9.10-1	amd64	libxrender	1:0.9.10-1	libxrender1	arm64	native-arm64	exact-binary-and-source-version	1:0.9.10-1	fcae69900b599e7b31b31eafa203a184e00376ade1d2f74f9b3d7b24991573a0	fcae69900b599e7b31b31eafa203a184e00376ade1d2f74f9b3d7b24991573a0-libxrender1_1%3a0.9.10-1_arm64.deb
libxres1	2:1.2.0-4	amd64	libxres	2:1.2.0-4	libxres1	arm64	native-arm64	exact-binary-and-source-version	2:1.2.0-4	459de7cb0e7165c2f2c91bae0718a9a47ece6352ee5c3544cf06e319eaf400cd	459de7cb0e7165c2f2c91bae0718a9a47ece6352ee5c3544cf06e319eaf400cd-libxres1_2%3a1.2.0-4_arm64.deb
libxshmfence1	1.3-1	amd64	libxshmfence	1.3-1	libxshmfence1	arm64	native-arm64	exact-binary-and-source-version	1.3-1	fa2edaae6902681ecd02534dcdf8389ac48714d3385d572cc17747160957acc8	fa2edaae6902681ecd02534dcdf8389ac48714d3385d572cc17747160957acc8-libxshmfence1_1.3-1_arm64.deb
libxslt1.1	1.1.34-4+deb11u1	amd64	libxslt	1.1.34-4+deb11u1	libxslt1.1	arm64	native-arm64	exact-binary-and-source-version	1.1.34-4+deb11u1	2505ed3d8e6b049349ecfeff1cb6923eca43403d252e8ddd308a6a644b97eec7	2505ed3d8e6b049349ecfeff1cb6923eca43403d252e8ddd308a6a644b97eec7-libxslt1.1_1.1.34-4+deb11u1_arm64.deb
libxss1	1:1.2.3-1	amd64	libxss	1:1.2.3-1	libxss1	arm64	native-arm64	exact-binary-and-source-version	1:1.2.3-1	e0ff80e309eacda5face68b9a3bd56718fed2750af429324c35d7c9491c335f4	e0ff80e309eacda5face68b9a3bd56718fed2750af429324c35d7c9491c335f4-libxss1_1%3a1.2.3-1_arm64.deb
libxt6	1:1.2.0-1	amd64	libxt	1:1.2.0-1	libxt6	arm64	native-arm64	exact-binary-and-source-version	1:1.2.0-1	63302543152076939104aa610930596fa2496551bfcf0b29547baa055d3dc26d	63302543152076939104aa610930596fa2496551bfcf0b29547baa055d3dc26d-libxt6_1%3a1.2.0-1_arm64.deb
libxtables12	1.8.7-1	amd64	iptables	1.8.7-1	libxtables12	arm64	native-arm64	exact-binary-and-source-version	1.8.7-1	fa07088a313d8dae7a8cba0780117e80ead683ac549fd9986a52a3280232272a	fa07088a313d8dae7a8cba0780117e80ead683ac549fd9986a52a3280232272a-libxtables12_1.8.7-1_arm64.deb
libxtst6	2:1.2.3-1	amd64	libxtst	2:1.2.3-1	libxtst6	arm64	native-arm64	exact-binary-and-source-version	2:1.2.3-1	1124ac3c680f1d454a676366d96564ffb8c8924214c776b514965f9c4fbd49ca	1124ac3c680f1d454a676366d96564ffb8c8924214c776b514965f9c4fbd49ca-libxtst6_2%3a1.2.3-1_arm64.deb
libxv1	2:1.0.11-1	amd64	libxv	2:1.0.11-1	libxv1	arm64	native-arm64	exact-binary-and-source-version	2:1.0.11-1	04a97f8ead1cbb888c00a63b2e01d18448e4991f0b9421ec42a6b7e2b328c648	04a97f8ead1cbb888c00a63b2e01d18448e4991f0b9421ec42a6b7e2b328c648-libxv1_2%3a1.0.11-1_arm64.deb
libxvidcore4	2:1.3.7-1	amd64	xvidcore	2:1.3.7-1	libxvidcore4	arm64	native-arm64	exact-binary-and-source-version	2:1.3.7-1	b950edcb42803f158f94cd2ee44850082c98c92d54e20982ad933936f5f1d181	b950edcb42803f158f94cd2ee44850082c98c92d54e20982ad933936f5f1d181-libxvidcore4_2%3a1.3.7-1_arm64.deb
libxvmc1	2:1.0.12-2	amd64	libxvmc	2:1.0.12-2	libxvmc1	arm64	native-arm64	exact-binary-and-source-version	2:1.0.12-2	89be18aabba543306aa5a98f3091e7f6243ef5558c4d596d41f5f4fdc53fee79	89be18aabba543306aa5a98f3091e7f6243ef5558c4d596d41f5f4fdc53fee79-libxvmc1_2%3a1.0.12-2_arm64.deb
libxxf86dga1	2:1.1.4-1+b3	amd64	libxxf86dga	2:1.1.4-1	libxxf86dga1	arm64	native-arm64	exact-binary-and-source-version	2:1.1.4-1+b3	adb264762f1582993e359c48b9b287637086435222095aa40250f228198bf7dc	adb264762f1582993e359c48b9b287637086435222095aa40250f228198bf7dc-libxxf86dga1_2%3a1.1.4-1+b3_arm64.deb
libxxf86vm1	1:1.1.4-1+b2	amd64	libxxf86vm	1:1.1.4-1	libxxf86vm1	arm64	native-arm64	exact-binary-and-source-version	1:1.1.4-1+b2	8a4826772ac480804d6b8d776a4130d95260c036b9b218de4c8a0f07eb9c5bba	8a4826772ac480804d6b8d776a4130d95260c036b9b218de4c8a0f07eb9c5bba-libxxf86vm1_1%3a1.1.4-1+b2_arm64.deb
libxxhash0	0.8.0-2	amd64	xxhash	0.8.0-2	libxxhash0	arm64	native-arm64	exact-binary-and-source-version	0.8.0-2	a31effcbd7a248b64dd480330557f41ea796a010b2c2e7ac91ed10f94e605065	a31effcbd7a248b64dd480330557f41ea796a010b2c2e7ac91ed10f94e605065-libxxhash0_0.8.0-2_arm64.deb
libyaml-0-2	0.2.2-1	amd64	libyaml	0.2.2-1	libyaml-0-2	arm64	native-arm64	exact-binary-and-source-version	0.2.2-1	84cb849b4475b7d0238d1f100ba3e3f29f7149258b273ba30b981aba2be03635	84cb849b4475b7d0238d1f100ba3e3f29f7149258b273ba30b981aba2be03635-libyaml-0-2_0.2.2-1_arm64.deb
libyelp0	3.38.3-1+han3u3	amd64	yelp	3.38.3-1+han3u3	libyelp0	arm64	native-arm64	exact-binary-and-source-version	3.38.3-1+han3u3	4b8f914baa2b910690305b4cf1ca022383ae09d8a1637f0722407509d0d42afe	4b8f914baa2b910690305b4cf1ca022383ae09d8a1637f0722407509d0d42afe-libyelp0_3.38.3-1+han3u3_arm64.deb
libz3-4	4.8.10-1	amd64	z3	4.8.10-1	libz3-4	arm64	native-arm64	exact-binary-and-source-version	4.8.10-1	ae1ea58ecfdd4b5ec53d734e60ac2df37fddb11888b7730a19335f1a9b09f489	ae1ea58ecfdd4b5ec53d734e60ac2df37fddb11888b7730a19335f1a9b09f489-libz3-4_4.8.10-1_arm64.deb
libzbar0	0.23.90-1	amd64	zbar	0.23.90-1	libzbar0	arm64	native-arm64	exact-binary-and-source-version	0.23.90-1	954f155683b38978edeb674e1492dbcb1c8987adf23a72f1987074dd6fa25004	954f155683b38978edeb674e1492dbcb1c8987adf23a72f1987074dd6fa25004-libzbar0_0.23.90-1_arm64.deb
libzeitgeist-2.0-0	1.0.3-4	amd64	zeitgeist	1.0.3-4	libzeitgeist-2.0-0	arm64	native-arm64	exact-binary-and-source-version	1.0.3-4	5d89b5e62d495c1960c27762b562fda142598cfd04424f36ab8c89e7e061f536	5d89b5e62d495c1960c27762b562fda142598cfd04424f36ab8c89e7e061f536-libzeitgeist-2.0-0_1.0.3-4_arm64.deb
libzmq5	4.3.4-1	amd64	zeromq3	4.3.4-1	libzmq5	arm64	native-arm64	exact-binary-and-source-version	4.3.4-1	e5eaecc454d6792848a2ff866d73e3123b9ccdd08c9bd9e6096b52f08e484a13	e5eaecc454d6792848a2ff866d73e3123b9ccdd08c9bd9e6096b52f08e484a13-libzmq5_4.3.4-1_arm64.deb
libzstd1	1.4.8+dfsg-2.1	amd64	libzstd	1.4.8+dfsg-2.1	libzstd1	arm64	native-arm64	exact-binary-and-source-version	1.4.8+dfsg-2.1	dd01659c6c122f983a3369a04ede63539f666585d52a03f8aa2c27b307e547e0	dd01659c6c122f983a3369a04ede63539f666585d52a03f8aa2c27b307e547e0-libzstd1_1.4.8+dfsg-2.1_arm64.deb
libzvbi-common	0.2.35-18	all	zvbi	0.2.35-18	libzvbi-common	all	reuse-all	exact-binary-and-source-version	0.2.35-18	53ed21370b937a9385e1fcf1626400891bd4fd86a76b31654fb45e0875d8bfb8	53ed21370b937a9385e1fcf1626400891bd4fd86a76b31654fb45e0875d8bfb8-libzvbi-common_0.2.35-18_all.deb
libzvbi0	0.2.35-18	amd64	zvbi	0.2.35-18	libzvbi0	arm64	native-arm64	exact-binary-and-source-version	0.2.35-18	40626984d48d486b62f08c255eb9397a04f52ca2983e8d689e5de5e94e29a4b1	40626984d48d486b62f08c255eb9397a04f52ca2983e8d689e5de5e94e29a4b1-libzvbi0_0.2.35-18_arm64.deb
lightdm	1.26.0-7+grm3u1	amd64	lightdm	1.26.0-7+grm3u1	lightdm	arm64	native-arm64	exact-binary-and-source-version	1.26.0-7+grm3u1	b02a7ed003ac733b5d713646ae13bbc635d6d0b9046d5353f4c75c136eabd3b1	b02a7ed003ac733b5d713646ae13bbc635d6d0b9046d5353f4c75c136eabd3b1-lightdm_1.26.0-7+grm3u1_arm64.deb
linux-base	4.6	all	linux-base	4.6	linux-base	all	reuse-all	exact-binary-and-source-version	4.6	5fa6a64c4184ffa958f8ca13d10922333ff0adaf9f9e0d819ed56f5f69872620	5fa6a64c4184ffa958f8ca13d10922333ff0adaf9f9e0d819ed56f5f69872620-linux-base_4.6_all.deb
linux-image-amd64	5.10.179-1+grm3u1	amd64	linux-signed-amd64	5.10.179+1+grm3u1	linux-image-arm64	arm64	arch-replace	audited-config-only-architecture-replacement	5.10.179-1+grm3u1	b8d081d1620e2140f690b8a12ed18141ea63d5ee2c9647f5c0c276cb274be55f	b8d081d1620e2140f690b8a12ed18141ea63d5ee2c9647f5c0c276cb274be55f-linux-image-arm64_5.10.179-1+grm3u1_arm64.deb
live-boot	1:20210208	all	live-boot	1:20210208	live-boot	all	reuse-all	exact-binary-and-source-version	1:20210208	2342241139d8cf48b67c898949a5a156356167221fcb2028eecdf3268112ceb9	2342241139d8cf48b67c898949a5a156356167221fcb2028eecdf3268112ceb9-live-boot_1%3a20210208_all.deb
live-boot-initramfs-tools	1:20210208	all	live-boot	1:20210208	live-boot-initramfs-tools	all	reuse-all	exact-binary-and-source-version	1:20210208	f1a72ed11e6e1848423d4c800e3b9c7dd23ad40ac215bd366c953d3d51062d0b	f1a72ed11e6e1848423d4c800e3b9c7dd23ad40ac215bd366c953d3d51062d0b-live-boot-initramfs-tools_1%3a20210208_all.deb
live-config	11.0.3+grm3u1	all	live-config	11.0.3+grm3u1	live-config	all	reuse-all	exact-binary-and-source-version	11.0.3+grm3u1	a5462b9ab1f0d63a32e9176d1b4d5a6dc2b6f1031c83e254d7c0088466d673a6	a5462b9ab1f0d63a32e9176d1b4d5a6dc2b6f1031c83e254d7c0088466d673a6-live-config_11.0.3+grm3u1_all.deb
live-config-systemd	11.0.3+grm3u1	all	live-config	11.0.3+grm3u1	live-config-systemd	all	reuse-all	exact-binary-and-source-version	11.0.3+grm3u1	f7a9718ba58b94a00789a781c341865bd964d67f22ff7b45dad82d6c40a109db	f7a9718ba58b94a00789a781c341865bd964d67f22ff7b45dad82d6c40a109db-live-config-systemd_11.0.3+grm3u1_all.deb
live-installer	2023.06.30+han3u1	all	live-installer	2023.06.30+han3u1	live-installer	all	reuse-all	exact-binary-and-source-version	2023.06.30+han3u1	b24dd61c44baa3e5c1a398d624b2690773b12a9891042be34b395809afc0f461	b24dd61c44baa3e5c1a398d624b2690773b12a9891042be34b395809afc0f461-live-installer_2023.06.30+han3u1_all.deb
live-tools	1:20190831	all	live-tools	1:20190831	live-tools	all	reuse-all	exact-binary-and-source-version	1:20190831	3e13f81f4a5930999225b9cd273ac092510c3f819892956c2a985757f1e31f44	3e13f81f4a5930999225b9cd273ac092510c3f819892956c2a985757f1e31f44-live-tools_1%3a20190831_all.deb
locales	2.31-13+deb11u6	all	glibc	2.31-13+deb11u6	locales	all	reuse-all	exact-binary-and-source-version	2.31-13+deb11u6	658814b05592b32e790acdf078edb5d39270dba38485f8ab52fba1f5e08af8e7	658814b05592b32e790acdf078edb5d39270dba38485f8ab52fba1f5e08af8e7-locales_2.31-13+deb11u6_all.deb
login	1:4.8.1-1	amd64	shadow	1:4.8.1-1	login	arm64	native-arm64	exact-binary-and-source-version	1:4.8.1-1	12f4b03f12f24c2119882af758dfcc334cd9ba150e1cd32da9b0ee89a281d00e	12f4b03f12f24c2119882af758dfcc334cd9ba150e1cd32da9b0ee89a281d00e-login_1%3a4.8.1-1_arm64.deb
logrotate	3.18.0-2+deb11u1	amd64	logrotate	3.18.0-2+deb11u1	logrotate	arm64	native-arm64	exact-binary-and-source-version	3.18.0-2+deb11u1	29427af8f69fcb58b30f4eb7d105e1949f9e4f3f1e49ab71078687b6f18e0e55	29427af8f69fcb58b30f4eb7d105e1949f9e4f3f1e49ab71078687b6f18e0e55-logrotate_3.18.0-2+deb11u1_arm64.deb
logsave	1.46.2-2	amd64	e2fsprogs	1.46.2-2	logsave	arm64	native-arm64	exact-binary-and-source-version	1.46.2-2	b05517dbd3ecf46bf483e427edbfa9a4940dd91b891600abce3a5e243c8cfe01	b05517dbd3ecf46bf483e427edbfa9a4940dd91b891600abce3a5e243c8cfe01-logsave_1.46.2-2_arm64.deb
lsb-base	11.1.0	all	lsb	11.1.0	lsb-base	all	reuse-all	exact-binary-and-source-version	11.1.0	89ed6332074d827a65305f9a51e591dff20641d61ff5e11f4e1822a9987e96fe	89ed6332074d827a65305f9a51e591dff20641d61ff5e11f4e1822a9987e96fe-lsb-base_11.1.0_all.deb
lsb-release	11.1.0	all	lsb	11.1.0	lsb-release	all	reuse-all	exact-binary-and-source-version	11.1.0	c74adc38433949157e8346ce2fd94994193f5e7f1fdb42f6296c0c634870dd8c	c74adc38433949157e8346ce2fd94994193f5e7f1fdb42f6296c0c634870dd8c-lsb-release_11.1.0_all.deb
lsof	4.93.2+dfsg-1.1	amd64	lsof	4.93.2+dfsg-1.1	lsof	arm64	native-arm64	exact-binary-and-source-version	4.93.2+dfsg-1.1	820ccff7fff8181291fe6150a398e1361174fd4709ff5e150a913ca22e85c6e8	820ccff7fff8181291fe6150a398e1361174fd4709ff5e150a913ca22e85c6e8-lsof_4.93.2+dfsg-1.1_arm64.deb
lua-bitop	1.0.2-5	amd64	lua-bitop	1.0.2-5	lua-bitop	arm64	native-arm64	exact-binary-and-source-version	1.0.2-5	f7a0c695b5d7c005e6031576252373e11d6f00bcb02c4abf0b5ea332d388d805	f7a0c695b5d7c005e6031576252373e11d6f00bcb02c4abf0b5ea332d388d805-lua-bitop_1.0.2-5_arm64.deb
lua-expat	1.3.0-4+b1	amd64	lua-expat	1.3.0-4	lua-expat	arm64	native-arm64	exact-binary-and-source-version	1.3.0-4+b1	20af496368b17d8f6064dfbb583d20b81136aaa52b265baf48480bec76d28501	20af496368b17d8f6064dfbb583d20b81136aaa52b265baf48480bec76d28501-lua-expat_1.3.0-4+b1_arm64.deb
lua-json	1.3.4-2	all	lua-json	1.3.4-2	lua-json	all	reuse-all	exact-binary-and-source-version	1.3.4-2	8189a99f6d27eceb602bc53fbbd770676b0682cbfd9e4a7bfb9cfbed279b7663	8189a99f6d27eceb602bc53fbbd770676b0682cbfd9e4a7bfb9cfbed279b7663-lua-json_1.3.4-2_all.deb
lua-lpeg	1.0.2-1	amd64	lua-lpeg	1.0.2-1	lua-lpeg	arm64	native-arm64	exact-binary-and-source-version	1.0.2-1	aaf8f109ae4afcead84d34d9781db1d86d5e03dd6076318ef0bde3c300c60cff	aaf8f109ae4afcead84d34d9781db1d86d5e03dd6076318ef0bde3c300c60cff-lua-lpeg_1.0.2-1_arm64.deb
lua-socket	3.0~rc1+git+ac3201d-4	amd64	luasocket	3.0~rc1+git+ac3201d-4	lua-socket	arm64	native-arm64	exact-binary-and-source-version	3.0~rc1+git+ac3201d-4	2af5226e97b9862c141c779ba9b327b9c75b6d6a65daa9e4e13da0b98f0aed2b	2af5226e97b9862c141c779ba9b327b9c75b6d6a65daa9e4e13da0b98f0aed2b-lua-socket_3.0~rc1+git+ac3201d-4_arm64.deb
mailcap	3.69	all	mailcap	3.69	mailcap	all	reuse-all	exact-binary-and-source-version	3.69	63fa5520f05d2aea5ca23eee95981a5e029608e1186ded4143470c8f84184158	63fa5520f05d2aea5ca23eee95981a5e029608e1186ded4143470c8f84184158-mailcap_3.69_all.deb
malcontent	0.10.0-2	all	malcontent	0.10.0-2	malcontent	all	reuse-all	exact-binary-and-source-version	0.10.0-2	6a803f5913ff02101a60da79c07a22944459c9d02bbf28758c6cbd9b2d1fa54a	6a803f5913ff02101a60da79c07a22944459c9d02bbf28758c6cbd9b2d1fa54a-malcontent_0.10.0-2_all.deb
malcontent-gui	0.10.0-2	amd64	malcontent	0.10.0-2	malcontent-gui	arm64	native-arm64	exact-binary-and-source-version	0.10.0-2	724568d5bc1dc639b51362655dc5d7714f21cec1039c3c601a35f1dc25abd318	724568d5bc1dc639b51362655dc5d7714f21cec1039c3c601a35f1dc25abd318-malcontent-gui_0.10.0-2_arm64.deb
man-db	2.9.4-2	amd64	man-db	2.9.4-2	man-db	arm64	native-arm64	exact-binary-and-source-version	2.9.4-2	1c3180af401a484487dbe7464f5d918919196fd719c9e36f28bf8f23ce1cd758	1c3180af401a484487dbe7464f5d918919196fd719c9e36f28bf8f23ce1cd758-man-db_2.9.4-2_arm64.deb
mawk	1.3.4.20200120-2	amd64	mawk	1.3.4.20200120-2	mawk	arm64	native-arm64	exact-binary-and-source-version	1.3.4.20200120-2	df21357f10fedf3ab162f06834498c9d2b284e5e6eb9211f1b5b71f8a2733278	df21357f10fedf3ab162f06834498c9d2b284e5e6eb9211f1b5b71f8a2733278-mawk_1.3.4.20200120-2_arm64.deb
mdadm	4.1-11	amd64	mdadm	4.1-11	mdadm	arm64	native-arm64	exact-binary-and-source-version	4.1-11	221fafc8f9e06293034ddecd34a17d33ca1d05b64ea9c16ce5615862b7c18a34	221fafc8f9e06293034ddecd34a17d33ca1d05b64ea9c16ce5615862b7c18a34-mdadm_4.1-11_arm64.deb
media-types	4.0.0	all	media-types	4.0.0	media-types	all	reuse-all	exact-binary-and-source-version	4.0.0	f9835dcf3cdbaf163104d4e511c9c4e0f41a56822e147e57f28f749fcbf7d44c	f9835dcf3cdbaf163104d4e511c9c4e0f41a56822e147e57f28f749fcbf7d44c-media-types_4.0.0_all.deb
menu	2.1.48	amd64	menu	2.1.48	menu	arm64	native-arm64	exact-binary-and-source-version	2.1.48	113cc8930bac090026028db6790346d8398a7c043f1d3a24b565083828130d69	113cc8930bac090026028db6790346d8398a7c043f1d3a24b565083828130d69-menu_2.1.48_arm64.deb
metacity	1:3.38.0-2+grm3u1	amd64	metacity	1:3.38.0-2+grm3u1	metacity	arm64	native-arm64	exact-binary-and-source-version	1:3.38.0-2+grm3u1	b9d644a494b1a7683e5968a65472287342baff11c4f481b6d1a33386e9081aa2	b9d644a494b1a7683e5968a65472287342baff11c4f481b6d1a33386e9081aa2-metacity_3.38.0-2+grm3u1_arm64.deb
metacity-common	1:3.38.0-2+grm3u1	all	metacity	1:3.38.0-2+grm3u1	metacity-common	all	reuse-all	exact-binary-and-source-version	1:3.38.0-2+grm3u1	ae644784759a75f98da488fb44b4137d62135360d42642217559a17927b0bb1e	ae644784759a75f98da488fb44b4137d62135360d42642217559a17927b0bb1e-metacity-common_3.38.0-2+grm3u1_all.deb
mime-support	3.66	all	mime-support	3.66	mime-support	all	reuse-all	exact-binary-and-source-version	3.66	b964e671e6c47674879a3e54130b6737e8760fbd3da6afcc015faa174af98ba0	b964e671e6c47674879a3e54130b6737e8760fbd3da6afcc015faa174af98ba0-mime-support_3.66_all.deb
moka-icon-theme	5.4.0.3-1	all	moka-icon-theme	5.4.0.3-1	moka-icon-theme	all	reuse-all	exact-binary-and-source-version	5.4.0.3-1	7c3791b3013b5f73da3452479c663fbe15148fd102e58496a89b46eee9f9343e	7c3791b3013b5f73da3452479c663fbe15148fd102e58496a89b46eee9f9343e-moka-icon-theme_5.4.0.3-1_all.deb
mount	2.36.1-8+deb11u1	amd64	util-linux	2.36.1-8+deb11u1	mount	arm64	native-arm64	exact-binary-and-source-version	2.36.1-8+deb11u1	20e5b8bcb711f4171dc62fe5bbc16dcfbdb77d1e4caaa45f62645ae09acd67a5	20e5b8bcb711f4171dc62fe5bbc16dcfbdb77d1e4caaa45f62645ae09acd67a5-mount_2.36.1-8+deb11u1_arm64.deb
mousetweaks	3.32.0-3+grm3u1	amd64	mousetweaks	3.32.0-3+grm3u1	mousetweaks	arm64	native-arm64	exact-binary-and-source-version	3.32.0-3+grm3u1	1884b447e6f258abe6adee174b9f02fc2ef45345bc84828e48f7425639cdc77f	1884b447e6f258abe6adee174b9f02fc2ef45345bc84828e48f7425639cdc77f-mousetweaks_3.32.0-3+grm3u1_arm64.deb
nano	5.4-2+deb11u2	amd64	nano	5.4-2+deb11u2	nano	arm64	native-arm64	exact-binary-and-source-version	5.4-2+deb11u2	0eb9155031e007914800bdae631572982040376ea13d36fb2708a79171b12bfc	0eb9155031e007914800bdae631572982040376ea13d36fb2708a79171b12bfc-nano_5.4-2+deb11u2_arm64.deb
nautilus	3.38.2-1+deb11u1+grm3u8	amd64	nautilus	3.38.2-1+deb11u1+grm3u8	nautilus	arm64	native-arm64	exact-binary-and-source-version	3.38.2-1+deb11u1+grm3u8	d7a96f58524266cf15fc50840665f5959d3ffee34a7aeb3daef8a5703b791699	d7a96f58524266cf15fc50840665f5959d3ffee34a7aeb3daef8a5703b791699-nautilus_3.38.2-1+deb11u1+grm3u8_arm64.deb
nautilus-data	3.38.2-1+deb11u1+grm3u8	all	nautilus	3.38.2-1+deb11u1+grm3u8	nautilus-data	all	reuse-all	exact-binary-and-source-version	3.38.2-1+deb11u1+grm3u8	5415f608200fe7913edaade4e5c42303951cdb80d052ba15e87444c86dca09df	5415f608200fe7913edaade4e5c42303951cdb80d052ba15e87444c86dca09df-nautilus-data_3.38.2-1+deb11u1+grm3u8_all.deb
ncurses-base	6.2+20201114-2+deb11u1	all	ncurses	6.2+20201114-2+deb11u1	ncurses-base	all	reuse-all	exact-binary-and-source-version	6.2+20201114-2+deb11u1	53147c4bd973c40b3d4d019a5435cf4f2850d4996f0dec52e5cd9167431b35a4	53147c4bd973c40b3d4d019a5435cf4f2850d4996f0dec52e5cd9167431b35a4-ncurses-base_6.2+20201114-2+deb11u1_all.deb
ncurses-bin	6.2+20201114-2+deb11u1	amd64	ncurses	6.2+20201114-2+deb11u1	ncurses-bin	arm64	native-arm64	exact-binary-and-source-version	6.2+20201114-2+deb11u1	ff10ba0d50d425e8c7da34949c98c5ce3e9adeb2a48bedca5d4ee9140a7b36ac	ff10ba0d50d425e8c7da34949c98c5ce3e9adeb2a48bedca5d4ee9140a7b36ac-ncurses-bin_6.2+20201114-2+deb11u1_arm64.deb
netbase	6.3	all	netbase	6.3	netbase	all	reuse-all	exact-binary-and-source-version	6.3	f444889ad3441758e3a5092418e062da2b0c6a811fdb0c262a6b70cb2518dbde	f444889ad3441758e3a5092418e062da2b0c6a811fdb0c262a6b70cb2518dbde-netbase_6.3_all.deb
network-manager	1.30.0-2+grm3u3	amd64	network-manager	1.30.0-2+grm3u3	network-manager	arm64	native-arm64	exact-binary-and-source-version	1.30.0-2+grm3u3	63f0fc230506bb0601a0321d949820a614e422de487c8fa5868617d8809ed321	63f0fc230506bb0601a0321d949820a614e422de487c8fa5868617d8809ed321-network-manager_1.30.0-2+grm3u3_arm64.deb
network-manager-gnome	1.20.0-3+grm3u4	amd64	network-manager-applet	1.20.0-3+grm3u4	network-manager-gnome	arm64	native-arm64	exact-binary-and-source-version	1.20.0-3+grm3u4	46389382ee7fec52d1bd40383536dd872a5e192b2f580fb81a780c566d4eb7ca	46389382ee7fec52d1bd40383536dd872a5e192b2f580fb81a780c566d4eb7ca-network-manager-gnome_1.20.0-3+grm3u4_arm64.deb
network-manager-openvpn	1.8.12-2	amd64	network-manager-openvpn	1.8.12-2	network-manager-openvpn	arm64	native-arm64	exact-binary-and-source-version	1.8.12-2	9deb446154425e6e573682860e051191d0999050a7fd69de977b09451abd27a6	9deb446154425e6e573682860e051191d0999050a7fd69de977b09451abd27a6-network-manager-openvpn_1.8.12-2_arm64.deb
network-manager-openvpn-gnome	1.8.12-2	amd64	network-manager-openvpn	1.8.12-2	network-manager-openvpn-gnome	arm64	native-arm64	exact-binary-and-source-version	1.8.12-2	4839326a90909390ecc769dede40898e226ea72a5b4b7904edf43f6ff9d1b089	4839326a90909390ecc769dede40898e226ea72a5b4b7904edf43f6ff9d1b089-network-manager-openvpn-gnome_1.8.12-2_arm64.deb
nftables	0.9.8-3.1+deb11u1	amd64	nftables	0.9.8-3.1+deb11u1	nftables	arm64	native-arm64	exact-binary-and-source-version	0.9.8-3.1+deb11u1	8fcd04ff9b6119b61c3ea2233d4201e2f72a2d9e2ed3fa022520d878e3226305	8fcd04ff9b6119b61c3ea2233d4201e2f72a2d9e2ed3fa022520d878e3226305-nftables_0.9.8-3.1+deb11u1_arm64.deb
nimf	2023.06.30+grm3u1	amd64	nimf	2023.06.30+grm3u1	nimf	arm64	native-arm64	exact-binary-and-source-version	2023.06.30+grm3u1	9b7d14e9c539e7b097cbf7ea606a6b0914e5aee493147b2a3f4aa790a2e028ab	9b7d14e9c539e7b097cbf7ea606a6b0914e5aee493147b2a3f4aa790a2e028ab-nimf_2023.06.30+grm3u1_arm64.deb
nimf-libhangul	2023.06.30+grm3u1	amd64	nimf	2023.06.30+grm3u1	nimf-libhangul	arm64	native-arm64	exact-binary-and-source-version	2023.06.30+grm3u1	8d3f5bb50ab81656156b9eed9e40a462db1fa8f266ddfa629dd175caa7beb673	8d3f5bb50ab81656156b9eed9e40a462db1fa8f266ddfa629dd175caa7beb673-nimf-libhangul_2023.06.30+grm3u1_arm64.deb
ntfs-3g	1:2017.3.23AR.3-4+deb11u3	amd64	ntfs-3g	1:2017.3.23AR.3-4+deb11u3	ntfs-3g	arm64	native-arm64	exact-binary-and-source-version	1:2017.3.23AR.3-4+deb11u3	d106afa7ef26fad5f40af8c05d69afa1aa02c571ef7ff522f299a5f9c6bd45a0	d106afa7ef26fad5f40af8c05d69afa1aa02c571ef7ff522f299a5f9c6bd45a0-ntfs-3g_1%3a2017.3.23AR.3-4+deb11u3_arm64.deb
numix-icon-theme	0~20190920-1	all	numix-icon-theme	0~20190920-1	numix-icon-theme	all	reuse-all	exact-binary-and-source-version	0~20190920-1	2acf7b4959126569de2bfcc714309f6aaaaa6ab2425ba92cce832d2087a78271	2acf7b4959126569de2bfcc714309f6aaaaa6ab2425ba92cce832d2087a78271-numix-icon-theme_0~20190920-1_all.deb
numix-icon-theme-circle	20.09.19-1	all	numix-icon-theme-circle	20.09.19-1	numix-icon-theme-circle	all	reuse-all	exact-binary-and-source-version	20.09.19-1	27d18a9735e0d9275498433fe0765efb1ad19ed79f58ea0e5886f9a675137655	27d18a9735e0d9275498433fe0765efb1ad19ed79f58ea0e5886f9a675137655-numix-icon-theme-circle_20.09.19-1_all.deb
nvidia-installer-cleanup	20151021+13	amd64	nvidia-support	20151021+13	nvidia-installer-cleanup	arm64	native-arm64	exact-binary-and-source-version	20151021+13	4928cfda105c5516bf050deff508d5b21adb00e1a0bdfc5b945caf4cec26b36f	4928cfda105c5516bf050deff508d5b21adb00e1a0bdfc5b945caf4cec26b36f-nvidia-installer-cleanup_20151021+13_arm64.deb
nvidia-kernel-common	20151021+13	amd64	nvidia-support	20151021+13	nvidia-kernel-common	arm64	native-arm64	exact-binary-and-source-version	20151021+13	5a1f10cffc5407a6b63dcdf3f72af842ad9e39a808bb9418a4805aa0be345c65	5a1f10cffc5407a6b63dcdf3f72af842ad9e39a808bb9418a4805aa0be345c65-nvidia-kernel-common_20151021+13_arm64.deb
nvidia-modprobe	470.182.03-1	amd64	nvidia-modprobe	470.182.03-1	nvidia-modprobe	arm64	native-arm64	exact-binary-and-source-version	470.182.03-1	90601e04160343aae17275efa871326725f12f2bf8b2786f078485163b163735	90601e04160343aae17275efa871326725f12f2bf8b2786f078485163b163735-nvidia-modprobe_470.182.03-1_arm64.deb
nvidia-tesla-470-alternative	470.182.03-1~deb11u1	amd64	nvidia-graphics-drivers-tesla-470	470.182.03-1~deb11u1	nvidia-tesla-470-alternative	arm64	native-arm64	exact-binary-and-source-version	470.182.03-1~deb11u1	29ea2be1d1abe92c181401e6e305935d91b1f667eeb58a40b0ccc5730e5e7a84	29ea2be1d1abe92c181401e6e305935d91b1f667eeb58a40b0ccc5730e5e7a84-nvidia-tesla-470-alternative_470.182.03-1~deb11u1_arm64.deb
nvidia-tesla-470-kernel-support	470.182.03-1~deb11u1	amd64	nvidia-graphics-drivers-tesla-470	470.182.03-1~deb11u1	nvidia-tesla-470-kernel-support	arm64	native-arm64	exact-binary-and-source-version	470.182.03-1~deb11u1	85fa1557dd75f425b8767421a027df8f7c8d795fc6ad325e13b4803a38a421b0	85fa1557dd75f425b8767421a027df8f7c8d795fc6ad325e13b4803a38a421b0-nvidia-tesla-470-kernel-support_470.182.03-1~deb11u1_arm64.deb
ocl-icd-libopencl1	2.2.14-2	amd64	ocl-icd	2.2.14-2	ocl-icd-libopencl1	arm64	native-arm64	exact-binary-and-source-version	2.2.14-2	988af69eca9c4b7433572d11ecbc048a7680ae15afa78941782945b18ff185d7	988af69eca9c4b7433572d11ecbc048a7680ae15afa78941782945b18ff185d7-ocl-icd-libopencl1_2.2.14-2_arm64.deb
openprinting-ppds	20200820-1	all	foomatic-db	20200820-1	openprinting-ppds	all	reuse-all	exact-binary-and-source-version	20200820-1	cd1ecc769373c53ce0796b76295e2f18b60cc9dde872ae4ed43e7aa830725e01	cd1ecc769373c53ce0796b76295e2f18b60cc9dde872ae4ed43e7aa830725e01-openprinting-ppds_20200820-1_all.deb
openssl	1.1.1n-0+deb11u5	amd64	openssl	1.1.1n-0+deb11u5	openssl	arm64	native-arm64	exact-binary-and-source-version	1.1.1n-0+deb11u5	d6fb022b1fcb30cb7e385560274d544661a8fef144188bec2d4d9f7513ff6fb2	d6fb022b1fcb30cb7e385560274d544661a8fef144188bec2d4d9f7513ff6fb2-openssl_1.1.1n-0+deb11u5_arm64.deb
openvpn	2.5.1-3	amd64	openvpn	2.5.1-3	openvpn	arm64	native-arm64	exact-binary-and-source-version	2.5.1-3	135a7262427c08dde6d7fb585b5b44bae9f18df612ac8dc39b50d55699bdc288	135a7262427c08dde6d7fb585b5b44bae9f18df612ac8dc39b50d55699bdc288-openvpn_2.5.1-3_arm64.deb
os-prober	1.79	amd64	os-prober	1.79	os-prober	arm64	native-arm64	exact-binary-and-source-version	1.79	a2c0e561c6383f1d6142d8c6e93e039cc151252251c40b212560d741ac1ade74	a2c0e561c6383f1d6142d8c6e93e039cc151252251c40b212560d741ac1ade74-os-prober_1.79_arm64.deb
osinfo-db	0.20210215-1	all	osinfo-db	0.20210215-1	osinfo-db	all	reuse-all	exact-binary-and-source-version	0.20210215-1	7eda4861e9ca514a059d7bbe26bf8751f105cc28c8f4ad4a387fbbe1d10ff4e8	7eda4861e9ca514a059d7bbe26bf8751f105cc28c8f4ad4a387fbbe1d10ff4e8-osinfo-db_0.20210215-1_all.deb
p11-kit	0.23.22-1	amd64	p11-kit	0.23.22-1	p11-kit	arm64	native-arm64	exact-binary-and-source-version	0.23.22-1	981a14d695530319213ca3a3f19b1b2a21f8184b27da1d0d28c0b54a9fe3ced5	981a14d695530319213ca3a3f19b1b2a21f8184b27da1d0d28c0b54a9fe3ced5-p11-kit_0.23.22-1_arm64.deb
p11-kit-modules	0.23.22-1	amd64	p11-kit	0.23.22-1	p11-kit-modules	arm64	native-arm64	exact-binary-and-source-version	0.23.22-1	a66e4376127270121580ee26b552c9a831afd677c697e648935e52e189941978	a66e4376127270121580ee26b552c9a831afd677c697e648935e52e189941978-p11-kit-modules_0.23.22-1_arm64.deb
p7zip	16.02+dfsg-8+grm3u1	amd64	p7zip	16.02+dfsg-8+grm3u1	p7zip	arm64	native-arm64	exact-binary-and-source-version	16.02+dfsg-8+grm3u1	72a0e9f3943e5d529141a9d1475e838dc1d3a42fd497e1c628cdf095241c42ad	72a0e9f3943e5d529141a9d1475e838dc1d3a42fd497e1c628cdf095241c42ad-p7zip_16.02+dfsg-8+grm3u1_arm64.deb
p7zip-full	16.02+dfsg-8+grm3u1	amd64	p7zip	16.02+dfsg-8+grm3u1	p7zip-full	arm64	native-arm64	exact-binary-and-source-version	16.02+dfsg-8+grm3u1	dda5c02cb3edbed2830b6367d575c989d5a2f09cdbe0161b5ff6dd1d7768c5c8	dda5c02cb3edbed2830b6367d575c989d5a2f09cdbe0161b5ff6dd1d7768c5c8-p7zip-full_16.02+dfsg-8+grm3u1_arm64.deb
packagekit	1.2.2-2	amd64	packagekit	1.2.2-2	packagekit	arm64	native-arm64	exact-binary-and-source-version	1.2.2-2	eb4d5be62198a38c3508ebf1070ecb36b031b11d66f99e03172410d907e205a9	eb4d5be62198a38c3508ebf1070ecb36b031b11d66f99e03172410d907e205a9-packagekit_1.2.2-2_arm64.deb
packagekit-tools	1.2.2-2	amd64	packagekit	1.2.2-2	packagekit-tools	arm64	native-arm64	exact-binary-and-source-version	1.2.2-2	02d7d8815fd9d99b41d1c4e74935bb1aee5dc9136d3856d24c8ab5890691cdab	02d7d8815fd9d99b41d1c4e74935bb1aee5dc9136d3856d24c8ab5890691cdab-packagekit-tools_1.2.2-2_arm64.deb
pam-gooroom	0.4.3+grm3u1	amd64	pam-gooroom	0.4.3+grm3u1	pam-gooroom	arm64	native-arm64	exact-binary-and-source-version	0.4.3+grm3u1	d9b8310bd113e83b07cd25db67b8a85806b69c4d15ed50f0d193c8b567f6c7db	d9b8310bd113e83b07cd25db67b8a85806b69c4d15ed50f0d193c8b567f6c7db-pam-gooroom_0.4.3+grm3u1_arm64.deb
papirus-icon-theme	20210201-1	all	papirus-icon-theme	20210201-1	papirus-icon-theme	all	reuse-all	exact-binary-and-source-version	20210201-1	e10a1eb7b1d7ceeab84fef8e3cb70e8b8eec62eb6be30b7d5452787e93a229bf	e10a1eb7b1d7ceeab84fef8e3cb70e8b8eec62eb6be30b7d5452787e93a229bf-papirus-icon-theme_20210201-1_all.deb
parted	3.4-1	amd64	parted	3.4-1	parted	arm64	native-arm64	exact-binary-and-source-version	3.4-1	fd0ad134580423e279f14a1dac217e4eecd231b547a128284a77351b74a03253	fd0ad134580423e279f14a1dac217e4eecd231b547a128284a77351b74a03253-parted_3.4-1_arm64.deb
passwd	1:4.8.1-1	amd64	shadow	1:4.8.1-1	passwd	arm64	native-arm64	exact-binary-and-source-version	1:4.8.1-1	5a675c9d23f176ea195678a949e144b23c7a8b268b03e0df8919a2cfc198e585	5a675c9d23f176ea195678a949e144b23c7a8b268b03e0df8919a2cfc198e585-passwd_1%3a4.8.1-1_arm64.deb
pci.ids	0.0~2021.02.08-1	all	pci.ids	0.0~2021.02.08-1	pci.ids	all	reuse-all	exact-binary-and-source-version	0.0~2021.02.08-1	dca1f318c0dde3b982ab6dec8244474ac21a02a603587e7a309323426689575b	dca1f318c0dde3b982ab6dec8244474ac21a02a603587e7a309323426689575b-pci.ids_0.0~2021.02.08-1_all.deb
perl	5.32.1-4+deb11u2	amd64	perl	5.32.1-4+deb11u2	perl	arm64	native-arm64	exact-binary-and-source-version	5.32.1-4+deb11u2	625a2d0cafb5089953012d60d3a5ba726b692d9d49955a251b78b8cce884d05b	625a2d0cafb5089953012d60d3a5ba726b692d9d49955a251b78b8cce884d05b-perl_5.32.1-4+deb11u2_arm64.deb
perl-base	5.32.1-4+deb11u2	amd64	perl	5.32.1-4+deb11u2	perl-base	arm64	native-arm64	exact-binary-and-source-version	5.32.1-4+deb11u2	3d0ebf5b73200031e52bd1a44edcc662be412ec8a88b62601a9a9b21f640d425	3d0ebf5b73200031e52bd1a44edcc662be412ec8a88b62601a9a9b21f640d425-perl-base_5.32.1-4+deb11u2_arm64.deb
perl-modules-5.32	5.32.1-4+deb11u2	all	perl	5.32.1-4+deb11u2	perl-modules-5.32	all	reuse-all	exact-binary-and-source-version	5.32.1-4+deb11u2	6fa15be322c3c89ec4a07d704ad58d4a2d1aabf866135a859f6d8d58c59e9df4	6fa15be322c3c89ec4a07d704ad58d4a2d1aabf866135a859f6d8d58c59e9df4-perl-modules-5.32_5.32.1-4+deb11u2_all.deb
pinentry-curses	1.1.0-4	amd64	pinentry	1.1.0-4	pinentry-curses	arm64	native-arm64	exact-binary-and-source-version	1.1.0-4	540ead6b68311b8994a8952d3eb8b816f6eaf47cd99710d0ee1c3a850fe0e2f7	540ead6b68311b8994a8952d3eb8b816f6eaf47cd99710d0ee1c3a850fe0e2f7-pinentry-curses_1.1.0-4_arm64.deb
pinentry-gnome3	1.1.0-4	amd64	pinentry	1.1.0-4	pinentry-gnome3	arm64	native-arm64	exact-binary-and-source-version	1.1.0-4	d8697e5f58db38b30e1c36c592244b0697b649c9095cad4d8e053745de8ce05c	d8697e5f58db38b30e1c36c592244b0697b649c9095cad4d8e053745de8ce05c-pinentry-gnome3_1.1.0-4_arm64.deb
pkg-config	0.29.2-1	amd64	pkg-config	0.29.2-1	pkg-config	arm64	native-arm64	exact-binary-and-source-version	0.29.2-1	074d64f7a6bb5fb9139661aea20815438d8ffe8d7bb44b7c3f58e220c153fdbd	074d64f7a6bb5fb9139661aea20815438d8ffe8d7bb44b7c3f58e220c153fdbd-pkg-config_0.29.2-1_arm64.deb
plymouth	0.9.5-3	amd64	plymouth	0.9.5-3	plymouth	arm64	native-arm64	exact-binary-and-source-version	0.9.5-3	16d15de8a1be2869c6a916dfdeb267e81d998b64a0f9ff7ffe18899d49944d4f	16d15de8a1be2869c6a916dfdeb267e81d998b64a0f9ff7ffe18899d49944d4f-plymouth_0.9.5-3_arm64.deb
policykit-1	0.105-31+nDeb11u1+grm3u1	amd64	policykit-1	0.105-31+nDeb11u1+grm3u1	policykit-1	arm64	native-arm64	exact-binary-and-source-version	0.105-31+nDeb11u1+grm3u1	ba28b97244f3d00af3be02e702abb2eeb5dcded36511225661b749dd809f0119	ba28b97244f3d00af3be02e702abb2eeb5dcded36511225661b749dd809f0119-policykit-1_0.105-31+nDeb11u1+grm3u1_arm64.deb
poppler-data	0.4.10-1	all	poppler-data	0.4.10-1	poppler-data	all	reuse-all	exact-binary-and-source-version	0.4.10-1	ed3882d76946568f7fcfc64fef74cdd62dd7f27d1b8088c10b63b3b70d7f50a9	ed3882d76946568f7fcfc64fef74cdd62dd7f27d1b8088c10b63b3b70d7f50a9-poppler-data_0.4.10-1_all.deb
poppler-utils	20.09.0-3.1+deb11u1	amd64	poppler	20.09.0-3.1+deb11u1	poppler-utils	arm64	native-arm64	exact-binary-and-source-version	20.09.0-3.1+deb11u1	77ad5871903040d61a86f8ae78bcb51e22280f0ae9c9e965b7daa7b9fe982eba	77ad5871903040d61a86f8ae78bcb51e22280f0ae9c9e965b7daa7b9fe982eba-poppler-utils_20.09.0-3.1+deb11u1_arm64.deb
printer-driver-all	0.20200223	all	printing-metas	0.20200223	printer-driver-all	all	reuse-all	exact-binary-and-source-version	0.20200223	21018215319ad0aedcde167650805d600212a4ad3d6976bfa12df0b9d8d6aad5	21018215319ad0aedcde167650805d600212a4ad3d6976bfa12df0b9d8d6aad5-printer-driver-all_0.20200223_all.deb
printer-driver-brlaser	6-1	amd64	brlaser	6-1	printer-driver-brlaser	arm64	native-arm64	exact-binary-and-source-version	6-1	59fceca6a5885142a86ffc27ea66043807e153b314c6669cfa7a801946fc4d07	59fceca6a5885142a86ffc27ea66043807e153b314c6669cfa7a801946fc4d07-printer-driver-brlaser_6-1_arm64.deb
printer-driver-c2050	0.3b-8	amd64	c2050	0.3b-8	printer-driver-c2050	arm64	native-arm64	exact-binary-and-source-version	0.3b-8	999cde8e32f0fb0f22b7a651025031f133395f8acd678d26be6734f100e3c30b	999cde8e32f0fb0f22b7a651025031f133395f8acd678d26be6734f100e3c30b-printer-driver-c2050_0.3b-8_arm64.deb
printer-driver-c2esp	27-8	amd64	c2esp	27-8	printer-driver-c2esp	arm64	native-arm64	exact-binary-and-source-version	27-8	02cd478cdfab2722862aaa2ea4f466f0a4f5408cd45ceb851e3f93de7761a600	02cd478cdfab2722862aaa2ea4f466f0a4f5408cd45ceb851e3f93de7761a600-printer-driver-c2esp_27-8_arm64.deb
printer-driver-cjet	0.8.9-8	amd64	cjet	0.8.9-8	printer-driver-cjet	arm64	native-arm64	exact-binary-and-source-version	0.8.9-8	61767501ce05f803f9d2a4c791cedbcba7f11e64c06d43a49f64e38b68dd82bd	61767501ce05f803f9d2a4c791cedbcba7f11e64c06d43a49f64e38b68dd82bd-printer-driver-cjet_0.8.9-8_arm64.deb
printer-driver-dymo	1.4.0-9	amd64	dymo-cups-drivers	1.4.0-9	printer-driver-dymo	arm64	native-arm64	exact-binary-and-source-version	1.4.0-9	bf1b746374f4ff6c196cb12c0eaaca5891be22a72b04595709c26a26c7dbb880	bf1b746374f4ff6c196cb12c0eaaca5891be22a72b04595709c26a26c7dbb880-printer-driver-dymo_1.4.0-9_arm64.deb
printer-driver-escpr	1.7.8-1	amd64	epson-inkjet-printer-escpr	1.7.8-1	printer-driver-escpr	arm64	native-arm64	exact-binary-and-source-version	1.7.8-1	03de04e88024003ebd99f59f055fb1fad174951bb09c6b56c17ea8a2eb1dd64c	03de04e88024003ebd99f59f055fb1fad174951bb09c6b56c17ea8a2eb1dd64c-printer-driver-escpr_1.7.8-1_arm64.deb
printer-driver-foo2zjs	20200505dfsg0-1	amd64	foo2zjs	20200505dfsg0-1	printer-driver-foo2zjs	arm64	native-arm64	exact-binary-and-source-version	20200505dfsg0-1	608e5f253c6ddc569bb94caaec6393e31d87290425c9d4f4fc8744c37f6ad357	608e5f253c6ddc569bb94caaec6393e31d87290425c9d4f4fc8744c37f6ad357-printer-driver-foo2zjs_20200505dfsg0-1_arm64.deb
printer-driver-foo2zjs-common	20200505dfsg0-1	all	foo2zjs	20200505dfsg0-1	printer-driver-foo2zjs-common	all	reuse-all	exact-binary-and-source-version	20200505dfsg0-1	9de3db38d855917b3a22ff73f588b7ed99881f2557dec64491da5803a08dcee7	9de3db38d855917b3a22ff73f588b7ed99881f2557dec64491da5803a08dcee7-printer-driver-foo2zjs-common_20200505dfsg0-1_all.deb
printer-driver-gutenprint	5.3.3-5	amd64	gutenprint	5.3.3-5	printer-driver-gutenprint	arm64	native-arm64	exact-binary-and-source-version	5.3.3-5	d6b0c4d30ae603bd0795e42202fc95843d58daaa5e76781a93e6836c6fcd86d3	d6b0c4d30ae603bd0795e42202fc95843d58daaa5e76781a93e6836c6fcd86d3-printer-driver-gutenprint_5.3.3-5_arm64.deb
printer-driver-hpcups	3.21.2+dfsg1-2	amd64	hplip	3.21.2+dfsg1-2	printer-driver-hpcups	arm64	native-arm64	exact-binary-and-source-version	3.21.2+dfsg1-2	ba540059f5e9f35040d81e12e989f5fffe79fd9239f368463f88fdaa09c5c730	ba540059f5e9f35040d81e12e989f5fffe79fd9239f368463f88fdaa09c5c730-printer-driver-hpcups_3.21.2+dfsg1-2_arm64.deb
printer-driver-hpijs	3.21.2+dfsg1-2	amd64	hplip	3.21.2+dfsg1-2	printer-driver-hpijs	arm64	native-arm64	exact-binary-and-source-version	3.21.2+dfsg1-2	f1ef58a996ee02545996922dd077801aa487490c81b21111ad445adf3dd4a83d	f1ef58a996ee02545996922dd077801aa487490c81b21111ad445adf3dd4a83d-printer-driver-hpijs_3.21.2+dfsg1-2_arm64.deb
printer-driver-m2300w	0.51-14	amd64	m2300w	0.51-14	printer-driver-m2300w	arm64	native-arm64	exact-binary-and-source-version	0.51-14	3a9e0aaefb89e60c1e70b9f7b6b96aa0a5a76380ea2cf83d39212fa63547a4f1	3a9e0aaefb89e60c1e70b9f7b6b96aa0a5a76380ea2cf83d39212fa63547a4f1-printer-driver-m2300w_0.51-14_arm64.deb
printer-driver-min12xxw	0.0.9-11	amd64	min12xxw	0.0.9-11	printer-driver-min12xxw	arm64	native-arm64	exact-binary-and-source-version	0.0.9-11	a8d6268c06c03ae138692aa7e9fe49a3a6706082743ac4ce47849c368b9c49f4	a8d6268c06c03ae138692aa7e9fe49a3a6706082743ac4ce47849c368b9c49f4-printer-driver-min12xxw_0.0.9-11_arm64.deb
printer-driver-pnm2ppa	1.13-10	amd64	pnm2ppa	1.13-10	printer-driver-pnm2ppa	arm64	native-arm64	exact-binary-and-source-version	1.13-10	ff7d25b4f411ee42fbbcf1acb26401e9b5c4875949d2ee8c5a31f5b0c09fa7d2	ff7d25b4f411ee42fbbcf1acb26401e9b5c4875949d2ee8c5a31f5b0c09fa7d2-printer-driver-pnm2ppa_1.13-10_arm64.deb
printer-driver-postscript-hp	3.21.2+dfsg1-2	amd64	hplip	3.21.2+dfsg1-2	printer-driver-postscript-hp	arm64	native-arm64	exact-binary-and-source-version	3.21.2+dfsg1-2	0c952b2aa868648444fc7069609184b4275d4e1408864d8cb3bd29b5e5fc6ed1	0c952b2aa868648444fc7069609184b4275d4e1408864d8cb3bd29b5e5fc6ed1-printer-driver-postscript-hp_3.21.2+dfsg1-2_arm64.deb
printer-driver-ptouch	1.5.1-2	amd64	ptouch-driver	1.5.1-2	printer-driver-ptouch	arm64	native-arm64	exact-binary-and-source-version	1.5.1-2	bcadda3282282adf6348d45b9ea9ecf1ed384f7bef7be85786f09a7d1db3013d	bcadda3282282adf6348d45b9ea9ecf1ed384f7bef7be85786f09a7d1db3013d-printer-driver-ptouch_1.5.1-2_arm64.deb
printer-driver-pxljr	1.4+repack0-5	amd64	pxljr	1.4+repack0-5	printer-driver-pxljr	arm64	native-arm64	exact-binary-and-source-version	1.4+repack0-5	f73be011ea0828bbfeae01efc8363ad7326af5c485f7af73face7fd501b76957	f73be011ea0828bbfeae01efc8363ad7326af5c485f7af73face7fd501b76957-printer-driver-pxljr_1.4+repack0-5_arm64.deb
printer-driver-sag-gdi	0.1-7	all	rastertosag-gdi	0.1-7	printer-driver-sag-gdi	all	reuse-all	exact-binary-and-source-version	0.1-7	20a2fde92e579e91d85a0e367ca91e99c2b4279ae17649bf6f2755f5fe6b2aab	20a2fde92e579e91d85a0e367ca91e99c2b4279ae17649bf6f2755f5fe6b2aab-printer-driver-sag-gdi_0.1-7_all.deb
printer-driver-splix	2.0.0+svn315-7	amd64	splix	2.0.0+svn315-7	printer-driver-splix	arm64	native-arm64	exact-binary-and-source-version	2.0.0+svn315-7	c98546c981594f1e4ef5959335e6347f2cbf7b68b2c637cdbec57a182391c948	c98546c981594f1e4ef5959335e6347f2cbf7b68b2c637cdbec57a182391c948-printer-driver-splix_2.0.0+svn315-7_arm64.deb
procps	2:3.3.17-5	amd64	procps	2:3.3.17-5	procps	arm64	native-arm64	exact-binary-and-source-version	2:3.3.17-5	2d942bae227468631915e34a78a6edd714dc505bdc250e2251ae196731eb1e8a	2d942bae227468631915e34a78a6edd714dc505bdc250e2251ae196731eb1e8a-procps_2%3a3.3.17-5_arm64.deb
psmisc	23.4-2	amd64	psmisc	23.4-2	psmisc	arm64	native-arm64	exact-binary-and-source-version	23.4-2	6358fd290b78d967003d72862f8fb0bfcccec4074236fb65a7686961936d7307	6358fd290b78d967003d72862f8fb0bfcccec4074236fb65a7686961936d7307-psmisc_23.4-2_arm64.deb
pulseaudio	14.2-2	amd64	pulseaudio	14.2-2	pulseaudio	arm64	native-arm64	exact-binary-and-source-version	14.2-2	ad3476c90a8d0394d91f6eab290a9cc484f9f638039899f2c223c3697fe4f461	ad3476c90a8d0394d91f6eab290a9cc484f9f638039899f2c223c3697fe4f461-pulseaudio_14.2-2_arm64.deb
pulseaudio-module-bluetooth	14.2-2	amd64	pulseaudio	14.2-2	pulseaudio-module-bluetooth	arm64	native-arm64	exact-binary-and-source-version	14.2-2	b89656dc9adef0df5c3375b114501437d95cd4d21430955df5574a5380ba5ffe	b89656dc9adef0df5c3375b114501437d95cd4d21430955df5574a5380ba5ffe-pulseaudio-module-bluetooth_14.2-2_arm64.deb
pulseaudio-utils	14.2-2	amd64	pulseaudio	14.2-2	pulseaudio-utils	arm64	native-arm64	exact-binary-and-source-version	14.2-2	63b72980f64f69ab9aaee3ce3bf5365636cb98c76abaf833f4bb2cf7ecdc78cd	63b72980f64f69ab9aaee3ce3bf5365636cb98c76abaf833f4bb2cf7ecdc78cd-pulseaudio-utils_14.2-2_arm64.deb
python-apt-common	2.2.1	all	python-apt	2.2.1	python-apt-common	all	reuse-all	exact-binary-and-source-version	2.2.1	b088b962d377c1e58f95e9855f7eab3e0565444af9753e410a8d2959f482e15a	b088b962d377c1e58f95e9855f7eab3e0565444af9753e410a8d2959f482e15a-python-apt-common_2.2.1_all.deb
python2.7	2.7.18-8	amd64	python2.7	2.7.18-8	python2.7	arm64	native-arm64	exact-binary-and-source-version	2.7.18-8	9a451d44b3418616a9ad284f85ac0b9f70794cc708d9c8edff7dd5b7cd2c3a4e	9a451d44b3418616a9ad284f85ac0b9f70794cc708d9c8edff7dd5b7cd2c3a4e-python2.7_2.7.18-8_arm64.deb
python2.7-minimal	2.7.18-8	amd64	python2.7	2.7.18-8	python2.7-minimal	arm64	native-arm64	exact-binary-and-source-version	2.7.18-8	02c150099c267c2c8e50fb524c2e34d14a3633a92fabcf0faa68f0d432db54df	02c150099c267c2c8e50fb524c2e34d14a3633a92fabcf0faa68f0d432db54df-python2.7-minimal_2.7.18-8_arm64.deb
python3	3.9.2-3	amd64	python3-defaults	3.9.2-3	python3	arm64	native-arm64	exact-binary-and-source-version	3.9.2-3	79197285d25e73a2a07667efe80af152dd932ac5ef3e13717f1ac824d111ea81	79197285d25e73a2a07667efe80af152dd932ac5ef3e13717f1ac824d111ea81-python3_3.9.2-3_arm64.deb
python3-apt	2.2.1	amd64	python-apt	2.2.1	python3-apt	arm64	native-arm64	exact-binary-and-source-version	2.2.1	f1198540c58163f1a91b64e31820cd217f7fec43a8ba953da1a28183f3ea46a1	f1198540c58163f1a91b64e31820cd217f7fec43a8ba953da1a28183f3ea46a1-python3-apt_2.2.1_arm64.deb
python3-cairo	1.16.2-4+b2	amd64	pycairo	1.16.2-4	python3-cairo	arm64	native-arm64	exact-binary-and-source-version	1.16.2-4+b2	da774141850ccc6985b36a476dff61883abf5b33cb54258128e37bb0a0347feb	da774141850ccc6985b36a476dff61883abf5b33cb54258128e37bb0a0347feb-python3-cairo_1.16.2-4+b2_arm64.deb
python3-certifi	2020.6.20-1	all	python-certifi	2020.6.20-1	python3-certifi	all	reuse-all	exact-binary-and-source-version	2020.6.20-1	8f9105eb7cf914c26998b47a21177d75df71ad9290fd14b54e561d4cce536b89	8f9105eb7cf914c26998b47a21177d75df71ad9290fd14b54e561d4cce536b89-python3-certifi_2020.6.20-1_all.deb
python3-cffi-backend	1.14.5-1	amd64	python-cffi	1.14.5-1	python3-cffi-backend	arm64	native-arm64	exact-binary-and-source-version	1.14.5-1	13dcca3e67de1e64e7b750d58cbec30c12cdb11b3abbfbcb5ff8ffe52985cf13	13dcca3e67de1e64e7b750d58cbec30c12cdb11b3abbfbcb5ff8ffe52985cf13-python3-cffi-backend_1.14.5-1_arm64.deb
python3-chardet	4.0.0-1	all	chardet	4.0.0-1	python3-chardet	all	reuse-all	exact-binary-and-source-version	4.0.0-1	25327c2d577baa5275052732324d1c426f08ddba24daf852240a16b6c7de05bb	25327c2d577baa5275052732324d1c426f08ddba24daf852240a16b6c7de05bb-python3-chardet_4.0.0-1_all.deb
python3-configobj	5.0.6-4	all	configobj	5.0.6-4	python3-configobj	all	reuse-all	exact-binary-and-source-version	5.0.6-4	ab58cc061a9d73b2e79bdcda0307f89cdaf2ea80b288e150e6ff6b9d249af3d8	ab58cc061a9d73b2e79bdcda0307f89cdaf2ea80b288e150e6ff6b9d249af3d8-python3-configobj_5.0.6-4_all.deb
python3-cryptography	3.3.2-1	amd64	python-cryptography	3.3.2-1	python3-cryptography	arm64	native-arm64	exact-binary-and-source-version	3.3.2-1	5f837d0759eb387577072900c594e83d3cb9ea6f8fe50ab4337d867ffbbf8e66	5f837d0759eb387577072900c594e83d3cb9ea6f8fe50ab4337d867ffbbf8e66-python3-cryptography_3.3.2-1_arm64.deb
python3-cups	2.0.1-4+b1	amd64	python-cups	2.0.1-4	python3-cups	arm64	native-arm64	exact-binary-and-source-version	2.0.1-4+b1	0a796910248822d05e8603dc2b1b4affce8373ed44dd795d2788918402263ef3	0a796910248822d05e8603dc2b1b4affce8373ed44dd795d2788918402263ef3-python3-cups_2.0.1-4+b1_arm64.deb
python3-cupshelpers	1.5.14-1+grm3u1	all	system-config-printer	1.5.14-1+grm3u1	python3-cupshelpers	all	reuse-all	exact-binary-and-source-version	1.5.14-1+grm3u1	3b0f9a14fd3bfd6efac9b564426044d76ed49591df86727a3e1f2ae71e6a0bfd	3b0f9a14fd3bfd6efac9b564426044d76ed49591df86727a3e1f2ae71e6a0bfd-python3-cupshelpers_1.5.14-1+grm3u1_all.deb
python3-dbus	1.2.16-5	amd64	dbus-python	1.2.16-5	python3-dbus	arm64	native-arm64	exact-binary-and-source-version	1.2.16-5	c393d7ed557168d965747eebeae6d552342d4a5cb0a5944bf1f8bb6e290bc9c6	c393d7ed557168d965747eebeae6d552342d4a5cb0a5944bf1f8bb6e290bc9c6-python3-dbus_1.2.16-5_arm64.deb
python3-debian	0.1.39	all	python-debian	0.1.39	python3-debian	all	reuse-all	exact-binary-and-source-version	0.1.39	bcf44079d63402099af6444d37e072a0c5d0fcd48fd6f1afcc3c6d6d16cb9a26	bcf44079d63402099af6444d37e072a0c5d0fcd48fd6f1afcc3c6d6d16cb9a26-python3-debian_0.1.39_all.deb
python3-distro	1.5.0-1	all	python-distro	1.5.0-1	python3-distro	all	reuse-all	exact-binary-and-source-version	1.5.0-1	21a1efbcb10f67951e923f6412bfc6cad75f61c4b992ea42821490515e8bfdc8	21a1efbcb10f67951e923f6412bfc6cad75f61c4b992ea42821490515e8bfdc8-python3-distro_1.5.0-1_all.deb
python3-distutils	3.9.2-1	all	python3-stdlib-extensions	3.9.2-1	python3-distutils	all	reuse-all	exact-binary-and-source-version	3.9.2-1	05ec4080e0f05ba6b1c339d89c97f6343919be450b66cf4cfb215f54dcb85e58	05ec4080e0f05ba6b1c339d89c97f6343919be450b66cf4cfb215f54dcb85e58-python3-distutils_3.9.2-1_all.deb
python3-dns	3.2.1-1	all	py3dns	3.2.1-1	python3-dns	all	reuse-all	exact-binary-and-source-version	3.2.1-1	3bb11c61a55e51360bf6d37f9d75f54877403c12a0f206c6428bc6ade50d5eeb	3bb11c61a55e51360bf6d37f9d75f54877403c12a0f206c6428bc6ade50d5eeb-python3-dns_3.2.1-1_all.deb
python3-gi	3.38.0-2	amd64	pygobject	3.38.0-2	python3-gi	arm64	native-arm64	exact-binary-and-source-version	3.38.0-2	aa17e98e108ff95443edfc61a9154961b873dc8552530911f9d5f327b87a07d7	aa17e98e108ff95443edfc61a9154961b873dc8552530911f9d5f327b87a07d7-python3-gi_3.38.0-2_arm64.deb
python3-gi-cairo	3.38.0-2	amd64	pygobject	3.38.0-2	python3-gi-cairo	arm64	native-arm64	exact-binary-and-source-version	3.38.0-2	ca795be88463ccd43be1814a8906d4c4e98667e77aac23e3ac6d4aacc1f2ab7e	ca795be88463ccd43be1814a8906d4c4e98667e77aac23e3ac6d4aacc1f2ab7e-python3-gi-cairo_3.38.0-2_arm64.deb
python3-gnupg	0.4.6-1	all	python-gnupg	0.4.6-1	python3-gnupg	all	reuse-all	exact-binary-and-source-version	0.4.6-1	0f27a4880100f950e5711d097a55581e14dfece96f9944d1efd7a049cdc0cdbe	0f27a4880100f950e5711d097a55581e14dfece96f9944d1efd7a049cdc0cdbe-python3-gnupg_0.4.6-1_all.deb
python3-httplib2	0.18.1-3	all	python-httplib2	0.18.1-3	python3-httplib2	all	reuse-all	exact-binary-and-source-version	0.18.1-3	81ff978c5ca5a63b997cf755bf69f9af1fde66c08fef33330f401333ba7deee0	81ff978c5ca5a63b997cf755bf69f9af1fde66c08fef33330f401333ba7deee0-python3-httplib2_0.18.1-3_all.deb
python3-idna	2.10-1	all	python-idna	2.10-1	python3-idna	all	reuse-all	exact-binary-and-source-version	2.10-1	218bc2f8908752f9fddf3ac95cd30d8f9ef770d3d6c96f346fec4fa2f7ada56f	218bc2f8908752f9fddf3ac95cd30d8f9ef770d3d6c96f346fec4fa2f7ada56f-python3-idna_2.10-1_all.deb
python3-iptables	1.0.0-1+b2	amd64	python-iptables	1.0.0-1	python3-iptables	arm64	native-arm64	exact-binary-and-source-version	1.0.0-1+b2	952cc04510beeb5abaa4ed595404d6555459f6e8c8092f29142ae863e923f7bc	952cc04510beeb5abaa4ed595404d6555459f6e8c8092f29142ae863e923f7bc-python3-iptables_1.0.0-1+b2_arm64.deb
python3-ldb	2:2.2.3-2~deb11u2	amd64	ldb	2:2.2.3-2~deb11u2	python3-ldb	arm64	native-arm64	exact-binary-and-source-version	2:2.2.3-2~deb11u2	4b280f4845fa648df429dc5d94d65c2dda9c03e0b721cd67c4f8f62472d17532	4b280f4845fa648df429dc5d94d65c2dda9c03e0b721cd67c4f8f62472d17532-python3-ldb_2%3a2.2.3-2~deb11u2_arm64.deb
python3-lib2to3	3.9.2-1	all	python3-stdlib-extensions	3.9.2-1	python3-lib2to3	all	reuse-all	exact-binary-and-source-version	3.9.2-1	802c198e5dd0b5af85a6937e426a85d616680785e8d18148fac451281a83a9a9	802c198e5dd0b5af85a6937e426a85d616680785e8d18148fac451281a83a9a9-python3-lib2to3_3.9.2-1_all.deb
python3-minimal	3.9.2-3	amd64	python3-defaults	3.9.2-3	python3-minimal	arm64	native-arm64	exact-binary-and-source-version	3.9.2-3	7c0e0e24c995d3419e3c80fa47407b8fef0b631c70dbadee75d1783e509c4783	7c0e0e24c995d3419e3c80fa47407b8fef0b631c70dbadee75d1783e509c4783-python3-minimal_3.9.2-3_arm64.deb
python3-netifaces	0.10.9-0.2+b3	amd64	netifaces	0.10.9-0.2	python3-netifaces	arm64	native-arm64	exact-binary-and-source-version	0.10.9-0.2+b3	1e31e0b594ce3b1e106d2c180febdca072253bc73718e738b0c605392a900e8e	1e31e0b594ce3b1e106d2c180febdca072253bc73718e738b0c605392a900e8e-python3-netifaces_0.10.9-0.2+b3_arm64.deb
python3-numpy	1:1.19.5-1	amd64	numpy	1:1.19.5-1	python3-numpy	arm64	native-arm64	exact-binary-and-source-version	1:1.19.5-1	5c1b03cff0683a571e8d1547457b6a4f7fc7cfb58d0f024ae7ac58f635a02139	5c1b03cff0683a571e8d1547457b6a4f7fc7cfb58d0f024ae7ac58f635a02139-python3-numpy_1%3a1.19.5-1_arm64.deb
python3-openssl	20.0.1-1	all	pyopenssl	20.0.1-1	python3-openssl	all	reuse-all	exact-binary-and-source-version	20.0.1-1	f48e05b4bd5ee5337579fdbf85abf09bacca84ef4beb880a85ed6a39df2b357d	f48e05b4bd5ee5337579fdbf85abf09bacca84ef4beb880a85ed6a39df2b357d-python3-openssl_20.0.1-1_all.deb
python3-parted	3.11.7-0.1+b1	amd64	pyparted	3.11.7-0.1	python3-parted	arm64	native-arm64	exact-binary-and-source-version	3.11.7-0.1+b1	13656cdbf748bff527693e7c77d5158e9b16b07d3c621fcb1414966061dcf67f	13656cdbf748bff527693e7c77d5158e9b16b07d3c621fcb1414966061dcf67f-python3-parted_3.11.7-0.1+b1_arm64.deb
python3-pil	8.1.2+dfsg-0.3+deb11u1	amd64	pillow	8.1.2+dfsg-0.3+deb11u1	python3-pil	arm64	native-arm64	exact-binary-and-source-version	8.1.2+dfsg-0.3+deb11u1	9f3495d5ac73c3357621a552d393a9a38aaf487dafcc09023a875989486cf68f	9f3495d5ac73c3357621a552d393a9a38aaf487dafcc09023a875989486cf68f-python3-pil_8.1.2+dfsg-0.3+deb11u1_arm64.deb
python3-pkg-resources	52.0.0-4	all	setuptools	52.0.0-4	python3-pkg-resources	all	reuse-all	exact-binary-and-source-version	52.0.0-4	e81cb1b4a3aa739fa5bcfceb043c3bd47233b4f5a36f88ad2de1f05a83d6ec2b	e81cb1b4a3aa739fa5bcfceb043c3bd47233b4f5a36f88ad2de1f05a83d6ec2b-python3-pkg-resources_52.0.0-4_all.deb
python3-psutil	5.8.0-1	amd64	python-psutil	5.8.0-1	python3-psutil	arm64	native-arm64	exact-binary-and-source-version	5.8.0-1	132e1ad6d1dbe735318f8a51ffaa34fccf04449677cb1b8cd7fb684b9aafc33d	132e1ad6d1dbe735318f8a51ffaa34fccf04449677cb1b8cd7fb684b9aafc33d-python3-psutil_5.8.0-1_arm64.deb
python3-pwquality	1.4.4-1	amd64	libpwquality	1.4.4-1	python3-pwquality	arm64	native-arm64	exact-binary-and-source-version	1.4.4-1	e375637acf88fd409191de34459b89ab61a773973296f70d68f4daf53c189ac1	e375637acf88fd409191de34459b89ab61a773973296f70d68f4daf53c189ac1-python3-pwquality_1.4.4-1_arm64.deb
python3-pyinotify	0.9.6-1.3	all	pyinotify	0.9.6-1.3	python3-pyinotify	all	reuse-all	exact-binary-and-source-version	0.9.6-1.3	1dd4ba45f6108f7168934132781bae300ed79e419fdef924699be2373cea8f61	1dd4ba45f6108f7168934132781bae300ed79e419fdef924699be2373cea8f61-python3-pyinotify_0.9.6-1.3_all.deb
python3-pyqt5	5.15.2+dfsg-3	amd64	pyqt5	5.15.2+dfsg-3	python3-pyqt5	arm64	native-arm64	exact-binary-and-source-version	5.15.2+dfsg-3	52618734c2008226f6e4c18dc4f2c88aa32ed78a21db32976caede212e9a0a48	52618734c2008226f6e4c18dc4f2c88aa32ed78a21db32976caede212e9a0a48-python3-pyqt5_5.15.2+dfsg-3_arm64.deb
python3-pyqt5.sip	12.8.1-1+b2	amd64	pyqt5-sip	12.8.1-1	python3-pyqt5.sip	arm64	native-arm64	exact-binary-and-source-version	12.8.1-1+b2	a7647785747e6443fb044f752cf4dee4a33102dc3b84a31495ee3a78c4aeb81c	a7647785747e6443fb044f752cf4dee4a33102dc3b84a31495ee3a78c4aeb81c-python3-pyqt5.sip_12.8.1-1+b2_arm64.deb
python3-pyudev	0.22.0-2	all	pyudev	0.22.0-2	python3-pyudev	all	reuse-all	exact-binary-and-source-version	0.22.0-2	241836d37ff9ace8eb27f01545c1d80ef59dc6ff0b29bbaefd2308708c03e300	241836d37ff9ace8eb27f01545c1d80ef59dc6ff0b29bbaefd2308708c03e300-python3-pyudev_0.22.0-2_all.deb
python3-requests	2.25.1+dfsg-2	all	requests	2.25.1+dfsg-2	python3-requests	all	reuse-all	exact-binary-and-source-version	2.25.1+dfsg-2	3ae277c70c3bf903f9e769adaf2c1c236720fbb2077f4f4a19bb50c05c92648b	3ae277c70c3bf903f9e769adaf2c1c236720fbb2077f4f4a19bb50c05c92648b-python3-requests_2.25.1+dfsg-2_all.deb
python3-simplejson	3.17.2-1	amd64	simplejson	3.17.2-1	python3-simplejson	arm64	native-arm64	exact-binary-and-source-version	3.17.2-1	71dab7eb90a13e9d85d335aa5e2ed679a653c8b7451ae8273d5dd7ba2a2eda68	71dab7eb90a13e9d85d335aa5e2ed679a653c8b7451ae8273d5dd7ba2a2eda68-python3-simplejson_3.17.2-1_arm64.deb
python3-six	1.16.0-2	all	six	1.16.0-2	python3-six	all	reuse-all	exact-binary-and-source-version	1.16.0-2	acd4271ba56e42298b9fab0fcdad8f319970b50d1026f8469eed968a20f28761	acd4271ba56e42298b9fab0fcdad8f319970b50d1026f8469eed968a20f28761-python3-six_1.16.0-2_all.deb
python3-systemd	234-3+b4	amd64	python-systemd	234-3	python3-systemd	arm64	native-arm64	exact-binary-and-source-version	234-3+b4	e9a75ab3b021f607bb01bf07bdecf7b6449fc7dee1e99ef04e8dae658c29ea55	e9a75ab3b021f607bb01bf07bdecf7b6449fc7dee1e99ef04e8dae658c29ea55-python3-systemd_234-3+b4_arm64.deb
python3-talloc	2.3.1-2+b1	amd64	talloc	2.3.1-2	python3-talloc	arm64	native-arm64	exact-binary-and-source-version	2.3.1-2+b1	d07288d0def59f7ee56e10d85441cc66d31ae00d49b025658a60f469d407407f	d07288d0def59f7ee56e10d85441cc66d31ae00d49b025658a60f469d407407f-python3-talloc_2.3.1-2+b1_arm64.deb
python3-urllib3	1.26.5-1~exp1	all	python-urllib3	1.26.5-1~exp1	python3-urllib3	all	reuse-all	exact-binary-and-source-version	1.26.5-1~exp1	55187f8440eb6b14dabdddca34d1c93b488f1874fdd5acf77bfafd0421328168	55187f8440eb6b14dabdddca34d1c93b488f1874fdd5acf77bfafd0421328168-python3-urllib3_1.26.5-1~exp1_all.deb
python3-xdg	0.27-2	all	pyxdg	0.27-2	python3-xdg	all	reuse-all	exact-binary-and-source-version	0.27-2	25b95026875bd8accb7b64dd512826fae2474c114e5a1897f35f24c6ce95244c	25b95026875bd8accb7b64dd512826fae2474c114e5a1897f35f24c6ce95244c-python3-xdg_0.27-2_all.deb
python3-xlib	0.29-1	all	python-xlib	0.29-1	python3-xlib	all	reuse-all	exact-binary-and-source-version	0.29-1	2f85e0b0061c77f25534cb13d1b157c8b65513f1e814fbcea293274efb5f1510	2f85e0b0061c77f25534cb13d1b157c8b65513f1e814fbcea293274efb5f1510-python3-xlib_0.29-1_all.deb
python3-zeitgeist	1.0.3-4	all	zeitgeist	1.0.3-4	python3-zeitgeist	all	reuse-all	exact-binary-and-source-version	1.0.3-4	072c3176b6877a160bcb58694777f6611b6b9f6da6e1e36788cd63e6ae90f636	072c3176b6877a160bcb58694777f6611b6b9f6da6e1e36788cd63e6ae90f636-python3-zeitgeist_1.0.3-4_all.deb
python3.9	3.9.2-1	amd64	python3.9	3.9.2-1	python3.9	arm64	native-arm64	exact-binary-and-source-version	3.9.2-1	88cbc8eee37ef1f240fdd458f984bd3770cdd8cb1703e8e1666e026f6ca61327	88cbc8eee37ef1f240fdd458f984bd3770cdd8cb1703e8e1666e026f6ca61327-python3.9_3.9.2-1_arm64.deb
python3.9-minimal	3.9.2-1	amd64	python3.9	3.9.2-1	python3.9-minimal	arm64	native-arm64	exact-binary-and-source-version	3.9.2-1	bc0d0ed39ebc066020c3a16afdab4fd3e0260b41ae799273531d5b2403ae7b27	bc0d0ed39ebc066020c3a16afdab4fd3e0260b41ae799273531d5b2403ae7b27-python3.9-minimal_3.9.2-1_arm64.deb
readline-common	8.1-1	all	readline	8.1-1	readline-common	all	reuse-all	exact-binary-and-source-version	8.1-1	3f947176ef949f93e4ad5d76c067d33fa97cf90b62ee0748acb4f5f64790edc8	3f947176ef949f93e4ad5d76c067d33fa97cf90b62ee0748acb4f5f64790edc8-readline-common_8.1-1_all.deb
rsync	3.2.3-4+deb11u1	amd64	rsync	3.2.3-4+deb11u1	rsync	arm64	native-arm64	exact-binary-and-source-version	3.2.3-4+deb11u1	799e6b04a1c23b5a32763519d3ef72d3a910c812f29755def4babff4f272bbae	799e6b04a1c23b5a32763519d3ef72d3a910c812f29755def4babff4f272bbae-rsync_3.2.3-4+deb11u1_arm64.deb
rsyslog	8.2102.0-2+deb11u1	amd64	rsyslog	8.2102.0-2+deb11u1	rsyslog	arm64	native-arm64	exact-binary-and-source-version	8.2102.0-2+deb11u1	9aba35473d5e48587974d199188c0f499e026c6f63efb41d303b6294e11a3e4f	9aba35473d5e48587974d199188c0f499e026c6f63efb41d303b6294e11a3e4f-rsyslog_8.2102.0-2+deb11u1_arm64.deb
rygel	0.40.0-1	amd64	rygel	0.40.0-1	rygel	arm64	native-arm64	exact-binary-and-source-version	0.40.0-1	d8f5517190d1577bc6b0e6e1e540fc213fe8d6e9d4b86192d07a23defd291ef0	d8f5517190d1577bc6b0e6e1e540fc213fe8d6e9d4b86192d07a23defd291ef0-rygel_0.40.0-1_arm64.deb
samba-libs	2:4.13.13+dfsg-1~deb11u5	amd64	samba	2:4.13.13+dfsg-1~deb11u5	samba-libs	arm64	native-arm64	exact-binary-and-source-version	2:4.13.13+dfsg-1~deb11u5	a711321087255e37cdbc20714d70351706b6eeb80ad6b828ea7c2207d646114e	a711321087255e37cdbc20714d70351706b6eeb80ad6b828ea7c2207d646114e-samba-libs_2%3a4.13.13+dfsg-1~deb11u5_arm64.deb
sed	4.7-1	amd64	sed	4.7-1	sed	arm64	native-arm64	exact-binary-and-source-version	4.7-1	e9d19ae74ed3f6198f70a4de266550ffc4d831e00c127c7297b17136a50f64e0	e9d19ae74ed3f6198f70a4de266550ffc4d831e00c127c7297b17136a50f64e0-sed_4.7-1_arm64.deb
sensible-utils	0.0.14	all	sensible-utils	0.0.14	sensible-utils	all	reuse-all	exact-binary-and-source-version	0.0.14	b9a447dc4ec8714196b037e20a2209e62cd669f5450222952f259bda4416b71f	b9a447dc4ec8714196b037e20a2209e62cd669f5450222952f259bda4416b71f-sensible-utils_0.0.14_all.deb
shared-mime-info	2.0-1	amd64	shared-mime-info	2.0-1	shared-mime-info	arm64	native-arm64	exact-binary-and-source-version	2.0-1	33257bc679bee7b2627a001eb747f3378ea8c8063863d2cb6edb6ad7f37f280a	33257bc679bee7b2627a001eb747f3378ea8c8063863d2cb6edb6ad7f37f280a-shared-mime-info_2.0-1_arm64.deb
sound-theme-freedesktop	0.8-2	all	sound-theme-freedesktop	0.8-2	sound-theme-freedesktop	all	reuse-all	exact-binary-and-source-version	0.8-2	135cc4893ba590d428577bc3bf42df756a165c05a2a43f84311ad7db779a70ea	135cc4893ba590d428577bc3bf42df756a165c05a2a43f84311ad7db779a70ea-sound-theme-freedesktop_0.8-2_all.deb
ssl-cert	1.1.0+nmu1	all	ssl-cert	1.1.0+nmu1	ssl-cert	all	reuse-all	exact-binary-and-source-version	1.1.0+nmu1	6f3b0c20b0a37b2b196d832910a754cf784f96854daa02a16f4ac46d366cdcb8	6f3b0c20b0a37b2b196d832910a754cf784f96854daa02a16f4ac46d366cdcb8-ssl-cert_1.1.0+nmu1_all.deb
startpar	0.64-3	amd64	startpar	0.64-3	startpar	arm64	native-arm64	exact-binary-and-source-version	0.64-3	020253cac59cbb08283b92d4414b579eb5f500b94f74c7dfc2c311b4f6e7ed56	020253cac59cbb08283b92d4414b579eb5f500b94f74c7dfc2c311b4f6e7ed56-startpar_0.64-3_arm64.deb
streamer	3.107-1	amd64	xawtv	3.107-1	streamer	arm64	native-arm64	exact-binary-and-source-version	3.107-1	5a85ccaf003e5d7080bf8c5c0b6c26752976776d2e8629b452a700215cf345e1	5a85ccaf003e5d7080bf8c5c0b6c26752976776d2e8629b452a700215cf345e1-streamer_3.107-1_arm64.deb
sudo	1.9.5p2-3+deb11u1	amd64	sudo	1.9.5p2-3+deb11u1	sudo	arm64	native-arm64	exact-binary-and-source-version	1.9.5p2-3+deb11u1	35ad7e168ba0806c076832af9e0168f2b71e2b2eb59391852dcbe66fc48ba247	35ad7e168ba0806c076832af9e0168f2b71e2b2eb59391852dcbe66fc48ba247-sudo_1.9.5p2-3+deb11u1_arm64.deb
synaptic	0.90.2+grm3u3	amd64	synaptic	0.90.2+grm3u3	synaptic	arm64	native-arm64	exact-binary-and-source-version	0.90.2+grm3u3	966a670bdbf06b43fe2cd2880a3a400cb4b54c090e5225834a5f38b8f34c166c	966a670bdbf06b43fe2cd2880a3a400cb4b54c090e5225834a5f38b8f34c166c-synaptic_0.90.2+grm3u3_arm64.deb
system-config-printer	1.5.14-1+grm3u1	all	system-config-printer	1.5.14-1+grm3u1	system-config-printer	all	reuse-all	exact-binary-and-source-version	1.5.14-1+grm3u1	0cf9081fefd9c7844d5f8412301523a6cdc475d283a93d431f3e956bf02ff13d	0cf9081fefd9c7844d5f8412301523a6cdc475d283a93d431f3e956bf02ff13d-system-config-printer_1.5.14-1+grm3u1_all.deb
system-config-printer-common	1.5.14-1+grm3u1	all	system-config-printer	1.5.14-1+grm3u1	system-config-printer-common	all	reuse-all	exact-binary-and-source-version	1.5.14-1+grm3u1	092c19cf8c407d2e054839c211f9a75a85c1f43bec3acca93e7c72a57df826e0	092c19cf8c407d2e054839c211f9a75a85c1f43bec3acca93e7c72a57df826e0-system-config-printer-common_1.5.14-1+grm3u1_all.deb
systemd	247.3-7+deb11u4	amd64	systemd	247.3-7+deb11u4	systemd	arm64	native-arm64	exact-binary-and-source-version	247.3-7+deb11u4	ae0dddf0a76c0c9692353f17084d14fa1d37fe0893696300794b7000808f072a	ae0dddf0a76c0c9692353f17084d14fa1d37fe0893696300794b7000808f072a-systemd_247.3-7+deb11u4_arm64.deb
systemd-sysv	247.3-7+deb11u4	amd64	systemd	247.3-7+deb11u4	systemd-sysv	arm64	native-arm64	exact-binary-and-source-version	247.3-7+deb11u4	442234a6d6b5e092876feb224299cd42a243d68d1c3c70ca9d5a1aa5d8b8a2ab	442234a6d6b5e092876feb224299cd42a243d68d1c3c70ca9d5a1aa5d8b8a2ab-systemd-sysv_247.3-7+deb11u4_arm64.deb
systemd-timesyncd	247.3-7+deb11u4	amd64	systemd	247.3-7+deb11u4	systemd-timesyncd	arm64	native-arm64	exact-binary-and-source-version	247.3-7+deb11u4	cbc0fcdf59943fab64a0803518195a87a7a2a25b4ab5a0a3e63d0dca5144861e	cbc0fcdf59943fab64a0803518195a87a7a2a25b4ab5a0a3e63d0dca5144861e-systemd-timesyncd_247.3-7+deb11u4_arm64.deb
sysv-rc	2.96-7+deb11u1	all	sysvinit	2.96-7+deb11u1	sysv-rc	all	reuse-all	exact-binary-and-source-version	2.96-7+deb11u1	54dad798fb1240d9b11adb2087f477b21e02cf4d750340874f102dd1b41c69d7	54dad798fb1240d9b11adb2087f477b21e02cf4d750340874f102dd1b41c69d7-sysv-rc_2.96-7+deb11u1_all.deb
sysvinit-utils	2.96-7+deb11u1	amd64	sysvinit	2.96-7+deb11u1	sysvinit-utils	arm64	native-arm64	exact-binary-and-source-version	2.96-7+deb11u1	51eafe37a207f586fd6fb0781e24abea3dd26a74f9d4597726db569f76ba0d8e	51eafe37a207f586fd6fb0781e24abea3dd26a74f9d4597726db569f76ba0d8e-sysvinit-utils_2.96-7+deb11u1_arm64.deb
tar	1.34+dfsg-1	amd64	tar	1.34+dfsg-1	tar	arm64	native-arm64	exact-binary-and-source-version	1.34+dfsg-1	0827b3302a54f371ed9c875a01b02be25eb8dfe6375fac78eaffe1c6382fbbfe	0827b3302a54f371ed9c875a01b02be25eb8dfe6375fac78eaffe1c6382fbbfe-tar_1.34+dfsg-1_arm64.deb
tasksel	3.68+deb11u1	all	tasksel	3.68+deb11u1	tasksel	all	reuse-all	exact-binary-and-source-version	3.68+deb11u1	6abf84c85a32747ec4281e431c2cf6325ecbf83b7919e347ddf78b3b3511e0af	6abf84c85a32747ec4281e431c2cf6325ecbf83b7919e347ddf78b3b3511e0af-tasksel_3.68+deb11u1_all.deb
tasksel-data	3.68+deb11u1	all	tasksel	3.68+deb11u1	tasksel-data	all	reuse-all	exact-binary-and-source-version	3.68+deb11u1	9c4215bb4d5e56962e5f68d6b44fc9589ad7c6c57c750d70d081675dd3cddc96	9c4215bb4d5e56962e5f68d6b44fc9589ad7c6c57c750d70d081675dd3cddc96-tasksel-data_3.68+deb11u1_all.deb
timgm6mb-soundfont	1.3-5	all	timgm6mb-soundfont	1.3-5	timgm6mb-soundfont	all	reuse-all	exact-binary-and-source-version	1.3-5	034abdfb296d9353433513dad5dbdcab46425ee6008fc02fe7039b46e75edc54	034abdfb296d9353433513dad5dbdcab46425ee6008fc02fe7039b46e75edc54-timgm6mb-soundfont_1.3-5_all.deb
tracker	2.3.6-2	amd64	tracker	2.3.6-2	tracker	arm64	native-arm64	exact-binary-and-source-version	2.3.6-2	86d77bb58b871c70e9ef14b4885d5fce974abc3abede9e3db644925480b482bf	86d77bb58b871c70e9ef14b4885d5fce974abc3abede9e3db644925480b482bf-tracker_2.3.6-2_arm64.deb
tracker-extract	2.3.5-2.1	amd64	tracker-miners	2.3.5-2.1	tracker-extract	arm64	native-arm64	exact-binary-and-source-version	2.3.5-2.1	de5af4d7d6394021fff8cb4dbb871f81035c61dbaf81c7796678c0cf2b40f043	de5af4d7d6394021fff8cb4dbb871f81035c61dbaf81c7796678c0cf2b40f043-tracker-extract_2.3.5-2.1_arm64.deb
tracker-miner-fs	2.3.5-2.1	amd64	tracker-miners	2.3.5-2.1	tracker-miner-fs	arm64	native-arm64	exact-binary-and-source-version	2.3.5-2.1	35d80bfd4079d7396a95441d50d2fdbf8f5b5da2a704bc95e9a08dd1d477b567	35d80bfd4079d7396a95441d50d2fdbf8f5b5da2a704bc95e9a08dd1d477b567-tracker-miner-fs_2.3.5-2.1_arm64.deb
tumbler	4.16.0-1	amd64	tumbler	4.16.0-1	tumbler	arm64	native-arm64	exact-binary-and-source-version	4.16.0-1	f765641ab66964144c6f2b81740df8a14f1c2c2b57218973b293c4ba6c39dda0	f765641ab66964144c6f2b81740df8a14f1c2c2b57218973b293c4ba6c39dda0-tumbler_4.16.0-1_arm64.deb
tumbler-common	4.16.0-1	all	tumbler	4.16.0-1	tumbler-common	all	reuse-all	exact-binary-and-source-version	4.16.0-1	9453e4fdff9b717acd96568532f20d7af69d234c7e266448496e01ae80c4ce54	9453e4fdff9b717acd96568532f20d7af69d234c7e266448496e01ae80c4ce54-tumbler-common_4.16.0-1_all.deb
tzdata	2021a-1+deb11u10	all	tzdata	2021a-1+deb11u10	tzdata	all	reuse-all	exact-binary-and-source-version	2021a-1+deb11u10	e15eebc40b4aeba0ab22fd72b2d6170b6983316b55d9599053d95af735a8478d	e15eebc40b4aeba0ab22fd72b2d6170b6983316b55d9599053d95af735a8478d-tzdata_2021a-1+deb11u10_all.deb
ucf	3.0043	all	ucf	3.0043	ucf	all	reuse-all	exact-binary-and-source-version	3.0043	ebef6bcd777b5c0cc2699926f2159db08433aed07c50cb321fd828b28c5e8d53	ebef6bcd777b5c0cc2699926f2159db08433aed07c50cb321fd828b28c5e8d53-ucf_3.0043_all.deb
udev	247.3-7+deb11u4	amd64	systemd	247.3-7+deb11u4	udev	arm64	native-arm64	exact-binary-and-source-version	247.3-7+deb11u4	0b9f8ac5fc48eca7236c203fe890971fc24dc620734be2fdc833ccee9692cff2	0b9f8ac5fc48eca7236c203fe890971fc24dc620734be2fdc833ccee9692cff2-udev_247.3-7+deb11u4_arm64.deb
udisks2	2.9.2-2+deb11u1	amd64	udisks2	2.9.2-2+deb11u1	udisks2	arm64	native-arm64	exact-binary-and-source-version	2.9.2-2+deb11u1	91ebdac448058ceddd9f6d53bd01dd99cc2e907a683e06d4f47e363ecc632de1	91ebdac448058ceddd9f6d53bd01dd99cc2e907a683e06d4f47e363ecc632de1-udisks2_2.9.2-2+deb11u1_arm64.deb
unzip	6.0-26+deb11u1	amd64	unzip	6.0-26+deb11u1	unzip	arm64	native-arm64	exact-binary-and-source-version	6.0-26+deb11u1	4d9c937311c2af49b41f0d1ac6646e5696fa38301a43addb1c142b3d742f6f98	4d9c937311c2af49b41f0d1ac6646e5696fa38301a43addb1c142b3d742f6f98-unzip_6.0-26+deb11u1_arm64.deb
update-glx	1.2.1~deb11u1	amd64	glx-alternatives	1.2.1~deb11u1	update-glx	arm64	native-arm64	exact-binary-and-source-version	1.2.1~deb11u1	9aef00bc24e9b03dda5cefa0ee0a759e98d3200af541f75b4bb7a0fc77968b05	9aef00bc24e9b03dda5cefa0ee0a759e98d3200af541f75b4bb7a0fc77968b05-update-glx_1.2.1~deb11u1_arm64.deb
upower	0.99.11-2	amd64	upower	0.99.11-2	upower	arm64	native-arm64	exact-binary-and-source-version	0.99.11-2	3493c19d8ea1d58a8ca54e9fc52f72bc88f81d2fa31268c74044861aeee1c4af	3493c19d8ea1d58a8ca54e9fc52f72bc88f81d2fa31268c74044861aeee1c4af-upower_0.99.11-2_arm64.deb
usb.ids	2023.01.16-0+deb11u1	all	usb.ids	2023.01.16-0+deb11u1	usb.ids	all	reuse-all	exact-binary-and-source-version	2023.01.16-0+deb11u1	632ae2d69d8bf920addb22196b5c077d991faa859f6f8500c62f2b9a8b22c348	632ae2d69d8bf920addb22196b5c077d991faa859f6f8500c62f2b9a8b22c348-usb.ids_2023.01.16-0+deb11u1_all.deb
user-setup	1.88	all	user-setup	1.88	user-setup	all	reuse-all	exact-binary-and-source-version	1.88	73d1514e3b6ab0ab6994990b364353ebe3cd92af5c7fd3db61a852c482a3114f	73d1514e3b6ab0ab6994990b364353ebe3cd92af5c7fd3db61a852c482a3114f-user-setup_1.88_all.deb
util-linux	2.36.1-8+deb11u1	amd64	util-linux	2.36.1-8+deb11u1	util-linux	arm64	native-arm64	exact-binary-and-source-version	2.36.1-8+deb11u1	2fb0fdbd26c9dd87fd954e827980a02a49ce8b8301050c3acb736767e6076aaf	2fb0fdbd26c9dd87fd954e827980a02a49ce8b8301050c3acb736767e6076aaf-util-linux_2.36.1-8+deb11u1_arm64.deb
vim-common	2:8.2.2434-3+deb11u1	all	vim	2:8.2.2434-3+deb11u1	vim-common	all	reuse-all	exact-binary-and-source-version	2:8.2.2434-3+deb11u1	cd10c6292cc5d5494c947fbf577a25ff48715a4314bde1bd65dde44a90ca694b	cd10c6292cc5d5494c947fbf577a25ff48715a4314bde1bd65dde44a90ca694b-vim-common_2%3a8.2.2434-3+deb11u1_all.deb
vim-tiny	2:8.2.2434-3+deb11u1	amd64	vim	2:8.2.2434-3+deb11u1	vim-tiny	arm64	native-arm64	exact-binary-and-source-version	2:8.2.2434-3+deb11u1	b1452f0986042417360d189985faf7958bd15c06715f9d0e89a043d41ecb82fc	b1452f0986042417360d189985faf7958bd15c06715f9d0e89a043d41ecb82fc-vim-tiny_2%3a8.2.2434-3+deb11u1_arm64.deb
wget	1.21-1+deb11u1	amd64	wget	1.21-1+deb11u1	wget	arm64	native-arm64	exact-binary-and-source-version	1.21-1+deb11u1	087f94ff0ab9cfec78411fa929f79428a62772612ebfda3b3c71866cb04010d6	087f94ff0ab9cfec78411fa929f79428a62772612ebfda3b3c71866cb04010d6-wget_1.21-1+deb11u1_arm64.deb
whiptail	0.52.21-4+b3	amd64	newt	0.52.21-4	whiptail	arm64	native-arm64	exact-binary-and-source-version	0.52.21-4+b3	86d6665d6d5a2676bd0d66f5154b102dbc1012560c4bc3923c32e9bac547b700	86d6665d6d5a2676bd0d66f5154b102dbc1012560c4bc3923c32e9bac547b700-whiptail_0.52.21-4+b3_arm64.deb
wpasupplicant	2:2.9.0-21	amd64	wpa	2:2.9.0-21	wpasupplicant	arm64	native-arm64	exact-binary-and-source-version	2:2.9.0-21	6f5907a0ae0e3997e7cce372b6e1bdd5a9e3a9c5014b97c91918cb7c5116b74f	6f5907a0ae0e3997e7cce372b6e1bdd5a9e3a9c5014b97c91918cb7c5116b74f-wpasupplicant_2%3a2.9.0-21_arm64.deb
x11-apps	7.7+8	amd64	x11-apps	7.7+8	x11-apps	arm64	native-arm64	exact-binary-and-source-version	7.7+8	549020f6aa18d62f7d78e644f083af78e0965afe4d8cf3753f25cfe828cab507	549020f6aa18d62f7d78e644f083af78e0965afe4d8cf3753f25cfe828cab507-x11-apps_7.7+8_arm64.deb
x11-common	1:7.7+22	all	xorg	1:7.7+22	x11-common	all	reuse-all	exact-binary-and-source-version	1:7.7+22	5d1c3287826f60c3a82158b803b9c0489b8aad845ca23a53a982eba3dbb82aa3	5d1c3287826f60c3a82158b803b9c0489b8aad845ca23a53a982eba3dbb82aa3-x11-common_1%3a7.7+22_all.deb
x11-session-utils	7.7+4	amd64	x11-session-utils	7.7+4	x11-session-utils	arm64	native-arm64	exact-binary-and-source-version	7.7+4	584cefc0e24278f35079d271cc9acfd817f0685c87b67423cc0594acbcff6d34	584cefc0e24278f35079d271cc9acfd817f0685c87b67423cc0594acbcff6d34-x11-session-utils_7.7+4_arm64.deb
x11-utils	7.7+5	amd64	x11-utils	7.7+5	x11-utils	arm64	native-arm64	exact-binary-and-source-version	7.7+5	5052d53f53d2c155e0036aff07927dc97dff2d104de70d44c1fc84476d7cdd42	5052d53f53d2c155e0036aff07927dc97dff2d104de70d44c1fc84476d7cdd42-x11-utils_7.7+5_arm64.deb
x11-xkb-utils	7.7+5	amd64	x11-xkb-utils	7.7+5	x11-xkb-utils	arm64	native-arm64	exact-binary-and-source-version	7.7+5	dda6624719542302b6f2a0fbef097aab8b03a2686c2e912c47d7c178b371b1cd	dda6624719542302b6f2a0fbef097aab8b03a2686c2e912c47d7c178b371b1cd-x11-xkb-utils_7.7+5_arm64.deb
x11-xserver-utils	7.7+8	amd64	x11-xserver-utils	7.7+8	x11-xserver-utils	arm64	native-arm64	exact-binary-and-source-version	7.7+8	70e4c545f09445eeeead6a17c3947eb519eed3eeedf911a01a9f9ed57b1ff9a7	70e4c545f09445eeeead6a17c3947eb519eed3eeedf911a01a9f9ed57b1ff9a7-x11-xserver-utils_7.7+8_arm64.deb
xauth	1:1.1-1	amd64	xauth	1:1.1-1	xauth	arm64	native-arm64	exact-binary-and-source-version	1:1.1-1	2706acc2b9cc43829201654b67ef698627c81e3a0968d968b5355dd90d525144	2706acc2b9cc43829201654b67ef698627c81e3a0968d968b5355dd90d525144-xauth_1%3a1.1-1_arm64.deb
xawtv-plugins	3.107-1	amd64	xawtv	3.107-1	xawtv-plugins	arm64	native-arm64	exact-binary-and-source-version	3.107-1	76280237c9244172d581b2baf30c0a3aa6fe3da0bd2a1e635c56b7d5b20d34b2	76280237c9244172d581b2baf30c0a3aa6fe3da0bd2a1e635c56b7d5b20d34b2-xawtv-plugins_3.107-1_arm64.deb
xbase-clients	1:7.7+22	all	xorg	1:7.7+22	xbase-clients	all	reuse-all	exact-binary-and-source-version	1:7.7+22	cad0b3dab4a9077444bb08fed664fce92d6f712f7c1331b51faeb957a06d6362	cad0b3dab4a9077444bb08fed664fce92d6f712f7c1331b51faeb957a06d6362-xbase-clients_1%3a7.7+22_all.deb
xdg-dbus-proxy	0.1.2-2	amd64	xdg-dbus-proxy	0.1.2-2	xdg-dbus-proxy	arm64	native-arm64	exact-binary-and-source-version	0.1.2-2	65bb1bcb3ebd99385f8b946d09ebfc9f94650e57db8cce1f1d12e65cdb5e9f62	65bb1bcb3ebd99385f8b946d09ebfc9f94650e57db8cce1f1d12e65cdb5e9f62-xdg-dbus-proxy_0.1.2-2_arm64.deb
xdg-desktop-portal	1.8.1-1	amd64	xdg-desktop-portal	1.8.1-1	xdg-desktop-portal	arm64	native-arm64	exact-binary-and-source-version	1.8.1-1	4100ca1217269c4194d492952f552a5250d826f4fabfd2a33d0c43e4e35f8890	4100ca1217269c4194d492952f552a5250d826f4fabfd2a33d0c43e4e35f8890-xdg-desktop-portal_1.8.1-1_arm64.deb
xdg-desktop-portal-gtk	1.8.0-1	amd64	xdg-desktop-portal-gtk	1.8.0-1	xdg-desktop-portal-gtk	arm64	native-arm64	exact-binary-and-source-version	1.8.0-1	5fc7b697ae1efc625e2277a7ed4fe2e82b046a8865db9774b61f6a2ff6084755	5fc7b697ae1efc625e2277a7ed4fe2e82b046a8865db9774b61f6a2ff6084755-xdg-desktop-portal-gtk_1.8.0-1_arm64.deb
xdg-user-dirs	0.17-2	amd64	xdg-user-dirs	0.17-2	xdg-user-dirs	arm64	native-arm64	exact-binary-and-source-version	0.17-2	f2244f0986a18a862f9542c1b31ee0d773f08fd2a42d4260eddcfe865cfa7e3a	f2244f0986a18a862f9542c1b31ee0d773f08fd2a42d4260eddcfe865cfa7e3a-xdg-user-dirs_0.17-2_arm64.deb
xdg-utils	1.1.3-4.1	all	xdg-utils	1.1.3-4.1	xdg-utils	all	reuse-all	exact-binary-and-source-version	1.1.3-4.1	0e31caa8c34643f7eedb4d373ee61943c09061275b5fa727524fc568d0a9e332	0e31caa8c34643f7eedb4d373ee61943c09061275b5fa727524fc568d0a9e332-xdg-utils_1.1.3-4.1_all.deb
xfonts-encodings	1:1.0.4-2.1	all	xfonts-encodings	1:1.0.4-2.1	xfonts-encodings	all	reuse-all	exact-binary-and-source-version	1:1.0.4-2.1	f0f0faa5e2943672559e906fd181a6287ab2faccfc426b0e97780565d80614af	f0f0faa5e2943672559e906fd181a6287ab2faccfc426b0e97780565d80614af-xfonts-encodings_1%3a1.0.4-2.1_all.deb
xfonts-utils	1:7.7+6	amd64	xfonts-utils	1:7.7+6	xfonts-utils	arm64	native-arm64	exact-binary-and-source-version	1:7.7+6	d6decd33203119e5a373749033716a4a0d1ed3f0cc14bd34ae7ad5043c9e97e2	d6decd33203119e5a373749033716a4a0d1ed3f0cc14bd34ae7ad5043c9e97e2-xfonts-utils_1%3a7.7+6_arm64.deb
xinit	1.4.0-1	amd64	xinit	1.4.0-1	xinit	arm64	native-arm64	exact-binary-and-source-version	1.4.0-1	7a6f6dfbabfc1540637b0522da219f0568bdd336125c224fce8b985746056428	7a6f6dfbabfc1540637b0522da219f0568bdd336125c224fce8b985746056428-xinit_1.4.0-1_arm64.deb
xkb-data	2.29-2	all	xkeyboard-config	2.29-2	xkb-data	all	reuse-all	exact-binary-and-source-version	2.29-2	9122cccc67e6b3c3aef2fa9c50ef9d793a12f951c76698a02b1f4ceb9e3634e5	9122cccc67e6b3c3aef2fa9c50ef9d793a12f951c76698a02b1f4ceb9e3634e5-xkb-data_2.29-2_all.deb
xserver-common	2:1.20.11-1+deb11u6	all	xorg-server	2:1.20.11-1+deb11u6	xserver-common	all	reuse-all	exact-binary-and-source-version	2:1.20.11-1+deb11u6	24e94f9a9aacc17a274efccee3131944d94e73c4663246d52d1a5a3c76908eca	24e94f9a9aacc17a274efccee3131944d94e73c4663246d52d1a5a3c76908eca-xserver-common_2%3a1.20.11-1+deb11u6_all.deb
xserver-xorg	1:7.7+22	amd64	xorg	1:7.7+22	xserver-xorg	arm64	native-arm64	exact-binary-and-source-version	1:7.7+22	4e22cfc18ca96d2a775ff2fd91ca74752423a2c2dc98e3485bdc06e712604951	4e22cfc18ca96d2a775ff2fd91ca74752423a2c2dc98e3485bdc06e712604951-xserver-xorg_1%3a7.7+22_arm64.deb
xserver-xorg-core	2:1.20.11-1+deb11u6	amd64	xorg-server	2:1.20.11-1+deb11u6	xserver-xorg-core	arm64	native-arm64	exact-binary-and-source-version	2:1.20.11-1+deb11u6	4b246aea43e56ea4b6e8660684da1271a9b53c51482e6520efb031cf6a196aee	4b246aea43e56ea4b6e8660684da1271a9b53c51482e6520efb031cf6a196aee-xserver-xorg-core_2%3a1.20.11-1+deb11u6_arm64.deb
xserver-xorg-input-all	1:7.7+22	amd64	xorg	1:7.7+22	xserver-xorg-input-all	arm64	native-arm64	exact-binary-and-source-version	1:7.7+22	979c5d07db8cfcd6b6abfc24c17a76b5e65510477ab01643f098190157733cb9	979c5d07db8cfcd6b6abfc24c17a76b5e65510477ab01643f098190157733cb9-xserver-xorg-input-all_1%3a7.7+22_arm64.deb
xserver-xorg-input-libinput	0.30.0-1	amd64	xserver-xorg-input-libinput	0.30.0-1	xserver-xorg-input-libinput	arm64	native-arm64	exact-binary-and-source-version	0.30.0-1	b5de282ca7c7d39fceb8436eb824e38dcd20ad31429c790500106a9cf07158a3	b5de282ca7c7d39fceb8436eb824e38dcd20ad31429c790500106a9cf07158a3-xserver-xorg-input-libinput_0.30.0-1_arm64.deb
xserver-xorg-input-wacom	0.34.99.1-1+b1	amd64	xf86-input-wacom	0.34.99.1-1	xserver-xorg-input-wacom	arm64	native-arm64	exact-source-version-architecture-binnmu	0.34.99.1-1	c0abeed4edd331148a95c9c9e32ff8ba38fefc69db2ff1f3eda396d16d934f6a	c0abeed4edd331148a95c9c9e32ff8ba38fefc69db2ff1f3eda396d16d934f6a-xserver-xorg-input-wacom_0.34.99.1-1_arm64.deb
xserver-xorg-legacy	2:1.20.11-1+deb11u6	amd64	xorg-server	2:1.20.11-1+deb11u6	xserver-xorg-legacy	arm64	native-arm64	exact-binary-and-source-version	2:1.20.11-1+deb11u6	c6707131d6e93337ffd0c20700dd1360d0ea89dee87da2af5bde377e606b8af1	c6707131d6e93337ffd0c20700dd1360d0ea89dee87da2af5bde377e606b8af1-xserver-xorg-legacy_2%3a1.20.11-1+deb11u6_arm64.deb
xserver-xorg-video-all	1:7.7+22	amd64	xorg	1:7.7+22	xserver-xorg-video-all	arm64	native-arm64	exact-binary-and-source-version	1:7.7+22	5469f754978e88e1b6e1d8272f12e3427438a0143a9db3202352ea9776e25f54	5469f754978e88e1b6e1d8272f12e3427438a0143a9db3202352ea9776e25f54-xserver-xorg-video-all_1%3a7.7+22_arm64.deb
xserver-xorg-video-amdgpu	19.1.0-2	amd64	xserver-xorg-video-amdgpu	19.1.0-2	xserver-xorg-video-amdgpu	arm64	native-arm64	exact-binary-and-source-version	19.1.0-2	e078dd94af0841c50e65550f85de89f094302c23e354fb4608332ef262d135c2	e078dd94af0841c50e65550f85de89f094302c23e354fb4608332ef262d135c2-xserver-xorg-video-amdgpu_19.1.0-2_arm64.deb
xserver-xorg-video-ati	1:19.1.0-2	amd64	xserver-xorg-video-ati	1:19.1.0-2	xserver-xorg-video-ati	arm64	native-arm64	exact-binary-and-source-version	1:19.1.0-2	2b2541f13117eb149aaced33cbf42e2813ff81dc5dad43895be3aa69918f2af2	2b2541f13117eb149aaced33cbf42e2813ff81dc5dad43895be3aa69918f2af2-xserver-xorg-video-ati_1%3a19.1.0-2_arm64.deb
xserver-xorg-video-fbdev	1:0.5.0-1	amd64	xserver-xorg-video-fbdev	1:0.5.0-1	xserver-xorg-video-fbdev	arm64	native-arm64	exact-binary-and-source-version	1:0.5.0-1	f12006b9407dcff37cdaea81b764d9aa0e3d40ab29cb127bbbeae5942e7442a0	f12006b9407dcff37cdaea81b764d9aa0e3d40ab29cb127bbbeae5942e7442a0-xserver-xorg-video-fbdev_1%3a0.5.0-1_arm64.deb
xserver-xorg-video-nouveau	1:1.0.17-1	amd64	xserver-xorg-video-nouveau	1:1.0.17-1	xserver-xorg-video-nouveau	arm64	native-arm64	exact-binary-and-source-version	1:1.0.17-1	ec7e967b138f6b0e65175b878bc6e78936da54c9866a9873fd40dbb4a7fa43da	ec7e967b138f6b0e65175b878bc6e78936da54c9866a9873fd40dbb4a7fa43da-xserver-xorg-video-nouveau_1%3a1.0.17-1_arm64.deb
xserver-xorg-video-qxl	0.1.5+git20200331-1	amd64	xserver-xorg-video-qxl	0.1.5+git20200331-1	xserver-xorg-video-qxl	arm64	native-arm64	exact-binary-and-source-version	0.1.5+git20200331-1	ef12f5cb6089c9b4d24d6252a1d1e50767e4fa07a7f8ea7b738cb8bea283fd86	ef12f5cb6089c9b4d24d6252a1d1e50767e4fa07a7f8ea7b738cb8bea283fd86-xserver-xorg-video-qxl_0.1.5+git20200331-1_arm64.deb
xserver-xorg-video-radeon	1:19.1.0-2	amd64	xserver-xorg-video-ati	1:19.1.0-2	xserver-xorg-video-radeon	arm64	native-arm64	exact-binary-and-source-version	1:19.1.0-2	0a64c5b65a223d851035eb043c9e4845662442240c686dcdc8d390d5fd2788ab	0a64c5b65a223d851035eb043c9e4845662442240c686dcdc8d390d5fd2788ab-xserver-xorg-video-radeon_1%3a19.1.0-2_arm64.deb
xserver-xorg-video-vesa	1:2.5.0-1	amd64	xserver-xorg-video-vesa	1:2.5.0-1	xserver-xorg-video-vesa	arm64	native-arm64	exact-binary-and-source-version	1:2.5.0-1	6350a4e76317cebbc9294e57a2202c99fcf64d42ae5f39514d26557a1a8df611	6350a4e76317cebbc9294e57a2202c99fcf64d42ae5f39514d26557a1a8df611-xserver-xorg-video-vesa_1%3a2.5.0-1_arm64.deb
xutils	1:7.7+22	all	xorg	1:7.7+22	xutils	all	reuse-all	exact-binary-and-source-version	1:7.7+22	60cbcb9ac464ab5ecc4d01885dc6f9b63c5127fd83a86720b3924e129b96a30f	60cbcb9ac464ab5ecc4d01885dc6f9b63c5127fd83a86720b3924e129b96a30f-xutils_1%3a7.7+22_all.deb
xwayland	2:1.20.11-1+deb11u6	amd64	xorg-server	2:1.20.11-1+deb11u6	xwayland	arm64	native-arm64	exact-binary-and-source-version	2:1.20.11-1+deb11u6	f788f6930b3e1abef1519343997c0a52bcfd4f3aa0f80a77647d452ca7130f9f	f788f6930b3e1abef1519343997c0a52bcfd4f3aa0f80a77647d452ca7130f9f-xwayland_2%3a1.20.11-1+deb11u6_arm64.deb
xxd	2:8.2.2434-3+deb11u1	amd64	vim	2:8.2.2434-3+deb11u1	xxd	arm64	native-arm64	exact-binary-and-source-version	2:8.2.2434-3+deb11u1	e2b7599f359b36b39ea1b45615b3b05ba51a27642e6bcc86528b1df3680d005d	e2b7599f359b36b39ea1b45615b3b05ba51a27642e6bcc86528b1df3680d005d-xxd_2%3a8.2.2434-3+deb11u1_arm64.deb
xz-utils	5.2.5-2.1~deb11u1	amd64	xz-utils	5.2.5-2.1~deb11u1	xz-utils	arm64	native-arm64	exact-binary-and-source-version	5.2.5-2.1~deb11u1	65458ab2602dc8644d412411545560e8d4dd456cd04d8653822002f637c87e8a	65458ab2602dc8644d412411545560e8d4dd456cd04d8653822002f637c87e8a-xz-utils_5.2.5-2.1~deb11u1_arm64.deb
yelp	3.38.3-1+han3u3	amd64	yelp	3.38.3-1+han3u3	yelp	arm64	native-arm64	exact-binary-and-source-version	3.38.3-1+han3u3	eb0ebb2680569e08c568b2ce1ef974299c6f544ee925a5682c439bf4de20801f	eb0ebb2680569e08c568b2ce1ef974299c6f544ee925a5682c439bf4de20801f-yelp_3.38.3-1+han3u3_arm64.deb
yelp-xsl	3.38.3-1	all	yelp-xsl	3.38.3-1	yelp-xsl	all	reuse-all	exact-binary-and-source-version	3.38.3-1	6c92062a626c736e2fa38885b48fae4b4489f823f270a1824bda29dce902a874	6c92062a626c736e2fa38885b48fae4b4489f823f270a1824bda29dce902a874-yelp-xsl_3.38.3-1_all.deb
zeitgeist	1.0.3-4	all	zeitgeist	1.0.3-4	zeitgeist	all	reuse-all	exact-binary-and-source-version	1.0.3-4	414efa2a1d69277471b96009c88810ae0df300022b7679748e564f247818798e	414efa2a1d69277471b96009c88810ae0df300022b7679748e564f247818798e-zeitgeist_1.0.3-4_all.deb
zeitgeist-core	1.0.3-4	amd64	zeitgeist	1.0.3-4	zeitgeist-core	arm64	native-arm64	exact-binary-and-source-version	1.0.3-4	455ad27ad6617e5218e09184dffc5c564b1a88994b27b387365b65a69f0630f7	455ad27ad6617e5218e09184dffc5c564b1a88994b27b387365b65a69f0630f7-zeitgeist-core_1.0.3-4_arm64.deb
zeitgeist-datahub	1.0.3-4	amd64	zeitgeist	1.0.3-4	zeitgeist-datahub	arm64	native-arm64	exact-binary-and-source-version	1.0.3-4	c9c0252f75668092523ebb340a394e39ccbe5538900b39ef2b6d2e6d5e8b8f86	c9c0252f75668092523ebb340a394e39ccbe5538900b39ef2b6d2e6d5e8b8f86-zeitgeist-datahub_1.0.3-4_arm64.deb
zenity	3.32.0-6	amd64	zenity	3.32.0-6	zenity	arm64	native-arm64	exact-binary-and-source-version	3.32.0-6	b022f96e030ce5c894c23c3900fc02ad3f1b90d2ce2203b13476ddb349373f12	b022f96e030ce5c894c23c3900fc02ad3f1b90d2ce2203b13476ddb349373f12-zenity_3.32.0-6_arm64.deb
zenity-common	3.32.0-6	all	zenity	3.32.0-6	zenity-common	all	reuse-all	exact-binary-and-source-version	3.32.0-6	14b03d717df1fd19e2d1206d39773a335e1571c1286f08d70ff169d3e6868995	14b03d717df1fd19e2d1206d39773a335e1571c1286f08d70ff169d3e6868995-zenity-common_3.32.0-6_all.deb
zip	3.0-12	amd64	zip	3.0-12	zip	arm64	native-arm64	exact-binary-and-source-version	3.0-12	ff55659bd029da2329b70d06b9e7ed04ddd5f45083c0bbc1dc036eae5c18df63	ff55659bd029da2329b70d06b9e7ed04ddd5f45083c0bbc1dc036eae5c18df63-zip_3.0-12_arm64.deb
zlib1g	1:1.2.11.dfsg-2+deb11u2	amd64	zlib	1:1.2.11.dfsg-2+deb11u2	zlib1g	arm64	native-arm64	exact-binary-and-source-version	1:1.2.11.dfsg-2+deb11u2	e3963985d1a020d67ffd4180e6f9c4b5c600b515f0c9d8fda513d7a0e48e63a1	e3963985d1a020d67ffd4180e6f9c4b5c600b515f0c9d8fda513d7a0e48e63a1-zlib1g_1%3a1.2.11.dfsg-2+deb11u2_arm64.deb
