package	amd64_version	amd64_architecture	source	source_version	arm64_package	arm64_version	status	reason
accountsservice	0.6.55-3+grm3u1	amd64	accountsservice	0.6.55-3+grm3u1	accountsservice	0.6.55-3+grm3u1	custom-rebuild	exact +grm/+han source commit must be rebuilt for ARM64
acl	2.2.53-10	amd64	acl	2.2.53-10	acl	2.2.53-10	exact-arm64	exact Debian ARM64 binary found
adduser	3.118+grm3u1	all	adduser	3.118+grm3u1	adduser	3.118+grm3u1	reuse-exact-all	Architecture: all package is byte-reused from the AMD64 reference rootfs
adwaita-icon-theme	3.38.0-1	all	adwaita-icon-theme	3.38.0-1	adwaita-icon-theme	3.38.0-1	reuse-exact-all	Architecture: all package is byte-reused from the AMD64 reference rootfs
alsa-utils	1.2.4-1	amd64	alsa-utils	1.2.4-1	alsa-utils	1.2.4-1	exact-arm64	exact Debian ARM64 binary found
amd64-microcode	3.20230719.1~deb11u1	amd64	amd64-microcode	3.20230719.1~deb11u1			arch-omit	x86-64 CPU microcode is not applicable to ARM64
apg	2.2.3.dfsg.1-5+b2	amd64	apg	2.2.3.dfsg.1-5	apg	2.2.3.dfsg.1-5+b2	missing-exact-arm64	exact version absent from selected snapshot
appstream	0.14.4-1	amd64	appstream	0.14.4-1	appstream	0.14.4-1	exact-arm64	exact Debian ARM64 binary found
apt	2.2.4	amd64	apt	2.2.4	apt	2.2.4	exact-arm64	exact Debian ARM64 binary found
apt-config-icons	0.14.4-1	all	appstream	0.14.4-1	apt-config-icons	0.14.4-1	reuse-exact-all	Architecture: all package is byte-reused from the AMD64 reference rootfs
apt-transport-https	2.2.4	all	apt	2.2.4	apt-transport-https	2.2.4	reuse-exact-all	Architecture: all package is byte-reused from the AMD64 reference rootfs
apt-utils	2.2.4	amd64	apt	2.2.4	apt-utils	2.2.4	exact-arm64	exact Debian ARM64 binary found
aptitude	0.8.13-3	amd64	aptitude	0.8.13-3	aptitude	0.8.13-3	exact-arm64	exact Debian ARM64 binary found
aptitude-common	0.8.13-3	all	aptitude	0.8.13-3	aptitude-common	0.8.13-3	reuse-exact-all	Architecture: all package is byte-reused from the AMD64 reference rootfs
arc-icon-theme	20161113+grm3u1	all	arc-icon-theme	20161113+grm3u1	arc-icon-theme	20161113+grm3u1	reuse-exact-all	Architecture: all package is byte-reused from the AMD64 reference rootfs
arc-theme	20200513-1+grm2u1+han3u2	all	arc-theme	20200513-1+grm2u1+han3u2	arc-theme	20200513-1+grm2u1+han3u2	reuse-exact-all	Architecture: all package is byte-reused from the AMD64 reference rootfs
arp-scan	1.9.7-2	amd64	arp-scan	1.9.7-2	arp-scan	1.9.7-2	exact-arm64	exact Debian ARM64 binary found
at-spi2-core	2.38.0-4+deb11u1	amd64	at-spi2-core	2.38.0-4+deb11u1	at-spi2-core	2.38.0-4+deb11u1	exact-arm64	exact Debian ARM64 binary found
attr	1:2.4.48-6	amd64	attr	1:2.4.48-6	attr	1:2.4.48-6	exact-arm64	exact Debian ARM64 binary found
ayatana-indicator-application	0.8.0-1	amd64	ayatana-indicator-application	0.8.0-1	ayatana-indicator-application	0.8.0-1	exact-arm64	exact Debian ARM64 binary found
ayatana-indicator-common	0.8.4-1+deb11u2	all	libayatana-indicator	0.8.4-1+deb11u2	ayatana-indicator-common	0.8.4-1+deb11u2	reuse-exact-all	Architecture: all package is byte-reused from the AMD64 reference rootfs
base-files	11.1+deb11u7	amd64	base-files	11.1+deb11u7	base-files	11.1+deb11u7	exact-arm64	exact Debian ARM64 binary found
base-passwd	3.5.51	amd64	base-passwd	3.5.51	base-passwd	3.5.51	exact-arm64	exact Debian ARM64 binary found
bash	5.1-2+deb11u1	amd64	bash	5.1-2+deb11u1	bash	5.1-2+deb11u1	exact-arm64	exact Debian ARM64 binary found
bash-completion	1:2.11-2	all	bash-completion	1:2.11-2	bash-completion	1:2.11-2	reuse-exact-all	Architecture: all package is byte-reused from the AMD64 reference rootfs
bc	1.07.1-2+b2	amd64	bc	1.07.1-2	bc	1.07.1-2+b2	exact-arm64	exact Debian ARM64 binary found
binutils	2.35.2-2	amd64	binutils	2.35.2-2	binutils	2.35.2-2	exact-arm64	exact Debian ARM64 binary found
binutils-common	2.35.2-2	amd64	binutils	2.35.2-2	binutils-common	2.35.2-2	exact-arm64	exact Debian ARM64 binary found
binutils-x86-64-linux-gnu	2.35.2-2	amd64	binutils	2.35.2-2	binutils-aarch64-linux-gnu	2.35.2-2	exact-arch-replace	AArch64 binutils replacement
bluez	5.55-3.1	amd64	bluez	5.55-3.1	bluez	5.55-3.1	exact-arm64	exact Debian ARM64 binary found
bluez-obexd	5.55-3.1	amd64	bluez	5.55-3.1	bluez-obexd	5.55-3.1	exact-arm64	exact Debian ARM64 binary found
bsdextrautils	2.36.1-8+deb11u1	amd64	util-linux	2.36.1-8+deb11u1	bsdextrautils	2.36.1-8+deb11u1	exact-arm64	exact Debian ARM64 binary found
bsdutils	1:2.36.1-8+deb11u1	amd64	util-linux	2.36.1-8+deb11u1	bsdutils	1:2.36.1-8+deb11u1	exact-arm64	exact Debian ARM64 binary found
bubblewrap	0.4.1-3	amd64	bubblewrap	0.4.1-3	bubblewrap	0.4.1-3	exact-arm64	exact Debian ARM64 binary found
busybox	1:1.30.1-6+b3	amd64	busybox	1:1.30.1-6	busybox	1:1.30.1-6+b3	exact-arm64	exact Debian ARM64 binary found
bzip2	1.0.8-4	amd64	bzip2	1.0.8-4	bzip2	1.0.8-4	exact-arm64	exact Debian ARM64 binary found
ca-certificates	20210119	all	ca-certificates	20210119	ca-certificates	20210119	reuse-exact-all	Architecture: all package is byte-reused from the AMD64 reference rootfs
celluloid	0.20-2+grm3u6	amd64	celluloid	0.20-2+grm3u6	celluloid	0.20-2+grm3u6	custom-rebuild	exact +grm/+han source commit must be rebuilt for ARM64
cheese-common	3.38.0-3	all	cheese	3.38.0-3	cheese-common	3.38.0-3	reuse-exact-all	Architecture: all package is byte-reused from the AMD64 reference rootfs
colord	1.4.5-3	amd64	colord	1.4.5-3	colord	1.4.5-3	exact-arm64	exact Debian ARM64 binary found
colord-data	1.4.5-3	all	colord	1.4.5-3	colord-data	1.4.5-3	reuse-exact-all	Architecture: all package is byte-reused from the AMD64 reference rootfs
console-setup	1.205	all	console-setup	1.205	console-setup	1.205	reuse-exact-all	Architecture: all package is byte-reused from the AMD64 reference rootfs
console-setup-linux	1.205	all	console-setup	1.205	console-setup-linux	1.205	reuse-exact-all	Architecture: all package is byte-reused from the AMD64 reference rootfs
coreutils	8.32-4+b1	amd64	coreutils	8.32-4	coreutils	8.32-4+b1	missing-exact-arm64	exact version absent from selected snapshot
cpio	2.13+dfsg-4	amd64	cpio	2.13+dfsg-4	cpio	2.13+dfsg-4	exact-arm64	exact Debian ARM64 binary found
cpp	4:10.2.1-1	amd64	gcc-defaults	1.190	cpp	4:10.2.1-1	exact-arm64	exact Debian ARM64 binary found
cpp-10	10.2.1-6	amd64	gcc-10	10.2.1-6	cpp-10	10.2.1-6	exact-arm64	exact Debian ARM64 binary found
cracklib-runtime	2.9.6-3.4	amd64	cracklib2	2.9.6-3.4	cracklib-runtime	2.9.6-3.4	exact-arm64	exact Debian ARM64 binary found
cron	3.0pl1-137	amd64	cron	3.0pl1-137	cron	3.0pl1-137	exact-arm64	exact Debian ARM64 binary found
cups	2.3.3op2-3+deb11u2	amd64	cups	2.3.3op2-3+deb11u2	cups	2.3.3op2-3+deb11u2	exact-arm64	exact Debian ARM64 binary found
cups-browsed	1.28.7-1+deb11u2	amd64	cups-filters	1.28.7-1+deb11u2	cups-browsed	1.28.7-1+deb11u2	exact-arm64	exact Debian ARM64 binary found
cups-client	2.3.3op2-3+deb11u2	amd64	cups	2.3.3op2-3+deb11u2	cups-client	2.3.3op2-3+deb11u2	exact-arm64	exact Debian ARM64 binary found
cups-common	2.3.3op2-3+deb11u2	all	cups	2.3.3op2-3+deb11u2	cups-common	2.3.3op2-3+deb11u2	reuse-exact-all	Architecture: all package is byte-reused from the AMD64 reference rootfs
cups-core-drivers	2.3.3op2-3+deb11u2	amd64	cups	2.3.3op2-3+deb11u2	cups-core-drivers	2.3.3op2-3+deb11u2	exact-arm64	exact Debian ARM64 binary found
cups-daemon	2.3.3op2-3+deb11u2	amd64	cups	2.3.3op2-3+deb11u2	cups-daemon	2.3.3op2-3+deb11u2	exact-arm64	exact Debian ARM64 binary found
cups-filters	1.28.7-1+deb11u2	amd64	cups-filters	1.28.7-1+deb11u2	cups-filters	1.28.7-1+deb11u2	exact-arm64	exact Debian ARM64 binary found
cups-filters-core-drivers	1.28.7-1+deb11u2	amd64	cups-filters	1.28.7-1+deb11u2	cups-filters-core-drivers	1.28.7-1+deb11u2	exact-arm64	exact Debian ARM64 binary found
cups-ipp-utils	2.3.3op2-3+deb11u2	amd64	cups	2.3.3op2-3+deb11u2	cups-ipp-utils	2.3.3op2-3+deb11u2	exact-arm64	exact Debian ARM64 binary found
cups-pk-helper	0.2.6-1ubuntu3+grm3u1	amd64	cups-pk-helper	0.2.6-1ubuntu3+grm3u1	cups-pk-helper	0.2.6-1ubuntu3+grm3u1	custom-rebuild	exact +grm/+han source commit must be rebuilt for ARM64
cups-ppdc	2.3.3op2-3+deb11u2	amd64	cups	2.3.3op2-3+deb11u2	cups-ppdc	2.3.3op2-3+deb11u2	exact-arm64	exact Debian ARM64 binary found
cups-server-common	2.3.3op2-3+deb11u2	all	cups	2.3.3op2-3+deb11u2	cups-server-common	2.3.3op2-3+deb11u2	reuse-exact-all	Architecture: all package is byte-reused from the AMD64 reference rootfs
curl	7.74.0-1.3+deb11u7	amd64	curl	7.74.0-1.3+deb11u7	curl	7.74.0-1.3+deb11u7	exact-arm64	exact Debian ARM64 binary found
dash	0.5.11+git20200708+dd9ef66-5	amd64	dash	0.5.11+git20200708+dd9ef66-5	dash	0.5.11+git20200708+dd9ef66-5	exact-arm64	exact Debian ARM64 binary found
davfs2	1.6.0-1	amd64	davfs2	1.6.0-1	davfs2	1.6.0-1	exact-arm64	exact Debian ARM64 binary found
dbus	1.12.24-0+deb11u1	amd64	dbus	1.12.24-0+deb11u1	dbus	1.12.24-0+deb11u1	exact-arm64	exact Debian ARM64 binary found
dbus-user-session	1.12.24-0+deb11u1	amd64	dbus	1.12.24-0+deb11u1	dbus-user-session	1.12.24-0+deb11u1	exact-arm64	exact Debian ARM64 binary found
dbus-x11	1.12.24-0+deb11u1	amd64	dbus	1.12.24-0+deb11u1	dbus-x11	1.12.24-0+deb11u1	exact-arm64	exact Debian ARM64 binary found
dc	1.07.1-2+b2	amd64	bc	1.07.1-2	dc	1.07.1-2+b2	exact-arm64	exact Debian ARM64 binary found
dconf-gsettings-backend	0.38.0-2	amd64	dconf	0.38.0-2	dconf-gsettings-backend	0.38.0-2	exact-arm64	exact Debian ARM64 binary found
dconf-service	0.38.0-2	amd64	dconf	0.38.0-2	dconf-service	0.38.0-2	exact-arm64	exact Debian ARM64 binary found
dctrl-tools	2.24-3+b1	amd64	dctrl-tools	2.24-3	dctrl-tools	2.24-3+b1	missing-exact-arm64	exact version absent from selected snapshot
debconf	1.5.77	all	debconf	1.5.77	debconf	1.5.77	reuse-exact-all	Architecture: all package is byte-reused from the AMD64 reference rootfs
debconf-i18n	1.5.77	all	debconf	1.5.77	debconf-i18n	1.5.77	reuse-exact-all	Architecture: all package is byte-reused from the AMD64 reference rootfs
debian-archive-keyring	2021.1.1+deb11u1	all	debian-archive-keyring	2021.1.1+deb11u1	debian-archive-keyring	2021.1.1+deb11u1	reuse-exact-all	Architecture: all package is byte-reused from the AMD64 reference rootfs
debian-system-adjustments	3.2.1+grm3u1	all	debian-system-adjustments	3.2.1+grm3u1	debian-system-adjustments	3.2.1+grm3u1	reuse-exact-all	Architecture: all package is byte-reused from the AMD64 reference rootfs
debianutils	4.11.2	amd64	debianutils	4.11.2	debianutils	4.11.2	exact-arm64	exact Debian ARM64 binary found
desktop-base	11.0.3	all	desktop-base	11.0.3	desktop-base	11.0.3	reuse-exact-all	Architecture: all package is byte-reused from the AMD64 reference rootfs
desktop-file-utils	0.26-1	amd64	desktop-file-utils	0.26-1	desktop-file-utils	0.26-1	exact-arm64	exact Debian ARM64 binary found
dictionaries-common	1.28.4	all	dictionaries-common	1.28.4	dictionaries-common	1.28.4	reuse-exact-all	Architecture: all package is byte-reused from the AMD64 reference rootfs
diffutils	1:3.7-5	amd64	diffutils	1:3.7-5	diffutils	1:3.7-5	exact-arm64	exact Debian ARM64 binary found
dirmngr	2.2.27-2+deb11u2	amd64	gnupg2	2.2.27-2+deb11u2	dirmngr	2.2.27-2+deb11u2	exact-arm64	exact Debian ARM64 binary found
distro-info-data	0.51+deb11u3	all	distro-info-data	0.51+deb11u3	distro-info-data	0.51+deb11u3	reuse-exact-all	Architecture: all package is byte-reused from the AMD64 reference rootfs
dmidecode	3.3-2	amd64	dmidecode	3.3-2	dmidecode	3.3-2	exact-arm64	exact Debian ARM64 binary found
dmsetup	2:1.02.175-2.1	amd64	lvm2	2.03.11-2.1	dmsetup	2:1.02.175-2.1	exact-arm64	exact Debian ARM64 binary found
dnsmasq-base	2.85-1	amd64	dnsmasq	2.85-1	dnsmasq-base	2.85-1	exact-arm64	exact Debian ARM64 binary found
dosfstools	4.2-1	amd64	dosfstools	4.2-1	dosfstools	4.2-1	exact-arm64	exact Debian ARM64 binary found
dpkg	1.20.12+grm3u1	amd64	dpkg	1.20.12+grm3u1	dpkg	1.20.12+grm3u1	custom-rebuild	exact +grm/+han source commit must be rebuilt for ARM64
e2fsprogs	1.46.2-2	amd64	e2fsprogs	1.46.2-2	e2fsprogs	1.46.2-2	exact-arm64	exact Debian ARM64 binary found
ecryptfs-utils	111-5	amd64	ecryptfs-utils	111-5	ecryptfs-utils	111-5	exact-arm64	exact Debian ARM64 binary found
eject	2.36.1-8+deb11u1	amd64	util-linux	2.36.1-8+deb11u1	eject	2.36.1-8+deb11u1	exact-arm64	exact Debian ARM64 binary found
emacsen-common	3.0.4	all	emacsen-common	3.0.4	emacsen-common	3.0.4	reuse-exact-all	Architecture: all package is byte-reused from the AMD64 reference rootfs
eog	3.38.2-1+grm3u4	amd64	eog	3.38.2-1+grm3u4	eog	3.38.2-1+grm3u4	custom-rebuild	exact +grm/+han source commit must be rebuilt for ARM64
evolution-data-server-common	3.38.3-1+deb11u2	all	evolution-data-server	3.38.3-1+deb11u2	evolution-data-server-common	3.38.3-1+deb11u2	reuse-exact-all	Architecture: all package is byte-reused from the AMD64 reference rootfs
exfat-fuse	1.3.0-2	amd64	fuse-exfat	1.3.0-2	exfat-fuse	1.3.0-2	exact-arm64	exact Debian ARM64 binary found
exfat-utils	1.3.0-2	amd64	exfat-utils	1.3.0-2	exfat-utils	1.3.0-2	exact-arm64	exact Debian ARM64 binary found
faba-icon-theme	4.3-1	all	faba-icon-theme	4.3-1	faba-icon-theme	4.3-1	reuse-exact-all	Architecture: all package is byte-reused from the AMD64 reference rootfs
faenza-icon-theme	1.3.1-1.1	all	faenza-icon-theme	1.3.1-1.1	faenza-icon-theme	1.3.1-1.1	reuse-exact-all	Architecture: all package is byte-reused from the AMD64 reference rootfs
fdisk	2.36.1-8+deb11u1	amd64	util-linux	2.36.1-8+deb11u1	fdisk	2.36.1-8+deb11u1	exact-arm64	exact Debian ARM64 binary found
file	1:5.39-3	amd64	file	1:5.39-3	file	1:5.39-3	exact-arm64	exact Debian ARM64 binary found
file-roller	3.38.1-1+grm3u3	amd64	file-roller	3.38.1-1+grm3u3	file-roller	3.38.1-1+grm3u3	custom-rebuild	exact +grm/+han source commit must be rebuilt for ARM64
findutils	4.8.0-1	amd64	findutils	4.8.0-1	findutils	4.8.0-1	exact-arm64	exact Debian ARM64 binary found
firmware-amd-graphics	20210315-3	all	firmware-nonfree	20210315-3	firmware-amd-graphics	20210315-3	reuse-exact-all	Architecture: all package is byte-reused from the AMD64 reference rootfs
firmware-atheros	20210315-3	all	firmware-nonfree	20210315-3	firmware-atheros	20210315-3	reuse-exact-all	Architecture: all package is byte-reused from the AMD64 reference rootfs
firmware-bnx2	20210315-3	all	firmware-nonfree	20210315-3	firmware-bnx2	20210315-3	reuse-exact-all	Architecture: all package is byte-reused from the AMD64 reference rootfs
firmware-bnx2x	20210315-3	all	firmware-nonfree	20210315-3	firmware-bnx2x	20210315-3	reuse-exact-all	Architecture: all package is byte-reused from the AMD64 reference rootfs
firmware-brcm80211	20210315-3	all	firmware-nonfree	20210315-3	firmware-brcm80211	20210315-3	reuse-exact-all	Architecture: all package is byte-reused from the AMD64 reference rootfs
firmware-cavium	20210315-3	all	firmware-nonfree	20210315-3	firmware-cavium	20210315-3	reuse-exact-all	Architecture: all package is byte-reused from the AMD64 reference rootfs
firmware-intel-sound	20210315-3	all	firmware-nonfree	20210315-3	firmware-intel-sound	20210315-3	reuse-exact-all	Architecture: all package is byte-reused from the AMD64 reference rootfs
firmware-intelwimax	20210315-3	all	firmware-nonfree	20210315-3	firmware-intelwimax	20210315-3	reuse-exact-all	Architecture: all package is byte-reused from the AMD64 reference rootfs
firmware-ipw2x00	20210315-3	all	firmware-nonfree	20210315-3	firmware-ipw2x00	20210315-3	reuse-exact-all	Architecture: all package is byte-reused from the AMD64 reference rootfs
firmware-ivtv	20210315-3	all	firmware-nonfree	20210315-3	firmware-ivtv	20210315-3	reuse-exact-all	Architecture: all package is byte-reused from the AMD64 reference rootfs
firmware-iwlwifi	20210315-3	all	firmware-nonfree	20210315-3	firmware-iwlwifi	20210315-3	reuse-exact-all	Architecture: all package is byte-reused from the AMD64 reference rootfs
firmware-libertas	20210315-3	all	firmware-nonfree	20210315-3	firmware-libertas	20210315-3	reuse-exact-all	Architecture: all package is byte-reused from the AMD64 reference rootfs
firmware-linux	20210315-3	all	firmware-nonfree	20210315-3	firmware-linux	20210315-3	reuse-exact-all	Architecture: all package is byte-reused from the AMD64 reference rootfs
firmware-linux-free	20200122-1	all	firmware-free	20200122-1	firmware-linux-free	20200122-1	reuse-exact-all	Architecture: all package is byte-reused from the AMD64 reference rootfs
firmware-linux-nonfree	20210315-3	all	firmware-nonfree	20210315-3	firmware-linux-nonfree	20210315-3	reuse-exact-all	Architecture: all package is byte-reused from the AMD64 reference rootfs
firmware-misc-nonfree	20210315-3	all	firmware-nonfree	20210315-3	firmware-misc-nonfree	20210315-3	reuse-exact-all	Architecture: all package is byte-reused from the AMD64 reference rootfs
firmware-myricom	20210315-3	all	firmware-nonfree	20210315-3	firmware-myricom	20210315-3	reuse-exact-all	Architecture: all package is byte-reused from the AMD64 reference rootfs
firmware-netronome	20210315-3	all	firmware-nonfree	20210315-3	firmware-netronome	20210315-3	reuse-exact-all	Architecture: all package is byte-reused from the AMD64 reference rootfs
firmware-netxen	20210315-3	all	firmware-nonfree	20210315-3	firmware-netxen	20210315-3	reuse-exact-all	Architecture: all package is byte-reused from the AMD64 reference rootfs
firmware-qcom-media	20210315-3	all	firmware-nonfree	20210315-3	firmware-qcom-media	20210315-3	reuse-exact-all	Architecture: all package is byte-reused from the AMD64 reference rootfs
firmware-qcom-soc	20210315-3	all	firmware-nonfree	20210315-3	firmware-qcom-soc	20210315-3	reuse-exact-all	Architecture: all package is byte-reused from the AMD64 reference rootfs
firmware-qlogic	20210315-3	all	firmware-nonfree	20210315-3	firmware-qlogic	20210315-3	reuse-exact-all	Architecture: all package is byte-reused from the AMD64 reference rootfs
firmware-realtek	20210315-3	all	firmware-nonfree	20210315-3	firmware-realtek	20210315-3	reuse-exact-all	Architecture: all package is byte-reused from the AMD64 reference rootfs
firmware-samsung	20210315-3	all	firmware-nonfree	20210315-3	firmware-samsung	20210315-3	reuse-exact-all	Architecture: all package is byte-reused from the AMD64 reference rootfs
firmware-siano	20210315-3	all	firmware-nonfree	20210315-3	firmware-siano	20210315-3	reuse-exact-all	Architecture: all package is byte-reused from the AMD64 reference rootfs
firmware-sof-signed	1.7-1	all	firmware-sof	1.7-1	firmware-sof-signed	1.7-1	reuse-exact-all	Architecture: all package is byte-reused from the AMD64 reference rootfs
firmware-ti-connectivity	20210315-3	all	firmware-nonfree	20210315-3	firmware-ti-connectivity	20210315-3	reuse-exact-all	Architecture: all package is byte-reused from the AMD64 reference rootfs
flat-remix-gtk-theme	0.3.0+grm3u1	all	flat-remix-gtk-theme	0.3.0+grm3u1	flat-remix-gtk-theme	0.3.0+grm3u1	reuse-exact-all	Architecture: all package is byte-reused from the AMD64 reference rootfs
flatpak	1.10.8-0+deb11u1	amd64	flatpak	1.10.8-0+deb11u1	flatpak	1.10.8-0+deb11u1	exact-arm64	exact Debian ARM64 binary found
fontconfig	2.13.1-4.2	amd64	fontconfig	2.13.1-4.2	fontconfig	2.13.1-4.2	exact-arm64	exact Debian ARM64 binary found
fontconfig-config	2.13.1-4.2	all	fontconfig	2.13.1-4.2	fontconfig-config	2.13.1-4.2	reuse-exact-all	Architecture: all package is byte-reused from the AMD64 reference rootfs
fonts-dejavu-core	2.37-2	all	fonts-dejavu	2.37-2	fonts-dejavu-core	2.37-2	reuse-exact-all	Architecture: all package is byte-reused from the AMD64 reference rootfs
fonts-nanum	20200506-1	all	fonts-nanum	20200506-1	fonts-nanum	20200506-1	reuse-exact-all	Architecture: all package is byte-reused from the AMD64 reference rootfs
fonts-nanum-extra	20200506-1	all	fonts-nanum	20200506-1	fonts-nanum-extra	20200506-1	reuse-exact-all	Architecture: all package is byte-reused from the AMD64 reference rootfs
fonts-naver-d2coding	1.3.2-2	all	fonts-naver-d2coding	1.3.2-2	fonts-naver-d2coding	1.3.2-2	reuse-exact-all	Architecture: all package is byte-reused from the AMD64 reference rootfs
fonts-noto-cjk	1:20201206-cjk+repack1-1	all	fonts-noto-cjk	1:20201206-cjk+repack1-1	fonts-noto-cjk	1:20201206-cjk+repack1-1	reuse-exact-all	Architecture: all package is byte-reused from the AMD64 reference rootfs
fonts-quicksand	0.2016-2.1	all	fonts-quicksand	0.2016-2.1	fonts-quicksand	0.2016-2.1	reuse-exact-all	Architecture: all package is byte-reused from the AMD64 reference rootfs
fonts-urw-base35	20200910-1	all	fonts-urw-base35	20200910-1	fonts-urw-base35	20200910-1	reuse-exact-all	Architecture: all package is byte-reused from the AMD64 reference rootfs
foomatic-db-compressed-ppds	20200820-1	all	foomatic-db	20200820-1	foomatic-db-compressed-ppds	20200820-1	reuse-exact-all	Architecture: all package is byte-reused from the AMD64 reference rootfs
fsarchiver	0.8.6-1	amd64	fsarchiver	0.8.6-1	fsarchiver	0.8.6-1	exact-arm64	exact Debian ARM64 binary found
fuse	2.9.9-5	amd64	fuse	2.9.9-5	fuse	2.9.9-5	exact-arm64	exact Debian ARM64 binary found
gcc-10-base	10.2.1-6	amd64	gcc-10	10.2.1-6	gcc-10-base	10.2.1-6	exact-arm64	exact Debian ARM64 binary found
gcc-9-base	9.3.0-22	amd64	gcc-9	9.3.0-22	gcc-9-base	9.3.0-22	exact-arm64	exact Debian ARM64 binary found
gconf-service	3.2.6-7	amd64	gconf	3.2.6-7	gconf-service	3.2.6-7	exact-arm64	exact Debian ARM64 binary found
gconf2	3.2.6-7	amd64	gconf	3.2.6-7	gconf2	3.2.6-7	exact-arm64	exact Debian ARM64 binary found
gconf2-common	3.2.6-7	all	gconf	3.2.6-7	gconf2-common	3.2.6-7	reuse-exact-all	Architecture: all package is byte-reused from the AMD64 reference rootfs
gcr	3.38.1-2	amd64	gcr	3.38.1-2	gcr	3.38.1-2	exact-arm64	exact Debian ARM64 binary found
gdebi	0.9.5.7+nmu5-1+grm3u2	all	gdebi	0.9.5.7+nmu5-1+grm3u2	gdebi	0.9.5.7+nmu5-1+grm3u2	reuse-exact-all	Architecture: all package is byte-reused from the AMD64 reference rootfs
gdebi-core	0.9.5.7+nmu5-1+grm3u2	all	gdebi	0.9.5.7+nmu5-1+grm3u2	gdebi-core	0.9.5.7+nmu5-1+grm3u2	reuse-exact-all	Architecture: all package is byte-reused from the AMD64 reference rootfs
gdisk	1.0.6-1.1	amd64	gdisk	1.0.6-1.1	gdisk	1.0.6-1.1	exact-arm64	exact Debian ARM64 binary found
gedit	3.38.1-1+grm3u3	amd64	gedit	3.38.1-1+grm3u3	gedit	3.38.1-1+grm3u3	custom-rebuild	exact +grm/+han source commit must be rebuilt for ARM64
gedit-common	3.38.1-1+grm3u3	all	gedit	3.38.1-1+grm3u3	gedit-common	3.38.1-1+grm3u3	reuse-exact-all	Architecture: all package is byte-reused from the AMD64 reference rootfs
gettext-base	0.21-4	amd64	gettext	0.21-4	gettext-base	0.21-4	exact-arm64	exact Debian ARM64 binary found
ghostscript	9.53.3~dfsg-7+deb11u5	amd64	ghostscript	9.53.3~dfsg-7+deb11u5	ghostscript	9.53.3~dfsg-7+deb11u5	exact-arm64	exact Debian ARM64 binary found
gir1.2-atk-1.0	2.36.0-2	amd64	atk1.0	2.36.0-2	gir1.2-atk-1.0	2.36.0-2	exact-arm64	exact Debian ARM64 binary found
gir1.2-freedesktop	1.66.1-1+b1	amd64	gobject-introspection	1.66.1-1	gir1.2-freedesktop	1.66.1-1+b1	exact-arm64	exact Debian ARM64 binary found
gir1.2-gdkpixbuf-2.0	2.42.2+dfsg-1+deb11u1	amd64	gdk-pixbuf	2.42.2+dfsg-1+deb11u1	gir1.2-gdkpixbuf-2.0	2.42.2+dfsg-1+deb11u1	exact-arm64	exact Debian ARM64 binary found
gir1.2-gladeui-2.0	3.38.2-2	amd64	glade	3.38.2-2	gir1.2-gladeui-2.0	3.38.2-2	exact-arm64	exact Debian ARM64 binary found
gir1.2-glib-2.0	1.66.1-1+b1	amd64	gobject-introspection	1.66.1-1	gir1.2-glib-2.0	1.66.1-1+b1	exact-arm64	exact Debian ARM64 binary found
gir1.2-gtk-3.0	3.24.24-4+grm3u2	amd64	gtk+3.0	3.24.24-4+grm3u2	gir1.2-gtk-3.0	3.24.24-4+grm3u2	custom-rebuild	exact +grm/+han source commit must be rebuilt for ARM64
gir1.2-gtksource-4	4.8.0-1	amd64	gtksourceview4	4.8.0-1	gir1.2-gtksource-4	4.8.0-1	exact-arm64	exact Debian ARM64 binary found
gir1.2-harfbuzz-0.0	2.7.4-1	amd64	harfbuzz	2.7.4-1	gir1.2-harfbuzz-0.0	2.7.4-1	exact-arm64	exact Debian ARM64 binary found
gir1.2-javascriptcoregtk-4.0	2.40.3-2~deb11u2	amd64	webkit2gtk	2.40.3-2~deb11u2	gir1.2-javascriptcoregtk-4.0	2.40.3-2~deb11u2	exact-arm64	exact Debian ARM64 binary found
gir1.2-keybinder-3.0	0.3.2-1.1	amd64	keybinder-3.0	0.3.2-1.1	gir1.2-keybinder-3.0	0.3.2-1.1	exact-arm64	exact Debian ARM64 binary found
gir1.2-malcontent-0	0.10.0-2	amd64	malcontent	0.10.0-2	gir1.2-malcontent-0	0.10.0-2	exact-arm64	exact Debian ARM64 binary found
gir1.2-notify-0.7	0.7.9-3	amd64	libnotify	0.7.9-3	gir1.2-notify-0.7	0.7.9-3	exact-arm64	exact Debian ARM64 binary found
gir1.2-packagekitglib-1.0	1.2.2-2	amd64	packagekit	1.2.2-2	gir1.2-packagekitglib-1.0	1.2.2-2	exact-arm64	exact Debian ARM64 binary found
gir1.2-pango-1.0	1.46.2-3	amd64	pango1.0	1.46.2-3	gir1.2-pango-1.0	1.46.2-3	exact-arm64	exact Debian ARM64 binary found
gir1.2-peas-1.0	1.28.0-2+b1	amd64	libpeas	1.28.0-2	gir1.2-peas-1.0	1.28.0-2+b1	exact-arm64	exact Debian ARM64 binary found
gir1.2-polkit-1.0	0.105-31+nDeb11u1+grm3u1	amd64	policykit-1	0.105-31+nDeb11u1+grm3u1	gir1.2-polkit-1.0	0.105-31+nDeb11u1+grm3u1	custom-rebuild	exact +grm/+han source commit must be rebuilt for ARM64
gir1.2-soup-2.4	2.72.0-2	amd64	libsoup2.4	2.72.0-2	gir1.2-soup-2.4	2.72.0-2	exact-arm64	exact Debian ARM64 binary found
gir1.2-vte-2.91	0.62.3-1	amd64	vte2.91	0.62.3-1	gir1.2-vte-2.91	0.62.3-1	exact-arm64	exact Debian ARM64 binary found
gir1.2-webkit2-4.0	2.40.3-2~deb11u2	amd64	webkit2gtk	2.40.3-2~deb11u2	gir1.2-webkit2-4.0	2.40.3-2~deb11u2	exact-arm64	exact Debian ARM64 binary found
gir1.2-wnck-3.0	3.36.0-1	amd64	libwnck3	3.36.0-1	gir1.2-wnck-3.0	3.36.0-1	exact-arm64	exact Debian ARM64 binary found
gkbd-capplet	3.26.1-1	amd64	libgnomekbd	3.26.1-1	gkbd-capplet	3.26.1-1	exact-arm64	exact Debian ARM64 binary found
glib-networking	2.66.0-2	amd64	glib-networking	2.66.0-2	glib-networking	2.66.0-2	exact-arm64	exact Debian ARM64 binary found
glib-networking-common	2.66.0-2	all	glib-networking	2.66.0-2	glib-networking-common	2.66.0-2	reuse-exact-all	Architecture: all package is byte-reused from the AMD64 reference rootfs
glib-networking-services	2.66.0-2	amd64	glib-networking	2.66.0-2	glib-networking-services	2.66.0-2	exact-arm64	exact Debian ARM64 binary found
glx-alternative-mesa	1.2.1~deb11u1	amd64	glx-alternatives	1.2.1~deb11u1	glx-alternative-mesa	1.2.1~deb11u1	exact-arm64	exact Debian ARM64 binary found
glx-alternative-nvidia	1.2.1~deb11u1	amd64	glx-alternatives	1.2.1~deb11u1	glx-alternative-nvidia	1.2.1~deb11u1	exact-arm64	exact Debian ARM64 binary found
glx-diversions	1.2.1~deb11u1	amd64	glx-alternatives	1.2.1~deb11u1	glx-diversions	1.2.1~deb11u1	exact-arm64	exact Debian ARM64 binary found
gnome-bluetooth	3.34.3-2+grm3u1	amd64	gnome-bluetooth	3.34.3-2+grm3u1	gnome-bluetooth	3.34.3-2+grm3u1	custom-rebuild	exact +grm/+han source commit must be rebuilt for ARM64
gnome-calculator	3.38.2-1	amd64	gnome-calculator	3.38.2-1	gnome-calculator	3.38.2-1	exact-arm64	exact Debian ARM64 binary found
gnome-control-center	1:3.38.4-1+grm3u9	amd64	gnome-control-center	1:3.38.4-1+grm3u9	gnome-control-center	1:3.38.4-1+grm3u9	custom-rebuild	exact +grm/+han source commit must be rebuilt for ARM64
gnome-control-center-data	1:3.38.4-1+grm3u9	all	gnome-control-center	1:3.38.4-1+grm3u9	gnome-control-center-data	1:3.38.4-1+grm3u9	reuse-exact-all	Architecture: all package is byte-reused from the AMD64 reference rootfs
gnome-desktop3-data	3.38.5-3	all	gnome-desktop3	3.38.5-3	gnome-desktop3-data	3.38.5-3	reuse-exact-all	Architecture: all package is byte-reused from the AMD64 reference rootfs
gnome-flashback	3.38.0-2+grm3u2+han3u4	amd64	gnome-flashback	3.38.0-2+grm3u2+han3u4	gnome-flashback	3.38.0-2+grm3u2+han3u4	custom-rebuild	exact +grm/+han source commit must be rebuilt for ARM64
gnome-flashback-common	3.38.0-2+grm3u2+han3u4	all	gnome-flashback	3.38.0-2+grm3u2+han3u4	gnome-flashback-common	3.38.0-2+grm3u2+han3u4	reuse-exact-all	Architecture: all package is byte-reused from the AMD64 reference rootfs
gnome-hwp-support	0.1.6-2	amd64	gnome-hwp-support	0.1.6-2	gnome-hwp-support	0.1.6-2	exact-arm64	exact Debian ARM64 binary found
gnome-icon-theme	3.12.0-3	all	gnome-icon-theme	3.12.0-3	gnome-icon-theme	3.12.0-3	reuse-exact-all	Architecture: all package is byte-reused from the AMD64 reference rootfs
gnome-keyring	3.36.0-1	amd64	gnome-keyring	3.36.0-1	gnome-keyring	3.36.0-1	exact-arm64	exact Debian ARM64 binary found
gnome-menus	3.36.0-1	amd64	gnome-menus	3.36.0-1	gnome-menus	3.36.0-1	exact-arm64	exact Debian ARM64 binary found
gnome-mpv	0.20-2+grm3u6	all	celluloid	0.20-2+grm3u6	gnome-mpv	0.20-2+grm3u6	reuse-exact-all	Architecture: all package is byte-reused from the AMD64 reference rootfs
gnome-panel	3.38.0-1+grm3u1	amd64	gnome-panel	3.38.0-1+grm3u1	gnome-panel	3.38.0-1+grm3u1	custom-rebuild	exact +grm/+han source commit must be rebuilt for ARM64
gnome-panel-data	3.38.0-1+grm3u1	all	gnome-panel	3.38.0-1+grm3u1	gnome-panel-data	3.38.0-1+grm3u1	reuse-exact-all	Architecture: all package is byte-reused from the AMD64 reference rootfs
gnome-screenshot	3.38.0-1+grm3u2	amd64	gnome-screenshot	3.38.0-1+grm3u2	gnome-screenshot	3.38.0-1+grm3u2	custom-rebuild	exact +grm/+han source commit must be rebuilt for ARM64
gnome-session-bin	3.38.0-4	amd64	gnome-session	3.38.0-4	gnome-session-bin	3.38.0-4	exact-arm64	exact Debian ARM64 binary found
gnome-session-canberra	0.30-7	amd64	libcanberra	0.30-7	gnome-session-canberra	0.30-7	exact-arm64	exact Debian ARM64 binary found
gnome-session-common	3.38.0-4	all	gnome-session	3.38.0-4	gnome-session-common	3.38.0-4	reuse-exact-all	Architecture: all package is byte-reused from the AMD64 reference rootfs
gnome-session-flashback	3.38.0-2+grm3u2+han3u4	all	gnome-flashback	3.38.0-2+grm3u2+han3u4	gnome-session-flashback	3.38.0-2+grm3u2+han3u4	reuse-exact-all	Architecture: all package is byte-reused from the AMD64 reference rootfs
gnome-settings-daemon	3.38.2-1+grm3u1	amd64	gnome-settings-daemon	3.38.2-1+grm3u1	gnome-settings-daemon	3.38.2-1+grm3u1	custom-rebuild	exact +grm/+han source commit must be rebuilt for ARM64
gnome-settings-daemon-common	3.38.2-1+grm3u1	all	gnome-settings-daemon	3.38.2-1+grm3u1	gnome-settings-daemon-common	3.38.2-1+grm3u1	reuse-exact-all	Architecture: all package is byte-reused from the AMD64 reference rootfs
gnome-terminal	3.38.3-1	amd64	gnome-terminal	3.38.3-1	gnome-terminal	3.38.3-1	exact-arm64	exact Debian ARM64 binary found
gnome-terminal-data	3.38.3-1	all	gnome-terminal	3.38.3-1	gnome-terminal-data	3.38.3-1	reuse-exact-all	Architecture: all package is byte-reused from the AMD64 reference rootfs
gnome-themes-extra	3.28-1	amd64	gnome-themes-extra	3.28-1	gnome-themes-extra	3.28-1	exact-arm64	exact Debian ARM64 binary found
gnome-themes-extra-data	3.28-1	all	gnome-themes-extra	3.28-1	gnome-themes-extra-data	3.28-1	reuse-exact-all	Architecture: all package is byte-reused from the AMD64 reference rootfs
gnupg	2.2.27-2+deb11u2	all	gnupg2	2.2.27-2+deb11u2	gnupg	2.2.27-2+deb11u2	reuse-exact-all	Architecture: all package is byte-reused from the AMD64 reference rootfs
gnupg-l10n	2.2.27-2+deb11u2	all	gnupg2	2.2.27-2+deb11u2	gnupg-l10n	2.2.27-2+deb11u2	reuse-exact-all	Architecture: all package is byte-reused from the AMD64 reference rootfs
gnupg-utils	2.2.27-2+deb11u2	amd64	gnupg2	2.2.27-2+deb11u2	gnupg-utils	2.2.27-2+deb11u2	exact-arm64	exact Debian ARM64 binary found
gooroom-agent-service	0.4.8+grm3u1	all	gooroom-agent-service	0.4.8+grm3u1	gooroom-agent-service	0.4.8+grm3u1	reuse-exact-all	Architecture: all package is byte-reused from the AMD64 reference rootfs
gooroom-applauncher-applet	0.4.0+grm3u1+han3u2	amd64	gooroom-applauncher-applet	0.4.0+grm3u1+han3u2	gooroom-applauncher-applet	0.4.0+grm3u1+han3u2	custom-rebuild	exact +grm/+han source commit must be rebuilt for ARM64
gooroom-archive-keyring	20201012+grm3u1	all	gooroom-archive-keyring	20201012+grm3u1	gooroom-archive-keyring	20201012+grm3u1	reuse-exact-all	Architecture: all package is byte-reused from the AMD64 reference rootfs
gooroom-artwork-common	1.3.3+grm3u1	all	gooroom-artwork-common	1.3.3+grm3u1	gooroom-artwork-common	1.3.3+grm3u1	reuse-exact-all	Architecture: all package is byte-reused from the AMD64 reference rootfs
gooroom-artwork-gnome-flashback	0.4.4+grm3u1	all	gooroom-artwork-gnome-flashback	0.4.4+grm3u1	gooroom-artwork-gnome-flashback	0.4.4+grm3u1	reuse-exact-all	Architecture: all package is byte-reused from the AMD64 reference rootfs
gooroom-bootsplash-theme	1.0.0+grm3u1+han3u1	all	gooroom-bootsplash-theme	1.0.0+grm3u1+han3u1	gooroom-bootsplash-theme	1.0.0+grm3u1+han3u1	reuse-exact-all	Architecture: all package is byte-reused from the AMD64 reference rootfs
gooroom-browser	3.5.0-1+grm3u3	amd64	gooroom-browser	3.5.0-1+grm3u3	gooroom-browser	3.5.0-1+grm3u3	custom-rebuild	exact +grm/+han source commit must be rebuilt for ARM64
gooroom-browser-l10n	3.5.0-1+grm3u3	all	gooroom-browser	3.5.0-1+grm3u3	gooroom-browser-l10n	3.5.0-1+grm3u3	reuse-exact-all	Architecture: all package is byte-reused from the AMD64 reference rootfs
gooroom-client-server-register	1.1.1+han3u1	all	gooroom-client-server-register	1.1.1+han3u1	gooroom-client-server-register	1.1.1+han3u1	reuse-exact-all	Architecture: all package is byte-reused from the AMD64 reference rootfs
gooroom-dockbarx	1.3.0+grm3u3	all	gooroom-dockbarx	1.3.0+grm3u3	gooroom-dockbarx	1.3.0+grm3u3	reuse-exact-all	Architecture: all package is byte-reused from the AMD64 reference rootfs
gooroom-dockbarx-applet	0.3.1+grm3u1+han3u1	amd64	gooroom-dockbarx-applet	0.3.1+grm3u1+han3u1	gooroom-dockbarx-applet	0.3.1+grm3u1+han3u1	custom-rebuild	exact +grm/+han source commit must be rebuilt for ARM64
gooroom-dockbarx-common	1.3.0+grm3u3	all	gooroom-dockbarx	1.3.0+grm3u3	gooroom-dockbarx-common	1.3.0+grm3u3	reuse-exact-all	Architecture: all package is byte-reused from the AMD64 reference rootfs
gooroom-dockbarx-dockx	1.3.0+grm3u3	all	gooroom-dockbarx	1.3.0+grm3u3	gooroom-dockbarx-dockx	1.3.0+grm3u3	reuse-exact-all	Architecture: all package is byte-reused from the AMD64 reference rootfs
gooroom-greeter	0.3.1+grm3u1+han3u2	amd64	gooroom-greeter	0.3.1+grm3u1+han3u2	gooroom-greeter	0.3.1+grm3u1+han3u2	custom-rebuild	exact +grm/+han source commit must be rebuilt for ARM64
gooroom-guide	0.5.3+grm3u1+han3u1	amd64	gooroom-guide	0.5.3+grm3u1+han3u1	gooroom-guide	0.5.3+grm3u1+han3u1	custom-rebuild	exact +grm/+han source commit must be rebuilt for ARM64
gooroom-icon-themes	1.3.6+grm3u1+han3u2	all	gooroom-icon-themes	1.3.6+grm3u1+han3u2	gooroom-icon-themes	1.3.6+grm3u1+han3u2	reuse-exact-all	Architecture: all package is byte-reused from the AMD64 reference rootfs
gooroom-indicator-applet	0.3.0+grm3u1	amd64	gooroom-indicator-applet	0.3.0+grm3u1	gooroom-indicator-applet	0.3.0+grm3u1	custom-rebuild	exact +grm/+han source commit must be rebuilt for ARM64
gooroom-info	3.3.0+grm3u1	all	gooroom-info	3.3.0+grm3u1	gooroom-info	3.3.0+grm3u1	reuse-exact-all	Architecture: all package is byte-reused from the AMD64 reference rootfs
gooroom-integration-applet	0.3.1+grm3u1+han3u3	amd64	gooroom-integration-applet	0.3.1+grm3u1+han3u3	gooroom-integration-applet	0.3.1+grm3u1+han3u3	custom-rebuild	exact +grm/+han source commit must be rebuilt for ARM64
gooroom-libsecurity-extensions	0.1.7+grm3u1	amd64	gooroom-libsecurity-extensions	0.1.7+grm3u1	gooroom-libsecurity-extensions	0.1.7+grm3u1	custom-rebuild	exact +grm/+han source commit must be rebuilt for ARM64
gooroom-logout	0.3.0+grm3u1	amd64	gooroom-logout	0.3.0+grm3u1	gooroom-logout	0.3.0+grm3u1	custom-rebuild	exact +grm/+han source commit must be rebuilt for ARM64
gooroom-notice-applet	0.3.4+grm3u1	amd64	gooroom-notice-applet	0.3.4+grm3u1	gooroom-notice-applet	0.3.4+grm3u1	custom-rebuild	exact +grm/+han source commit must be rebuilt for ARM64
gooroom-notifyd	0.5.0+grm3u1	amd64	gooroom-notifyd	0.5.0+grm3u1	gooroom-notifyd	0.5.0+grm3u1	custom-rebuild	exact +grm/+han source commit must be rebuilt for ARM64
gooroom-security-status-tools	0.3.9+grm3u1	amd64	gooroom-security-status-tools	0.3.9+grm3u1	gooroom-security-status-tools	0.3.9+grm3u1	custom-rebuild	exact +grm/+han source commit must be rebuilt for ARM64
gooroom-security-utils	0.3.7+grm3u1	all	gooroom-security-utils	0.3.7+grm3u1	gooroom-security-utils	0.3.7+grm3u1	reuse-exact-all	Architecture: all package is byte-reused from the AMD64 reference rootfs
gooroom-session-manager	0.3.9+grm3u1+han3u2	amd64	gooroom-session-manager	0.3.9+grm3u1+han3u2	gooroom-session-manager	0.3.9+grm3u1+han3u2	custom-rebuild	exact +grm/+han source commit must be rebuilt for ARM64
gooroom-showdesktop-applet	0.2.0+grm3u1	amd64	gooroom-showdesktop-applet	0.2.0+grm3u1	gooroom-showdesktop-applet	0.2.0+grm3u1	custom-rebuild	exact +grm/+han source commit must be rebuilt for ARM64
gooroom-software	3.30.6+5+grm3u6	amd64	gooroom-software	3.30.6+5+grm3u6	gooroom-software	3.30.6+5+grm3u6	custom-rebuild	exact +grm/+han source commit must be rebuilt for ARM64
gooroom-software-common	3.30.6+5+grm3u6	all	gooroom-software	3.30.6+5+grm3u6	gooroom-software-common	3.30.6+5+grm3u6	reuse-exact-all	Architecture: all package is byte-reused from the AMD64 reference rootfs
gooroom-software-plugin-flatpak	3.30.6+5+grm3u6	amd64	gooroom-software	3.30.6+5+grm3u6	gooroom-software-plugin-flatpak	3.30.6+5+grm3u6	custom-rebuild	exact +grm/+han source commit must be rebuilt for ARM64
gooroom-translations	20230728+han3u1	all	gooroom-translations	20230728+han3u1	gooroom-translations	20230728+han3u1	reuse-exact-all	Architecture: all package is byte-reused from the AMD64 reference rootfs
gooroom-update	1.3.3+grm3u1	all	gooroom-update	1.3.3+grm3u1	gooroom-update	1.3.3+grm3u1	reuse-exact-all	Architecture: all package is byte-reused from the AMD64 reference rootfs
gooroom-yelp-adjustments	0.3.10+han3u1	all	gooroom-yelp-adjustments	0.3.10+han3u1	gooroom-yelp-adjustments	0.3.10+han3u1	reuse-exact-all	Architecture: all package is byte-reused from the AMD64 reference rootfs
gooroomsystem	1.1.3+grm3u1	all	gooroomsystem	1.1.3+grm3u1	gooroomsystem	1.1.3+grm3u1	reuse-exact-all	Architecture: all package is byte-reused from the AMD64 reference rootfs
gpart	1:0.3-8	amd64	gpart	1:0.3-8	gpart	1:0.3-8	exact-arm64	exact Debian ARM64 binary found
gparted	1.2.0-1	amd64	gparted	1.2.0-1	gparted	1.2.0-1	exact-arm64	exact Debian ARM64 binary found
gparted-common	1.2.0-1	all	gparted	1.2.0-1	gparted-common	1.2.0-1	reuse-exact-all	Architecture: all package is byte-reused from the AMD64 reference rootfs
gpg	2.2.27-2+deb11u2	amd64	gnupg2	2.2.27-2+deb11u2	gpg	2.2.27-2+deb11u2	exact-arm64	exact Debian ARM64 binary found
gpg-agent	2.2.27-2+deb11u2	amd64	gnupg2	2.2.27-2+deb11u2	gpg-agent	2.2.27-2+deb11u2	exact-arm64	exact Debian ARM64 binary found
gpg-wks-client	2.2.27-2+deb11u2	amd64	gnupg2	2.2.27-2+deb11u2	gpg-wks-client	2.2.27-2+deb11u2	exact-arm64	exact Debian ARM64 binary found
gpg-wks-server	2.2.27-2+deb11u2	amd64	gnupg2	2.2.27-2+deb11u2	gpg-wks-server	2.2.27-2+deb11u2	exact-arm64	exact Debian ARM64 binary found
gpgconf	2.2.27-2+deb11u2	amd64	gnupg2	2.2.27-2+deb11u2	gpgconf	2.2.27-2+deb11u2	exact-arm64	exact Debian ARM64 binary found
gpgsm	2.2.27-2+deb11u2	amd64	gnupg2	2.2.27-2+deb11u2	gpgsm	2.2.27-2+deb11u2	exact-arm64	exact Debian ARM64 binary found
gpgv	2.2.27-2+deb11u2	amd64	gnupg2	2.2.27-2+deb11u2	gpgv	2.2.27-2+deb11u2	exact-arm64	exact Debian ARM64 binary found
grac-device-daemon	1.4.9+grm3u1	all	gooroom-resource-access-control	1.4.9+grm3u1	grac-device-daemon	1.4.9+grm3u1	reuse-exact-all	Architecture: all package is byte-reused from the AMD64 reference rootfs
grac-editor	1.4.9+grm3u1	all	gooroom-resource-access-control	1.4.9+grm3u1	grac-editor	1.4.9+grm3u1	reuse-exact-all	Architecture: all package is byte-reused from the AMD64 reference rootfs
grep	3.6-1+deb11u1	amd64	grep	3.6-1+deb11u1	grep	3.6-1+deb11u1	exact-arm64	exact Debian ARM64 binary found
groff-base	1.22.4-6	amd64	groff	1.22.4-6	groff-base	1.22.4-6	exact-arm64	exact Debian ARM64 binary found
grub-common	2.06-3~deb11u5	amd64	grub2	2.06-3~deb11u5	grub-common	2.06-3~deb11u5	exact-arm64	exact Debian ARM64 binary found
grub-pc	2.06-3~deb11u5	amd64	grub2	2.06-3~deb11u5	grub-efi-arm64	2.06-3~deb11u5	exact-arch-replace	ARM64 UEFI bootloader replacement
grub-pc-bin	2.06-3~deb11u5	amd64	grub2	2.06-3~deb11u5	grub-efi-arm64-bin	2.06-3~deb11u5	exact-arch-replace	ARM64 UEFI modules replacement
grub2-common	2.06-3~deb11u5	amd64	grub2	2.06-3~deb11u5	grub2-common	2.06-3~deb11u5	exact-arm64	exact Debian ARM64 binary found
gsettings-desktop-schemas	3.38.0-2	all	gsettings-desktop-schemas	3.38.0-2	gsettings-desktop-schemas	3.38.0-2	reuse-exact-all	Architecture: all package is byte-reused from the AMD64 reference rootfs
gstreamer1.0-clutter-3.0	3.0.27-2	amd64	clutter-gst-3.0	3.0.27-2	gstreamer1.0-clutter-3.0	3.0.27-2	exact-arm64	exact Debian ARM64 binary found
gstreamer1.0-libav	1.18.4-3	amd64	gst-libav1.0	1.18.4-3	gstreamer1.0-libav	1.18.4-3	exact-arm64	exact Debian ARM64 binary found
gstreamer1.0-nice	0.1.16-1	amd64	libnice	0.1.16-1	gstreamer1.0-nice	0.1.16-1	exact-arm64	exact Debian ARM64 binary found
gstreamer1.0-plugins-bad	1.18.4-3+deb11u1	amd64	gst-plugins-bad1.0	1.18.4-3+deb11u1	gstreamer1.0-plugins-bad	1.18.4-3+deb11u1	exact-arm64	exact Debian ARM64 binary found
gstreamer1.0-plugins-base	1.18.4-2+deb11u1	amd64	gst-plugins-base1.0	1.18.4-2+deb11u1	gstreamer1.0-plugins-base	1.18.4-2+deb11u1	exact-arm64	exact Debian ARM64 binary found
gstreamer1.0-plugins-good	1.18.4-2+deb11u2	amd64	gst-plugins-good1.0	1.18.4-2+deb11u2	gstreamer1.0-plugins-good	1.18.4-2+deb11u2	exact-arm64	exact Debian ARM64 binary found
gstreamer1.0-plugins-ugly	1.18.4-2	amd64	gst-plugins-ugly1.0	1.18.4-2	gstreamer1.0-plugins-ugly	1.18.4-2	exact-arm64	exact Debian ARM64 binary found
gstreamer1.0-pulseaudio	1.18.4-2+deb11u2	amd64	gst-plugins-good1.0	1.18.4-2+deb11u2	gstreamer1.0-pulseaudio	1.18.4-2+deb11u2	exact-arm64	exact Debian ARM64 binary found
gstreamer1.0-x	1.18.4-2+deb11u1	amd64	gst-plugins-base1.0	1.18.4-2+deb11u1	gstreamer1.0-x	1.18.4-2+deb11u1	exact-arm64	exact Debian ARM64 binary found
gtk-update-icon-cache	3.24.24-4+grm3u2	amd64	gtk+3.0	3.24.24-4+grm3u2	gtk-update-icon-cache	3.24.24-4+grm3u2	custom-rebuild	exact +grm/+han source commit must be rebuilt for ARM64
gtk2-engines-murrine	0.98.2-3	amd64	gtk2-engines-murrine	0.98.2-3	gtk2-engines-murrine	0.98.2-3	exact-arm64	exact Debian ARM64 binary found
gtk2-engines-pixbuf	2.24.33-2+grm3u1	amd64	gtk+2.0	2.24.33-2+grm3u1	gtk2-engines-pixbuf	2.24.33-2+grm3u1	custom-rebuild	exact +grm/+han source commit must be rebuilt for ARM64
gvfs	1.46.2-1	amd64	gvfs	1.46.2-1	gvfs	1.46.2-1	exact-arm64	exact Debian ARM64 binary found
gvfs-backends	1.46.2-1	amd64	gvfs	1.46.2-1	gvfs-backends	1.46.2-1	exact-arm64	exact Debian ARM64 binary found
gvfs-common	1.46.2-1	all	gvfs	1.46.2-1	gvfs-common	1.46.2-1	reuse-exact-all	Architecture: all package is byte-reused from the AMD64 reference rootfs
gvfs-daemons	1.46.2-1	amd64	gvfs	1.46.2-1	gvfs-daemons	1.46.2-1	exact-arm64	exact Debian ARM64 binary found
gvfs-libs	1.46.2-1	amd64	gvfs	1.46.2-1	gvfs-libs	1.46.2-1	exact-arm64	exact Debian ARM64 binary found
gzip	1.10-4+deb11u1	amd64	gzip	1.10-4+deb11u1	gzip	1.10-4+deb11u1	exact-arm64	exact Debian ARM64 binary found
hancom-gooroom-themepack	0.3.3+han3u1	all	hancom-gooroom-themepack	0.3.3+han3u1	hancom-gooroom-themepack	0.3.3+han3u1	reuse-exact-all	Architecture: all package is byte-reused from the AMD64 reference rootfs
hancom-toolkit	0.3.3+han3u1	amd64	hancom-toolkit	0.3.3+han3u1	hancom-toolkit	0.3.3+han3u1	custom-rebuild	exact +grm/+han source commit must be rebuilt for ARM64
hancom-viewer-installer	0.2.2+han3u1	amd64	hancom-viewer-installer	0.2.2+han3u1	hancom-viewer-installer	0.2.2+han3u1	custom-rebuild	exact +grm/+han source commit must be rebuilt for ARM64
hancomgrm-adjustments-utils	0.3.3+han3u1	amd64	hancomgrm-adjustments-utils	0.3.3+han3u1	hancomgrm-adjustments-utils	0.3.3+han3u1	custom-rebuild	exact +grm/+han source commit must be rebuilt for ARM64
hicolor-icon-theme	0.17-2	all	hicolor-icon-theme	0.17-2	hicolor-icon-theme	0.17-2	reuse-exact-all	Architecture: all package is byte-reused from the AMD64 reference rootfs
hostname	3.23	amd64	hostname	3.23	hostname	3.23	exact-arm64	exact Debian ARM64 binary found
hp-ppd	0.9+nmu1	all	hp-ppd	0.9+nmu1	hp-ppd	0.9+nmu1	reuse-exact-all	Architecture: all package is byte-reused from the AMD64 reference rootfs
hpijs-ppds	3.21.2+dfsg1-2	all	hplip	3.21.2+dfsg1-2	hpijs-ppds	3.21.2+dfsg1-2	reuse-exact-all	Architecture: all package is byte-reused from the AMD64 reference rootfs
hunspell-en-us	1:2019.10.06-1	all	scowl	2019.10.06-1	hunspell-en-us	1:2019.10.06-1	reuse-exact-all	Architecture: all package is byte-reused from the AMD64 reference rootfs
ieee-data	20210605.1	all	ieee-data	20210605.1	ieee-data	20210605.1	reuse-exact-all	Architecture: all package is byte-reused from the AMD64 reference rootfs
ifupdown	0.8.36	amd64	ifupdown	0.8.36	ifupdown	0.8.36	exact-arm64	exact Debian ARM64 binary found
im-config	0.46-1+deb11u1	all	im-config	0.46-1+deb11u1	im-config	0.46-1+deb11u1	reuse-exact-all	Architecture: all package is byte-reused from the AMD64 reference rootfs
init	1.60	amd64	init-system-helpers	1.60	init	1.60	exact-arm64	exact Debian ARM64 binary found
init-system-helpers	1.60	all	init-system-helpers	1.60	init-system-helpers	1.60	reuse-exact-all	Architecture: all package is byte-reused from the AMD64 reference rootfs
initramfs-tools	0.140	all	initramfs-tools	0.140	initramfs-tools	0.140	reuse-exact-all	Architecture: all package is byte-reused from the AMD64 reference rootfs
initramfs-tools-core	0.140	all	initramfs-tools	0.140	initramfs-tools-core	0.140	reuse-exact-all	Architecture: all package is byte-reused from the AMD64 reference rootfs
insserv	1.21.0-1.1	amd64	insserv	1.21.0-1.1	insserv	1.21.0-1.1	exact-arm64	exact Debian ARM64 binary found
intel-microcode	3.20230214.1~deb11u1	amd64	intel-microcode	3.20230214.1~deb11u1			arch-omit	Intel CPU microcode is not applicable to ARM64
iproute2	5.10.0-4	amd64	iproute2	5.10.0-4	iproute2	5.10.0-4	exact-arm64	exact Debian ARM64 binary found
iptables	1.8.7-1	amd64	iptables	1.8.7-1	iptables	1.8.7-1	exact-arm64	exact Debian ARM64 binary found
iputils-ping	3:20210202-1	amd64	iputils	3:20210202-1	iputils-ping	3:20210202-1	exact-arm64	exact Debian ARM64 binary found
isc-dhcp-client	4.4.1-2.3+deb11u2	amd64	isc-dhcp	4.4.1-2.3+deb11u2	isc-dhcp-client	4.4.1-2.3+deb11u2	exact-arm64	exact Debian ARM64 binary found
isc-dhcp-common	4.4.1-2.3+deb11u2	amd64	isc-dhcp	4.4.1-2.3+deb11u2	isc-dhcp-common	4.4.1-2.3+deb11u2	exact-arm64	exact Debian ARM64 binary found
iso-codes	4.6.0-1	all	iso-codes	4.6.0-1	iso-codes	4.6.0-1	reuse-exact-all	Architecture: all package is byte-reused from the AMD64 reference rootfs
isoquery	3.2.4-1+deb11u1	amd64	isoquery	3.2.4-1+deb11u1	isoquery	3.2.4-1+deb11u1	exact-arm64	exact Debian ARM64 binary found
iucode-tool	2.3.1-1	amd64	iucode-tool	2.3.1-1	iucode-tool	2.3.1-1	missing-exact-arm64	exact version absent from selected snapshot
kbd	2.3.0-3	amd64	kbd	2.3.0-3	kbd	2.3.0-3	exact-arm64	exact Debian ARM64 binary found
keyboard-configuration	1.205	all	console-setup	1.205	keyboard-configuration	1.205	reuse-exact-all	Architecture: all package is byte-reused from the AMD64 reference rootfs
keyutils	1.6.1-2	amd64	keyutils	1.6.1-2	keyutils	1.6.1-2	exact-arm64	exact Debian ARM64 binary found
klibc-utils	2.0.8-6.1	amd64	klibc	2.0.8-6.1	klibc-utils	2.0.8-6.1	exact-arm64	exact Debian ARM64 binary found
kmod	28-1	amd64	kmod	28-1	kmod	28-1	exact-arm64	exact Debian ARM64 binary found
less	551-2	amd64	less	551-2	less	551-2	exact-arm64	exact Debian ARM64 binary found
liba52-0.7.4	0.7.4-20	amd64	a52dec	0.7.4-20	liba52-0.7.4	0.7.4-20	exact-arm64	exact Debian ARM64 binary found
libaa1	1.4p5-48	amd64	aalib	1.4p5-48	libaa1	1.4p5-48	exact-arm64	exact Debian ARM64 binary found
libaccountsservice0	0.6.55-3+grm3u1	amd64	accountsservice	0.6.55-3+grm3u1	libaccountsservice0	0.6.55-3+grm3u1	custom-rebuild	exact +grm/+han source commit must be rebuilt for ARM64
libacl1	2.2.53-10	amd64	acl	2.2.53-10	libacl1	2.2.53-10	exact-arm64	exact Debian ARM64 binary found
libamtk-5-0	5.2.0-1	amd64	amtk	5.2.0-1	libamtk-5-0	5.2.0-1	exact-arm64	exact Debian ARM64 binary found
libamtk-5-common	5.2.0-1	all	amtk	5.2.0-1	libamtk-5-common	5.2.0-1	reuse-exact-all	Architecture: all package is byte-reused from the AMD64 reference rootfs
libaom0	1.0.0.errata1-3	amd64	aom	1.0.0.errata1-3	libaom0	1.0.0.errata1-3	exact-arm64	exact Debian ARM64 binary found
libapparmor1	2.13.6-10	amd64	apparmor	2.13.6-10	libapparmor1	2.13.6-10	exact-arm64	exact Debian ARM64 binary found
libappstream-glib8	0.7.18-1	amd64	appstream-glib	0.7.18-1	libappstream-glib8	0.7.18-1	exact-arm64	exact Debian ARM64 binary found
libappstream4	0.14.4-1	amd64	appstream	0.14.4-1	libappstream4	0.14.4-1	exact-arm64	exact Debian ARM64 binary found
libapt-pkg6.0	2.2.4	amd64	apt	2.2.4	libapt-pkg6.0	2.2.4	exact-arm64	exact Debian ARM64 binary found
libarchive13	3.4.3-2+deb11u1	amd64	libarchive	3.4.3-2+deb11u1	libarchive13	3.4.3-2+deb11u1	exact-arm64	exact Debian ARM64 binary found
libargon2-1	0~20171227-0.2	amd64	argon2	0~20171227-0.2	libargon2-1	0~20171227-0.2	exact-arm64	exact Debian ARM64 binary found
libasound2	1.2.4-1.1	amd64	alsa-lib	1.2.4-1.1	libasound2	1.2.4-1.1	exact-arm64	exact Debian ARM64 binary found
libasound2-data	1.2.4-1.1	all	alsa-lib	1.2.4-1.1	libasound2-data	1.2.4-1.1	reuse-exact-all	Architecture: all package is byte-reused from the AMD64 reference rootfs
libasound2-plugins	1.2.2-2	amd64	alsa-plugins	1.2.2-2	libasound2-plugins	1.2.2-2	exact-arm64	exact Debian ARM64 binary found
libaspell15	0.60.8-3	amd64	aspell	0.60.8-3	libaspell15	0.60.8-3	exact-arm64	exact Debian ARM64 binary found
libass9	1:0.15.0-2	amd64	libass	1:0.15.0-2	libass9	1:0.15.0-2	exact-arm64	exact Debian ARM64 binary found
libassuan0	2.5.3-7.1	amd64	libassuan	2.5.3-7.1	libassuan0	2.5.3-7.1	exact-arm64	exact Debian ARM64 binary found
libasyncns0	0.8-6+b2	amd64	libasyncns	0.8-6	libasyncns0	0.8-6+b2	exact-arm64	exact Debian ARM64 binary found
libatasmart4	0.19-5	amd64	libatasmart	0.19-5	libatasmart4	0.19-5	exact-arm64	exact Debian ARM64 binary found
libatk-bridge2.0-0	2.38.0-1	amd64	at-spi2-atk	2.38.0-1	libatk-bridge2.0-0	2.38.0-1	exact-arm64	exact Debian ARM64 binary found
libatk1.0-0	2.36.0-2	amd64	atk1.0	2.36.0-2	libatk1.0-0	2.36.0-2	exact-arm64	exact Debian ARM64 binary found
libatk1.0-data	2.36.0-2	all	atk1.0	2.36.0-2	libatk1.0-data	2.36.0-2	reuse-exact-all	Architecture: all package is byte-reused from the AMD64 reference rootfs
libatkmm-1.6-1v5	2.28.0-3	amd64	atkmm1.6	2.28.0-3	libatkmm-1.6-1v5	2.28.0-3	exact-arm64	exact Debian ARM64 binary found
libatomic1	10.2.1-6	amd64	gcc-10	10.2.1-6	libatomic1	10.2.1-6	exact-arm64	exact Debian ARM64 binary found
libatopology2	1.2.4-1.1	amd64	alsa-lib	1.2.4-1.1	libatopology2	1.2.4-1.1	exact-arm64	exact Debian ARM64 binary found
libatspi2.0-0	2.38.0-4+deb11u1	amd64	at-spi2-core	2.38.0-4+deb11u1	libatspi2.0-0	2.38.0-4+deb11u1	exact-arm64	exact Debian ARM64 binary found
libattr1	1:2.4.48-6	amd64	attr	1:2.4.48-6	libattr1	1:2.4.48-6	exact-arm64	exact Debian ARM64 binary found
libaudit-common	1:3.0-2	all	audit	1:3.0-2	libaudit-common	1:3.0-2	reuse-exact-all	Architecture: all package is byte-reused from the AMD64 reference rootfs
libaudit1	1:3.0-2	amd64	audit	1:3.0-2	libaudit1	1:3.0-2	exact-arm64	exact Debian ARM64 binary found
libavahi-client3	0.8-5+deb11u2	amd64	avahi	0.8-5+deb11u2	libavahi-client3	0.8-5+deb11u2	exact-arm64	exact Debian ARM64 binary found
libavahi-common-data	0.8-5+deb11u2	amd64	avahi	0.8-5+deb11u2	libavahi-common-data	0.8-5+deb11u2	exact-arm64	exact Debian ARM64 binary found
libavahi-common3	0.8-5+deb11u2	amd64	avahi	0.8-5+deb11u2	libavahi-common3	0.8-5+deb11u2	exact-arm64	exact Debian ARM64 binary found
libavahi-glib1	0.8-5+deb11u2	amd64	avahi	0.8-5+deb11u2	libavahi-glib1	0.8-5+deb11u2	exact-arm64	exact Debian ARM64 binary found
libavc1394-0	0.5.4-5	amd64	libavc1394	0.5.4-5	libavc1394-0	0.5.4-5	exact-arm64	exact Debian ARM64 binary found
libavcodec58	7:4.3.6-0+deb11u1	amd64	ffmpeg	7:4.3.6-0+deb11u1	libavcodec58	7:4.3.6-0+deb11u1	exact-arm64	exact Debian ARM64 binary found
libavdevice58	7:4.3.6-0+deb11u1	amd64	ffmpeg	7:4.3.6-0+deb11u1	libavdevice58	7:4.3.6-0+deb11u1	exact-arm64	exact Debian ARM64 binary found
libavfilter7	7:4.3.6-0+deb11u1	amd64	ffmpeg	7:4.3.6-0+deb11u1	libavfilter7	7:4.3.6-0+deb11u1	exact-arm64	exact Debian ARM64 binary found
libavformat58	7:4.3.6-0+deb11u1	amd64	ffmpeg	7:4.3.6-0+deb11u1	libavformat58	7:4.3.6-0+deb11u1	exact-arm64	exact Debian ARM64 binary found
libavresample4	7:4.3.6-0+deb11u1	amd64	ffmpeg	7:4.3.6-0+deb11u1	libavresample4	7:4.3.6-0+deb11u1	exact-arm64	exact Debian ARM64 binary found
libavutil56	7:4.3.6-0+deb11u1	amd64	ffmpeg	7:4.3.6-0+deb11u1	libavutil56	7:4.3.6-0+deb11u1	exact-arm64	exact Debian ARM64 binary found
libayatana-appindicator3-1	0.5.5-2+deb11u2	amd64	libayatana-appindicator	0.5.5-2+deb11u2	libayatana-appindicator3-1	0.5.5-2+deb11u2	exact-arm64	exact Debian ARM64 binary found
libayatana-ido3-0.4-0	0.8.2-1	amd64	ayatana-ido	0.8.2-1	libayatana-ido3-0.4-0	0.8.2-1	exact-arm64	exact Debian ARM64 binary found
libayatana-indicator3-7	0.8.4-1+deb11u2	amd64	libayatana-indicator	0.8.4-1+deb11u2	libayatana-indicator3-7	0.8.4-1+deb11u2	exact-arm64	exact Debian ARM64 binary found
libb64-0d	1.2-5+b1	amd64	libb64	1.2-5	libb64-0d	1.2-5+b1	exact-arm64	exact Debian ARM64 binary found
libbinutils	2.35.2-2	amd64	binutils	2.35.2-2	libbinutils	2.35.2-2	exact-arm64	exact Debian ARM64 binary found
libblas3	3.9.0-3	amd64	lapack	3.9.0-3	libblas3	3.9.0-3	exact-arm64	exact Debian ARM64 binary found
libblkid1	2.36.1-8+deb11u1	amd64	util-linux	2.36.1-8+deb11u1	libblkid1	2.36.1-8+deb11u1	exact-arm64	exact Debian ARM64 binary found
libblockdev-crypto2	2.25-2	amd64	libblockdev	2.25-2	libblockdev-crypto2	2.25-2	exact-arm64	exact Debian ARM64 binary found
libblockdev-fs2	2.25-2	amd64	libblockdev	2.25-2	libblockdev-fs2	2.25-2	exact-arm64	exact Debian ARM64 binary found
libblockdev-loop2	2.25-2	amd64	libblockdev	2.25-2	libblockdev-loop2	2.25-2	exact-arm64	exact Debian ARM64 binary found
libblockdev-mdraid2	2.25-2	amd64	libblockdev	2.25-2	libblockdev-mdraid2	2.25-2	exact-arm64	exact Debian ARM64 binary found
libblockdev-part-err2	2.25-2	amd64	libblockdev	2.25-2	libblockdev-part-err2	2.25-2	exact-arm64	exact Debian ARM64 binary found
libblockdev-part2	2.25-2	amd64	libblockdev	2.25-2	libblockdev-part2	2.25-2	exact-arm64	exact Debian ARM64 binary found
libblockdev-swap2	2.25-2	amd64	libblockdev	2.25-2	libblockdev-swap2	2.25-2	exact-arm64	exact Debian ARM64 binary found
libblockdev-utils2	2.25-2	amd64	libblockdev	2.25-2	libblockdev-utils2	2.25-2	exact-arm64	exact Debian ARM64 binary found
libblockdev2	2.25-2	amd64	libblockdev	2.25-2	libblockdev2	2.25-2	exact-arm64	exact Debian ARM64 binary found
libbluetooth3	5.55-3.1	amd64	bluez	5.55-3.1	libbluetooth3	5.55-3.1	exact-arm64	exact Debian ARM64 binary found
libbluray2	1:1.2.1-4+deb11u2	amd64	libbluray	1:1.2.1-4+deb11u2	libbluray2	1:1.2.1-4+deb11u2	exact-arm64	exact Debian ARM64 binary found
libboost-iostreams1.74.0	1.74.0-9	amd64	boost1.74	1.74.0-9	libboost-iostreams1.74.0	1.74.0-9	exact-arm64	exact Debian ARM64 binary found
libbpf0	1:0.3-2	amd64	libbpf	0.3-2	libbpf0	1:0.3-2	exact-arm64	exact Debian ARM64 binary found
libbrotli1	1.0.9-2+b2	amd64	brotli	1.0.9-2	libbrotli1	1.0.9-2+b2	exact-arm64	exact Debian ARM64 binary found
libbs2b0	3.1.0+dfsg-2.2+b1	amd64	libbs2b	3.1.0+dfsg-2.2	libbs2b0	3.1.0+dfsg-2.2+b1	exact-arm64	exact Debian ARM64 binary found
libbsd0	0.11.3-1	amd64	libbsd	0.11.3-1	libbsd0	0.11.3-1	exact-arm64	exact Debian ARM64 binary found
libbytesize-common	2.5-1	all	libbytesize	2.5-1	libbytesize-common	2.5-1	reuse-exact-all	Architecture: all package is byte-reused from the AMD64 reference rootfs
libbytesize1	2.5-1	amd64	libbytesize	2.5-1	libbytesize1	2.5-1	exact-arm64	exact Debian ARM64 binary found
libbz2-1.0	1.0.8-4	amd64	bzip2	1.0.8-4	libbz2-1.0	1.0.8-4	exact-arm64	exact Debian ARM64 binary found
libc-bin	2.31-13+deb11u6	amd64	glibc	2.31-13+deb11u6	libc-bin	2.31-13+deb11u6	exact-arm64	exact Debian ARM64 binary found
libc-l10n	2.31-13+deb11u6	all	glibc	2.31-13+deb11u6	libc-l10n	2.31-13+deb11u6	reuse-exact-all	Architecture: all package is byte-reused from the AMD64 reference rootfs
libc6	2.31-13+deb11u6	amd64	glibc	2.31-13+deb11u6	libc6	2.31-13+deb11u6	exact-arm64	exact Debian ARM64 binary found
libcaca0	0.99.beta19-2.2	amd64	libcaca	0.99.beta19-2.2	libcaca0	0.99.beta19-2.2	exact-arm64	exact Debian ARM64 binary found
libcairo-gobject-perl	1.005-2+b2	amd64	libcairo-gobject-perl	1.005-2	libcairo-gobject-perl	1.005-2+b2	exact-arm64	exact Debian ARM64 binary found
libcairo-gobject2	1.16.0-5	amd64	cairo	1.16.0-5	libcairo-gobject2	1.16.0-5	exact-arm64	exact Debian ARM64 binary found
libcairo-perl	1.109-1	amd64	libcairo-perl	1.109-1	libcairo-perl	1.109-1	exact-arm64	exact Debian ARM64 binary found
libcairo2	1.16.0-5	amd64	cairo	1.16.0-5	libcairo2	1.16.0-5	exact-arm64	exact Debian ARM64 binary found
libcairomm-1.0-1v5	1.12.2-4	amd64	cairomm	1.12.2-4	libcairomm-1.0-1v5	1.12.2-4	exact-arm64	exact Debian ARM64 binary found
libcamel-1.2-62	3.38.3-1+deb11u2	amd64	evolution-data-server	3.38.3-1+deb11u2	libcamel-1.2-62	3.38.3-1+deb11u2	exact-arm64	exact Debian ARM64 binary found
libcanberra-gtk-module	0.30-7	amd64	libcanberra	0.30-7	libcanberra-gtk-module	0.30-7	exact-arm64	exact Debian ARM64 binary found
libcanberra-gtk0	0.30-7	amd64	libcanberra	0.30-7	libcanberra-gtk0	0.30-7	exact-arm64	exact Debian ARM64 binary found
libcanberra-gtk3-0	0.30-7	amd64	libcanberra	0.30-7	libcanberra-gtk3-0	0.30-7	exact-arm64	exact Debian ARM64 binary found
libcanberra-gtk3-module	0.30-7	amd64	libcanberra	0.30-7	libcanberra-gtk3-module	0.30-7	exact-arm64	exact Debian ARM64 binary found
libcanberra-pulse	0.30-7	amd64	libcanberra	0.30-7	libcanberra-pulse	0.30-7	exact-arm64	exact Debian ARM64 binary found
libcanberra0	0.30-7	amd64	libcanberra	0.30-7	libcanberra0	0.30-7	exact-arm64	exact Debian ARM64 binary found
libcap-ng0	0.7.9-2.2+b1	amd64	libcap-ng	0.7.9-2.2	libcap-ng0	0.7.9-2.2+b1	exact-arm64	exact Debian ARM64 binary found
libcap2	1:2.44-1	amd64	libcap2	1:2.44-1	libcap2	1:2.44-1	exact-arm64	exact Debian ARM64 binary found
libcap2-bin	1:2.44-1	amd64	libcap2	1:2.44-1	libcap2-bin	1:2.44-1	exact-arm64	exact Debian ARM64 binary found
libcdio-cdda2	10.2+2.0.0-1+b2	amd64	libcdio-paranoia	10.2+2.0.0-1	libcdio-cdda2	10.2+2.0.0-1+b2	exact-arm64	exact Debian ARM64 binary found
libcdio-paranoia2	10.2+2.0.0-1+b2	amd64	libcdio-paranoia	10.2+2.0.0-1	libcdio-paranoia2	10.2+2.0.0-1+b2	exact-arm64	exact Debian ARM64 binary found
libcdio19	2.1.0-2	amd64	libcdio	2.1.0-2	libcdio19	2.1.0-2	exact-arm64	exact Debian ARM64 binary found
libcdparanoia0	3.10.2+debian-13.1	amd64	cdparanoia	3.10.2+debian-13.1	libcdparanoia0	3.10.2+debian-13.1	exact-arm64	exact Debian ARM64 binary found
libcheese-gtk25	3.38.0-3	amd64	cheese	3.38.0-3	libcheese-gtk25	3.38.0-3	exact-arm64	exact Debian ARM64 binary found
libcheese8	3.38.0-3	amd64	cheese	3.38.0-3	libcheese8	3.38.0-3	exact-arm64	exact Debian ARM64 binary found
libchromaprint1	1.5.0-2	amd64	chromaprint	1.5.0-2	libchromaprint1	1.5.0-2	exact-arm64	exact Debian ARM64 binary found
libclutter-1.0-0	1.26.4+dfsg-2	amd64	clutter-1.0	1.26.4+dfsg-2	libclutter-1.0-0	1.26.4+dfsg-2	exact-arm64	exact Debian ARM64 binary found
libclutter-gst-3.0-0	3.0.27-2	amd64	clutter-gst-3.0	3.0.27-2	libclutter-gst-3.0-0	3.0.27-2	exact-arm64	exact Debian ARM64 binary found
libclutter-gtk-1.0-0	1.8.4-4	amd64	clutter-gtk	1.8.4-4	libclutter-gtk-1.0-0	1.8.4-4	exact-arm64	exact Debian ARM64 binary found
libcodec2-0.9	0.9.2-4	amd64	codec2	0.9.2-4	libcodec2-0.9	0.9.2-4	exact-arm64	exact Debian ARM64 binary found
libcogl-pango20	1.22.8-2	amd64	cogl	1.22.8-2	libcogl-pango20	1.22.8-2	exact-arm64	exact Debian ARM64 binary found
libcogl-path20	1.22.8-2	amd64	cogl	1.22.8-2	libcogl-path20	1.22.8-2	exact-arm64	exact Debian ARM64 binary found
libcogl20	1.22.8-2	amd64	cogl	1.22.8-2	libcogl20	1.22.8-2	exact-arm64	exact Debian ARM64 binary found
libcolord-gtk1	0.1.26-2	amd64	colord-gtk	0.1.26-2	libcolord-gtk1	0.1.26-2	exact-arm64	exact Debian ARM64 binary found
libcolord2	1.4.5-3	amd64	colord	1.4.5-3	libcolord2	1.4.5-3	exact-arm64	exact Debian ARM64 binary found
libcolorhug2	1.4.5-3	amd64	colord	1.4.5-3	libcolorhug2	1.4.5-3	exact-arm64	exact Debian ARM64 binary found
libcom-err2	1.46.2-2	amd64	e2fsprogs	1.46.2-2	libcom-err2	1.46.2-2	exact-arm64	exact Debian ARM64 binary found
libcrack2	2.9.6-3.4	amd64	cracklib2	2.9.6-3.4	libcrack2	2.9.6-3.4	exact-arm64	exact Debian ARM64 binary found
libcrypt1	1:4.4.18-4	amd64	libxcrypt	1:4.4.18-4	libcrypt1	1:4.4.18-4	exact-arm64	exact Debian ARM64 binary found
libcryptsetup12	2:2.3.7-1+deb11u1	amd64	cryptsetup	2:2.3.7-1+deb11u1	libcryptsetup12	2:2.3.7-1+deb11u1	exact-arm64	exact Debian ARM64 binary found
libctf-nobfd0	2.35.2-2	amd64	binutils	2.35.2-2	libctf-nobfd0	2.35.2-2	exact-arm64	exact Debian ARM64 binary found
libctf0	2.35.2-2	amd64	binutils	2.35.2-2	libctf0	2.35.2-2	exact-arm64	exact Debian ARM64 binary found
libcue2	2.2.1-3	amd64	libcue	2.2.1-3	libcue2	2.2.1-3	exact-arm64	exact Debian ARM64 binary found
libcups2	2.3.3op2-3+deb11u2	amd64	cups	2.3.3op2-3+deb11u2	libcups2	2.3.3op2-3+deb11u2	exact-arm64	exact Debian ARM64 binary found
libcupsfilters1	1.28.7-1+deb11u2	amd64	cups-filters	1.28.7-1+deb11u2	libcupsfilters1	1.28.7-1+deb11u2	exact-arm64	exact Debian ARM64 binary found
libcupsimage2	2.3.3op2-3+deb11u2	amd64	cups	2.3.3op2-3+deb11u2	libcupsimage2	2.3.3op2-3+deb11u2	exact-arm64	exact Debian ARM64 binary found
libcurl3-gnutls	7.74.0-1.3+deb11u7	amd64	curl	7.74.0-1.3+deb11u7	libcurl3-gnutls	7.74.0-1.3+deb11u7	exact-arm64	exact Debian ARM64 binary found
libcurl4	7.74.0-1.3+deb11u7	amd64	curl	7.74.0-1.3+deb11u7	libcurl4	7.74.0-1.3+deb11u7	exact-arm64	exact Debian ARM64 binary found
libcwidget4	0.5.18-5	amd64	cwidget	0.5.18-5	libcwidget4	0.5.18-5	exact-arm64	exact Debian ARM64 binary found
libdatrie1	0.2.13-1	amd64	libdatrie	0.2.13-1	libdatrie1	0.2.13-1	exact-arm64	exact Debian ARM64 binary found
libdav1d4	0.7.1-3	amd64	dav1d	0.7.1-3	libdav1d4	0.7.1-3	exact-arm64	exact Debian ARM64 binary found
libdb5.3	5.3.28+dfsg1-0.8	amd64	db5.3	5.3.28+dfsg1-0.8	libdb5.3	5.3.28+dfsg1-0.8	exact-arm64	exact Debian ARM64 binary found
libdbus-1-3	1.12.24-0+deb11u1	amd64	dbus	1.12.24-0+deb11u1	libdbus-1-3	1.12.24-0+deb11u1	exact-arm64	exact Debian ARM64 binary found
libdbus-glib-1-2	0.110-6	amd64	dbus-glib	0.110-6	libdbus-glib-1-2	0.110-6	exact-arm64	exact Debian ARM64 binary found
libdbusmenu-glib4	18.10.20180917~bzr492+repack1-2	amd64	libdbusmenu	18.10.20180917~bzr492+repack1-2	libdbusmenu-glib4	18.10.20180917~bzr492+repack1-2	exact-arm64	exact Debian ARM64 binary found
libdbusmenu-gtk3-4	18.10.20180917~bzr492+repack1-2	amd64	libdbusmenu	18.10.20180917~bzr492+repack1-2	libdbusmenu-gtk3-4	18.10.20180917~bzr492+repack1-2	exact-arm64	exact Debian ARM64 binary found
libdc1394-25	2.2.6-3	amd64	libdc1394	2.2.6-3	libdc1394-25	2.2.6-3	exact-arm64	exact Debian ARM64 binary found
libdca0	0.0.7-2	amd64	libdca	0.0.7-2	libdca0	0.0.7-2	exact-arm64	exact Debian ARM64 binary found
libdconf1	0.38.0-2	amd64	dconf	0.38.0-2	libdconf1	0.38.0-2	exact-arm64	exact Debian ARM64 binary found
libde265-0	1.0.11-0+deb11u1	amd64	libde265	1.0.11-0+deb11u1	libde265-0	1.0.11-0+deb11u1	exact-arm64	exact Debian ARM64 binary found
libdebconfclient0	0.260	amd64	cdebconf	0.260	libdebconfclient0	0.260	exact-arm64	exact Debian ARM64 binary found
libdee-1.0-4	1.2.7+17.10.20170616-6+b1	amd64	dee	1.2.7+17.10.20170616-6	libdee-1.0-4	1.2.7+17.10.20170616-6+b1	exact-arm64	exact Debian ARM64 binary found
libdeflate0	1.7-1	amd64	libdeflate	1.7-1	libdeflate0	1.7-1	exact-arm64	exact Debian ARM64 binary found
libdevmapper1.02.1	2:1.02.175-2.1	amd64	lvm2	2.03.11-2.1	libdevmapper1.02.1	2:1.02.175-2.1	exact-arm64	exact Debian ARM64 binary found
libdns-export1110	1:9.11.19+dfsg-2.1	amd64	bind9-libs	1:9.11.19+dfsg-2.1	libdns-export1110	1:9.11.19+dfsg-2.1	exact-arm64	exact Debian ARM64 binary found
libdouble-conversion3	3.1.5-6.1	amd64	double-conversion	3.1.5-6.1	libdouble-conversion3	3.1.5-6.1	exact-arm64	exact Debian ARM64 binary found
libdpkg-perl	1.20.12+grm3u1	all	dpkg	1.20.12+grm3u1	libdpkg-perl	1.20.12+grm3u1	reuse-exact-all	Architecture: all package is byte-reused from the AMD64 reference rootfs
libdrm-amdgpu1	2.4.104-1	amd64	libdrm	2.4.104-1	libdrm-amdgpu1	2.4.104-1	exact-arm64	exact Debian ARM64 binary found
libdrm-common	2.4.104-1	all	libdrm	2.4.104-1	libdrm-common	2.4.104-1	reuse-exact-all	Architecture: all package is byte-reused from the AMD64 reference rootfs
libdrm-intel1	2.4.104-1	amd64	libdrm	2.4.104-1			arch-omit	Intel-only DRM userspace driver is not applicable to ARM64 target
libdrm-nouveau2	2.4.104-1	amd64	libdrm	2.4.104-1	libdrm-nouveau2	2.4.104-1	exact-arm64	exact Debian ARM64 binary found
libdrm-radeon1	2.4.104-1	amd64	libdrm	2.4.104-1	libdrm-radeon1	2.4.104-1	exact-arm64	exact Debian ARM64 binary found
libdrm2	2.4.104-1	amd64	libdrm	2.4.104-1	libdrm2	2.4.104-1	exact-arm64	exact Debian ARM64 binary found
libdv4	1.0.0-13	amd64	libdv	1.0.0-13	libdv4	1.0.0-13	exact-arm64	exact Debian ARM64 binary found
libdvdnav4	6.1.0-1+b1	amd64	libdvdnav	6.1.0-1	libdvdnav4	6.1.0-1+b1	exact-arm64	exact Debian ARM64 binary found
libdvdread8	6.1.1-2	amd64	libdvdread	6.1.1-2	libdvdread8	6.1.1-2	exact-arm64	exact Debian ARM64 binary found
libdw1	0.183-1	amd64	elfutils	0.183-1	libdw1	0.183-1	exact-arm64	exact Debian ARM64 binary found
libecal-2.0-1	3.38.3-1+deb11u2	amd64	evolution-data-server	3.38.3-1+deb11u2	libecal-2.0-1	3.38.3-1+deb11u2	exact-arm64	exact Debian ARM64 binary found
libecryptfs1	111-5	amd64	ecryptfs-utils	111-5	libecryptfs1	111-5	exact-arm64	exact Debian ARM64 binary found
libedataserver-1.2-25	3.38.3-1+deb11u2	amd64	evolution-data-server	3.38.3-1+deb11u2	libedataserver-1.2-25	3.38.3-1+deb11u2	exact-arm64	exact Debian ARM64 binary found
libedit2	3.1-20191231-2+b1	amd64	libedit	3.1-20191231-2	libedit2	3.1-20191231-2+b1	exact-arm64	exact Debian ARM64 binary found
libefiboot1	37-6	amd64	efivar	37-6	libefiboot1	37-6	exact-arm64	exact Debian ARM64 binary found
libefivar1	37-6	amd64	efivar	37-6	libefivar1	37-6	exact-arm64	exact Debian ARM64 binary found
libegl-mesa0	20.3.5-1	amd64	mesa	20.3.5-1	libegl-mesa0	20.3.5-1	exact-arm64	exact Debian ARM64 binary found
libegl1	1.3.2-1	amd64	libglvnd	1.3.2-1	libegl1	1.3.2-1	exact-arm64	exact Debian ARM64 binary found
libelf1	0.183-1	amd64	elfutils	0.183-1	libelf1	0.183-1	exact-arm64	exact Debian ARM64 binary found
libenchant-2-2	2.2.15-1	amd64	enchant-2	2.2.15-1	libenchant-2-2	2.2.15-1	exact-arm64	exact Debian ARM64 binary found
libepoxy0	1.5.5-1	amd64	libepoxy	1.5.5-1	libepoxy0	1.5.5-1	exact-arm64	exact Debian ARM64 binary found
libept1.6.0	1.2.1	amd64	libept	1.2.1	libept1.6.0	1.2.1	exact-arm64	exact Debian ARM64 binary found
libestr0	0.1.10-2.1+b1	amd64	libestr	0.1.10-2.1	libestr0	0.1.10-2.1+b1	exact-arm64	exact Debian ARM64 binary found
libevdev2	1.11.0+dfsg-1	amd64	libevdev	1.11.0+dfsg-1	libevdev2	1.11.0+dfsg-1	exact-arm64	exact Debian ARM64 binary found
libevent-2.1-7	2.1.12-stable-1	amd64	libevent	2.1.12-stable-1	libevent-2.1-7	2.1.12-stable-1	exact-arm64	exact Debian ARM64 binary found
libexempi8	2.5.2-1	amd64	exempi	2.5.2-1	libexempi8	2.5.2-1	exact-arm64	exact Debian ARM64 binary found
libexif12	0.6.22-3	amd64	libexif	0.6.22-3	libexif12	0.6.22-3	exact-arm64	exact Debian ARM64 binary found
libexiv2-27	0.27.3-3+deb11u2	amd64	exiv2	0.27.3-3+deb11u2	libexiv2-27	0.27.3-3+deb11u2	exact-arm64	exact Debian ARM64 binary found
libexpat1	2.2.10-2+deb11u5	amd64	expat	2.2.10-2+deb11u5	libexpat1	2.2.10-2+deb11u5	exact-arm64	exact Debian ARM64 binary found
libext2fs2	1.46.2-2	amd64	e2fsprogs	1.46.2-2	libext2fs2	1.46.2-2	exact-arm64	exact Debian ARM64 binary found
libextutils-depends-perl	0.8000-1	all	libextutils-depends-perl	0.8000-1	libextutils-depends-perl	0.8000-1	reuse-exact-all	Architecture: all package is byte-reused from the AMD64 reference rootfs
libextutils-pkgconfig-perl	1.16-1.1	all	libextutils-pkgconfig-perl	1.16-1.1	libextutils-pkgconfig-perl	1.16-1.1	reuse-exact-all	Architecture: all package is byte-reused from the AMD64 reference rootfs
libfaad2	2.10.0-1	amd64	faad2	2.10.0-1	libfaad2	2.10.0-1	exact-arm64	exact Debian ARM64 binary found
libfastjson4	0.99.9-1	amd64	libfastjson	0.99.9-1	libfastjson4	0.99.9-1	exact-arm64	exact Debian ARM64 binary found
libfdisk1	2.36.1-8+deb11u1	amd64	util-linux	2.36.1-8+deb11u1	libfdisk1	2.36.1-8+deb11u1	exact-arm64	exact Debian ARM64 binary found
libffi7	3.3-6	amd64	libffi	3.3-6	libffi7	3.3-6	exact-arm64	exact Debian ARM64 binary found
libfftw3-double3	3.3.8-2	amd64	fftw3	3.3.8-2	libfftw3-double3	3.3.8-2	exact-arm64	exact Debian ARM64 binary found
libfftw3-single3	3.3.8-2	amd64	fftw3	3.3.8-2	libfftw3-single3	3.3.8-2	exact-arm64	exact Debian ARM64 binary found
libflac8	1.3.3-2+deb11u1	amd64	flac	1.3.3-2+deb11u1	libflac8	1.3.3-2+deb11u1	exact-arm64	exact Debian ARM64 binary found
libflatpak0	1.10.8-0+deb11u1	amd64	flatpak	1.10.8-0+deb11u1	libflatpak0	1.10.8-0+deb11u1	exact-arm64	exact Debian ARM64 binary found
libflite1	2.2-2	amd64	flite	2.2-2	libflite1	2.2-2	exact-arm64	exact Debian ARM64 binary found
libfluidsynth2	2.1.7-1.1	amd64	fluidsynth	2.1.7-1.1	libfluidsynth2	2.1.7-1.1	exact-arm64	exact Debian ARM64 binary found
libfontconfig1	2.13.1-4.2	amd64	fontconfig	2.13.1-4.2	libfontconfig1	2.13.1-4.2	exact-arm64	exact Debian ARM64 binary found
libfontembed1	1.28.7-1+deb11u2	amd64	cups-filters	1.28.7-1+deb11u2	libfontembed1	1.28.7-1+deb11u2	exact-arm64	exact Debian ARM64 binary found
libfontenc1	1:1.1.4-1	amd64	libfontenc	1:1.1.4-1	libfontenc1	1:1.1.4-1	exact-arm64	exact Debian ARM64 binary found
libfreetype6	2.10.4+dfsg-1+deb11u1	amd64	freetype	2.10.4+dfsg-1+deb11u1	libfreetype6	2.10.4+dfsg-1+deb11u1	exact-arm64	exact Debian ARM64 binary found
libfribidi0	1.0.8-2+deb11u1	amd64	fribidi	1.0.8-2+deb11u1	libfribidi0	1.0.8-2+deb11u1	exact-arm64	exact Debian ARM64 binary found
libfuse2	2.9.9-5	amd64	fuse	2.9.9-5	libfuse2	2.9.9-5	exact-arm64	exact Debian ARM64 binary found
libgbm1	20.3.5-1	amd64	mesa	20.3.5-1	libgbm1	20.3.5-1	exact-arm64	exact Debian ARM64 binary found
libgcc-s1	10.2.1-6	amd64	gcc-10	10.2.1-6	libgcc-s1	10.2.1-6	exact-arm64	exact Debian ARM64 binary found
libgck-1-0	3.38.1-2	amd64	gcr	3.38.1-2	libgck-1-0	3.38.1-2	exact-arm64	exact Debian ARM64 binary found
libgconf-2-4	3.2.6-7	amd64	gconf	3.2.6-7	libgconf-2-4	3.2.6-7	exact-arm64	exact Debian ARM64 binary found
libgcr-base-3-1	3.38.1-2	amd64	gcr	3.38.1-2	libgcr-base-3-1	3.38.1-2	exact-arm64	exact Debian ARM64 binary found
libgcr-ui-3-1	3.38.1-2	amd64	gcr	3.38.1-2	libgcr-ui-3-1	3.38.1-2	exact-arm64	exact Debian ARM64 binary found
libgcrypt20	1.8.7-6	amd64	libgcrypt20	1.8.7-6	libgcrypt20	1.8.7-6	exact-arm64	exact Debian ARM64 binary found
libgd3	2.3.0-2	amd64	libgd2	2.3.0-2	libgd3	2.3.0-2	exact-arm64	exact Debian ARM64 binary found
libgdata-common	0.17.13-3	all	libgdata	0.17.13-3	libgdata-common	0.17.13-3	reuse-exact-all	Architecture: all package is byte-reused from the AMD64 reference rootfs
libgdata22	0.17.13-3	amd64	libgdata	0.17.13-3	libgdata22	0.17.13-3	exact-arm64	exact Debian ARM64 binary found
libgdbm-compat4	1.19-2	amd64	gdbm	1.19-2	libgdbm-compat4	1.19-2	exact-arm64	exact Debian ARM64 binary found
libgdbm6	1.19-2	amd64	gdbm	1.19-2	libgdbm6	1.19-2	exact-arm64	exact Debian ARM64 binary found
libgdk-pixbuf-2.0-0	2.42.2+dfsg-1+deb11u1	amd64	gdk-pixbuf	2.42.2+dfsg-1+deb11u1	libgdk-pixbuf-2.0-0	2.42.2+dfsg-1+deb11u1	exact-arm64	exact Debian ARM64 binary found
libgdk-pixbuf-xlib-2.0-0	2.40.2-2	amd64	gdk-pixbuf-xlib	2.40.2-2	libgdk-pixbuf-xlib-2.0-0	2.40.2-2	exact-arm64	exact Debian ARM64 binary found
libgdk-pixbuf2.0-0	2.40.2-2	amd64	gdk-pixbuf-xlib	2.40.2-2	libgdk-pixbuf2.0-0	2.40.2-2	exact-arm64	exact Debian ARM64 binary found
libgdk-pixbuf2.0-bin	2.42.2+dfsg-1+deb11u1	amd64	gdk-pixbuf	2.42.2+dfsg-1+deb11u1	libgdk-pixbuf2.0-bin	2.42.2+dfsg-1+deb11u1	exact-arm64	exact Debian ARM64 binary found
libgdk-pixbuf2.0-common	2.42.2+dfsg-1+deb11u1	all	gdk-pixbuf	2.42.2+dfsg-1+deb11u1	libgdk-pixbuf2.0-common	2.42.2+dfsg-1+deb11u1	reuse-exact-all	Architecture: all package is byte-reused from the AMD64 reference rootfs
libgdm1	3.38.2.1-1	amd64	gdm3	3.38.2.1-1	libgdm1	3.38.2.1-1	exact-arm64	exact Debian ARM64 binary found
libgee-0.8-2	0.20.4-1	amd64	libgee-0.8	0.20.4-1	libgee-0.8-2	0.20.4-1	exact-arm64	exact Debian ARM64 binary found
libgeoclue-2-0	2.5.7-3	amd64	geoclue-2.0	2.5.7-3	libgeoclue-2-0	2.5.7-3	exact-arm64	exact Debian ARM64 binary found
libgeocode-glib0	3.26.2-2	amd64	geocode-glib	3.26.2-2	libgeocode-glib0	3.26.2-2	exact-arm64	exact Debian ARM64 binary found
libges-1.0-0	1.18.4-2	amd64	gstreamer-editing-services1.0	1.18.4-2	libges-1.0-0	1.18.4-2	exact-arm64	exact Debian ARM64 binary found
libgexiv2-2	0.12.1-1	amd64	gexiv2	0.12.1-1	libgexiv2-2	0.12.1-1	exact-arm64	exact Debian ARM64 binary found
libgfortran5	10.2.1-6	amd64	gcc-10	10.2.1-6	libgfortran5	10.2.1-6	exact-arm64	exact Debian ARM64 binary found
libgif7	5.1.9-2	amd64	giflib	5.1.9-2	libgif7	5.1.9-2	exact-arm64	exact Debian ARM64 binary found
libgirepository-1.0-1	1.66.1-1+b1	amd64	gobject-introspection	1.66.1-1	libgirepository-1.0-1	1.66.1-1+b1	exact-arm64	exact Debian ARM64 binary found
libgjs0g	1.66.2-1	amd64	gjs	1.66.2-1	libgjs0g	1.66.2-1	exact-arm64	exact Debian ARM64 binary found
libgl1	1.3.2-1	amd64	libglvnd	1.3.2-1	libgl1	1.3.2-1	exact-arm64	exact Debian ARM64 binary found
libgl1-mesa-dri	20.3.5-1	amd64	mesa	20.3.5-1	libgl1-mesa-dri	20.3.5-1	exact-arm64	exact Debian ARM64 binary found
libgladeui-2-13	3.38.2-2	amd64	glade	3.38.2-2	libgladeui-2-13	3.38.2-2	exact-arm64	exact Debian ARM64 binary found
libgladeui-common	3.38.2-2	all	glade	3.38.2-2	libgladeui-common	3.38.2-2	reuse-exact-all	Architecture: all package is byte-reused from the AMD64 reference rootfs
libglapi-mesa	20.3.5-1	amd64	mesa	20.3.5-1	libglapi-mesa	20.3.5-1	exact-arm64	exact Debian ARM64 binary found
libgles2	1.3.2-1	amd64	libglvnd	1.3.2-1	libgles2	1.3.2-1	exact-arm64	exact Debian ARM64 binary found
libglib-object-introspection-perl	0.049-1+b1	amd64	libglib-object-introspection-perl	0.049-1	libglib-object-introspection-perl	0.049-1+b1	exact-arm64	exact Debian ARM64 binary found
libglib-perl	3:1.329.3-1+b1	amd64	libglib-perl	3:1.329.3-1	libglib-perl	3:1.329.3-1+b1	exact-arm64	exact Debian ARM64 binary found
libglib2.0-0	2.66.8-1	amd64	glib2.0	2.66.8-1	libglib2.0-0	2.66.8-1	exact-arm64	exact Debian ARM64 binary found
libglib2.0-bin	2.66.8-1	amd64	glib2.0	2.66.8-1	libglib2.0-bin	2.66.8-1	exact-arm64	exact Debian ARM64 binary found
libglib2.0-data	2.66.8-1	all	glib2.0	2.66.8-1	libglib2.0-data	2.66.8-1	reuse-exact-all	Architecture: all package is byte-reused from the AMD64 reference rootfs
libglibmm-2.4-1v5	2.64.2-2	amd64	glibmm2.4	2.64.2-2	libglibmm-2.4-1v5	2.64.2-2	exact-arm64	exact Debian ARM64 binary found
libglu1-mesa	9.0.1-1	amd64	libglu	9.0.1-1	libglu1-mesa	9.0.1-1	exact-arm64	exact Debian ARM64 binary found
libglvnd0	1.3.2-1	amd64	libglvnd	1.3.2-1	libglvnd0	1.3.2-1	exact-arm64	exact Debian ARM64 binary found
libglx-mesa0	20.3.5-1	amd64	mesa	20.3.5-1	libglx-mesa0	20.3.5-1	exact-arm64	exact Debian ARM64 binary found
libglx0	1.3.2-1	amd64	libglvnd	1.3.2-1	libglx0	1.3.2-1	exact-arm64	exact Debian ARM64 binary found
libgme0	0.6.3-2	amd64	game-music-emu	0.6.3-2	libgme0	0.6.3-2	exact-arm64	exact Debian ARM64 binary found
libgmp10	2:6.2.1+dfsg-1+deb11u1	amd64	gmp	2:6.2.1+dfsg-1+deb11u1	libgmp10	2:6.2.1+dfsg-1+deb11u1	exact-arm64	exact Debian ARM64 binary found
libgnome-autoar-0-0	0.2.4-3	amd64	gnome-autoar	0.2.4-3	libgnome-autoar-0-0	0.2.4-3	exact-arm64	exact Debian ARM64 binary found
libgnome-bluetooth13	3.34.3-2+grm3u1	amd64	gnome-bluetooth	3.34.3-2+grm3u1	libgnome-bluetooth13	3.34.3-2+grm3u1	custom-rebuild	exact +grm/+han source commit must be rebuilt for ARM64
libgnome-desktop-3-19	3.38.5-3	amd64	gnome-desktop3	3.38.5-3	libgnome-desktop-3-19	3.38.5-3	exact-arm64	exact Debian ARM64 binary found
libgnome-menu-3-0	3.36.0-1	amd64	gnome-menus	3.36.0-1	libgnome-menu-3-0	3.36.0-1	exact-arm64	exact Debian ARM64 binary found
libgnome-panel0	3.38.0-1+grm3u1	amd64	gnome-panel	3.38.0-1+grm3u1	libgnome-panel0	3.38.0-1+grm3u1	custom-rebuild	exact +grm/+han source commit must be rebuilt for ARM64
libgnomekbd-common	3.26.1-1	all	libgnomekbd	3.26.1-1	libgnomekbd-common	3.26.1-1	reuse-exact-all	Architecture: all package is byte-reused from the AMD64 reference rootfs
libgnomekbd8	3.26.1-1	amd64	libgnomekbd	3.26.1-1	libgnomekbd8	3.26.1-1	exact-arm64	exact Debian ARM64 binary found
libgnutls30	3.7.1-5+deb11u3	amd64	gnutls28	3.7.1-5+deb11u3	libgnutls30	3.7.1-5+deb11u3	exact-arm64	exact Debian ARM64 binary found
libgoa-1.0-0b	3.38.0-3	amd64	gnome-online-accounts	3.38.0-3	libgoa-1.0-0b	3.38.0-3	exact-arm64	exact Debian ARM64 binary found
libgoa-1.0-common	3.38.0-3	all	gnome-online-accounts	3.38.0-3	libgoa-1.0-common	3.38.0-3	reuse-exact-all	Architecture: all package is byte-reused from the AMD64 reference rootfs
libgomp1	10.2.1-6	amd64	gcc-10	10.2.1-6	libgomp1	10.2.1-6	exact-arm64	exact Debian ARM64 binary found
libgpg-error0	1.38-2	amd64	libgpg-error	1.38-2	libgpg-error0	1.38-2	exact-arm64	exact Debian ARM64 binary found
libgpgme11	1.14.0-1+b2	amd64	gpgme1.0	1.14.0-1	libgpgme11	1.14.0-1+b2	exact-arm64	exact Debian ARM64 binary found
libgphoto2-6	2.5.27-1	amd64	libgphoto2	2.5.27-1	libgphoto2-6	2.5.27-1	exact-arm64	exact Debian ARM64 binary found
libgphoto2-port12	2.5.27-1	amd64	libgphoto2	2.5.27-1	libgphoto2-port12	2.5.27-1	exact-arm64	exact Debian ARM64 binary found
libgpm2	1.20.7-8	amd64	gpm	1.20.7-8	libgpm2	1.20.7-8	exact-arm64	exact Debian ARM64 binary found
libgraphite2-3	1.3.14-1	amd64	graphite2	1.3.14-1	libgraphite2-3	1.3.14-1	exact-arm64	exact Debian ARM64 binary found
libgs9	9.53.3~dfsg-7+deb11u5	amd64	ghostscript	9.53.3~dfsg-7+deb11u5	libgs9	9.53.3~dfsg-7+deb11u5	exact-arm64	exact Debian ARM64 binary found
libgs9-common	9.53.3~dfsg-7+deb11u5	all	ghostscript	9.53.3~dfsg-7+deb11u5	libgs9-common	9.53.3~dfsg-7+deb11u5	reuse-exact-all	Architecture: all package is byte-reused from the AMD64 reference rootfs
libgsf-1-114	1.14.47-1	amd64	libgsf	1.14.47-1	libgsf-1-114	1.14.47-1	exact-arm64	exact Debian ARM64 binary found
libgsf-1-common	1.14.47-1	all	libgsf	1.14.47-1	libgsf-1-common	1.14.47-1	reuse-exact-all	Architecture: all package is byte-reused from the AMD64 reference rootfs
libgsm1	1.0.18-2	amd64	libgsm	1.0.18-2	libgsm1	1.0.18-2	exact-arm64	exact Debian ARM64 binary found
libgsound0	1.0.2-5	amd64	gsound	1.0.2-5	libgsound0	1.0.2-5	exact-arm64	exact Debian ARM64 binary found
libgspell-1-2	1.8.4-1	amd64	gspell	1.8.4-1	libgspell-1-2	1.8.4-1	exact-arm64	exact Debian ARM64 binary found
libgspell-1-common	1.8.4-1	all	gspell	1.8.4-1	libgspell-1-common	1.8.4-1	reuse-exact-all	Architecture: all package is byte-reused from the AMD64 reference rootfs
libgssapi-krb5-2	1.18.3-6+deb11u3	amd64	krb5	1.18.3-6+deb11u3	libgssapi-krb5-2	1.18.3-6+deb11u3	exact-arm64	exact Debian ARM64 binary found
libgssdp-1.2-0	1.2.3-2	amd64	gssdp	1.2.3-2	libgssdp-1.2-0	1.2.3-2	exact-arm64	exact Debian ARM64 binary found
libgstreamer-gl1.0-0	1.18.4-2+deb11u1	amd64	gst-plugins-base1.0	1.18.4-2+deb11u1	libgstreamer-gl1.0-0	1.18.4-2+deb11u1	exact-arm64	exact Debian ARM64 binary found
libgstreamer-plugins-bad1.0-0	1.18.4-3+deb11u1	amd64	gst-plugins-bad1.0	1.18.4-3+deb11u1	libgstreamer-plugins-bad1.0-0	1.18.4-3+deb11u1	exact-arm64	exact Debian ARM64 binary found
libgstreamer-plugins-base1.0-0	1.18.4-2+deb11u1	amd64	gst-plugins-base1.0	1.18.4-2+deb11u1	libgstreamer-plugins-base1.0-0	1.18.4-2+deb11u1	exact-arm64	exact Debian ARM64 binary found
libgstreamer1.0-0	1.18.4-2.1	amd64	gstreamer1.0	1.18.4-2.1	libgstreamer1.0-0	1.18.4-2.1	exact-arm64	exact Debian ARM64 binary found
libgtk-3-0	3.24.24-4+grm3u2	amd64	gtk+3.0	3.24.24-4+grm3u2	libgtk-3-0	3.24.24-4+grm3u2	custom-rebuild	exact +grm/+han source commit must be rebuilt for ARM64
libgtk-3-bin	3.24.24-4+grm3u2	amd64	gtk+3.0	3.24.24-4+grm3u2	libgtk-3-bin	3.24.24-4+grm3u2	custom-rebuild	exact +grm/+han source commit must be rebuilt for ARM64
libgtk-3-common	3.24.24-4+grm3u2	all	gtk+3.0	3.24.24-4+grm3u2	libgtk-3-common	3.24.24-4+grm3u2	reuse-exact-all	Architecture: all package is byte-reused from the AMD64 reference rootfs
libgtk2.0-0	2.24.33-2+grm3u1	amd64	gtk+2.0	2.24.33-2+grm3u1	libgtk2.0-0	2.24.33-2+grm3u1	custom-rebuild	exact +grm/+han source commit must be rebuilt for ARM64
libgtk2.0-common	2.24.33-2+grm3u1	all	gtk+2.0	2.24.33-2+grm3u1	libgtk2.0-common	2.24.33-2+grm3u1	reuse-exact-all	Architecture: all package is byte-reused from the AMD64 reference rootfs
libgtk3-perl	0.038-1	all	libgtk3-perl	0.038-1	libgtk3-perl	0.038-1	reuse-exact-all	Architecture: all package is byte-reused from the AMD64 reference rootfs
libgtkmm-3.0-1v5	3.24.2-2	amd64	gtkmm3.0	3.24.2-2	libgtkmm-3.0-1v5	3.24.2-2	exact-arm64	exact Debian ARM64 binary found
libgtksourceview-4-0	4.8.0-1	amd64	gtksourceview4	4.8.0-1	libgtksourceview-4-0	4.8.0-1	exact-arm64	exact Debian ARM64 binary found
libgtksourceview-4-common	4.8.0-1	all	gtksourceview4	4.8.0-1	libgtksourceview-4-common	4.8.0-1	reuse-exact-all	Architecture: all package is byte-reused from the AMD64 reference rootfs
libgtop-2.0-11	2.40.0-2	amd64	libgtop2	2.40.0-2	libgtop-2.0-11	2.40.0-2	exact-arm64	exact Debian ARM64 binary found
libgtop2-common	2.40.0-2	all	libgtop2	2.40.0-2	libgtop2-common	2.40.0-2	reuse-exact-all	Architecture: all package is byte-reused from the AMD64 reference rootfs
libgudev-1.0-0	234-1	amd64	libgudev	234-1	libgudev-1.0-0	234-1	exact-arm64	exact Debian ARM64 binary found
libgupnp-1.2-0	1.2.4-1	amd64	gupnp	1.2.4-1	libgupnp-1.2-0	1.2.4-1	exact-arm64	exact Debian ARM64 binary found
libgupnp-av-1.0-2	0.12.11-2	amd64	gupnp-av	0.12.11-2	libgupnp-av-1.0-2	0.12.11-2	exact-arm64	exact Debian ARM64 binary found
libgupnp-dlna-2.0-3	0.10.5-4	amd64	gupnp-dlna	0.10.5-4	libgupnp-dlna-2.0-3	0.10.5-4	exact-arm64	exact Debian ARM64 binary found
libgupnp-igd-1.0-4	1.2.0-1	amd64	gupnp-igd	1.2.0-1	libgupnp-igd-1.0-4	1.2.0-1	exact-arm64	exact Debian ARM64 binary found
libgusb2	0.3.5-1	amd64	libgusb	0.3.5-1	libgusb2	0.3.5-1	exact-arm64	exact Debian ARM64 binary found
libgutenprint-common	5.3.3-5	all	gutenprint	5.3.3-5	libgutenprint-common	5.3.3-5	reuse-exact-all	Architecture: all package is byte-reused from the AMD64 reference rootfs
libgutenprint9	5.3.3-5	amd64	gutenprint	5.3.3-5	libgutenprint9	5.3.3-5	exact-arm64	exact Debian ARM64 binary found
libgweather-3-16	3.36.1-3	amd64	libgweather	3.36.1-3	libgweather-3-16	3.36.1-3	exact-arm64	exact Debian ARM64 binary found
libgweather-common	3.36.1-3	all	libgweather	3.36.1-3	libgweather-common	3.36.1-3	reuse-exact-all	Architecture: all package is byte-reused from the AMD64 reference rootfs
libgxps2	0.3.2-1	amd64	libgxps	0.3.2-1	libgxps2	0.3.2-1	exact-arm64	exact Debian ARM64 binary found
libhandy-1-0	1.0.3-2	amd64	libhandy-1	1.0.3-2	libhandy-1-0	1.0.3-2	exact-arm64	exact Debian ARM64 binary found
libhangul-data	0.1.0+git20191003-2	all	libhangul	0.1.0+git20191003-2	libhangul-data	0.1.0+git20191003-2	reuse-exact-all	Architecture: all package is byte-reused from the AMD64 reference rootfs
libhangul1	0.1.0+git20191003-2	amd64	libhangul	0.1.0+git20191003-2	libhangul1	0.1.0+git20191003-2	exact-arm64	exact Debian ARM64 binary found
libharfbuzz-icu0	2.7.4-1	amd64	harfbuzz	2.7.4-1	libharfbuzz-icu0	2.7.4-1	exact-arm64	exact Debian ARM64 binary found
libharfbuzz0b	2.7.4-1	amd64	harfbuzz	2.7.4-1	libharfbuzz0b	2.7.4-1	exact-arm64	exact Debian ARM64 binary found
libhogweed6	3.7.3-1	amd64	nettle	3.7.3-1	libhogweed6	3.7.3-1	exact-arm64	exact Debian ARM64 binary found
libhpmud0	3.21.2+dfsg1-2	amd64	hplip	3.21.2+dfsg1-2	libhpmud0	3.21.2+dfsg1-2	exact-arm64	exact Debian ARM64 binary found
libhunspell-1.7-0	1.7.0-3	amd64	hunspell	1.7.0-3	libhunspell-1.7-0	1.7.0-3	exact-arm64	exact Debian ARM64 binary found
libhx32	3.25-2	amd64	libhx	3.25-2	libhx32	3.25-2	exact-arm64	exact Debian ARM64 binary found
libhyphen0	2.8.8-7	amd64	hyphen	2.8.8-7	libhyphen0	2.8.8-7	exact-arm64	exact Debian ARM64 binary found
libibus-1.0-5	1.5.23-2	amd64	ibus	1.5.23-2	libibus-1.0-5	1.5.23-2	exact-arm64	exact Debian ARM64 binary found
libical3	3.0.9-2	amd64	libical3	3.0.9-2	libical3	3.0.9-2	exact-arm64	exact Debian ARM64 binary found
libice6	2:1.0.10-1	amd64	libice	2:1.0.10-1	libice6	2:1.0.10-1	exact-arm64	exact Debian ARM64 binary found
libicu67	67.1-7	amd64	icu	67.1-7	libicu67	67.1-7	exact-arm64	exact Debian ARM64 binary found
libidn11	1.33-3	amd64	libidn	1.33-3	libidn11	1.33-3	exact-arm64	exact Debian ARM64 binary found
libidn2-0	2.3.0-5	amd64	libidn2	2.3.0-5	libidn2-0	2.3.0-5	exact-arm64	exact Debian ARM64 binary found
libiec61883-0	1.2.0-4	amd64	libiec61883	1.2.0-4	libiec61883-0	1.2.0-4	exact-arm64	exact Debian ARM64 binary found
libieee1284-3	0.2.11-14	amd64	libieee1284	0.2.11-14	libieee1284-3	0.2.11-14	exact-arm64	exact Debian ARM64 binary found
libijs-0.35	0.35-15	amd64	ijs	0.35-15	libijs-0.35	0.35-15	exact-arm64	exact Debian ARM64 binary found
libilmbase25	2.5.4-1	amd64	ilmbase	2.5.4-1	libilmbase25	2.5.4-1	exact-arm64	exact Debian ARM64 binary found
libimagequant0	2.12.2-1.1	amd64	libimagequant	2.12.2-1.1	libimagequant0	2.12.2-1.1	exact-arm64	exact Debian ARM64 binary found
libimobiledevice6	1.3.0-6	amd64	libimobiledevice	1.3.0-6	libimobiledevice6	1.3.0-6	exact-arm64	exact Debian ARM64 binary found
libinput-bin	1.16.4-3	amd64	libinput	1.16.4-3	libinput-bin	1.16.4-3	exact-arm64	exact Debian ARM64 binary found
libinput10	1.16.4-3	amd64	libinput	1.16.4-3	libinput10	1.16.4-3	exact-arm64	exact Debian ARM64 binary found
libinstpatch-1.0-2	1.1.6-1	amd64	libinstpatch	1.1.6-1	libinstpatch-1.0-2	1.1.6-1	exact-arm64	exact Debian ARM64 binary found
libip4tc2	1.8.7-1	amd64	iptables	1.8.7-1	libip4tc2	1.8.7-1	exact-arm64	exact Debian ARM64 binary found
libip6tc2	1.8.7-1	amd64	iptables	1.8.7-1	libip6tc2	1.8.7-1	exact-arm64	exact Debian ARM64 binary found
libiptcdata0	1.0.5-2.3	amd64	libiptcdata	1.0.5-2.3	libiptcdata0	1.0.5-2.3	exact-arm64	exact Debian ARM64 binary found
libisc-export1105	1:9.11.19+dfsg-2.1	amd64	bind9-libs	1:9.11.19+dfsg-2.1	libisc-export1105	1:9.11.19+dfsg-2.1	exact-arm64	exact Debian ARM64 binary found
libisl23	0.23-1	amd64	isl	0.23-1	libisl23	0.23-1	exact-arm64	exact Debian ARM64 binary found
libjack-jackd2-0	1.9.17~dfsg-1	amd64	jackd2	1.9.17~dfsg-1	libjack-jackd2-0	1.9.17~dfsg-1	exact-arm64	exact Debian ARM64 binary found
libjansson4	2.13.1-1.1	amd64	jansson	2.13.1-1.1	libjansson4	2.13.1-1.1	exact-arm64	exact Debian ARM64 binary found
libjavascriptcoregtk-4.0-18	2.40.3-2~deb11u2	amd64	webkit2gtk	2.40.3-2~deb11u2	libjavascriptcoregtk-4.0-18	2.40.3-2~deb11u2	exact-arm64	exact Debian ARM64 binary found
libjbig0	2.1-3.1+b2	amd64	jbigkit	2.1-3.1	libjbig0	2.1-3.1+b2	exact-arm64	exact Debian ARM64 binary found
libjbig2dec0	0.19-2	amd64	jbig2dec	0.19-2	libjbig2dec0	0.19-2	exact-arm64	exact Debian ARM64 binary found
libjpeg62-turbo	1:2.0.6-4	amd64	libjpeg-turbo	1:2.0.6-4	libjpeg62-turbo	1:2.0.6-4	exact-arm64	exact Debian ARM64 binary found
libjson-c5	0.15-2	amd64	json-c	0.15-2	libjson-c5	0.15-2	exact-arm64	exact Debian ARM64 binary found
libjson-glib-1.0-0	1.6.2-1	amd64	json-glib	1.6.2-1	libjson-glib-1.0-0	1.6.2-1	exact-arm64	exact Debian ARM64 binary found
libjson-glib-1.0-common	1.6.2-1	all	json-glib	1.6.2-1	libjson-glib-1.0-common	1.6.2-1	reuse-exact-all	Architecture: all package is byte-reused from the AMD64 reference rootfs
libjsoncpp24	1.9.4-4	amd64	libjsoncpp	1.9.4-4	libjsoncpp24	1.9.4-4	exact-arm64	exact Debian ARM64 binary found
libk5crypto3	1.18.3-6+deb11u3	amd64	krb5	1.18.3-6+deb11u3	libk5crypto3	1.18.3-6+deb11u3	exact-arm64	exact Debian ARM64 binary found
libkate1	0.4.1-11	amd64	libkate	0.4.1-11	libkate1	0.4.1-11	exact-arm64	exact Debian ARM64 binary found
libkeybinder-3.0-0	0.3.2-1.1	amd64	keybinder-3.0	0.3.2-1.1	libkeybinder-3.0-0	0.3.2-1.1	exact-arm64	exact Debian ARM64 binary found
libkeyutils1	1.6.1-2	amd64	keyutils	1.6.1-2	libkeyutils1	1.6.1-2	exact-arm64	exact Debian ARM64 binary found
libklibc	2.0.8-6.1	amd64	klibc	2.0.8-6.1	libklibc	2.0.8-6.1	exact-arm64	exact Debian ARM64 binary found
libkmod2	28-1	amd64	kmod	28-1	libkmod2	28-1	exact-arm64	exact Debian ARM64 binary found
libkrb5-3	1.18.3-6+deb11u3	amd64	krb5	1.18.3-6+deb11u3	libkrb5-3	1.18.3-6+deb11u3	exact-arm64	exact Debian ARM64 binary found
libkrb5support0	1.18.3-6+deb11u3	amd64	krb5	1.18.3-6+deb11u3	libkrb5support0	1.18.3-6+deb11u3	exact-arm64	exact Debian ARM64 binary found
libksba8	1.5.0-3+deb11u2	amd64	libksba	1.5.0-3+deb11u2	libksba8	1.5.0-3+deb11u2	exact-arm64	exact Debian ARM64 binary found
liblapack3	3.9.0-3	amd64	lapack	3.9.0-3	liblapack3	3.9.0-3	exact-arm64	exact Debian ARM64 binary found
liblcms2-2	2.12~rc1-2	amd64	lcms2	2.12~rc1-2	liblcms2-2	2.12~rc1-2	exact-arm64	exact Debian ARM64 binary found
liblcms2-utils	2.12~rc1-2	amd64	lcms2	2.12~rc1-2	liblcms2-utils	2.12~rc1-2	exact-arm64	exact Debian ARM64 binary found
libldap-2.4-2	2.4.57+dfsg-3+deb11u1	amd64	openldap	2.4.57+dfsg-3+deb11u1	libldap-2.4-2	2.4.57+dfsg-3+deb11u1	exact-arm64	exact Debian ARM64 binary found
libldb2	2:2.2.3-2~deb11u2	amd64	ldb	2:2.2.3-2~deb11u2	libldb2	2:2.2.3-2~deb11u2	exact-arm64	exact Debian ARM64 binary found
liblightdm-gobject-1-0	1.26.0-7+grm3u1	amd64	lightdm	1.26.0-7+grm3u1	liblightdm-gobject-1-0	1.26.0-7+grm3u1	custom-rebuild	exact +grm/+han source commit must be rebuilt for ARM64
liblilv-0-0	0.24.12-2	amd64	lilv	0.24.12-2	liblilv-0-0	0.24.12-2	exact-arm64	exact Debian ARM64 binary found
libllvm11	1:11.0.1-2	amd64	llvm-toolchain-11	1:11.0.1-2	libllvm11	1:11.0.1-2	exact-arm64	exact Debian ARM64 binary found
liblmdb0	0.9.24-1	amd64	lmdb	0.9.24-1	liblmdb0	0.9.24-1	exact-arm64	exact Debian ARM64 binary found
liblocale-gettext-perl	1.07-4+b1	amd64	liblocale-gettext-perl	1.07-4	liblocale-gettext-perl	1.07-4+b1	exact-arm64	exact Debian ARM64 binary found
liblognorm5	2.0.5-1.1	amd64	liblognorm	2.0.5-1.1	liblognorm5	2.0.5-1.1	exact-arm64	exact Debian ARM64 binary found
libltc11	1.3.1-1	amd64	libltc	1.3.1-1	libltc11	1.3.1-1	exact-arm64	exact Debian ARM64 binary found
libltdl7	2.4.6-15	amd64	libtool	2.4.6-15	libltdl7	2.4.6-15	exact-arm64	exact Debian ARM64 binary found
liblua5.2-0	5.2.4-1.1+b3	amd64	lua5.2	5.2.4-1.1	liblua5.2-0	5.2.4-1.1+b3	exact-arm64	exact Debian ARM64 binary found
liblz4-1	1.9.3-2	amd64	lz4	1.9.3-2	liblz4-1	1.9.3-2	exact-arm64	exact Debian ARM64 binary found
liblzma5	5.2.5-2.1~deb11u1	amd64	xz-utils	5.2.5-2.1~deb11u1	liblzma5	5.2.5-2.1~deb11u1	exact-arm64	exact Debian ARM64 binary found
liblzo2-2	2.10-2	amd64	lzo2	2.10-2	liblzo2-2	2.10-2	exact-arm64	exact Debian ARM64 binary found
libmagic-mgc	1:5.39-3	amd64	file	1:5.39-3	libmagic-mgc	1:5.39-3	exact-arm64	exact Debian ARM64 binary found
libmagic1	1:5.39-3	amd64	file	1:5.39-3	libmagic1	1:5.39-3	exact-arm64	exact Debian ARM64 binary found
libmalcontent-0-0	0.10.0-2	amd64	malcontent	0.10.0-2	libmalcontent-0-0	0.10.0-2	exact-arm64	exact Debian ARM64 binary found
libmalcontent-ui-0-0	0.10.0-2	amd64	malcontent	0.10.0-2	libmalcontent-ui-0-0	0.10.0-2	exact-arm64	exact Debian ARM64 binary found
libmanette-0.2-0	0.2.5-1	amd64	libmanette	0.2.5-1	libmanette-0.2-0	0.2.5-1	exact-arm64	exact Debian ARM64 binary found
libmd0	1.0.3-3	amd64	libmd	1.0.3-3	libmd0	1.0.3-3	exact-arm64	exact Debian ARM64 binary found
libmd4c0	0.4.7-2	amd64	md4c	0.4.7-2	libmd4c0	0.4.7-2	exact-arm64	exact Debian ARM64 binary found
libmediaart-2.0-0	1.9.4-3	amd64	libmediaart	1.9.4-3	libmediaart-2.0-0	1.9.4-3	exact-arm64	exact Debian ARM64 binary found
libmetacity3	1:3.38.0-2+grm3u1	amd64	metacity	1:3.38.0-2+grm3u1	libmetacity3	1:3.38.0-2+grm3u1	custom-rebuild	exact +grm/+han source commit must be rebuilt for ARM64
libmfx1	21.1.0-1	amd64	intel-mediasdk	21.1.0-1	libmfx1	21.1.0-1	missing-exact-arm64	exact version absent from selected snapshot: E: No packages found
libminizip1	1.1-8+b1	amd64	minizip	1.1-8	libminizip1	1.1-8+b1	exact-arm64	exact Debian ARM64 binary found
libmjpegutils-2.1-0	1:2.1.0+debian-6	amd64	mjpegtools	1:2.1.0+debian-6	libmjpegutils-2.1-0	1:2.1.0+debian-6	exact-arm64	exact Debian ARM64 binary found
libmm-glib0	1.14.12-0.2	amd64	modemmanager	1.14.12-0.2	libmm-glib0	1.14.12-0.2	exact-arm64	exact Debian ARM64 binary found
libmms0	0.6.4-3	amd64	libmms	0.6.4-3	libmms0	0.6.4-3	exact-arm64	exact Debian ARM64 binary found
libmnl0	1.0.4-3	amd64	libmnl	1.0.4-3	libmnl0	1.0.4-3	exact-arm64	exact Debian ARM64 binary found
libmodplug1	1:0.8.9.0-3	amd64	libmodplug	1:0.8.9.0-3	libmodplug1	1:0.8.9.0-3	exact-arm64	exact Debian ARM64 binary found
libmount1	2.36.1-8+deb11u1	amd64	util-linux	2.36.1-8+deb11u1	libmount1	2.36.1-8+deb11u1	exact-arm64	exact Debian ARM64 binary found
libmozjs-78-0	78.4.0-2	amd64	mozjs78	78.4.0-2	libmozjs-78-0	78.4.0-2	exact-arm64	exact Debian ARM64 binary found
libmp3lame0	3.100-3	amd64	lame	3.100-3	libmp3lame0	3.100-3	exact-arm64	exact Debian ARM64 binary found
libmpc3	1.2.0-1	amd64	mpclib3	1.2.0-1	libmpc3	1.2.0-1	exact-arm64	exact Debian ARM64 binary found
libmpcdec6	2:0.1~r495-2	amd64	libmpc	2:0.1~r495-2	libmpcdec6	2:0.1~r495-2	exact-arm64	exact Debian ARM64 binary found
libmpdec3	2.5.1-1	amd64	mpdecimal	2.5.1-1	libmpdec3	2.5.1-1	exact-arm64	exact Debian ARM64 binary found
libmpeg2-4	0.5.1-9	amd64	mpeg2dec	0.5.1-9	libmpeg2-4	0.5.1-9	exact-arm64	exact Debian ARM64 binary found
libmpeg2encpp-2.1-0	1:2.1.0+debian-6	amd64	mjpegtools	1:2.1.0+debian-6	libmpeg2encpp-2.1-0	1:2.1.0+debian-6	exact-arm64	exact Debian ARM64 binary found
libmpfr6	4.1.0-3	amd64	mpfr4	4.1.0-3	libmpfr6	4.1.0-3	exact-arm64	exact Debian ARM64 binary found
libmpg123-0	1.26.4-1	amd64	mpg123	1.26.4-1	libmpg123-0	1.26.4-1	exact-arm64	exact Debian ARM64 binary found
libmplex2-2.1-0	1:2.1.0+debian-6	amd64	mjpegtools	1:2.1.0+debian-6	libmplex2-2.1-0	1:2.1.0+debian-6	exact-arm64	exact Debian ARM64 binary found
libmpv1	0.32.0-3	amd64	mpv	0.32.0-3	libmpv1	0.32.0-3	exact-arm64	exact Debian ARM64 binary found
libmtdev1	1.1.6-1	amd64	mtdev	1.1.6-1	libmtdev1	1.1.6-1	exact-arm64	exact Debian ARM64 binary found
libmtp-common	1.1.17-3	all	libmtp	1.1.17-3	libmtp-common	1.1.17-3	reuse-exact-all	Architecture: all package is byte-reused from the AMD64 reference rootfs
libmtp9	1.1.17-3	amd64	libmtp	1.1.17-3	libmtp9	1.1.17-3	exact-arm64	exact Debian ARM64 binary found
libmysofa1	1.2~dfsg0-1	amd64	libmysofa	1.2~dfsg0-1	libmysofa1	1.2~dfsg0-1	exact-arm64	exact Debian ARM64 binary found
libnautilus-extension1a	3.38.2-1+deb11u1+grm3u8	amd64	nautilus	3.38.2-1+deb11u1+grm3u8	libnautilus-extension1a	3.38.2-1+deb11u1+grm3u8	custom-rebuild	exact +grm/+han source commit must be rebuilt for ARM64
libncurses6	6.2+20201114-2+deb11u1	amd64	ncurses	6.2+20201114-2+deb11u1	libncurses6	6.2+20201114-2+deb11u1	exact-arm64	exact Debian ARM64 binary found
libncursesw6	6.2+20201114-2+deb11u1	amd64	ncurses	6.2+20201114-2+deb11u1	libncursesw6	6.2+20201114-2+deb11u1	exact-arm64	exact Debian ARM64 binary found
libndp0	1.6-1+b1	amd64	libndp	1.6-1	libndp0	1.6-1+b1	exact-arm64	exact Debian ARM64 binary found
libneon27	0.31.2-1	amd64	neon27	0.31.2-1	libneon27	0.31.2-1	exact-arm64	exact Debian ARM64 binary found
libnetfilter-conntrack3	1.0.8-3	amd64	libnetfilter-conntrack	1.0.8-3	libnetfilter-conntrack3	1.0.8-3	exact-arm64	exact Debian ARM64 binary found
libnettle8	3.7.3-1	amd64	nettle	3.7.3-1	libnettle8	3.7.3-1	exact-arm64	exact Debian ARM64 binary found
libnewt0.52	0.52.21-4+b3	amd64	newt	0.52.21-4	libnewt0.52	0.52.21-4+b3	exact-arm64	exact Debian ARM64 binary found
libnfnetlink0	1.0.1-3+b1	amd64	libnfnetlink	1.0.1-3	libnfnetlink0	1.0.1-3+b1	exact-arm64	exact Debian ARM64 binary found
libnfs13	4.0.0-1	amd64	libnfs	4.0.0-1	libnfs13	4.0.0-1	exact-arm64	exact Debian ARM64 binary found
libnftables1	0.9.8-3.1+deb11u1	amd64	nftables	0.9.8-3.1+deb11u1	libnftables1	0.9.8-3.1+deb11u1	exact-arm64	exact Debian ARM64 binary found
libnftnl11	1.1.9-1	amd64	libnftnl	1.1.9-1	libnftnl11	1.1.9-1	exact-arm64	exact Debian ARM64 binary found
libnghttp2-14	1.43.0-1	amd64	nghttp2	1.43.0-1	libnghttp2-14	1.43.0-1	exact-arm64	exact Debian ARM64 binary found
libnice10	0.1.16-1	amd64	libnice	0.1.16-1	libnice10	0.1.16-1	exact-arm64	exact Debian ARM64 binary found
libnimf1	2023.06.30+grm3u1	amd64	nimf	2023.06.30+grm3u1	libnimf1	2023.06.30+grm3u1	custom-rebuild	exact +grm/+han source commit must be rebuilt for ARM64
libnl-3-200	3.4.0-1+b1	amd64	libnl3	3.4.0-1	libnl-3-200	3.4.0-1+b1	exact-arm64	exact Debian ARM64 binary found
libnl-genl-3-200	3.4.0-1+b1	amd64	libnl3	3.4.0-1	libnl-genl-3-200	3.4.0-1+b1	exact-arm64	exact Debian ARM64 binary found
libnl-route-3-200	3.4.0-1+b1	amd64	libnl3	3.4.0-1	libnl-route-3-200	3.4.0-1+b1	exact-arm64	exact Debian ARM64 binary found
libnm0	1.30.0-2+grm3u3	amd64	network-manager	1.30.0-2+grm3u3	libnm0	1.30.0-2+grm3u3	custom-rebuild	exact +grm/+han source commit must be rebuilt for ARM64
libnma-common	1.8.30-1+grm3u2	all	libnma	1.8.30-1+grm3u2	libnma-common	1.8.30-1+grm3u2	reuse-exact-all	Architecture: all package is byte-reused from the AMD64 reference rootfs
libnma0	1.8.30-1+grm3u2	amd64	libnma	1.8.30-1+grm3u2	libnma0	1.8.30-1+grm3u2	custom-rebuild	exact +grm/+han source commit must be rebuilt for ARM64
libnorm1	1.5.9+dfsg-2	amd64	norm	1.5.9+dfsg-2	libnorm1	1.5.9+dfsg-2	exact-arm64	exact Debian ARM64 binary found
libnotify-bin	0.7.9-3	amd64	libnotify	0.7.9-3	libnotify-bin	0.7.9-3	exact-arm64	exact Debian ARM64 binary found
libnotify4	0.7.9-3	amd64	libnotify	0.7.9-3	libnotify4	0.7.9-3	exact-arm64	exact Debian ARM64 binary found
libnpth0	1.6-3	amd64	npth	1.6-3	libnpth0	1.6-3	exact-arm64	exact Debian ARM64 binary found
libnsl2	1.3.0-2	amd64	libnsl	1.3.0-2	libnsl2	1.3.0-2	exact-arm64	exact Debian ARM64 binary found
libnspr4	2:4.29-1	amd64	nspr	2:4.29-1	libnspr4	2:4.29-1	exact-arm64	exact Debian ARM64 binary found
libnss3	2:3.61-1+deb11u3	amd64	nss	2:3.61-1+deb11u3	libnss3	2:3.61-1+deb11u3	exact-arm64	exact Debian ARM64 binary found
libntfs-3g883	1:2017.3.23AR.3-4+deb11u3	amd64	ntfs-3g	1:2017.3.23AR.3-4+deb11u3	libntfs-3g883	1:2017.3.23AR.3-4+deb11u3	exact-arm64	exact Debian ARM64 binary found
libnuma1	2.0.12-1+b1	amd64	numactl	2.0.12-1	libnuma1	2.0.12-1+b1	exact-arm64	exact Debian ARM64 binary found
libofa0	0.9.3-21	amd64	libofa	0.9.3-21	libofa0	0.9.3-21	exact-arm64	exact Debian ARM64 binary found
libogg0	1.3.4-0.1	amd64	libogg	1.3.4-0.1	libogg0	1.3.4-0.1	exact-arm64	exact Debian ARM64 binary found
libopenal-data	1:1.19.1-2	all	openal-soft	1:1.19.1-2	libopenal-data	1:1.19.1-2	reuse-exact-all	Architecture: all package is byte-reused from the AMD64 reference rootfs
libopenal1	1:1.19.1-2	amd64	openal-soft	1:1.19.1-2	libopenal1	1:1.19.1-2	exact-arm64	exact Debian ARM64 binary found
libopencore-amrnb0	0.1.5-1	amd64	opencore-amr	0.1.5-1	libopencore-amrnb0	0.1.5-1	exact-arm64	exact Debian ARM64 binary found
libopencore-amrwb0	0.1.5-1	amd64	opencore-amr	0.1.5-1	libopencore-amrwb0	0.1.5-1	exact-arm64	exact Debian ARM64 binary found
libopenexr25	2.5.4-2+deb11u1	amd64	openexr	2.5.4-2+deb11u1	libopenexr25	2.5.4-2+deb11u1	exact-arm64	exact Debian ARM64 binary found
libopenjp2-7	2.4.0-3	amd64	openjpeg2	2.4.0-3	libopenjp2-7	2.4.0-3	exact-arm64	exact Debian ARM64 binary found
libopenmpt0	0.4.11-1	amd64	libopenmpt	0.4.11-1	libopenmpt0	0.4.11-1	exact-arm64	exact Debian ARM64 binary found
libopenni2-0	2.2.0.33+dfsg-15	amd64	openni2	2.2.0.33+dfsg-15	libopenni2-0	2.2.0.33+dfsg-15	exact-arm64	exact Debian ARM64 binary found
libopus0	1.3.1-0.1	amd64	opus	1.3.1-0.1	libopus0	1.3.1-0.1	exact-arm64	exact Debian ARM64 binary found
liborc-0.4-0	1:0.4.32-1	amd64	orc	1:0.4.32-1	liborc-0.4-0	1:0.4.32-1	exact-arm64	exact Debian ARM64 binary found
libosinfo-1.0-0	1.8.0-1	amd64	libosinfo	1.8.0-1	libosinfo-1.0-0	1.8.0-1	exact-arm64	exact Debian ARM64 binary found
libostree-1-1	2020.8-2+deb11u1	amd64	ostree	2020.8-2+deb11u1	libostree-1-1	2020.8-2+deb11u1	exact-arm64	exact Debian ARM64 binary found
libp11-kit0	0.23.22-1	amd64	p11-kit	0.23.22-1	libp11-kit0	0.23.22-1	exact-arm64	exact Debian ARM64 binary found
libpackagekit-glib2-18	1.2.2-2	amd64	packagekit	1.2.2-2	libpackagekit-glib2-18	1.2.2-2	exact-arm64	exact Debian ARM64 binary found
libpam-gnome-keyring	3.36.0-1	amd64	gnome-keyring	3.36.0-1	libpam-gnome-keyring	3.36.0-1	exact-arm64	exact Debian ARM64 binary found
libpam-modules	1.4.0-9+deb11u1	amd64	pam	1.4.0-9+deb11u1	libpam-modules	1.4.0-9+deb11u1	exact-arm64	exact Debian ARM64 binary found
libpam-modules-bin	1.4.0-9+deb11u1	amd64	pam	1.4.0-9+deb11u1	libpam-modules-bin	1.4.0-9+deb11u1	exact-arm64	exact Debian ARM64 binary found
libpam-mount	2.18-1	amd64	libpam-mount	2.18-1	libpam-mount	2.18-1	exact-arm64	exact Debian ARM64 binary found
libpam-pwquality	1.4.4-1	amd64	libpwquality	1.4.4-1	libpam-pwquality	1.4.4-1	exact-arm64	exact Debian ARM64 binary found
libpam-runtime	1.4.0-9+deb11u1	all	pam	1.4.0-9+deb11u1	libpam-runtime	1.4.0-9+deb11u1	reuse-exact-all	Architecture: all package is byte-reused from the AMD64 reference rootfs
libpam-systemd	247.3-7+deb11u4	amd64	systemd	247.3-7+deb11u4	libpam-systemd	247.3-7+deb11u4	missing-exact-arm64	exact version absent from selected snapshot
libpam0g	1.4.0-9+deb11u1	amd64	pam	1.4.0-9+deb11u1	libpam0g	1.4.0-9+deb11u1	exact-arm64	exact Debian ARM64 binary found
libpango-1.0-0	1.46.2-3	amd64	pango1.0	1.46.2-3	libpango-1.0-0	1.46.2-3	exact-arm64	exact Debian ARM64 binary found
libpangocairo-1.0-0	1.46.2-3	amd64	pango1.0	1.46.2-3	libpangocairo-1.0-0	1.46.2-3	exact-arm64	exact Debian ARM64 binary found
libpangoft2-1.0-0	1.46.2-3	amd64	pango1.0	1.46.2-3	libpangoft2-1.0-0	1.46.2-3	exact-arm64	exact Debian ARM64 binary found
libpangomm-1.4-1v5	2.42.1-1	amd64	pangomm	2.42.1-1	libpangomm-1.4-1v5	2.42.1-1	exact-arm64	exact Debian ARM64 binary found
libpangoxft-1.0-0	1.46.2-3	amd64	pango1.0	1.46.2-3	libpangoxft-1.0-0	1.46.2-3	exact-arm64	exact Debian ARM64 binary found
libpaper1	1.1.28+b1	amd64	libpaper	1.1.28	libpaper1	1.1.28+b1	exact-arm64	exact Debian ARM64 binary found
libparted-fs-resize0	3.4-1	amd64	parted	3.4-1	libparted-fs-resize0	3.4-1	exact-arm64	exact Debian ARM64 binary found
libparted2	3.4-1	amd64	parted	3.4-1	libparted2	3.4-1	exact-arm64	exact Debian ARM64 binary found
libpcap0.8	1.10.0-2	amd64	libpcap	1.10.0-2	libpcap0.8	1.10.0-2	exact-arm64	exact Debian ARM64 binary found
libpci3	1:3.7.0-5	amd64	pciutils	1:3.7.0-5	libpci3	1:3.7.0-5	exact-arm64	exact Debian ARM64 binary found
libpciaccess0	0.16-1	amd64	libpciaccess	0.16-1	libpciaccess0	0.16-1	exact-arm64	exact Debian ARM64 binary found
libpcre2-16-0	10.36-2+deb11u1	amd64	pcre2	10.36-2+deb11u1	libpcre2-16-0	10.36-2+deb11u1	exact-arm64	exact Debian ARM64 binary found
libpcre2-8-0	10.36-2+deb11u1	amd64	pcre2	10.36-2+deb11u1	libpcre2-8-0	10.36-2+deb11u1	exact-arm64	exact Debian ARM64 binary found
libpcre3	2:8.39-13	amd64	pcre3	2:8.39-13	libpcre3	2:8.39-13	exact-arm64	exact Debian ARM64 binary found
libpcsclite1	1.9.1-1	amd64	pcsc-lite	1.9.1-1	libpcsclite1	1.9.1-1	exact-arm64	exact Debian ARM64 binary found
libpeas-1.0-0	1.28.0-2+b1	amd64	libpeas	1.28.0-2	libpeas-1.0-0	1.28.0-2+b1	exact-arm64	exact Debian ARM64 binary found
libpeas-common	1.28.0-2	all	libpeas	1.28.0-2	libpeas-common	1.28.0-2	reuse-exact-all	Architecture: all package is byte-reused from the AMD64 reference rootfs
libperl5.32	5.32.1-4+deb11u2	amd64	perl	5.32.1-4+deb11u2	libperl5.32	5.32.1-4+deb11u2	exact-arm64	exact Debian ARM64 binary found
libpgm-5.3-0	5.3.128~dfsg-2	amd64	libpgm	5.3.128~dfsg-2	libpgm-5.3-0	5.3.128~dfsg-2	exact-arm64	exact Debian ARM64 binary found
libpipeline1	1.5.3-1	amd64	libpipeline	1.5.3-1	libpipeline1	1.5.3-1	exact-arm64	exact Debian ARM64 binary found
libpipewire-0.3-0	0.3.19-4	amd64	pipewire	0.3.19-4	libpipewire-0.3-0	0.3.19-4	exact-arm64	exact Debian ARM64 binary found
libpixman-1-0	0.40.0-1.1~deb11u1	amd64	pixman	0.40.0-1.1~deb11u1	libpixman-1-0	0.40.0-1.1~deb11u1	exact-arm64	exact Debian ARM64 binary found
libpkcs11-helper1	1.27-1	amd64	pkcs11-helper	1.27-1	libpkcs11-helper1	1.27-1	exact-arm64	exact Debian ARM64 binary found
libplist3	2.2.0-6	amd64	libplist	2.2.0-6	libplist3	2.2.0-6	exact-arm64	exact Debian ARM64 binary found
libplymouth5	0.9.5-3	amd64	plymouth	0.9.5-3	libplymouth5	0.9.5-3	exact-arm64	exact Debian ARM64 binary found
libpng16-16	1.6.37-3	amd64	libpng1.6	1.6.37-3	libpng16-16	1.6.37-3	exact-arm64	exact Debian ARM64 binary found
libpocketsphinx3	0.8+5prealpha+1-13	amd64	pocketsphinx	0.8+5prealpha+1-13	libpocketsphinx3	0.8+5prealpha+1-13	exact-arm64	exact Debian ARM64 binary found
libpolkit-agent-1-0	0.105-31+nDeb11u1+grm3u1	amd64	policykit-1	0.105-31+nDeb11u1+grm3u1	libpolkit-agent-1-0	0.105-31+nDeb11u1+grm3u1	custom-rebuild	exact +grm/+han source commit must be rebuilt for ARM64
libpolkit-gobject-1-0	0.105-31+nDeb11u1+grm3u1	amd64	policykit-1	0.105-31+nDeb11u1+grm3u1	libpolkit-gobject-1-0	0.105-31+nDeb11u1+grm3u1	custom-rebuild	exact +grm/+han source commit must be rebuilt for ARM64
libpoppler-cpp0v5	20.09.0-3.1+deb11u1	amd64	poppler	20.09.0-3.1+deb11u1	libpoppler-cpp0v5	20.09.0-3.1+deb11u1	exact-arm64	exact Debian ARM64 binary found
libpoppler-glib8	20.09.0-3.1+deb11u1	amd64	poppler	20.09.0-3.1+deb11u1	libpoppler-glib8	20.09.0-3.1+deb11u1	exact-arm64	exact Debian ARM64 binary found
libpoppler102	20.09.0-3.1+deb11u1	amd64	poppler	20.09.0-3.1+deb11u1	libpoppler102	20.09.0-3.1+deb11u1	exact-arm64	exact Debian ARM64 binary found
libpopt0	1.18-2	amd64	popt	1.18-2	libpopt0	1.18-2	exact-arm64	exact Debian ARM64 binary found
libpostproc55	7:4.3.6-0+deb11u1	amd64	ffmpeg	7:4.3.6-0+deb11u1	libpostproc55	7:4.3.6-0+deb11u1	exact-arm64	exact Debian ARM64 binary found
libprocps8	2:3.3.17-5	amd64	procps	2:3.3.17-5	libprocps8	2:3.3.17-5	exact-arm64	exact Debian ARM64 binary found
libproxy1v5	0.4.17-1	amd64	libproxy	0.4.17-1	libproxy1v5	0.4.17-1	exact-arm64	exact Debian ARM64 binary found
libpsl5	0.21.0-1.2	amd64	libpsl	0.21.0-1.2	libpsl5	0.21.0-1.2	exact-arm64	exact Debian ARM64 binary found
libpulse-mainloop-glib0	14.2-2	amd64	pulseaudio	14.2-2	libpulse-mainloop-glib0	14.2-2	exact-arm64	exact Debian ARM64 binary found
libpulse0	14.2-2	amd64	pulseaudio	14.2-2	libpulse0	14.2-2	exact-arm64	exact Debian ARM64 binary found
libpulsedsp	14.2-2	amd64	pulseaudio	14.2-2	libpulsedsp	14.2-2	exact-arm64	exact Debian ARM64 binary found
libpwquality-common	1.4.4-1	all	libpwquality	1.4.4-1	libpwquality-common	1.4.4-1	reuse-exact-all	Architecture: all package is byte-reused from the AMD64 reference rootfs
libpwquality-tools	1.4.4-1	amd64	libpwquality	1.4.4-1	libpwquality-tools	1.4.4-1	exact-arm64	exact Debian ARM64 binary found
libpwquality1	1.4.4-1	amd64	libpwquality	1.4.4-1	libpwquality1	1.4.4-1	exact-arm64	exact Debian ARM64 binary found
libpython2.7-minimal	2.7.18-8	amd64	python2.7	2.7.18-8	libpython2.7-minimal	2.7.18-8	exact-arm64	exact Debian ARM64 binary found
libpython2.7-stdlib	2.7.18-8	amd64	python2.7	2.7.18-8	libpython2.7-stdlib	2.7.18-8	exact-arm64	exact Debian ARM64 binary found
libpython3-stdlib	3.9.2-3	amd64	python3-defaults	3.9.2-3	libpython3-stdlib	3.9.2-3	exact-arm64	exact Debian ARM64 binary found
libpython3.9	3.9.2-1	amd64	python3.9	3.9.2-1	libpython3.9	3.9.2-1	exact-arm64	exact Debian ARM64 binary found
libpython3.9-minimal	3.9.2-1	amd64	python3.9	3.9.2-1	libpython3.9-minimal	3.9.2-1	exact-arm64	exact Debian ARM64 binary found
libpython3.9-stdlib	3.9.2-1	amd64	python3.9	3.9.2-1	libpython3.9-stdlib	3.9.2-1	exact-arm64	exact Debian ARM64 binary found
libqpdf28	10.1.0-1	amd64	qpdf	10.1.0-1	libqpdf28	10.1.0-1	exact-arm64	exact Debian ARM64 binary found
libqt5core5a	5.15.2+dfsg-9+grm3u1	amd64	qtbase-opensource-src	5.15.2+dfsg-9+grm3u1	libqt5core5a	5.15.2+dfsg-9+grm3u1	custom-rebuild	exact +grm/+han source commit must be rebuilt for ARM64
libqt5dbus5	5.15.2+dfsg-9+grm3u1	amd64	qtbase-opensource-src	5.15.2+dfsg-9+grm3u1	libqt5dbus5	5.15.2+dfsg-9+grm3u1	custom-rebuild	exact +grm/+han source commit must be rebuilt for ARM64
libqt5designer5	5.15.2-5	amd64	qttools-opensource-src	5.15.2-5	libqt5designer5	5.15.2-5	exact-arm64	exact Debian ARM64 binary found
libqt5gui5	5.15.2+dfsg-9+grm3u1	amd64	qtbase-opensource-src	5.15.2+dfsg-9+grm3u1	libqt5gui5	5.15.2+dfsg-9+grm3u1	custom-rebuild	exact +grm/+han source commit must be rebuilt for ARM64
libqt5help5	5.15.2-5	amd64	qttools-opensource-src	5.15.2-5	libqt5help5	5.15.2-5	exact-arm64	exact Debian ARM64 binary found
libqt5network5	5.15.2+dfsg-9+grm3u1	amd64	qtbase-opensource-src	5.15.2+dfsg-9+grm3u1	libqt5network5	5.15.2+dfsg-9+grm3u1	custom-rebuild	exact +grm/+han source commit must be rebuilt for ARM64
libqt5printsupport5	5.15.2+dfsg-9+grm3u1	amd64	qtbase-opensource-src	5.15.2+dfsg-9+grm3u1	libqt5printsupport5	5.15.2+dfsg-9+grm3u1	custom-rebuild	exact +grm/+han source commit must be rebuilt for ARM64
libqt5sql5	5.15.2+dfsg-9+grm3u1	amd64	qtbase-opensource-src	5.15.2+dfsg-9+grm3u1	libqt5sql5	5.15.2+dfsg-9+grm3u1	custom-rebuild	exact +grm/+han source commit must be rebuilt for ARM64
libqt5test5	5.15.2+dfsg-9+grm3u1	amd64	qtbase-opensource-src	5.15.2+dfsg-9+grm3u1	libqt5test5	5.15.2+dfsg-9+grm3u1	custom-rebuild	exact +grm/+han source commit must be rebuilt for ARM64
libqt5widgets5	5.15.2+dfsg-9+grm3u1	amd64	qtbase-opensource-src	5.15.2+dfsg-9+grm3u1	libqt5widgets5	5.15.2+dfsg-9+grm3u1	custom-rebuild	exact +grm/+han source commit must be rebuilt for ARM64
libqt5xml5	5.15.2+dfsg-9+grm3u1	amd64	qtbase-opensource-src	5.15.2+dfsg-9+grm3u1	libqt5xml5	5.15.2+dfsg-9+grm3u1	custom-rebuild	exact +grm/+han source commit must be rebuilt for ARM64
libquadmath0	10.2.1-6	amd64	gcc-10	10.2.1-6	libquadmath0	10.2.1-6	missing-exact-arm64	exact version absent from selected snapshot: E: No packages found
libquvi-0.9-0.9.3	0.9.3-1.3	amd64	libquvi	0.9.3-1.3	libquvi-0.9-0.9.3	0.9.3-1.3	exact-arm64	exact Debian ARM64 binary found
libquvi-scripts-0.9	0.9.20131130-1.2	all	libquvi-scripts	0.9.20131130-1.2	libquvi-scripts-0.9	0.9.20131130-1.2	reuse-exact-all	Architecture: all package is byte-reused from the AMD64 reference rootfs
librabbitmq4	0.10.0-1	amd64	librabbitmq	0.10.0-1	librabbitmq4	0.10.0-1	exact-arm64	exact Debian ARM64 binary found
libraw1394-11	2.1.2-2	amd64	libraw1394	2.1.2-2	libraw1394-11	2.1.2-2	exact-arm64	exact Debian ARM64 binary found
libre2-9	20210201+dfsg-1	amd64	re2	20210201+dfsg-1	libre2-9	20210201+dfsg-1	exact-arm64	exact Debian ARM64 binary found
libreadline8	8.1-1	amd64	readline	8.1-1	libreadline8	8.1-1	exact-arm64	exact Debian ARM64 binary found
librest-0.7-0	0.8.1-1.1	amd64	librest	0.8.1-1.1	librest-0.7-0	0.8.1-1.1	exact-arm64	exact Debian ARM64 binary found
librsvg2-2	2.50.3+dfsg-1	amd64	librsvg	2.50.3+dfsg-1	librsvg2-2	2.50.3+dfsg-1	exact-arm64	exact Debian ARM64 binary found
librsvg2-common	2.50.3+dfsg-1	amd64	librsvg	2.50.3+dfsg-1	librsvg2-common	2.50.3+dfsg-1	exact-arm64	exact Debian ARM64 binary found
librtmp1	2.4+20151223.gitfa8646d.1-2+b2	amd64	rtmpdump	2.4+20151223.gitfa8646d.1-2	librtmp1	2.4+20151223.gitfa8646d.1-2+b2	exact-arm64	exact Debian ARM64 binary found
librubberband2	1.9.0-1	amd64	rubberband	1.9.0-1	librubberband2	1.9.0-1	exact-arm64	exact Debian ARM64 binary found
librygel-core-2.6-2	0.40.0-1	amd64	rygel	0.40.0-1	librygel-core-2.6-2	0.40.0-1	exact-arm64	exact Debian ARM64 binary found
librygel-db-2.6-2	0.40.0-1	amd64	rygel	0.40.0-1	librygel-db-2.6-2	0.40.0-1	exact-arm64	exact Debian ARM64 binary found
librygel-renderer-2.6-2	0.40.0-1	amd64	rygel	0.40.0-1	librygel-renderer-2.6-2	0.40.0-1	exact-arm64	exact Debian ARM64 binary found
librygel-server-2.6-2	0.40.0-1	amd64	rygel	0.40.0-1	librygel-server-2.6-2	0.40.0-1	exact-arm64	exact Debian ARM64 binary found
libsamplerate0	0.2.1+ds0-1	amd64	libsamplerate	0.2.1+ds0-1	libsamplerate0	0.2.1+ds0-1	exact-arm64	exact Debian ARM64 binary found
libsane-common	1.0.31-4.1	all	sane-backends	1.0.31-4.1	libsane-common	1.0.31-4.1	reuse-exact-all	Architecture: all package is byte-reused from the AMD64 reference rootfs
libsane1	1.0.31-4.1	amd64	sane-backends	1.0.31-4.1	libsane1	1.0.31-4.1	exact-arm64	exact Debian ARM64 binary found
libsasl2-2	2.1.27+dfsg-2.1+deb11u1	amd64	cyrus-sasl2	2.1.27+dfsg-2.1+deb11u1	libsasl2-2	2.1.27+dfsg-2.1+deb11u1	exact-arm64	exact Debian ARM64 binary found
libsasl2-modules-db	2.1.27+dfsg-2.1+deb11u1	amd64	cyrus-sasl2	2.1.27+dfsg-2.1+deb11u1	libsasl2-modules-db	2.1.27+dfsg-2.1+deb11u1	exact-arm64	exact Debian ARM64 binary found
libsbc1	1.5-3	amd64	sbc	1.5-3	libsbc1	1.5-3	exact-arm64	exact Debian ARM64 binary found
libsdl2-2.0-0	2.0.14+dfsg2-3+deb11u1	amd64	libsdl2	2.0.14+dfsg2-3+deb11u1	libsdl2-2.0-0	2.0.14+dfsg2-3+deb11u1	exact-arm64	exact Debian ARM64 binary found
libseccomp2	2.5.1-1+deb11u1	amd64	libseccomp	2.5.1-1+deb11u1	libseccomp2	2.5.1-1+deb11u1	exact-arm64	exact Debian ARM64 binary found
libsecret-1-0	0.20.4-2	amd64	libsecret	0.20.4-2	libsecret-1-0	0.20.4-2	exact-arm64	exact Debian ARM64 binary found
libsecret-common	0.20.4-2	all	libsecret	0.20.4-2	libsecret-common	0.20.4-2	reuse-exact-all	Architecture: all package is byte-reused from the AMD64 reference rootfs
libselinux1	3.1-3	amd64	libselinux	3.1-3	libselinux1	3.1-3	exact-arm64	exact Debian ARM64 binary found
libsemanage-common	3.1-1	all	libsemanage	3.1-1	libsemanage-common	3.1-1	reuse-exact-all	Architecture: all package is byte-reused from the AMD64 reference rootfs
libsemanage1	3.1-1+b2	amd64	libsemanage	3.1-1	libsemanage1	3.1-1+b2	exact-arm64	exact Debian ARM64 binary found
libsensors-config	1:3.6.0-7	all	lm-sensors	1:3.6.0-7	libsensors-config	1:3.6.0-7	reuse-exact-all	Architecture: all package is byte-reused from the AMD64 reference rootfs
libsensors5	1:3.6.0-7	amd64	lm-sensors	1:3.6.0-7	libsensors5	1:3.6.0-7	exact-arm64	exact Debian ARM64 binary found
libsepol1	3.1-1	amd64	libsepol	3.1-1	libsepol1	3.1-1	exact-arm64	exact Debian ARM64 binary found
libserd-0-0	0.30.10-2	amd64	serd	0.30.10-2	libserd-0-0	0.30.10-2	exact-arm64	exact Debian ARM64 binary found
libshine3	3.1.1-2	amd64	shine	3.1.1-2	libshine3	3.1.1-2	exact-arm64	exact Debian ARM64 binary found
libshout3	2.4.5-1+b1	amd64	libshout	2.4.5-1	libshout3	2.4.5-1+b1	exact-arm64	exact Debian ARM64 binary found
libsidplay1v5	1.36.60-1	amd64	libsidplay	1.36.60-1	libsidplay1v5	1.36.60-1	exact-arm64	exact Debian ARM64 binary found
libsigc++-2.0-0v5	2.10.4-2	amd64	libsigc++-2.0	2.10.4-2	libsigc++-2.0-0v5	2.10.4-2	exact-arm64	exact Debian ARM64 binary found
libslang2	2.3.2-5	amd64	slang2	2.3.2-5	libslang2	2.3.2-5	exact-arm64	exact Debian ARM64 binary found
libsm6	2:1.2.3-1	amd64	libsm	2:1.2.3-1	libsm6	2:1.2.3-1	exact-arm64	exact Debian ARM64 binary found
libsmartcols1	2.36.1-8+deb11u1	amd64	util-linux	2.36.1-8+deb11u1	libsmartcols1	2.36.1-8+deb11u1	exact-arm64	exact Debian ARM64 binary found
libsmbclient	2:4.13.13+dfsg-1~deb11u5	amd64	samba	2:4.13.13+dfsg-1~deb11u5	libsmbclient	2:4.13.13+dfsg-1~deb11u5	exact-arm64	exact Debian ARM64 binary found
libsnappy1v5	1.1.8-1	amd64	snappy	1.1.8-1	libsnappy1v5	1.1.8-1	exact-arm64	exact Debian ARM64 binary found
libsndfile1	1.0.31-2	amd64	libsndfile	1.0.31-2	libsndfile1	1.0.31-2	exact-arm64	exact Debian ARM64 binary found
libsndio7.0	1.5.0-3	amd64	sndio	1.5.0-3	libsndio7.0	1.5.0-3	exact-arm64	exact Debian ARM64 binary found
libsnmp-base	5.9+dfsg-4+deb11u1	all	net-snmp	5.9+dfsg-4+deb11u1	libsnmp-base	5.9+dfsg-4+deb11u1	reuse-exact-all	Architecture: all package is byte-reused from the AMD64 reference rootfs
libsnmp40	5.9+dfsg-4+deb11u1	amd64	net-snmp	5.9+dfsg-4+deb11u1	libsnmp40	5.9+dfsg-4+deb11u1	exact-arm64	exact Debian ARM64 binary found
libsodium23	1.0.18-1	amd64	libsodium	1.0.18-1	libsodium23	1.0.18-1	exact-arm64	exact Debian ARM64 binary found
libsord-0-0	0.16.8-2	amd64	sord	0.16.8-2	libsord-0-0	0.16.8-2	exact-arm64	exact Debian ARM64 binary found
libsoundtouch1	2.2+ds1-2	amd64	soundtouch	2.2+ds1-2	libsoundtouch1	2.2+ds1-2	exact-arm64	exact Debian ARM64 binary found
libsoup-gnome2.4-1	2.72.0-2	amd64	libsoup2.4	2.72.0-2	libsoup-gnome2.4-1	2.72.0-2	exact-arm64	exact Debian ARM64 binary found
libsoup2.4-1	2.72.0-2	amd64	libsoup2.4	2.72.0-2	libsoup2.4-1	2.72.0-2	exact-arm64	exact Debian ARM64 binary found
libsoxr0	0.1.3-4	amd64	libsoxr	0.1.3-4	libsoxr0	0.1.3-4	exact-arm64	exact Debian ARM64 binary found
libspa-0.2-modules	0.3.19-4	amd64	pipewire	0.3.19-4	libspa-0.2-modules	0.3.19-4	exact-arm64	exact Debian ARM64 binary found
libspandsp2	0.0.6+dfsg-2	amd64	spandsp	0.0.6+dfsg-2	libspandsp2	0.0.6+dfsg-2	exact-arm64	exact Debian ARM64 binary found
libspeex1	1.2~rc1.2-1.1	amd64	speex	1.2~rc1.2-1.1	libspeex1	1.2~rc1.2-1.1	exact-arm64	exact Debian ARM64 binary found
libspeexdsp1	1.2~rc1.2-1.1	amd64	speex	1.2~rc1.2-1.1	libspeexdsp1	1.2~rc1.2-1.1	exact-arm64	exact Debian ARM64 binary found
libsphinxbase3	0.8+5prealpha+1-12	amd64	sphinxbase	0.8+5prealpha+1-12	libsphinxbase3	0.8+5prealpha+1-12	exact-arm64	exact Debian ARM64 binary found
libsqlite3-0	3.34.1-3	amd64	sqlite3	3.34.1-3	libsqlite3-0	3.34.1-3	exact-arm64	exact Debian ARM64 binary found
libsratom-0-0	0.6.8-1	amd64	sratom	0.6.8-1	libsratom-0-0	0.6.8-1	exact-arm64	exact Debian ARM64 binary found
libsrt1.4-gnutls	1.4.2-1.3	amd64	srt	1.4.2-1.3	libsrt1.4-gnutls	1.4.2-1.3	exact-arm64	exact Debian ARM64 binary found
libsrtp2-1	2.3.0-5	amd64	libsrtp2	2.3.0-5	libsrtp2-1	2.3.0-5	exact-arm64	exact Debian ARM64 binary found
libss2	1.46.2-2	amd64	e2fsprogs	1.46.2-2	libss2	1.46.2-2	exact-arm64	exact Debian ARM64 binary found
libssh-gcrypt-4	0.9.7-0+deb11u1	amd64	libssh	0.9.7-0+deb11u1	libssh-gcrypt-4	0.9.7-0+deb11u1	exact-arm64	exact Debian ARM64 binary found
libssh2-1	1.9.0-2	amd64	libssh2	1.9.0-2	libssh2-1	1.9.0-2	exact-arm64	exact Debian ARM64 binary found
libssl1.1	1.1.1n-0+deb11u5	amd64	openssl	1.1.1n-0+deb11u5	libssl1.1	1.1.1n-0+deb11u5	exact-arm64	exact Debian ARM64 binary found
libstartup-notification0	0.12-6+b1	amd64	startup-notification	0.12-6	libstartup-notification0	0.12-6+b1	exact-arm64	exact Debian ARM64 binary found
libstdc++6	10.2.1-6	amd64	gcc-10	10.2.1-6	libstdc++6	10.2.1-6	exact-arm64	exact Debian ARM64 binary found
libstemmer0d	2.1.0-1	amd64	snowball	2.1.0-1	libstemmer0d	2.1.0-1	exact-arm64	exact Debian ARM64 binary found
libswresample3	7:4.3.6-0+deb11u1	amd64	ffmpeg	7:4.3.6-0+deb11u1	libswresample3	7:4.3.6-0+deb11u1	exact-arm64	exact Debian ARM64 binary found
libswscale5	7:4.3.6-0+deb11u1	amd64	ffmpeg	7:4.3.6-0+deb11u1	libswscale5	7:4.3.6-0+deb11u1	exact-arm64	exact Debian ARM64 binary found
libsystemd0	247.3-7+deb11u4	amd64	systemd	247.3-7+deb11u4	libsystemd0	247.3-7+deb11u4	missing-exact-arm64	exact version absent from selected snapshot
libtag1v5	1.11.1+dfsg.1-3	amd64	taglib	1.11.1+dfsg.1-3	libtag1v5	1.11.1+dfsg.1-3	exact-arm64	exact Debian ARM64 binary found
libtag1v5-vanilla	1.11.1+dfsg.1-3	amd64	taglib	1.11.1+dfsg.1-3	libtag1v5-vanilla	1.11.1+dfsg.1-3	exact-arm64	exact Debian ARM64 binary found
libtalloc2	2.3.1-2+b1	amd64	talloc	2.3.1-2	libtalloc2	2.3.1-2+b1	exact-arm64	exact Debian ARM64 binary found
libtasn1-6	4.16.0-2+deb11u1	amd64	libtasn1-6	4.16.0-2+deb11u1	libtasn1-6	4.16.0-2+deb11u1	exact-arm64	exact Debian ARM64 binary found
libtdb1	1.4.3-1+b1	amd64	tdb	1.4.3-1	libtdb1	1.4.3-1+b1	exact-arm64	exact Debian ARM64 binary found
libteamdctl0	1.31-1	amd64	libteam	1.31-1	libteamdctl0	1.31-1	exact-arm64	exact Debian ARM64 binary found
libtelepathy-glib0	0.24.1-3	amd64	telepathy-glib	0.24.1-3	libtelepathy-glib0	0.24.1-3	exact-arm64	exact Debian ARM64 binary found
libtepl-5-0	5.0.1-2	amd64	tepl	5.0.1-2	libtepl-5-0	5.0.1-2	exact-arm64	exact Debian ARM64 binary found
libtevent0	0.10.2-1	amd64	tevent	0.10.2-1	libtevent0	0.10.2-1	exact-arm64	exact Debian ARM64 binary found
libtext-charwidth-perl	0.04-10+b1	amd64	libtext-charwidth-perl	0.04-10	libtext-charwidth-perl	0.04-10+b1	exact-arm64	exact Debian ARM64 binary found
libtext-iconv-perl	1.7-7+b1	amd64	libtext-iconv-perl	1.7-7	libtext-iconv-perl	1.7-7+b1	exact-arm64	exact Debian ARM64 binary found
libtext-wrapi18n-perl	0.06-9	all	libtext-wrapi18n-perl	0.06-9	libtext-wrapi18n-perl	0.06-9	reuse-exact-all	Architecture: all package is byte-reused from the AMD64 reference rootfs
libthai-data	0.1.28-3	all	libthai	0.1.28-3	libthai-data	0.1.28-3	reuse-exact-all	Architecture: all package is byte-reused from the AMD64 reference rootfs
libthai0	0.1.28-3	amd64	libthai	0.1.28-3	libthai0	0.1.28-3	exact-arm64	exact Debian ARM64 binary found
libtheora0	1.1.1+dfsg.1-15	amd64	libtheora	1.1.1+dfsg.1-15	libtheora0	1.1.1+dfsg.1-15	exact-arm64	exact Debian ARM64 binary found
libtiff5	4.2.0-1+deb11u4	amd64	tiff	4.2.0-1+deb11u4	libtiff5	4.2.0-1+deb11u4	exact-arm64	exact Debian ARM64 binary found
libtinfo6	6.2+20201114-2+deb11u1	amd64	ncurses	6.2+20201114-2+deb11u1	libtinfo6	6.2+20201114-2+deb11u1	exact-arm64	exact Debian ARM64 binary found
libtirpc-common	1.3.1-1+deb11u1	all	libtirpc	1.3.1-1+deb11u1	libtirpc-common	1.3.1-1+deb11u1	reuse-exact-all	Architecture: all package is byte-reused from the AMD64 reference rootfs
libtirpc3	1.3.1-1+deb11u1	amd64	libtirpc	1.3.1-1+deb11u1	libtirpc3	1.3.1-1+deb11u1	exact-arm64	exact Debian ARM64 binary found
libtotem-plparser-common	3.26.5-5	all	totem-pl-parser	3.26.5-5	libtotem-plparser-common	3.26.5-5	reuse-exact-all	Architecture: all package is byte-reused from the AMD64 reference rootfs
libtotem-plparser18	3.26.5-5	amd64	totem-pl-parser	3.26.5-5	libtotem-plparser18	3.26.5-5	exact-arm64	exact Debian ARM64 binary found
libtracker-control-2.0-0	2.3.6-2	amd64	tracker	2.3.6-2	libtracker-control-2.0-0	2.3.6-2	exact-arm64	exact Debian ARM64 binary found
libtracker-miner-2.0-0	2.3.6-2	amd64	tracker	2.3.6-2	libtracker-miner-2.0-0	2.3.6-2	exact-arm64	exact Debian ARM64 binary found
libtracker-sparql-2.0-0	2.3.6-2	amd64	tracker	2.3.6-2	libtracker-sparql-2.0-0	2.3.6-2	exact-arm64	exact Debian ARM64 binary found
libtspi1	0.3.14+fixed1-1.2	amd64	trousers	0.3.14+fixed1-1.2	libtspi1	0.3.14+fixed1-1.2	exact-arm64	exact Debian ARM64 binary found
libtumbler-1-0	4.16.0-1	amd64	tumbler	4.16.0-1	libtumbler-1-0	4.16.0-1	exact-arm64	exact Debian ARM64 binary found
libtwolame0	0.4.0-2	amd64	twolame	0.4.0-2	libtwolame0	0.4.0-2	exact-arm64	exact Debian ARM64 binary found
libuchardet0	0.0.7-1	amd64	uchardet	0.0.7-1	libuchardet0	0.0.7-1	exact-arm64	exact Debian ARM64 binary found
libudev1	247.3-7+deb11u4	amd64	systemd	247.3-7+deb11u4	libudev1	247.3-7+deb11u4	missing-exact-arm64	exact version absent from selected snapshot
libudfread0	1.1.1-1	amd64	libudfread	1.1.1-1	libudfread0	1.1.1-1	exact-arm64	exact Debian ARM64 binary found
libudisks2-0	2.9.2-2+deb11u1	amd64	udisks2	2.9.2-2+deb11u1	libudisks2-0	2.9.2-2+deb11u1	exact-arm64	exact Debian ARM64 binary found
libunistring2	0.9.10-4	amd64	libunistring	0.9.10-4	libunistring2	0.9.10-4	exact-arm64	exact Debian ARM64 binary found
libunwind8	1.3.2-2	amd64	libunwind	1.3.2-2	libunwind8	1.3.2-2	exact-arm64	exact Debian ARM64 binary found
libupower-glib3	0.99.11-2	amd64	upower	0.99.11-2	libupower-glib3	0.99.11-2	exact-arm64	exact Debian ARM64 binary found
libusb-1.0-0	2:1.0.24-3	amd64	libusb-1.0	2:1.0.24-3	libusb-1.0-0	2:1.0.24-3	exact-arm64	exact Debian ARM64 binary found
libusbmuxd6	2.0.2-3	amd64	libusbmuxd	2.0.2-3	libusbmuxd6	2.0.2-3	exact-arm64	exact Debian ARM64 binary found
libuuid1	2.36.1-8+deb11u1	amd64	util-linux	2.36.1-8+deb11u1	libuuid1	2.36.1-8+deb11u1	exact-arm64	exact Debian ARM64 binary found
libv4l-0	1.20.0-2	amd64	v4l-utils	1.20.0-2	libv4l-0	1.20.0-2	exact-arm64	exact Debian ARM64 binary found
libv4lconvert0	1.20.0-2	amd64	v4l-utils	1.20.0-2	libv4lconvert0	1.20.0-2	exact-arm64	exact Debian ARM64 binary found
libva-drm2	2.10.0-1	amd64	libva	2.10.0-1	libva-drm2	2.10.0-1	exact-arm64	exact Debian ARM64 binary found
libva-wayland2	2.10.0-1	amd64	libva	2.10.0-1	libva-wayland2	2.10.0-1	exact-arm64	exact Debian ARM64 binary found
libva-x11-2	2.10.0-1	amd64	libva	2.10.0-1	libva-x11-2	2.10.0-1	exact-arm64	exact Debian ARM64 binary found
libva2	2.10.0-1	amd64	libva	2.10.0-1	libva2	2.10.0-1	exact-arm64	exact Debian ARM64 binary found
libvdpau1	1.4-3	amd64	libvdpau	1.4-3	libvdpau1	1.4-3	exact-arm64	exact Debian ARM64 binary found
libvidstab1.1	1.1.0-2+b1	amd64	libvidstab	1.1.0-2	libvidstab1.1	1.1.0-2+b1	exact-arm64	exact Debian ARM64 binary found
libvisual-0.4-0	0.4.0-17	amd64	libvisual	0.4.0-17	libvisual-0.4-0	0.4.0-17	exact-arm64	exact Debian ARM64 binary found
libvo-aacenc0	0.1.3-2	amd64	vo-aacenc	0.1.3-2	libvo-aacenc0	0.1.3-2	exact-arm64	exact Debian ARM64 binary found
libvo-amrwbenc0	0.1.3-2	amd64	vo-amrwbenc	0.1.3-2	libvo-amrwbenc0	0.1.3-2	exact-arm64	exact Debian ARM64 binary found
libvolume-key1	0.3.12-3.1+b1	amd64	volume-key	0.3.12-3.1	libvolume-key1	0.3.12-3.1+b1	exact-arm64	exact Debian ARM64 binary found
libvorbis0a	1.3.7-1	amd64	libvorbis	1.3.7-1	libvorbis0a	1.3.7-1	exact-arm64	exact Debian ARM64 binary found
libvorbisenc2	1.3.7-1	amd64	libvorbis	1.3.7-1	libvorbisenc2	1.3.7-1	exact-arm64	exact Debian ARM64 binary found
libvorbisfile3	1.3.7-1	amd64	libvorbis	1.3.7-1	libvorbisfile3	1.3.7-1	exact-arm64	exact Debian ARM64 binary found
libvpx6	1.9.0-1	amd64	libvpx	1.9.0-1	libvpx6	1.9.0-1	exact-arm64	exact Debian ARM64 binary found
libvte-2.91-0	0.62.3-1	amd64	vte2.91	0.62.3-1	libvte-2.91-0	0.62.3-1	exact-arm64	exact Debian ARM64 binary found
libvte-2.91-common	0.62.3-1	amd64	vte2.91	0.62.3-1	libvte-2.91-common	0.62.3-1	exact-arm64	exact Debian ARM64 binary found
libvulkan1	1.2.162.0-1	amd64	vulkan-loader	1.2.162.0-1	libvulkan1	1.2.162.0-1	exact-arm64	exact Debian ARM64 binary found
libwacom-common	1.8-2	all	libwacom	1.8-2	libwacom-common	1.8-2	reuse-exact-all	Architecture: all package is byte-reused from the AMD64 reference rootfs
libwacom2	1.8-2	amd64	libwacom	1.8-2	libwacom2	1.8-2	exact-arm64	exact Debian ARM64 binary found
libwavpack1	5.4.0-1	amd64	wavpack	5.4.0-1	libwavpack1	5.4.0-1	exact-arm64	exact Debian ARM64 binary found
libwayland-client0	1.18.0-2~exp1.1	amd64	wayland	1.18.0-2~exp1.1	libwayland-client0	1.18.0-2~exp1.1	exact-arm64	exact Debian ARM64 binary found
libwayland-cursor0	1.18.0-2~exp1.1	amd64	wayland	1.18.0-2~exp1.1	libwayland-cursor0	1.18.0-2~exp1.1	exact-arm64	exact Debian ARM64 binary found
libwayland-egl1	1.18.0-2~exp1.1	amd64	wayland	1.18.0-2~exp1.1	libwayland-egl1	1.18.0-2~exp1.1	exact-arm64	exact Debian ARM64 binary found
libwayland-server0	1.18.0-2~exp1.1	amd64	wayland	1.18.0-2~exp1.1	libwayland-server0	1.18.0-2~exp1.1	exact-arm64	exact Debian ARM64 binary found
libwbclient0	2:4.13.13+dfsg-1~deb11u5	amd64	samba	2:4.13.13+dfsg-1~deb11u5	libwbclient0	2:4.13.13+dfsg-1~deb11u5	exact-arm64	exact Debian ARM64 binary found
libwebkit2gtk-4.0-37	2.40.3-2~deb11u2	amd64	webkit2gtk	2.40.3-2~deb11u2	libwebkit2gtk-4.0-37	2.40.3-2~deb11u2	exact-arm64	exact Debian ARM64 binary found
libwebp6	0.6.1-2.1+deb11u1	amd64	libwebp	0.6.1-2.1+deb11u1	libwebp6	0.6.1-2.1+deb11u1	exact-arm64	exact Debian ARM64 binary found
libwebpdemux2	0.6.1-2.1+deb11u1	amd64	libwebp	0.6.1-2.1+deb11u1	libwebpdemux2	0.6.1-2.1+deb11u1	exact-arm64	exact Debian ARM64 binary found
libwebpmux3	0.6.1-2.1+deb11u1	amd64	libwebp	0.6.1-2.1+deb11u1	libwebpmux3	0.6.1-2.1+deb11u1	exact-arm64	exact Debian ARM64 binary found
libwebrtc-audio-processing1	0.3-1+b1	amd64	webrtc-audio-processing	0.3-1	libwebrtc-audio-processing1	0.3-1+b1	exact-arm64	exact Debian ARM64 binary found
libwildmidi2	0.4.3-1	amd64	wildmidi	0.4.3-1	libwildmidi2	0.4.3-1	exact-arm64	exact Debian ARM64 binary found
libwnck-3-0	3.36.0-1	amd64	libwnck3	3.36.0-1	libwnck-3-0	3.36.0-1	exact-arm64	exact Debian ARM64 binary found
libwnck-3-common	3.36.0-1	all	libwnck3	3.36.0-1	libwnck-3-common	3.36.0-1	reuse-exact-all	Architecture: all package is byte-reused from the AMD64 reference rootfs
libwoff1	1.0.2-1+b1	amd64	woff2	1.0.2-1	libwoff1	1.0.2-1+b1	exact-arm64	exact Debian ARM64 binary found
libwpe-1.0-1	1.10.0-2	amd64	libwpe	1.10.0-2	libwpe-1.0-1	1.10.0-2	exact-arm64	exact Debian ARM64 binary found
libwpebackend-fdo-1.0-1	1.8.0-1	amd64	wpebackend-fdo	1.8.0-1	libwpebackend-fdo-1.0-1	1.8.0-1	exact-arm64	exact Debian ARM64 binary found
libwrap0	7.6.q-31	amd64	tcp-wrappers	7.6.q-31	libwrap0	7.6.q-31	exact-arm64	exact Debian ARM64 binary found
libx11-6	2:1.7.2-1+deb11u1	amd64	libx11	2:1.7.2-1+deb11u1	libx11-6	2:1.7.2-1+deb11u1	exact-arm64	exact Debian ARM64 binary found
libx11-data	2:1.7.2-1+deb11u1	all	libx11	2:1.7.2-1+deb11u1	libx11-data	2:1.7.2-1+deb11u1	reuse-exact-all	Architecture: all package is byte-reused from the AMD64 reference rootfs
libx11-xcb1	2:1.7.2-1+deb11u1	amd64	libx11	2:1.7.2-1+deb11u1	libx11-xcb1	2:1.7.2-1+deb11u1	exact-arm64	exact Debian ARM64 binary found
libx264-160	2:0.160.3011+gitcde9a93-2.1	amd64	x264	2:0.160.3011+gitcde9a93-2.1	libx264-160	2:0.160.3011+gitcde9a93-2.1	exact-arm64	exact Debian ARM64 binary found
libx265-192	3.4-2	amd64	x265	3.4-2	libx265-192	3.4-2	exact-arm64	exact Debian ARM64 binary found
libxapian30	1.4.18-3+deb11u1	amd64	xapian-core	1.4.18-3+deb11u1	libxapian30	1.4.18-3+deb11u1	exact-arm64	exact Debian ARM64 binary found
libxatracker2	20.3.5-1	amd64	mesa	20.3.5-1	libxatracker2	20.3.5-1	missing-exact-arm64	exact version absent from selected snapshot: E: No packages found
libxau6	1:1.0.9-1	amd64	libxau	1:1.0.9-1	libxau6	1:1.0.9-1	exact-arm64	exact Debian ARM64 binary found
libxaw7	2:1.0.13-1.1	amd64	libxaw	2:1.0.13-1.1	libxaw7	2:1.0.13-1.1	exact-arm64	exact Debian ARM64 binary found
libxcb-dri2-0	1.14-3	amd64	libxcb	1.14-3	libxcb-dri2-0	1.14-3	exact-arm64	exact Debian ARM64 binary found
libxcb-dri3-0	1.14-3	amd64	libxcb	1.14-3	libxcb-dri3-0	1.14-3	exact-arm64	exact Debian ARM64 binary found
libxcb-glx0	1.14-3	amd64	libxcb	1.14-3	libxcb-glx0	1.14-3	exact-arm64	exact Debian ARM64 binary found
libxcb-icccm4	0.4.1-1.1	amd64	xcb-util-wm	0.4.1-1.1	libxcb-icccm4	0.4.1-1.1	exact-arm64	exact Debian ARM64 binary found
libxcb-image0	0.4.0-1+b3	amd64	xcb-util-image	0.4.0-1	libxcb-image0	0.4.0-1+b3	exact-arm64	exact Debian ARM64 binary found
libxcb-keysyms1	0.4.0-1+b2	amd64	xcb-util-keysyms	0.4.0-1	libxcb-keysyms1	0.4.0-1+b2	exact-arm64	exact Debian ARM64 binary found
libxcb-present0	1.14-3	amd64	libxcb	1.14-3	libxcb-present0	1.14-3	exact-arm64	exact Debian ARM64 binary found
libxcb-randr0	1.14-3	amd64	libxcb	1.14-3	libxcb-randr0	1.14-3	exact-arm64	exact Debian ARM64 binary found
libxcb-render-util0	0.3.9-1+b1	amd64	xcb-util-renderutil	0.3.9-1	libxcb-render-util0	0.3.9-1+b1	exact-arm64	exact Debian ARM64 binary found
libxcb-render0	1.14-3	amd64	libxcb	1.14-3	libxcb-render0	1.14-3	exact-arm64	exact Debian ARM64 binary found
libxcb-shape0	1.14-3	amd64	libxcb	1.14-3	libxcb-shape0	1.14-3	exact-arm64	exact Debian ARM64 binary found
libxcb-shm0	1.14-3	amd64	libxcb	1.14-3	libxcb-shm0	1.14-3	exact-arm64	exact Debian ARM64 binary found
libxcb-sync1	1.14-3	amd64	libxcb	1.14-3	libxcb-sync1	1.14-3	exact-arm64	exact Debian ARM64 binary found
libxcb-util1	0.4.0-1+b1	amd64	xcb-util	0.4.0-1	libxcb-util1	0.4.0-1+b1	exact-arm64	exact Debian ARM64 binary found
libxcb-xfixes0	1.14-3	amd64	libxcb	1.14-3	libxcb-xfixes0	1.14-3	exact-arm64	exact Debian ARM64 binary found
libxcb-xinerama0	1.14-3	amd64	libxcb	1.14-3	libxcb-xinerama0	1.14-3	exact-arm64	exact Debian ARM64 binary found
libxcb-xinput0	1.14-3	amd64	libxcb	1.14-3	libxcb-xinput0	1.14-3	exact-arm64	exact Debian ARM64 binary found
libxcb-xkb1	1.14-3	amd64	libxcb	1.14-3	libxcb-xkb1	1.14-3	exact-arm64	exact Debian ARM64 binary found
libxcb1	1.14-3	amd64	libxcb	1.14-3	libxcb1	1.14-3	exact-arm64	exact Debian ARM64 binary found
libxcomposite1	1:0.4.5-1	amd64	libxcomposite	1:0.4.5-1	libxcomposite1	1:0.4.5-1	exact-arm64	exact Debian ARM64 binary found
libxcursor1	1:1.2.0-2	amd64	libxcursor	1:1.2.0-2	libxcursor1	1:1.2.0-2	exact-arm64	exact Debian ARM64 binary found
libxdamage1	1:1.1.5-2	amd64	libxdamage	1:1.1.5-2	libxdamage1	1:1.1.5-2	exact-arm64	exact Debian ARM64 binary found
libxdmcp6	1:1.1.2-3	amd64	libxdmcp	1:1.1.2-3	libxdmcp6	1:1.1.2-3	exact-arm64	exact Debian ARM64 binary found
libxext6	2:1.3.3-1.1	amd64	libxext	2:1.3.3-1.1	libxext6	2:1.3.3-1.1	exact-arm64	exact Debian ARM64 binary found
libxfixes3	1:5.0.3-2	amd64	libxfixes	1:5.0.3-2	libxfixes3	1:5.0.3-2	exact-arm64	exact Debian ARM64 binary found
libxfont2	1:2.0.4-1	amd64	libxfont	1:2.0.4-1	libxfont2	1:2.0.4-1	exact-arm64	exact Debian ARM64 binary found
libxft2	2.3.2-2	amd64	xft	2.3.2-2	libxft2	2.3.2-2	exact-arm64	exact Debian ARM64 binary found
libxi6	2:1.7.10-1	amd64	libxi	2:1.7.10-1	libxi6	2:1.7.10-1	exact-arm64	exact Debian ARM64 binary found
libxinerama1	2:1.1.4-2	amd64	libxinerama	2:1.1.4-2	libxinerama1	2:1.1.4-2	exact-arm64	exact Debian ARM64 binary found
libxkbcommon-x11-0	1.0.3-2	amd64	libxkbcommon	1.0.3-2	libxkbcommon-x11-0	1.0.3-2	exact-arm64	exact Debian ARM64 binary found
libxkbcommon0	1.0.3-2	amd64	libxkbcommon	1.0.3-2	libxkbcommon0	1.0.3-2	exact-arm64	exact Debian ARM64 binary found
libxkbfile1	1:1.1.0-1	amd64	libxkbfile	1:1.1.0-1	libxkbfile1	1:1.1.0-1	exact-arm64	exact Debian ARM64 binary found
libxkbregistry0	1.0.3-2	amd64	libxkbcommon	1.0.3-2	libxkbregistry0	1.0.3-2	exact-arm64	exact Debian ARM64 binary found
libxklavier16	5.4-4	amd64	libxklavier	5.4-4	libxklavier16	5.4-4	exact-arm64	exact Debian ARM64 binary found
libxml2	2.9.10+dfsg-6.7+deb11u4	amd64	libxml2	2.9.10+dfsg-6.7+deb11u4	libxml2	2.9.10+dfsg-6.7+deb11u4	exact-arm64	exact Debian ARM64 binary found
libxmu6	2:1.1.2-2+b3	amd64	libxmu	2:1.1.2-2	libxmu6	2:1.1.2-2+b3	exact-arm64	exact Debian ARM64 binary found
libxmuu1	2:1.1.2-2+b3	amd64	libxmu	2:1.1.2-2	libxmuu1	2:1.1.2-2+b3	exact-arm64	exact Debian ARM64 binary found
libxnvctrl0	470.141.03-1~deb11u1	amd64	nvidia-settings	470.141.03-1~deb11u1	libxnvctrl0	470.141.03-1~deb11u1	exact-arm64	exact Debian ARM64 binary found
libxpm4	1:3.5.12-1.1~deb11u1	amd64	libxpm	1:3.5.12-1.1~deb11u1	libxpm4	1:3.5.12-1.1~deb11u1	exact-arm64	exact Debian ARM64 binary found
libxpresent1	1.0.0-2+b10	amd64	libxpresent	1.0.0-2	libxpresent1	1.0.0-2+b10	exact-arm64	exact Debian ARM64 binary found
libxrandr2	2:1.5.1-1	amd64	libxrandr	2:1.5.1-1	libxrandr2	2:1.5.1-1	exact-arm64	exact Debian ARM64 binary found
libxrender1	1:0.9.10-1	amd64	libxrender	1:0.9.10-1	libxrender1	1:0.9.10-1	exact-arm64	exact Debian ARM64 binary found
libxres1	2:1.2.0-4	amd64	libxres	2:1.2.0-4	libxres1	2:1.2.0-4	exact-arm64	exact Debian ARM64 binary found
libxshmfence1	1.3-1	amd64	libxshmfence	1.3-1	libxshmfence1	1.3-1	exact-arm64	exact Debian ARM64 binary found
libxslt1.1	1.1.34-4+deb11u1	amd64	libxslt	1.1.34-4+deb11u1	libxslt1.1	1.1.34-4+deb11u1	exact-arm64	exact Debian ARM64 binary found
libxss1	1:1.2.3-1	amd64	libxss	1:1.2.3-1	libxss1	1:1.2.3-1	exact-arm64	exact Debian ARM64 binary found
libxt6	1:1.2.0-1	amd64	libxt	1:1.2.0-1	libxt6	1:1.2.0-1	exact-arm64	exact Debian ARM64 binary found
libxtables12	1.8.7-1	amd64	iptables	1.8.7-1	libxtables12	1.8.7-1	exact-arm64	exact Debian ARM64 binary found
libxtst6	2:1.2.3-1	amd64	libxtst	2:1.2.3-1	libxtst6	2:1.2.3-1	exact-arm64	exact Debian ARM64 binary found
libxv1	2:1.0.11-1	amd64	libxv	2:1.0.11-1	libxv1	2:1.0.11-1	exact-arm64	exact Debian ARM64 binary found
libxvidcore4	2:1.3.7-1	amd64	xvidcore	2:1.3.7-1	libxvidcore4	2:1.3.7-1	exact-arm64	exact Debian ARM64 binary found
libxvmc1	2:1.0.12-2	amd64	libxvmc	2:1.0.12-2	libxvmc1	2:1.0.12-2	exact-arm64	exact Debian ARM64 binary found
libxxf86dga1	2:1.1.4-1+b3	amd64	libxxf86dga	2:1.1.4-1	libxxf86dga1	2:1.1.4-1+b3	exact-arm64	exact Debian ARM64 binary found
libxxf86vm1	1:1.1.4-1+b2	amd64	libxxf86vm	1:1.1.4-1	libxxf86vm1	1:1.1.4-1+b2	exact-arm64	exact Debian ARM64 binary found
libxxhash0	0.8.0-2	amd64	xxhash	0.8.0-2	libxxhash0	0.8.0-2	exact-arm64	exact Debian ARM64 binary found
libyaml-0-2	0.2.2-1	amd64	libyaml	0.2.2-1	libyaml-0-2	0.2.2-1	exact-arm64	exact Debian ARM64 binary found
libyelp0	3.38.3-1+han3u3	amd64	yelp	3.38.3-1+han3u3	libyelp0	3.38.3-1+han3u3	custom-rebuild	exact +grm/+han source commit must be rebuilt for ARM64
libz3-4	4.8.10-1	amd64	z3	4.8.10-1	libz3-4	4.8.10-1	exact-arm64	exact Debian ARM64 binary found
libzbar0	0.23.90-1	amd64	zbar	0.23.90-1	libzbar0	0.23.90-1	exact-arm64	exact Debian ARM64 binary found
libzeitgeist-2.0-0	1.0.3-4	amd64	zeitgeist	1.0.3-4	libzeitgeist-2.0-0	1.0.3-4	exact-arm64	exact Debian ARM64 binary found
libzmq5	4.3.4-1	amd64	zeromq3	4.3.4-1	libzmq5	4.3.4-1	exact-arm64	exact Debian ARM64 binary found
libzstd1	1.4.8+dfsg-2.1	amd64	libzstd	1.4.8+dfsg-2.1	libzstd1	1.4.8+dfsg-2.1	exact-arm64	exact Debian ARM64 binary found
libzvbi-common	0.2.35-18	all	zvbi	0.2.35-18	libzvbi-common	0.2.35-18	reuse-exact-all	Architecture: all package is byte-reused from the AMD64 reference rootfs
libzvbi0	0.2.35-18	amd64	zvbi	0.2.35-18	libzvbi0	0.2.35-18	exact-arm64	exact Debian ARM64 binary found
lightdm	1.26.0-7+grm3u1	amd64	lightdm	1.26.0-7+grm3u1	lightdm	1.26.0-7+grm3u1	custom-rebuild	exact +grm/+han source commit must be rebuilt for ARM64
linux-base	4.6	all	linux-base	4.6	linux-base	4.6	reuse-exact-all	Architecture: all package is byte-reused from the AMD64 reference rootfs
linux-image-5.10.0-23-amd64	5.10.179-1+grm3u1	amd64	linux	5.10.179-1+grm3u1	linux-image-5.10.0-23-arm64	5.10.179-1+grm3u1	custom-arch-replace	rebuild the exact linux 5.10.179-1+grm3u1 source
linux-image-amd64	5.10.179-1+grm3u1	amd64	linux-signed-amd64	5.10.179+1+grm3u1	linux-image-arm64	5.10.179-1+grm3u1	custom-arch-replace	replace the amd64 signed metapackage after kernel rebuild
live-boot	1:20210208	all	live-boot	1:20210208	live-boot	1:20210208	reuse-exact-all	Architecture: all package is byte-reused from the AMD64 reference rootfs
live-boot-initramfs-tools	1:20210208	all	live-boot	1:20210208	live-boot-initramfs-tools	1:20210208	reuse-exact-all	Architecture: all package is byte-reused from the AMD64 reference rootfs
live-config	11.0.3+grm3u1	all	live-config	11.0.3+grm3u1	live-config	11.0.3+grm3u1	reuse-exact-all	Architecture: all package is byte-reused from the AMD64 reference rootfs
live-config-systemd	11.0.3+grm3u1	all	live-config	11.0.3+grm3u1	live-config-systemd	11.0.3+grm3u1	reuse-exact-all	Architecture: all package is byte-reused from the AMD64 reference rootfs
live-installer	2023.06.30+han3u1	all	live-installer	2023.06.30+han3u1	live-installer	2023.06.30+han3u1	reuse-exact-all	Architecture: all package is byte-reused from the AMD64 reference rootfs
live-tools	1:20190831	all	live-tools	1:20190831	live-tools	1:20190831	reuse-exact-all	Architecture: all package is byte-reused from the AMD64 reference rootfs
locales	2.31-13+deb11u6	all	glibc	2.31-13+deb11u6	locales	2.31-13+deb11u6	reuse-exact-all	Architecture: all package is byte-reused from the AMD64 reference rootfs
login	1:4.8.1-1	amd64	shadow	1:4.8.1-1	login	1:4.8.1-1	exact-arm64	exact Debian ARM64 binary found
logrotate	3.18.0-2+deb11u1	amd64	logrotate	3.18.0-2+deb11u1	logrotate	3.18.0-2+deb11u1	exact-arm64	exact Debian ARM64 binary found
logsave	1.46.2-2	amd64	e2fsprogs	1.46.2-2	logsave	1.46.2-2	exact-arm64	exact Debian ARM64 binary found
lsb-base	11.1.0	all	lsb	11.1.0	lsb-base	11.1.0	reuse-exact-all	Architecture: all package is byte-reused from the AMD64 reference rootfs
lsb-release	11.1.0	all	lsb	11.1.0	lsb-release	11.1.0	reuse-exact-all	Architecture: all package is byte-reused from the AMD64 reference rootfs
lsof	4.93.2+dfsg-1.1	amd64	lsof	4.93.2+dfsg-1.1	lsof	4.93.2+dfsg-1.1	exact-arm64	exact Debian ARM64 binary found
lua-bitop	1.0.2-5	amd64	lua-bitop	1.0.2-5	lua-bitop	1.0.2-5	exact-arm64	exact Debian ARM64 binary found
lua-expat	1.3.0-4+b1	amd64	lua-expat	1.3.0-4	lua-expat	1.3.0-4+b1	exact-arm64	exact Debian ARM64 binary found
lua-json	1.3.4-2	all	lua-json	1.3.4-2	lua-json	1.3.4-2	reuse-exact-all	Architecture: all package is byte-reused from the AMD64 reference rootfs
lua-lpeg	1.0.2-1	amd64	lua-lpeg	1.0.2-1	lua-lpeg	1.0.2-1	exact-arm64	exact Debian ARM64 binary found
lua-socket	3.0~rc1+git+ac3201d-4	amd64	luasocket	3.0~rc1+git+ac3201d-4	lua-socket	3.0~rc1+git+ac3201d-4	exact-arm64	exact Debian ARM64 binary found
mailcap	3.69	all	mailcap	3.69	mailcap	3.69	reuse-exact-all	Architecture: all package is byte-reused from the AMD64 reference rootfs
malcontent	0.10.0-2	all	malcontent	0.10.0-2	malcontent	0.10.0-2	reuse-exact-all	Architecture: all package is byte-reused from the AMD64 reference rootfs
malcontent-gui	0.10.0-2	amd64	malcontent	0.10.0-2	malcontent-gui	0.10.0-2	exact-arm64	exact Debian ARM64 binary found
man-db	2.9.4-2	amd64	man-db	2.9.4-2	man-db	2.9.4-2	exact-arm64	exact Debian ARM64 binary found
mawk	1.3.4.20200120-2	amd64	mawk	1.3.4.20200120-2	mawk	1.3.4.20200120-2	exact-arm64	exact Debian ARM64 binary found
mdadm	4.1-11	amd64	mdadm	4.1-11	mdadm	4.1-11	exact-arm64	exact Debian ARM64 binary found
media-types	4.0.0	all	media-types	4.0.0	media-types	4.0.0	reuse-exact-all	Architecture: all package is byte-reused from the AMD64 reference rootfs
menu	2.1.48	amd64	menu	2.1.48	menu	2.1.48	exact-arm64	exact Debian ARM64 binary found
metacity	1:3.38.0-2+grm3u1	amd64	metacity	1:3.38.0-2+grm3u1	metacity	1:3.38.0-2+grm3u1	custom-rebuild	exact +grm/+han source commit must be rebuilt for ARM64
metacity-common	1:3.38.0-2+grm3u1	all	metacity	1:3.38.0-2+grm3u1	metacity-common	1:3.38.0-2+grm3u1	reuse-exact-all	Architecture: all package is byte-reused from the AMD64 reference rootfs
mime-support	3.66	all	mime-support	3.66	mime-support	3.66	reuse-exact-all	Architecture: all package is byte-reused from the AMD64 reference rootfs
moka-icon-theme	5.4.0.3-1	all	moka-icon-theme	5.4.0.3-1	moka-icon-theme	5.4.0.3-1	reuse-exact-all	Architecture: all package is byte-reused from the AMD64 reference rootfs
mount	2.36.1-8+deb11u1	amd64	util-linux	2.36.1-8+deb11u1	mount	2.36.1-8+deb11u1	exact-arm64	exact Debian ARM64 binary found
mousetweaks	3.32.0-3+grm3u1	amd64	mousetweaks	3.32.0-3+grm3u1	mousetweaks	3.32.0-3+grm3u1	custom-rebuild	exact +grm/+han source commit must be rebuilt for ARM64
nano	5.4-2+deb11u2	amd64	nano	5.4-2+deb11u2	nano	5.4-2+deb11u2	exact-arm64	exact Debian ARM64 binary found
nautilus	3.38.2-1+deb11u1+grm3u8	amd64	nautilus	3.38.2-1+deb11u1+grm3u8	nautilus	3.38.2-1+deb11u1+grm3u8	custom-rebuild	exact +grm/+han source commit must be rebuilt for ARM64
nautilus-data	3.38.2-1+deb11u1+grm3u8	all	nautilus	3.38.2-1+deb11u1+grm3u8	nautilus-data	3.38.2-1+deb11u1+grm3u8	reuse-exact-all	Architecture: all package is byte-reused from the AMD64 reference rootfs
ncurses-base	6.2+20201114-2+deb11u1	all	ncurses	6.2+20201114-2+deb11u1	ncurses-base	6.2+20201114-2+deb11u1	reuse-exact-all	Architecture: all package is byte-reused from the AMD64 reference rootfs
ncurses-bin	6.2+20201114-2+deb11u1	amd64	ncurses	6.2+20201114-2+deb11u1	ncurses-bin	6.2+20201114-2+deb11u1	exact-arm64	exact Debian ARM64 binary found
netbase	6.3	all	netbase	6.3	netbase	6.3	reuse-exact-all	Architecture: all package is byte-reused from the AMD64 reference rootfs
network-manager	1.30.0-2+grm3u3	amd64	network-manager	1.30.0-2+grm3u3	network-manager	1.30.0-2+grm3u3	custom-rebuild	exact +grm/+han source commit must be rebuilt for ARM64
network-manager-gnome	1.20.0-3+grm3u4	amd64	network-manager-applet	1.20.0-3+grm3u4	network-manager-gnome	1.20.0-3+grm3u4	custom-rebuild	exact +grm/+han source commit must be rebuilt for ARM64
network-manager-openvpn	1.8.12-2	amd64	network-manager-openvpn	1.8.12-2	network-manager-openvpn	1.8.12-2	exact-arm64	exact Debian ARM64 binary found
network-manager-openvpn-gnome	1.8.12-2	amd64	network-manager-openvpn	1.8.12-2	network-manager-openvpn-gnome	1.8.12-2	exact-arm64	exact Debian ARM64 binary found
nftables	0.9.8-3.1+deb11u1	amd64	nftables	0.9.8-3.1+deb11u1	nftables	0.9.8-3.1+deb11u1	exact-arm64	exact Debian ARM64 binary found
nimf	2023.06.30+grm3u1	amd64	nimf	2023.06.30+grm3u1	nimf	2023.06.30+grm3u1	custom-rebuild	exact +grm/+han source commit must be rebuilt for ARM64
nimf-libhangul	2023.06.30+grm3u1	amd64	nimf	2023.06.30+grm3u1	nimf-libhangul	2023.06.30+grm3u1	custom-rebuild	exact +grm/+han source commit must be rebuilt for ARM64
ntfs-3g	1:2017.3.23AR.3-4+deb11u3	amd64	ntfs-3g	1:2017.3.23AR.3-4+deb11u3	ntfs-3g	1:2017.3.23AR.3-4+deb11u3	exact-arm64	exact Debian ARM64 binary found
numix-icon-theme	0~20190920-1	all	numix-icon-theme	0~20190920-1	numix-icon-theme	0~20190920-1	reuse-exact-all	Architecture: all package is byte-reused from the AMD64 reference rootfs
numix-icon-theme-circle	20.09.19-1	all	numix-icon-theme-circle	20.09.19-1	numix-icon-theme-circle	20.09.19-1	reuse-exact-all	Architecture: all package is byte-reused from the AMD64 reference rootfs
nvidia-installer-cleanup	20151021+13	amd64	nvidia-support	20151021+13	nvidia-installer-cleanup	20151021+13	exact-arm64	exact Debian ARM64 binary found
nvidia-kernel-common	20151021+13	amd64	nvidia-support	20151021+13	nvidia-kernel-common	20151021+13	exact-arm64	exact Debian ARM64 binary found
nvidia-modprobe	470.182.03-1	amd64	nvidia-modprobe	470.182.03-1	nvidia-modprobe	470.182.03-1	exact-arm64	exact Debian ARM64 binary found
nvidia-tesla-470-alternative	470.182.03-1~deb11u1	amd64	nvidia-graphics-drivers-tesla-470	470.182.03-1~deb11u1	nvidia-tesla-470-alternative	470.182.03-1~deb11u1	exact-arm64	exact Debian ARM64 binary found
nvidia-tesla-470-kernel-support	470.182.03-1~deb11u1	amd64	nvidia-graphics-drivers-tesla-470	470.182.03-1~deb11u1	nvidia-tesla-470-kernel-support	470.182.03-1~deb11u1	exact-arm64	exact Debian ARM64 binary found
ocl-icd-libopencl1	2.2.14-2	amd64	ocl-icd	2.2.14-2	ocl-icd-libopencl1	2.2.14-2	exact-arm64	exact Debian ARM64 binary found
openprinting-ppds	20200820-1	all	foomatic-db	20200820-1	openprinting-ppds	20200820-1	reuse-exact-all	Architecture: all package is byte-reused from the AMD64 reference rootfs
openssl	1.1.1n-0+deb11u5	amd64	openssl	1.1.1n-0+deb11u5	openssl	1.1.1n-0+deb11u5	exact-arm64	exact Debian ARM64 binary found
openvpn	2.5.1-3	amd64	openvpn	2.5.1-3	openvpn	2.5.1-3	exact-arm64	exact Debian ARM64 binary found
os-prober	1.79	amd64	os-prober	1.79	os-prober	1.79	exact-arm64	exact Debian ARM64 binary found
osinfo-db	0.20210215-1	all	osinfo-db	0.20210215-1	osinfo-db	0.20210215-1	reuse-exact-all	Architecture: all package is byte-reused from the AMD64 reference rootfs
p11-kit	0.23.22-1	amd64	p11-kit	0.23.22-1	p11-kit	0.23.22-1	exact-arm64	exact Debian ARM64 binary found
p11-kit-modules	0.23.22-1	amd64	p11-kit	0.23.22-1	p11-kit-modules	0.23.22-1	exact-arm64	exact Debian ARM64 binary found
p7zip	16.02+dfsg-8+grm3u1	amd64	p7zip	16.02+dfsg-8+grm3u1	p7zip	16.02+dfsg-8+grm3u1	custom-rebuild	exact +grm/+han source commit must be rebuilt for ARM64
p7zip-full	16.02+dfsg-8+grm3u1	amd64	p7zip	16.02+dfsg-8+grm3u1	p7zip-full	16.02+dfsg-8+grm3u1	custom-rebuild	exact +grm/+han source commit must be rebuilt for ARM64
packagekit	1.2.2-2	amd64	packagekit	1.2.2-2	packagekit	1.2.2-2	exact-arm64	exact Debian ARM64 binary found
packagekit-tools	1.2.2-2	amd64	packagekit	1.2.2-2	packagekit-tools	1.2.2-2	exact-arm64	exact Debian ARM64 binary found
pam-gooroom	0.4.3+grm3u1	amd64	pam-gooroom	0.4.3+grm3u1	pam-gooroom	0.4.3+grm3u1	custom-rebuild	exact +grm/+han source commit must be rebuilt for ARM64
papirus-icon-theme	20210201-1	all	papirus-icon-theme	20210201-1	papirus-icon-theme	20210201-1	reuse-exact-all	Architecture: all package is byte-reused from the AMD64 reference rootfs
parted	3.4-1	amd64	parted	3.4-1	parted	3.4-1	exact-arm64	exact Debian ARM64 binary found
passwd	1:4.8.1-1	amd64	shadow	1:4.8.1-1	passwd	1:4.8.1-1	exact-arm64	exact Debian ARM64 binary found
pci.ids	0.0~2021.02.08-1	all	pci.ids	0.0~2021.02.08-1	pci.ids	0.0~2021.02.08-1	reuse-exact-all	Architecture: all package is byte-reused from the AMD64 reference rootfs
perl	5.32.1-4+deb11u2	amd64	perl	5.32.1-4+deb11u2	perl	5.32.1-4+deb11u2	exact-arm64	exact Debian ARM64 binary found
perl-base	5.32.1-4+deb11u2	amd64	perl	5.32.1-4+deb11u2	perl-base	5.32.1-4+deb11u2	exact-arm64	exact Debian ARM64 binary found
perl-modules-5.32	5.32.1-4+deb11u2	all	perl	5.32.1-4+deb11u2	perl-modules-5.32	5.32.1-4+deb11u2	reuse-exact-all	Architecture: all package is byte-reused from the AMD64 reference rootfs
pinentry-curses	1.1.0-4	amd64	pinentry	1.1.0-4	pinentry-curses	1.1.0-4	exact-arm64	exact Debian ARM64 binary found
pinentry-gnome3	1.1.0-4	amd64	pinentry	1.1.0-4	pinentry-gnome3	1.1.0-4	exact-arm64	exact Debian ARM64 binary found
pkg-config	0.29.2-1	amd64	pkg-config	0.29.2-1	pkg-config	0.29.2-1	exact-arm64	exact Debian ARM64 binary found
plymouth	0.9.5-3	amd64	plymouth	0.9.5-3	plymouth	0.9.5-3	exact-arm64	exact Debian ARM64 binary found
policykit-1	0.105-31+nDeb11u1+grm3u1	amd64	policykit-1	0.105-31+nDeb11u1+grm3u1	policykit-1	0.105-31+nDeb11u1+grm3u1	custom-rebuild	exact +grm/+han source commit must be rebuilt for ARM64
poppler-data	0.4.10-1	all	poppler-data	0.4.10-1	poppler-data	0.4.10-1	reuse-exact-all	Architecture: all package is byte-reused from the AMD64 reference rootfs
poppler-utils	20.09.0-3.1+deb11u1	amd64	poppler	20.09.0-3.1+deb11u1	poppler-utils	20.09.0-3.1+deb11u1	exact-arm64	exact Debian ARM64 binary found
printer-driver-all	0.20200223	all	printing-metas	0.20200223	printer-driver-all	0.20200223	reuse-exact-all	Architecture: all package is byte-reused from the AMD64 reference rootfs
printer-driver-brlaser	6-1	amd64	brlaser	6-1	printer-driver-brlaser	6-1	exact-arm64	exact Debian ARM64 binary found
printer-driver-c2050	0.3b-8	amd64	c2050	0.3b-8	printer-driver-c2050	0.3b-8	exact-arm64	exact Debian ARM64 binary found
printer-driver-c2esp	27-8	amd64	c2esp	27-8	printer-driver-c2esp	27-8	exact-arm64	exact Debian ARM64 binary found
printer-driver-cjet	0.8.9-8	amd64	cjet	0.8.9-8	printer-driver-cjet	0.8.9-8	exact-arm64	exact Debian ARM64 binary found
printer-driver-dymo	1.4.0-9	amd64	dymo-cups-drivers	1.4.0-9	printer-driver-dymo	1.4.0-9	exact-arm64	exact Debian ARM64 binary found
printer-driver-escpr	1.7.8-1	amd64	epson-inkjet-printer-escpr	1.7.8-1	printer-driver-escpr	1.7.8-1	exact-arm64	exact Debian ARM64 binary found
printer-driver-foo2zjs	20200505dfsg0-1	amd64	foo2zjs	20200505dfsg0-1	printer-driver-foo2zjs	20200505dfsg0-1	exact-arm64	exact Debian ARM64 binary found
printer-driver-foo2zjs-common	20200505dfsg0-1	all	foo2zjs	20200505dfsg0-1	printer-driver-foo2zjs-common	20200505dfsg0-1	reuse-exact-all	Architecture: all package is byte-reused from the AMD64 reference rootfs
printer-driver-gutenprint	5.3.3-5	amd64	gutenprint	5.3.3-5	printer-driver-gutenprint	5.3.3-5	exact-arm64	exact Debian ARM64 binary found
printer-driver-hpcups	3.21.2+dfsg1-2	amd64	hplip	3.21.2+dfsg1-2	printer-driver-hpcups	3.21.2+dfsg1-2	exact-arm64	exact Debian ARM64 binary found
printer-driver-hpijs	3.21.2+dfsg1-2	amd64	hplip	3.21.2+dfsg1-2	printer-driver-hpijs	3.21.2+dfsg1-2	exact-arm64	exact Debian ARM64 binary found
printer-driver-m2300w	0.51-14	amd64	m2300w	0.51-14	printer-driver-m2300w	0.51-14	exact-arm64	exact Debian ARM64 binary found
printer-driver-min12xxw	0.0.9-11	amd64	min12xxw	0.0.9-11	printer-driver-min12xxw	0.0.9-11	exact-arm64	exact Debian ARM64 binary found
printer-driver-pnm2ppa	1.13-10	amd64	pnm2ppa	1.13-10	printer-driver-pnm2ppa	1.13-10	exact-arm64	exact Debian ARM64 binary found
printer-driver-postscript-hp	3.21.2+dfsg1-2	amd64	hplip	3.21.2+dfsg1-2	printer-driver-postscript-hp	3.21.2+dfsg1-2	exact-arm64	exact Debian ARM64 binary found
printer-driver-ptouch	1.5.1-2	amd64	ptouch-driver	1.5.1-2	printer-driver-ptouch	1.5.1-2	exact-arm64	exact Debian ARM64 binary found
printer-driver-pxljr	1.4+repack0-5	amd64	pxljr	1.4+repack0-5	printer-driver-pxljr	1.4+repack0-5	exact-arm64	exact Debian ARM64 binary found
printer-driver-sag-gdi	0.1-7	all	rastertosag-gdi	0.1-7	printer-driver-sag-gdi	0.1-7	reuse-exact-all	Architecture: all package is byte-reused from the AMD64 reference rootfs
printer-driver-splix	2.0.0+svn315-7	amd64	splix	2.0.0+svn315-7	printer-driver-splix	2.0.0+svn315-7	exact-arm64	exact Debian ARM64 binary found
procps	2:3.3.17-5	amd64	procps	2:3.3.17-5	procps	2:3.3.17-5	exact-arm64	exact Debian ARM64 binary found
psmisc	23.4-2	amd64	psmisc	23.4-2	psmisc	23.4-2	exact-arm64	exact Debian ARM64 binary found
pulseaudio	14.2-2	amd64	pulseaudio	14.2-2	pulseaudio	14.2-2	exact-arm64	exact Debian ARM64 binary found
pulseaudio-module-bluetooth	14.2-2	amd64	pulseaudio	14.2-2	pulseaudio-module-bluetooth	14.2-2	exact-arm64	exact Debian ARM64 binary found
pulseaudio-utils	14.2-2	amd64	pulseaudio	14.2-2	pulseaudio-utils	14.2-2	exact-arm64	exact Debian ARM64 binary found
python-apt-common	2.2.1	all	python-apt	2.2.1	python-apt-common	2.2.1	reuse-exact-all	Architecture: all package is byte-reused from the AMD64 reference rootfs
python2.7	2.7.18-8	amd64	python2.7	2.7.18-8	python2.7	2.7.18-8	exact-arm64	exact Debian ARM64 binary found
python2.7-minimal	2.7.18-8	amd64	python2.7	2.7.18-8	python2.7-minimal	2.7.18-8	exact-arm64	exact Debian ARM64 binary found
python3	3.9.2-3	amd64	python3-defaults	3.9.2-3	python3	3.9.2-3	exact-arm64	exact Debian ARM64 binary found
python3-apt	2.2.1	amd64	python-apt	2.2.1	python3-apt	2.2.1	exact-arm64	exact Debian ARM64 binary found
python3-cairo	1.16.2-4+b2	amd64	pycairo	1.16.2-4	python3-cairo	1.16.2-4+b2	exact-arm64	exact Debian ARM64 binary found
python3-certifi	2020.6.20-1	all	python-certifi	2020.6.20-1	python3-certifi	2020.6.20-1	reuse-exact-all	Architecture: all package is byte-reused from the AMD64 reference rootfs
python3-cffi-backend	1.14.5-1	amd64	python-cffi	1.14.5-1	python3-cffi-backend	1.14.5-1	exact-arm64	exact Debian ARM64 binary found
python3-chardet	4.0.0-1	all	chardet	4.0.0-1	python3-chardet	4.0.0-1	reuse-exact-all	Architecture: all package is byte-reused from the AMD64 reference rootfs
python3-configobj	5.0.6-4	all	configobj	5.0.6-4	python3-configobj	5.0.6-4	reuse-exact-all	Architecture: all package is byte-reused from the AMD64 reference rootfs
python3-cryptography	3.3.2-1	amd64	python-cryptography	3.3.2-1	python3-cryptography	3.3.2-1	exact-arm64	exact Debian ARM64 binary found
python3-cups	2.0.1-4+b1	amd64	python-cups	2.0.1-4	python3-cups	2.0.1-4+b1	exact-arm64	exact Debian ARM64 binary found
python3-cupshelpers	1.5.14-1+grm3u1	all	system-config-printer	1.5.14-1+grm3u1	python3-cupshelpers	1.5.14-1+grm3u1	reuse-exact-all	Architecture: all package is byte-reused from the AMD64 reference rootfs
python3-dbus	1.2.16-5	amd64	dbus-python	1.2.16-5	python3-dbus	1.2.16-5	exact-arm64	exact Debian ARM64 binary found
python3-debian	0.1.39	all	python-debian	0.1.39	python3-debian	0.1.39	reuse-exact-all	Architecture: all package is byte-reused from the AMD64 reference rootfs
python3-distro	1.5.0-1	all	python-distro	1.5.0-1	python3-distro	1.5.0-1	reuse-exact-all	Architecture: all package is byte-reused from the AMD64 reference rootfs
python3-distutils	3.9.2-1	all	python3-stdlib-extensions	3.9.2-1	python3-distutils	3.9.2-1	reuse-exact-all	Architecture: all package is byte-reused from the AMD64 reference rootfs
python3-dns	3.2.1-1	all	py3dns	3.2.1-1	python3-dns	3.2.1-1	reuse-exact-all	Architecture: all package is byte-reused from the AMD64 reference rootfs
python3-gi	3.38.0-2	amd64	pygobject	3.38.0-2	python3-gi	3.38.0-2	exact-arm64	exact Debian ARM64 binary found
python3-gi-cairo	3.38.0-2	amd64	pygobject	3.38.0-2	python3-gi-cairo	3.38.0-2	exact-arm64	exact Debian ARM64 binary found
python3-gnupg	0.4.6-1	all	python-gnupg	0.4.6-1	python3-gnupg	0.4.6-1	reuse-exact-all	Architecture: all package is byte-reused from the AMD64 reference rootfs
python3-httplib2	0.18.1-3	all	python-httplib2	0.18.1-3	python3-httplib2	0.18.1-3	reuse-exact-all	Architecture: all package is byte-reused from the AMD64 reference rootfs
python3-idna	2.10-1	all	python-idna	2.10-1	python3-idna	2.10-1	reuse-exact-all	Architecture: all package is byte-reused from the AMD64 reference rootfs
python3-iptables	1.0.0-1+b2	amd64	python-iptables	1.0.0-1	python3-iptables	1.0.0-1+b2	exact-arm64	exact Debian ARM64 binary found
python3-ldb	2:2.2.3-2~deb11u2	amd64	ldb	2:2.2.3-2~deb11u2	python3-ldb	2:2.2.3-2~deb11u2	exact-arm64	exact Debian ARM64 binary found
python3-lib2to3	3.9.2-1	all	python3-stdlib-extensions	3.9.2-1	python3-lib2to3	3.9.2-1	reuse-exact-all	Architecture: all package is byte-reused from the AMD64 reference rootfs
python3-minimal	3.9.2-3	amd64	python3-defaults	3.9.2-3	python3-minimal	3.9.2-3	exact-arm64	exact Debian ARM64 binary found
python3-netifaces	0.10.9-0.2+b3	amd64	netifaces	0.10.9-0.2	python3-netifaces	0.10.9-0.2+b3	exact-arm64	exact Debian ARM64 binary found
python3-numpy	1:1.19.5-1	amd64	numpy	1:1.19.5-1	python3-numpy	1:1.19.5-1	exact-arm64	exact Debian ARM64 binary found
python3-openssl	20.0.1-1	all	pyopenssl	20.0.1-1	python3-openssl	20.0.1-1	reuse-exact-all	Architecture: all package is byte-reused from the AMD64 reference rootfs
python3-parted	3.11.7-0.1+b1	amd64	pyparted	3.11.7-0.1	python3-parted	3.11.7-0.1+b1	exact-arm64	exact Debian ARM64 binary found
python3-pil	8.1.2+dfsg-0.3+deb11u1	amd64	pillow	8.1.2+dfsg-0.3+deb11u1	python3-pil	8.1.2+dfsg-0.3+deb11u1	exact-arm64	exact Debian ARM64 binary found
python3-pkg-resources	52.0.0-4	all	setuptools	52.0.0-4	python3-pkg-resources	52.0.0-4	reuse-exact-all	Architecture: all package is byte-reused from the AMD64 reference rootfs
python3-psutil	5.8.0-1	amd64	python-psutil	5.8.0-1	python3-psutil	5.8.0-1	exact-arm64	exact Debian ARM64 binary found
python3-pwquality	1.4.4-1	amd64	libpwquality	1.4.4-1	python3-pwquality	1.4.4-1	exact-arm64	exact Debian ARM64 binary found
python3-pyinotify	0.9.6-1.3	all	pyinotify	0.9.6-1.3	python3-pyinotify	0.9.6-1.3	reuse-exact-all	Architecture: all package is byte-reused from the AMD64 reference rootfs
python3-pyqt5	5.15.2+dfsg-3	amd64	pyqt5	5.15.2+dfsg-3	python3-pyqt5	5.15.2+dfsg-3	exact-arm64	exact Debian ARM64 binary found
python3-pyqt5.sip	12.8.1-1+b2	amd64	pyqt5-sip	12.8.1-1	python3-pyqt5.sip	12.8.1-1+b2	exact-arm64	exact Debian ARM64 binary found
python3-pyudev	0.22.0-2	all	pyudev	0.22.0-2	python3-pyudev	0.22.0-2	reuse-exact-all	Architecture: all package is byte-reused from the AMD64 reference rootfs
python3-requests	2.25.1+dfsg-2	all	requests	2.25.1+dfsg-2	python3-requests	2.25.1+dfsg-2	reuse-exact-all	Architecture: all package is byte-reused from the AMD64 reference rootfs
python3-simplejson	3.17.2-1	amd64	simplejson	3.17.2-1	python3-simplejson	3.17.2-1	exact-arm64	exact Debian ARM64 binary found
python3-six	1.16.0-2	all	six	1.16.0-2	python3-six	1.16.0-2	reuse-exact-all	Architecture: all package is byte-reused from the AMD64 reference rootfs
python3-systemd	234-3+b4	amd64	python-systemd	234-3	python3-systemd	234-3+b4	exact-arm64	exact Debian ARM64 binary found
python3-talloc	2.3.1-2+b1	amd64	talloc	2.3.1-2	python3-talloc	2.3.1-2+b1	exact-arm64	exact Debian ARM64 binary found
python3-urllib3	1.26.5-1~exp1	all	python-urllib3	1.26.5-1~exp1	python3-urllib3	1.26.5-1~exp1	reuse-exact-all	Architecture: all package is byte-reused from the AMD64 reference rootfs
python3-xdg	0.27-2	all	pyxdg	0.27-2	python3-xdg	0.27-2	reuse-exact-all	Architecture: all package is byte-reused from the AMD64 reference rootfs
python3-xlib	0.29-1	all	python-xlib	0.29-1	python3-xlib	0.29-1	reuse-exact-all	Architecture: all package is byte-reused from the AMD64 reference rootfs
python3-zeitgeist	1.0.3-4	all	zeitgeist	1.0.3-4	python3-zeitgeist	1.0.3-4	reuse-exact-all	Architecture: all package is byte-reused from the AMD64 reference rootfs
python3.9	3.9.2-1	amd64	python3.9	3.9.2-1	python3.9	3.9.2-1	exact-arm64	exact Debian ARM64 binary found
python3.9-minimal	3.9.2-1	amd64	python3.9	3.9.2-1	python3.9-minimal	3.9.2-1	exact-arm64	exact Debian ARM64 binary found
readline-common	8.1-1	all	readline	8.1-1	readline-common	8.1-1	reuse-exact-all	Architecture: all package is byte-reused from the AMD64 reference rootfs
rsync	3.2.3-4+deb11u1	amd64	rsync	3.2.3-4+deb11u1	rsync	3.2.3-4+deb11u1	exact-arm64	exact Debian ARM64 binary found
rsyslog	8.2102.0-2+deb11u1	amd64	rsyslog	8.2102.0-2+deb11u1	rsyslog	8.2102.0-2+deb11u1	exact-arm64	exact Debian ARM64 binary found
rygel	0.40.0-1	amd64	rygel	0.40.0-1	rygel	0.40.0-1	exact-arm64	exact Debian ARM64 binary found
samba-libs	2:4.13.13+dfsg-1~deb11u5	amd64	samba	2:4.13.13+dfsg-1~deb11u5	samba-libs	2:4.13.13+dfsg-1~deb11u5	exact-arm64	exact Debian ARM64 binary found
sed	4.7-1	amd64	sed	4.7-1	sed	4.7-1	exact-arm64	exact Debian ARM64 binary found
sensible-utils	0.0.14	all	sensible-utils	0.0.14	sensible-utils	0.0.14	reuse-exact-all	Architecture: all package is byte-reused from the AMD64 reference rootfs
shared-mime-info	2.0-1	amd64	shared-mime-info	2.0-1	shared-mime-info	2.0-1	exact-arm64	exact Debian ARM64 binary found
sound-theme-freedesktop	0.8-2	all	sound-theme-freedesktop	0.8-2	sound-theme-freedesktop	0.8-2	reuse-exact-all	Architecture: all package is byte-reused from the AMD64 reference rootfs
ssl-cert	1.1.0+nmu1	all	ssl-cert	1.1.0+nmu1	ssl-cert	1.1.0+nmu1	reuse-exact-all	Architecture: all package is byte-reused from the AMD64 reference rootfs
startpar	0.64-3	amd64	startpar	0.64-3	startpar	0.64-3	exact-arm64	exact Debian ARM64 binary found
streamer	3.107-1	amd64	xawtv	3.107-1	streamer	3.107-1	exact-arm64	exact Debian ARM64 binary found
sudo	1.9.5p2-3+deb11u1	amd64	sudo	1.9.5p2-3+deb11u1	sudo	1.9.5p2-3+deb11u1	exact-arm64	exact Debian ARM64 binary found
synaptic	0.90.2+grm3u3	amd64	synaptic	0.90.2+grm3u3	synaptic	0.90.2+grm3u3	custom-rebuild	exact +grm/+han source commit must be rebuilt for ARM64
system-config-printer	1.5.14-1+grm3u1	all	system-config-printer	1.5.14-1+grm3u1	system-config-printer	1.5.14-1+grm3u1	reuse-exact-all	Architecture: all package is byte-reused from the AMD64 reference rootfs
system-config-printer-common	1.5.14-1+grm3u1	all	system-config-printer	1.5.14-1+grm3u1	system-config-printer-common	1.5.14-1+grm3u1	reuse-exact-all	Architecture: all package is byte-reused from the AMD64 reference rootfs
systemd	247.3-7+deb11u4	amd64	systemd	247.3-7+deb11u4	systemd	247.3-7+deb11u4	missing-exact-arm64	exact version absent from selected snapshot
systemd-sysv	247.3-7+deb11u4	amd64	systemd	247.3-7+deb11u4	systemd-sysv	247.3-7+deb11u4	missing-exact-arm64	exact version absent from selected snapshot
systemd-timesyncd	247.3-7+deb11u4	amd64	systemd	247.3-7+deb11u4	systemd-timesyncd	247.3-7+deb11u4	missing-exact-arm64	exact version absent from selected snapshot
sysv-rc	2.96-7+deb11u1	all	sysvinit	2.96-7+deb11u1	sysv-rc	2.96-7+deb11u1	reuse-exact-all	Architecture: all package is byte-reused from the AMD64 reference rootfs
sysvinit-utils	2.96-7+deb11u1	amd64	sysvinit	2.96-7+deb11u1	sysvinit-utils	2.96-7+deb11u1	exact-arm64	exact Debian ARM64 binary found
tar	1.34+dfsg-1	amd64	tar	1.34+dfsg-1	tar	1.34+dfsg-1	exact-arm64	exact Debian ARM64 binary found
tasksel	3.68+deb11u1	all	tasksel	3.68+deb11u1	tasksel	3.68+deb11u1	reuse-exact-all	Architecture: all package is byte-reused from the AMD64 reference rootfs
tasksel-data	3.68+deb11u1	all	tasksel	3.68+deb11u1	tasksel-data	3.68+deb11u1	reuse-exact-all	Architecture: all package is byte-reused from the AMD64 reference rootfs
timgm6mb-soundfont	1.3-5	all	timgm6mb-soundfont	1.3-5	timgm6mb-soundfont	1.3-5	reuse-exact-all	Architecture: all package is byte-reused from the AMD64 reference rootfs
tracker	2.3.6-2	amd64	tracker	2.3.6-2	tracker	2.3.6-2	exact-arm64	exact Debian ARM64 binary found
tracker-extract	2.3.5-2.1	amd64	tracker-miners	2.3.5-2.1	tracker-extract	2.3.5-2.1	exact-arm64	exact Debian ARM64 binary found
tracker-miner-fs	2.3.5-2.1	amd64	tracker-miners	2.3.5-2.1	tracker-miner-fs	2.3.5-2.1	exact-arm64	exact Debian ARM64 binary found
tumbler	4.16.0-1	amd64	tumbler	4.16.0-1	tumbler	4.16.0-1	exact-arm64	exact Debian ARM64 binary found
tumbler-common	4.16.0-1	all	tumbler	4.16.0-1	tumbler-common	4.16.0-1	reuse-exact-all	Architecture: all package is byte-reused from the AMD64 reference rootfs
tzdata	2021a-1+deb11u10	all	tzdata	2021a-1+deb11u10	tzdata	2021a-1+deb11u10	reuse-exact-all	Architecture: all package is byte-reused from the AMD64 reference rootfs
ucf	3.0043	all	ucf	3.0043	ucf	3.0043	reuse-exact-all	Architecture: all package is byte-reused from the AMD64 reference rootfs
udev	247.3-7+deb11u4	amd64	systemd	247.3-7+deb11u4	udev	247.3-7+deb11u4	missing-exact-arm64	exact version absent from selected snapshot
udisks2	2.9.2-2+deb11u1	amd64	udisks2	2.9.2-2+deb11u1	udisks2	2.9.2-2+deb11u1	exact-arm64	exact Debian ARM64 binary found
unzip	6.0-26+deb11u1	amd64	unzip	6.0-26+deb11u1	unzip	6.0-26+deb11u1	exact-arm64	exact Debian ARM64 binary found
update-glx	1.2.1~deb11u1	amd64	glx-alternatives	1.2.1~deb11u1	update-glx	1.2.1~deb11u1	exact-arm64	exact Debian ARM64 binary found
upower	0.99.11-2	amd64	upower	0.99.11-2	upower	0.99.11-2	exact-arm64	exact Debian ARM64 binary found
usb.ids	2023.01.16-0+deb11u1	all	usb.ids	2023.01.16-0+deb11u1	usb.ids	2023.01.16-0+deb11u1	reuse-exact-all	Architecture: all package is byte-reused from the AMD64 reference rootfs
user-setup	1.88	all	user-setup	1.88	user-setup	1.88	reuse-exact-all	Architecture: all package is byte-reused from the AMD64 reference rootfs
util-linux	2.36.1-8+deb11u1	amd64	util-linux	2.36.1-8+deb11u1	util-linux	2.36.1-8+deb11u1	exact-arm64	exact Debian ARM64 binary found
vim-common	2:8.2.2434-3+deb11u1	all	vim	2:8.2.2434-3+deb11u1	vim-common	2:8.2.2434-3+deb11u1	reuse-exact-all	Architecture: all package is byte-reused from the AMD64 reference rootfs
vim-tiny	2:8.2.2434-3+deb11u1	amd64	vim	2:8.2.2434-3+deb11u1	vim-tiny	2:8.2.2434-3+deb11u1	exact-arm64	exact Debian ARM64 binary found
wget	1.21-1+deb11u1	amd64	wget	1.21-1+deb11u1	wget	1.21-1+deb11u1	exact-arm64	exact Debian ARM64 binary found
whiptail	0.52.21-4+b3	amd64	newt	0.52.21-4	whiptail	0.52.21-4+b3	exact-arm64	exact Debian ARM64 binary found
wpasupplicant	2:2.9.0-21	amd64	wpa	2:2.9.0-21	wpasupplicant	2:2.9.0-21	exact-arm64	exact Debian ARM64 binary found
x11-apps	7.7+8	amd64	x11-apps	7.7+8	x11-apps	7.7+8	exact-arm64	exact Debian ARM64 binary found
x11-common	1:7.7+22	all	xorg	1:7.7+22	x11-common	1:7.7+22	reuse-exact-all	Architecture: all package is byte-reused from the AMD64 reference rootfs
x11-session-utils	7.7+4	amd64	x11-session-utils	7.7+4	x11-session-utils	7.7+4	exact-arm64	exact Debian ARM64 binary found
x11-utils	7.7+5	amd64	x11-utils	7.7+5	x11-utils	7.7+5	exact-arm64	exact Debian ARM64 binary found
x11-xkb-utils	7.7+5	amd64	x11-xkb-utils	7.7+5	x11-xkb-utils	7.7+5	exact-arm64	exact Debian ARM64 binary found
x11-xserver-utils	7.7+8	amd64	x11-xserver-utils	7.7+8	x11-xserver-utils	7.7+8	exact-arm64	exact Debian ARM64 binary found
xauth	1:1.1-1	amd64	xauth	1:1.1-1	xauth	1:1.1-1	exact-arm64	exact Debian ARM64 binary found
xawtv-plugins	3.107-1	amd64	xawtv	3.107-1	xawtv-plugins	3.107-1	exact-arm64	exact Debian ARM64 binary found
xbase-clients	1:7.7+22	all	xorg	1:7.7+22	xbase-clients	1:7.7+22	reuse-exact-all	Architecture: all package is byte-reused from the AMD64 reference rootfs
xdg-dbus-proxy	0.1.2-2	amd64	xdg-dbus-proxy	0.1.2-2	xdg-dbus-proxy	0.1.2-2	exact-arm64	exact Debian ARM64 binary found
xdg-desktop-portal	1.8.1-1	amd64	xdg-desktop-portal	1.8.1-1	xdg-desktop-portal	1.8.1-1	exact-arm64	exact Debian ARM64 binary found
xdg-desktop-portal-gtk	1.8.0-1	amd64	xdg-desktop-portal-gtk	1.8.0-1	xdg-desktop-portal-gtk	1.8.0-1	exact-arm64	exact Debian ARM64 binary found
xdg-user-dirs	0.17-2	amd64	xdg-user-dirs	0.17-2	xdg-user-dirs	0.17-2	exact-arm64	exact Debian ARM64 binary found
xdg-utils	1.1.3-4.1	all	xdg-utils	1.1.3-4.1	xdg-utils	1.1.3-4.1	reuse-exact-all	Architecture: all package is byte-reused from the AMD64 reference rootfs
xfonts-encodings	1:1.0.4-2.1	all	xfonts-encodings	1:1.0.4-2.1	xfonts-encodings	1:1.0.4-2.1	reuse-exact-all	Architecture: all package is byte-reused from the AMD64 reference rootfs
xfonts-utils	1:7.7+6	amd64	xfonts-utils	1:7.7+6	xfonts-utils	1:7.7+6	exact-arm64	exact Debian ARM64 binary found
xinit	1.4.0-1	amd64	xinit	1.4.0-1	xinit	1.4.0-1	exact-arm64	exact Debian ARM64 binary found
xkb-data	2.29-2	all	xkeyboard-config	2.29-2	xkb-data	2.29-2	reuse-exact-all	Architecture: all package is byte-reused from the AMD64 reference rootfs
xserver-common	2:1.20.11-1+deb11u6	all	xorg-server	2:1.20.11-1+deb11u6	xserver-common	2:1.20.11-1+deb11u6	reuse-exact-all	Architecture: all package is byte-reused from the AMD64 reference rootfs
xserver-xorg	1:7.7+22	amd64	xorg	1:7.7+22	xserver-xorg	1:7.7+22	exact-arm64	exact Debian ARM64 binary found
xserver-xorg-core	2:1.20.11-1+deb11u6	amd64	xorg-server	2:1.20.11-1+deb11u6	xserver-xorg-core	2:1.20.11-1+deb11u6	exact-arm64	exact Debian ARM64 binary found
xserver-xorg-input-all	1:7.7+22	amd64	xorg	1:7.7+22	xserver-xorg-input-all	1:7.7+22	exact-arm64	exact Debian ARM64 binary found
xserver-xorg-input-libinput	0.30.0-1	amd64	xserver-xorg-input-libinput	0.30.0-1	xserver-xorg-input-libinput	0.30.0-1	exact-arm64	exact Debian ARM64 binary found
xserver-xorg-input-wacom	0.34.99.1-1+b1	amd64	xf86-input-wacom	0.34.99.1-1	xserver-xorg-input-wacom	0.34.99.1-1+b1	missing-exact-arm64	exact version absent from selected snapshot
xserver-xorg-legacy	2:1.20.11-1+deb11u6	amd64	xorg-server	2:1.20.11-1+deb11u6	xserver-xorg-legacy	2:1.20.11-1+deb11u6	exact-arm64	exact Debian ARM64 binary found
xserver-xorg-video-all	1:7.7+22	amd64	xorg	1:7.7+22	xserver-xorg-video-all	1:7.7+22	exact-arm64	exact Debian ARM64 binary found
xserver-xorg-video-amdgpu	19.1.0-2	amd64	xserver-xorg-video-amdgpu	19.1.0-2	xserver-xorg-video-amdgpu	19.1.0-2	exact-arm64	exact Debian ARM64 binary found
xserver-xorg-video-ati	1:19.1.0-2	amd64	xserver-xorg-video-ati	1:19.1.0-2	xserver-xorg-video-ati	1:19.1.0-2	exact-arm64	exact Debian ARM64 binary found
xserver-xorg-video-fbdev	1:0.5.0-1	amd64	xserver-xorg-video-fbdev	1:0.5.0-1	xserver-xorg-video-fbdev	1:0.5.0-1	exact-arm64	exact Debian ARM64 binary found
xserver-xorg-video-intel	2:2.99.917+git20200714-1+deb11u1	amd64	xserver-xorg-video-intel	2:2.99.917+git20200714-1+deb11u1			arch-omit	Intel-only Xorg driver is not applicable to ARM64 target
xserver-xorg-video-nouveau	1:1.0.17-1	amd64	xserver-xorg-video-nouveau	1:1.0.17-1	xserver-xorg-video-nouveau	1:1.0.17-1	exact-arm64	exact Debian ARM64 binary found
xserver-xorg-video-qxl	0.1.5+git20200331-1	amd64	xserver-xorg-video-qxl	0.1.5+git20200331-1	xserver-xorg-video-qxl	0.1.5+git20200331-1	exact-arm64	exact Debian ARM64 binary found
xserver-xorg-video-radeon	1:19.1.0-2	amd64	xserver-xorg-video-ati	1:19.1.0-2	xserver-xorg-video-radeon	1:19.1.0-2	exact-arm64	exact Debian ARM64 binary found
xserver-xorg-video-vesa	1:2.5.0-1	amd64	xserver-xorg-video-vesa	1:2.5.0-1	xserver-xorg-video-vesa	1:2.5.0-1	exact-arm64	exact Debian ARM64 binary found
xserver-xorg-video-vmware	1:13.3.0-3	amd64	xserver-xorg-video-vmware	1:13.3.0-3	xserver-xorg-video-vmware	1:13.3.0-3	missing-exact-arm64	exact version absent from selected snapshot: E: No packages found
xutils	1:7.7+22	all	xorg	1:7.7+22	xutils	1:7.7+22	reuse-exact-all	Architecture: all package is byte-reused from the AMD64 reference rootfs
xwayland	2:1.20.11-1+deb11u6	amd64	xorg-server	2:1.20.11-1+deb11u6	xwayland	2:1.20.11-1+deb11u6	exact-arm64	exact Debian ARM64 binary found
xxd	2:8.2.2434-3+deb11u1	amd64	vim	2:8.2.2434-3+deb11u1	xxd	2:8.2.2434-3+deb11u1	exact-arm64	exact Debian ARM64 binary found
xz-utils	5.2.5-2.1~deb11u1	amd64	xz-utils	5.2.5-2.1~deb11u1	xz-utils	5.2.5-2.1~deb11u1	exact-arm64	exact Debian ARM64 binary found
yelp	3.38.3-1+han3u3	amd64	yelp	3.38.3-1+han3u3	yelp	3.38.3-1+han3u3	custom-rebuild	exact +grm/+han source commit must be rebuilt for ARM64
yelp-xsl	3.38.3-1	all	yelp-xsl	3.38.3-1	yelp-xsl	3.38.3-1	reuse-exact-all	Architecture: all package is byte-reused from the AMD64 reference rootfs
zeitgeist	1.0.3-4	all	zeitgeist	1.0.3-4	zeitgeist	1.0.3-4	reuse-exact-all	Architecture: all package is byte-reused from the AMD64 reference rootfs
zeitgeist-core	1.0.3-4	amd64	zeitgeist	1.0.3-4	zeitgeist-core	1.0.3-4	exact-arm64	exact Debian ARM64 binary found
zeitgeist-datahub	1.0.3-4	amd64	zeitgeist	1.0.3-4	zeitgeist-datahub	1.0.3-4	exact-arm64	exact Debian ARM64 binary found
zenity	3.32.0-6	amd64	zenity	3.32.0-6	zenity	3.32.0-6	exact-arm64	exact Debian ARM64 binary found
zenity-common	3.32.0-6	all	zenity	3.32.0-6	zenity-common	3.32.0-6	reuse-exact-all	Architecture: all package is byte-reused from the AMD64 reference rootfs
zip	3.0-12	amd64	zip	3.0-12	zip	3.0-12	exact-arm64	exact Debian ARM64 binary found
zlib1g	1:1.2.11.dfsg-2+deb11u2	amd64	zlib	1:1.2.11.dfsg-2+deb11u2	zlib1g	1:1.2.11.dfsg-2+deb11u2	exact-arm64	exact Debian ARM64 binary found
